{
    "CompRank": 28,
    "CompositeDef": 93.95280877081609,
    "CompositeOff": 113.85421607824034,
    "CompositePace": 75.30214297676845,
    "CompositeRating": 19.901407307424254,
    "HA": [
        "H",
        "A",
        "H",
        "N",
        "N",
        "N",
        "H",
        "H",
        "H",
        "N",
        "A",
        "H",
        "A",
        "H",
        "A",
        "H",
        "H",
        "A",
        "A",
        "H",
        "H",
        "A",
        "H"
    ],
    "OAst": 301.0,
    "OAvgCompRat": 3.02910042225841,
    "OBlk": 99.0,
    "ODR": 539.0,
    "OFGA": 1347.0,
    "OFGA3": 475.0,
    "OFGM": 572.0,
    "OFGM3": 147.0,
    "OFTA": 468.0,
    "OFTM": 338.0,
    "OOR": 198.0,
    "OPF": 397.0,
    "OScore": 1629.0,
    "OStl": 133.0,
    "OTO": 344.0,
    "Oastr": 0.13694765960544514,
    "Ocomprank": 92,
    "Ocorrdastr": 0.13678597421622748,
    "Ocorrdeff": 103.11584594291818,
    "Ocorrdeffrank": 101,
    "Ocorrdefgp": 0.48790114645995536,
    "Ocorrdftr": 0.3299611812903162,
    "Ocorrdorbp": 0.2677794177894441,
    "Ocorrdtovr": 0.14820722017066734,
    "Ocorroastr": 0.15257354913834775,
    "Ocorroeff": 107.05495556999676,
    "Ocorroeffrank": 84,
    "Ocorroefgp": 0.5203979362061419,
    "Ocorroftr": 0.34658762916249886,
    "Ocorroorbp": 0.29040158164493807,
    "Ocorrotovr": 0.1466433182279853,
    "Oeff": 95.88444423516115,
    "Oefgp": 0.47921306607275427,
    "Oftr": 0.34743875278396436,
    "Oneteff": 3.9391096270785795,
    "Oneteffrank": 90,
    "Oorbp": 0.25614489003880986,
    "Oposs": 1698.92,
    "Otovr": 0.18134660396853847,
    "SoR": 66.30086998761364,
    "SoRrank": 39,
    "TAst": 349.0,
    "TBlk": 116.0,
    "TDR": 575.0,
    "TFGA": 1489.0,
    "TFGA3": 443.0,
    "TFGM": 705.0,
    "TFGM3": 154.0,
    "TFTA": 518.0,
    "TFTM": 368.0,
    "TOR": 229.0,
    "TPF": 433.0,
    "TScore": 1932.0,
    "TStl": 216.0,
    "TTO": 236.0,
    "Tastr": 0.1516125669006742,
    "Tcorrdastr": 0.12766683122192443,
    "Tcorrdastrrank": 74,
    "Tcorrdeff": 93.83711095771349,
    "Tcorrdeffrank": 20,
    "Tcorrdefgp": 0.4643562443058752,
    "Tcorrdefgprank": 48,
    "Tcorrdftr": 0.3323758255398034,
    "Tcorrdftrrank": 189,
    "Tcorrdorbp": 0.24522818858953072,
    "Tcorrdorbprank": 52,
    "Tcorrdtovr": 0.18379906023732598,
    "Tcorrdtovrrank": 22,
    "Tcorroastr": 0.1577790997079217,
    "Tcorroastrrank": 76,
    "Tcorroeff": 113.86764747760682,
    "Tcorroeffrank": 47,
    "Tcorroefgp": 0.5429630804090801,
    "Tcorroefgprank": 67,
    "Tcorroftr": 0.3506273597911024,
    "Tcorroftrrank": 131,
    "Tcorroorbp": 0.3103620495847908,
    "Tcorroorbprank": 82,
    "Tcorrotovr": 0.12118785243599005,
    "Tcorrotovrrank": 22,
    "Teff": 112.07016566894055,
    "Tefgp": 0.5251846877098724,
    "Tftr": 0.3478844862323707,
    "Tneteff": 20.03053651989333,
    "Tneteffrank": 27,
    "Torbp": 0.2981770833333333,
    "Tposs": 1723.92,
    "Ttovr": 0.12084468385801773,
    "closses": 4,
    "confplace": 2,
    "cwins": 7,
    "dates": [
        [
            11,
            6
        ],
        [
            11,
            9
        ],
        [
            11,
            16
        ],
        [
            11,
            21
        ],
        [
            11,
            22
        ],
        [
            11,
            24
        ],
        [
            11,
            29
        ],
        [
            12,
            2
        ],
        [
            12,
            6
        ],
        [
            12,
            9
        ],
        [
            12,
            15
        ],
        [
            12,
            20
        ],
        [
            1,
            2
        ],
        [
            1,
            6
        ],
        [
            1,
            9
        ],
        [
            1,
            13
        ],
        [
            1,
            16
        ],
        [
            1,
            20
        ],
        [
            1,
            24
        ],
        [
            1,
            28
        ],
        [
            1,
            31
        ],
        [
            2,
            6
        ],
        [
            2,
            10
        ]
    ],
    "geff": [
        [
            118.13045711350797,
            70.18887187340479
        ],
        [
            81.00558659217877,
            109.0909090909091
        ],
        [
            105.88842975206612,
            111.42061281337048
        ],
        [
            107.12622263623662,
            100.52656773575873
        ],
        [
            120.64343163538875,
            76.79648930334614
        ],
        [
            116.58031088082902,
            92.39979177511712
        ],
        [
            101.81618051733626,
            91.24087591240877
        ],
        [
            151.34209023415193,
            90.74941451990634
        ],
        [
            108.52713178294573,
            78.85211995863496
        ],
        [
            112.69995152690258,
            92.45742092457421
        ],
        [
            99.07709011943538,
            100.89686098654708
        ],
        [
            99.59141981613892,
            87.03802892340653
        ],
        [
            97.36540664375715,
            108.2004555808656
        ],
        [
            107.42187499999999,
            85.27572484366117
        ],
        [
            101.67130919220057,
            117.96475270039795
        ],
        [
            113.34363730036064,
            89.97429305912597
        ],
        [
            127.77490965410428,
            102.1377672209026
        ],
        [
            119.44912872400225,
            93.80329732802728
        ],
        [
            125.92788971367975,
            102.45901639344262
        ],
        [
            128.6871023713129,
            82.18768679019725
        ],
        [
            109.30493273542601,
            122.02043132803631
        ],
        [
            116.78644763860369,
            94.36401240951396
        ],
        [
            108.14606741573033,
            109.58904109589041
        ]
    ],
    "losses": 5,
    "nOT": [
        0,
        0,
        0,
        0,
        0,
        0,
        0,
        0,
        0,
        0,
        0,
        0,
        0,
        0,
        0,
        0,
        0,
        0,
        0,
        0,
        0,
        0,
        0
    ],
    "pace": 75.3858128598319,
    "poss": [
        [
            77.88,
            78.36
        ],
        [
            71.6,
            66.0
        ],
        [
            77.44,
            71.8
        ],
        [
            85.88,
            83.56
        ],
        [
            74.6,
            72.92
        ],
        [
            77.2,
            76.84
        ],
        [
            72.68,
            71.24
        ],
        [
            70.03999999999999,
            68.32
        ],
        [
            77.4,
            77.36
        ],
        [
            82.52,
            82.2
        ],
        [
            73.68,
            71.36
        ],
        [
            78.32,
            74.68
        ],
        [
            69.84,
            70.24000000000001
        ],
        [
            71.68,
            70.36
        ],
        [
            71.8,
            70.36
        ],
        [
            77.64,
            77.8
        ],
        [
            77.48,
            84.2
        ],
        [
            71.16,
            70.36
        ],
        [
            75.44,
            73.2
        ],
        [
            69.16,
            66.92
        ],
        [
            71.36,
            70.48
        ],
        [
            77.92,
            77.36
        ],
        [
            71.2,
            73.0
        ]
    ],
    "preseason_pace": 71.44321824497953,
    "preseason_pred": 13.94586042067327,
    "preseason_predd": 99.28888832595219,