{
    "CompRank": 302,
    "CompositeDef": 106.47812760106963,
    "CompositeOff": 92.98592215641314,
    "CompositePace": 65.69809331553286,
    "CompositeRating": -13.492205444656495,
    "HA": [
        "A",
        "H",
        "A",
        "A",
        "A",
        "N",
        "N",
        "N",
        "A",
        "A",
        "A",
        "H",
        "H",
        "A",
        "A",
        "H",
        "A",
        "A",
        "H",
        "H",
        "A",
        "A",
        "H"
    ],
    "OAst": 324.0,
    "OAvgCompRat": 1.8669076647153828,
    "OBlk": 100.0,
    "ODR": 499.0,
    "OFGA": 1154.0,
    "OFGA3": 484.0,
    "OFGM": 532.0,
    "OFGM3": 173.0,
    "OFTA": 569.0,
    "OFTM": 423.0,
    "OOR": 215.0,
    "OPF": 425.0,
    "OScore": 1660.0,
    "OStl": 193.0,
    "OTO": 354.0,
    "Oastr": 0.15559269290612573,
    "Ocomprank": 110,
    "Ocorrdastr": 0.14470123892588574,
    "Ocorrdeff": 103.69756547816098,
    "Ocorrdeffrank": 90,
    "Ocorrdefgp": 0.5071444166631974,
    "Ocorrdftr": 0.34325418042321804,
    "Ocorrdorbp": 0.2856808305250143,
    "Ocorrdtovr": 0.1563316644571571,
    "Ocorroastr": 0.1466191931991255,
    "Ocorroeff": 107.14231906907314,
    "Ocorroeffrank": 124,
    "Ocorroefgp": 0.5068177746487257,
    "Ocorroftr": 0.35638668610998697,
    "Ocorroorbp": 0.3059142858437714,
    "Ocorrotovr": 0.15468889646936418,
    "Oeff": 107.55753680281981,
    "Oefgp": 0.5359618717504333,
    "Oftr": 0.4930675909878683,
    "Oneteff": 3.444753590912157,
    "Oneteffrank": 98,
    "Oorbp": 0.3359375,
    "Oposs": 1543.3600000000001,
    "Otovr": 0.20132396096362518,
    "SoR": 0.0,
    "SoRrank": 127,
    "TAst": 213.0,
    "TBlk": 73.0,
    "TDR": 425.0,
    "TFGA": 1130.0,
    "TFGA3": 299.0,
    "TFGM": 474.0,
    "TFGM3": 100.0,
    "TFTA": 465.0,
    "TFTM": 343.0,
    "TOR": 173.0,
    "TPF": 423.0,
    "TScore": 1391.0,
    "TStl": 214.0,
    "TTO": 370.0,
    "Tastr": 0.11107634543178974,
    "Tcorrdastr": 0.15511140599368425,
    "Tcorrdastrrank": 262,
    "Tcorrdeff": 106.493977030622,
    "Tcorrdeffrank": 183,
    "Tcorrdefgp": 0.5384007352819433,
    "Tcorrdefgprank": 281,
    "Tcorrdftr": 0.46100673518991514,
    "Tcorrdftrrank": 352,
    "Tcorrdorbp": 0.315606415810633,
    "Tcorrdorbprank": 282,
    "Tcorrdtovr": 0.1941661394250333,
    "Tcorrdtovrrank": 12,
    "Tcorroastr": 0.11221394316403249,
    "Tcorroastrrank": 352,
    "Tcorroeff": 92.9158225475642,
    "Tcorroeffrank": 352,
    "Tcorroefgp": 0.46567740675144265,
    "Tcorroefgprank": 314,
    "Tcorroftr": 0.400551372297791,
    "Tcorroftrrank": 39,
    "Tcorroorbp": 0.25962475975564586,
    "Tcorroorbprank": 258,
    "Tcorrotovr": 0.20712210851733018,
    "Tcorrotovrrank": 363,
    "Teff": 90.8200574562549,
    "Tefgp": 0.46371681415929206,
    "Tftr": 0.41150442477876104,
    "Tneteff": -13.578154483057801,
    "Tneteffrank": 302,
    "Torbp": 0.25744047619047616,
    "Tposs": 1531.6,
    "Ttovr": 0.2170597207556025,
    "closses": 6,
    "confplace": 5,
    "cwins": 5,
    "dates": [
        [
            11,
            4
        ],
        [
            11,
            9
        ],
        [
            11,
            12
        ],
        [
            11,
            17
        ],
        [
            11,
            21
        ],
        [
            11,
            29
        ],
        [
            11,
            30
        ],
        [
            12,
            1
        ],
        [
            12,
            8
        ],
        [
            12,
            16
        ],
        [
            12,
            18
        ],
        [
            12,
            29
        ],
        [
            1,
            4
        ],
        [
            1,
            9
        ],
        [
            1,
            11
        ],
        [
            1,
            16
        ],
        [
            1,
            18
        ],
        [
            1,
            23
        ],
        [
            1,
            30
        ],
        [
            2,
            1
        ],
        [
            2,
            6
        ],
        [
            2,
            8
        ],
        [
            2,
            13
        ]
    ],
    "geff": [
        [
            83.15450643776823,
            130.29315960912052
        ],
        [
            82.27176220806794,
            112.51236399604353
        ],
        [
            71.90265486725664,
            93.84775808133473
        ],
        [
            59.558396281231836,
            148.91179839633446
        ],
        [
            81.12582781456953,
            108.89292196007258
        ],
        [
            82.36434108527132,
            102.64900662251655
        ],
        [
            103.53021045485404,
            95.8414554905783
        ],
        [
            103.55892648774795,
            124.92820218265365
        ],
        [
            77.31958762886597,
            103.64321608040201
        ],
        [
            99.80682549903413,
            103.84376937383757
        ],
        [
            89.1812865497076,
            97.9809976247031
        ],
        [
            99.2063492063492,
            84.22234699606962
        ],
        [
            112.5073056691993,
            108.50439882697947
        ],
        [
            106.5668202764977,
            96.26604434072345
        ],
        [
            85.60558021559925,
            91.36735979836169
        ],
        [
            115.12027491408934,
            99.09596662030599
        ],
        [
            95.98080383923214,
            125.42759407069556
        ],
        [
            78.78446820483961,
            97.55387303436225
        ],
        [
            94.83830845771145,
            86.31713554987212
        ],
        [
            109.01162790697676,
            89.83890954151177
        ],
        [
            89.76063829787235,
            143.0817610062893
        ],
        [
            85.00303582270796,
            124.46220036877689
        ],
        [
            88.75739644970415,
            97.97917942437233
        ]
    ],
    "losses": 16,
    "nOT": [
        0,
        0,
        0,
        0,
        0,
        0,
        0,
        0,
        0,
        0,
        0,
        0,
        0,
        0,
        0,
        0,
        0,
        0,
        0,
        0,
        0,
        0,
        0
    ],
    "pace": 65.65979818272534,
    "poss": [
        [
            74.56,
            73.68
        ],
        [
            75.36,
            80.88
        ],
        [
            72.32,
            76.72
        ],
        [
            68.84,
            69.84
        ],
        [
            60.4,
            66.12
        ],
        [
            61.92,
            60.4
        ],
        [
            58.92,
            61.56
        ],
        [
            68.56,
            69.64
        ],
        [
            65.96000000000001,
            63.68
        ],
        [
            62.12,
            64.52
        ],
        [
            68.4,
            67.36
        ],
        [
            70.56,
            71.24000000000001
        ],
        [
            68.44,
            68.2
        ],
        [
            69.44,
            68.56
        ],
        [
            63.08,
            63.480000000000004
        ],
        [
            58.2,
            57.519999999999996
        ],
        [
            66.68,
            70.16
        ],
        [
            71.08,
            68.68
        ],
        [
            64.32,
            62.56
        ],
        [
            68.8,
            64.56
        ],
        [
            60.16,
            63.6
        ],
        [
            65.88,
            65.08
        ],
        [
            67.6,
            65.32
        ]
    ],
    "preseason_pace": 67.46429675322645,
    "preseason_pred": -9.528164169389552,
    "preseason_predd": 105.74713870225571,