{
    "CompRank": 116,
    "CompositeDef": 99.48018660315543,
    "CompositeOff": 104.01295639268398,
    "CompositePace": 68.21841099423578,
    "CompositeRating": 4.532769789528544,
    "HA": [
        "A",
        "N",
        "N",
        "N",
        "A"
    ],
    "OAst": 57.0,
    "OAvgCompRat": 10.7316768043053,
    "OBlk": 26.0,
    "ODR": 124.0,
    "OFGA": 249.0,
    "OFGA3": 86.0,
    "OFGM": 114.0,
    "OFGM3": 31.0,
    "OFTA": 132.0,
    "OFTM": 92.0,
    "OOR": 43.0,
    "OPF": 112.0,
    "OScore": 351.0,
    "OStl": 24.0,
    "OTO": 89.0,
    "Oastr": 0.12580559724551957,
    "Ocomprank": 12,
    "Ocorrdastr": 0.12165598165127771,
    "Ocorrdeff": 89.37802125260441,
    "Ocorrdeffrank": 7,
    "Ocorrdefgp": 0.4435702304800092,
    "Ocorrdftr": 0.2562209431037349,
    "Ocorrdorbp": 0.2761649958845423,
    "Ocorrdtovr": 0.1723642443209561,
    "Ocorroastr": 0.13872736701610772,
    "Ocorroeff": 103.0358109308755,
    "Ocorroeffrank": 93,
    "Ocorroefgp": 0.49499107002143683,
    "Ocorroftr": 0.32176220825878865,
    "Ocorroorbp": 0.2738911802103193,
    "Ocorrotovr": 0.1510766244501851,
    "Oeff": 99.41089837997055,
    "Oefgp": 0.5200803212851406,
    "Oftr": 0.5301204819277109,
    "Oneteff": 13.657789678271087,
    "Oneteffrank": 14,
    "Oorbp": 0.3049645390070922,
    "Oposs": 353.08,
    "Otovr": 0.22470208038780046,
    "SoR": 16.37282698428635,
    "SoRrank": 110,
    "TAst": 59.0,
    "TBlk": 11.0,
    "TDR": 98.0,
    "TFGA": 277.0,
    "TFGA3": 75.0,
    "TFGM": 115.0,
    "TFGM3": 22.0,
    "TFTA": 148.0,
    "TFTM": 101.0,
    "TOR": 43.0,
    "TPF": 118.0,
    "TScore": 353.0,
    "TStl": 52.0,
    "TTO": 55.0,
    "Tastr": 0.12935192493203543,
    "Tcorrdastr": 0.12671406438367597,
    "Tcorrdastrrank": 98,
    "Tcorrdeff": 96.78467498313128,
    "Tcorrdeffrank": 118,
    "Tcorrdefgp": 0.5232661210995335,
    "Tcorrdefgprank": 255,
    "Tcorrdftr": 0.5287385398300105,
    "Tcorrdftrrank": 357,
    "Tcorrdorbp": 0.3011588037983729,
    "Tcorrdorbprank": 269,
    "Tcorrdtovr": 0.24483601766069502,
    "Tcorrdtovrrank": 6,
    "Tcorroastr": 0.1485408811321195,
    "Tcorroastrrank": 116,
    "Tcorroeff": 111.92052628979523,
    "Tcorroeffrank": 36,
    "Tcorroefgp": 0.5109755640785681,
    "Tcorroefgprank": 131,
    "Tcorroftr": 0.6709604601265405,
    "Tcorroftrrank": 1,
    "Tcorroorbp": 0.2528341973315706,
    "Tcorroorbprank": 221,
    "Tcorrotovr": 0.13215615636994318,
    "Tcorrotovrrank": 39,
    "Teff": 99.68372303174066,
    "Tefgp": 0.4548736462093863,
    "Tftr": 0.5342960288808665,
    "Tneteff": 15.135851306663952,
    "Tneteffrank": 58,
    "Torbp": 0.25748502994011974,
    "Tposs": 354.12,
    "Ttovr": 0.13849717969379532,
    "closses": 0,
    "confplace": 1,
    "cwins": 0,
    "dates": [
        [
            11,
            7
        ],
        [
            11,
            18
        ],
        [
            11,
            20
        ],
        [
            11,
            21
        ],
        [
            11,
            26
        ]
    ],
    "geff": [
        [
            72.76763690182536,
            75.8317025440313
        ],
        [
            120.98966829798803,
            105.91004184100417
        ],
        [
            116.66666666666667,
            82.51833740831296
        ],
        [
            88.20286659316427,
            109.83910891089108
        ],
        [
            106.09683203825463,
            128.16553428042002
        ]
    ],
    "losses": 3,
    "nOT": [
        0,
        0,
        0,
        0,
        0
    ],
    "pace": 71.70582799060236,
    "poss": [
        [
            81.08,
            81.76
        ],
        [
            73.56,
            76.48
        ],
        [
            60.0,
            65.44
        ],
        [
            72.56,
            64.64
        ],
        [
            66.92,
            64.75999999999999
        ]
    ],
    "preseason_pace": 65.82649261538353,
    "preseason_pred": -2.7395769300430644,
    "preseason_predd": 101.32896000509244,
    "preseason_predo": 98.58938307504937,
    "schedule": [
        "arizona-state",
        "belmont",
        "boston-college",
        "drake",
        "wichita-state"
    ],
    "scores": [
        [
            59,
            62
        ],
        [
            89,
            81
        ],
        [
            70,
            54
        ],
        [
            64,
            71
        ],
        [
            71,
            83
        ]
    ],
    "wins": 2
}