{
    "CompRank": 171,
    "CompositeDef": 109.41213769773954,
    "CompositeOff": 108.50173228457037,
    "CompositePace": 71.45835089619499,
    "CompositeRating": -0.9104054131691695,
    "HA": [
        "A",
        "A",
        "H",
        "H",
        "A",
        "A",
        "A",
        "A",
        "H",
        "A",
        "H",
        "H",
        "H",
        "A",
        "A",
        "A"
    ],
    "OAst": 238.0,
    "OAvgCompRat": 0.9157131679687085,
    "OBlk": 67.0,
    "ODR": 357.0,
    "OFGA": 846.0,
    "OFGA3": 357.0,
    "OFGM": 415.0,
    "OFGM3": 126.0,
    "OFTA": 427.0,
    "OFTM": 303.0,
    "OOR": 156.0,
    "OPF": 269.0,
    "OScore": 1259.0,
    "OStl": 109.0,
    "OTO": 279.0,
    "Oastr": 0.15346126070360053,
    "Ocomprank": 128,
    "Ocorrdastr": 0.1443442968872023,
    "Ocorrdeff": 105.52118601224731,
    "Ocorrdeffrank": 48,
    "Ocorrdefgp": 0.5058765517552893,
    "Ocorrdftr": 0.38115274974359903,
    "Ocorrdorbp": 0.3009968821566638,
    "Ocorrdtovr": 0.15578257789809966,
    "Ocorroastr": 0.14585116249471788,
    "Ocorroeff": 107.4463190132585,
    "Ocorroeffrank": 256,
    "Ocorroefgp": 0.5008672378583907,
    "Ocorroftr": 0.3525923113063113,
    "Ocorroorbp": 0.32221750501286905,
    "Ocorrotovr": 0.15692513493658397,
    "Oeff": 108.82719037410966,
    "Oefgp": 0.5650118203309693,
    "Oftr": 0.5047281323877069,
    "Oneteff": 1.92513300101119,
    "Oneteffrank": 128,
    "Oorbp": 0.325,
    "Oposs": 1156.88,
    "Otovr": 0.21250990189507035,
    "SoR": 0.0,
    "SoRrank": 142,
    "TAst": 189.0,
    "TBlk": 39.0,
    "TDR": 324.0,
    "TFGA": 926.0,
    "TFGA3": 229.0,
    "TFGM": 427.0,
    "TFGM3": 79.0,
    "TFTA": 410.0,
    "TFTM": 314.0,
    "TOR": 163.0,
    "TPF": 390.0,
    "TScore": 1247.0,
    "TStl": 166.0,
    "TTO": 223.0,
    "Tastr": 0.1244731296101159,
    "Tcorrdastr": 0.15525805050610259,
    "Tcorrdastrrank": 239,
    "Tcorrdeff": 110.04024486425783,
    "Tcorrdeffrank": 199,
    "Tcorrdefgp": 0.5787198491765942,
    "Tcorrdefgprank": 348,
    "Tcorrdftr": 0.513047732844279,
    "Tcorrdftrrank": 361,
    "Tcorrdorbp": 0.3072043931284598,
    "Tcorrdorbprank": 190,
    "Tcorrdtovr": 0.20148063439928635,
    "Tcorrdtovrrank": 6,
    "Tcorroastr": 0.12738288762223535,
    "Tcorroastrrank": 293,
    "Tcorroeff": 110.13934843209859,
    "Tcorroeffrank": 147,
    "Tcorroefgp": 0.5113858107503932,
    "Tcorroefgprank": 178,
    "Tcorroftr": 0.41746500001447584,
    "Tcorroftrrank": 56,
    "Tcorroorbp": 0.3180920650251917,
    "Tcorroorbprank": 144,
    "Tcorrotovr": 0.1600556281724787,
    "Tcorrotovrrank": 265,
    "Teff": 106.91015089163237,
    "Tefgp": 0.5037796976241901,
    "Tftr": 0.4427645788336933,
    "Tneteff": 0.09910356784075702,
    "Tneteffrank": 165,
    "Torbp": 0.31346153846153846,
    "Tposs": 1166.4,
    "Ttovr": 0.16774484729953362,
    "closses": 5,
    "confplace": 7,
    "cwins": 2,
    "dates": [
        [
            11,
            3
        ],
        [
            11,
            5
        ],
        [
            11,
            8
        ],
        [
            11,
            11
        ],
        [
            11,
            14
        ],
        [
            11,
            20
        ],
        [
            12,
            1
        ],
        [
            12,
            16
        ],
        [
            12,
            19
        ],
        [
            12,
            29
        ],
        [
            1,
            1
        ],
        [
            1,
            3
        ],
        [
            1,
            8
        ],
        [
            1,
            15
        ],
        [
            1,
            17
        ],
        [
            1,
            21
        ]
    ],
    "geff": [
        [
            104.97237569060772,
            134.30330162283155
        ],
        [
            89.65929468021518,
            141.67650531286895
        ],
        [
            124.48740480374927,
            107.30211817168338
        ],
        [
            105.55555555555556,
            82.05399682371625
        ],
        [
            110.71623838162931,
            130.9192200557103
        ],
        [
            121.62162162162163,
            100.59815116911365
        ],
        [
            81.50646430578978,
            109.19540229885058
        ],
        [
            117.83610069630421,
            86.16047388260635
        ],
        [
            101.14107883817427,
            70.53291536050156
        ],
        [
            107.27611940298509,
            96.4482547458665
        ],
        [
            113.21257325519446,
            121.59273115980758
        ],
        [
            107.77009047365621,
            105.67296996662958
        ],
        [
            111.48272017837235,
            117.5811870100784
        ],
        [
            113.73483535528597,
            119.8010849909584
        ],
        [
            101.89437428243397,
            110.09982384028184
        ],
        [
            93.62200117027501,
            110.24844720496894
        ]
    ],
    "losses": 9,
    "nOT": [
        0,
        0,
        0,
        0,
        0,
        0,
        0,
        0,
        0,
        0,
        0,
        1,
        0,
        1,
        0,
        0
    ],
    "pace": 72.06136091902795,
    "poss": [
        [
            72.4,
            71.48
        ],
        [
            66.92,
            67.75999999999999
        ],
        [
            68.28,
            71.76
        ],
        [
            72.0,
            75.56
        ],
        [
            73.16,
            71.8
        ],
        [
            74.0,
            73.56
        ],
        [
            71.16,
            69.6
        ],
        [
            74.68,
            74.28
        ],
        [
            77.12,
            76.56
        ],
        [
            64.32,
            65.32
        ],
        [
            75.08,
            74.84
        ],
        [
            75.16,
            71.92
        ],
        [
            71.76,
            71.44
        ],
        [
            92.32,
            88.48
        ],
        [
            69.68,
            68.12
        ],
        [
            68.36,
            64.4
        ]
    ],
    "preseason_pace": 66.71741300455827,
    "preseason_pred": -8.84728738659418,
    "preseason_predd": 104.47388302037074,
    "preseason_predo": 95.62659563377656,
    "schedule": [
        "southern-methodist",
        "louisiana-state",
        "texas-am-corpus-christi",
        "merrimack",
        "baylor",
        "rice",
        "cincinnati",
        "mississippi-valley-state",
        "florida-am",
        "texas-arlington",
        "utah-valley",
        "california-baptist",
        "abilene-christian",
        "southern-utah",
        "dixie-state",
        "texas-arlington"
    ],
    "scores": [
        [
            76,
            96
        ],
        [
            60,
            96
        ],
        [
            85,
            77
        ],
        [
            76,
            62
        ],
        [
            81,
            94
        ],
        [
            90,
            74
        ],
        [
            58,
            76
        ],
        [
            88,
            64
        ],
        [
            78,
            54
        ],
        [
            69,
            63
        ],
        [
            85,
            91
        ],
        [
            81,
            76
        ],
        [
            80,
            84
        ],
        [
            105,
            106
        ],
        [
            71,
            75
        ],
        [
            64,
            71
        ]
    ],
    "wins": 7
}