{
    "CompRank": 212,
    "CompositeDef": 103.26292213420992,
    "CompositeOff": 99.52727356883908,
    "CompositePace": 63.61107800060193,
    "CompositeRating": -3.7356485653708376,
    "HA": [
        "A",
        "A",
        "A",
        "A",
        "A",
        "A",
        "H",
        "A",
        "H",
        "H",
        "A",
        "A",
        "H",
        "H",
        "A",
        "A",
        "H",
        "H",
        "A",
        "A",
        "H",
        "H",
        "H",
        "A",
        "H",
        "H",
        "A",
        "A"
    ],
    "Name": "tarleton-state",
    "OAst": 382.0,
    "OAvgCompRat": -0.02550874779688889,
    "OBlk": 145.0,
    "ODR": 681.0,
    "OFGA": 1421.0,
    "OFGA3": 611.0,
    "OFGM": 644.0,
    "OFGM3": 201.0,
    "OFTA": 506.0,
    "OFTM": 354.0,
    "OOR": 292.0,
    "OPFwins": 490.0,
    "OScore": 1843.0,
    "OStl": 135.0,
    "OTO": 448.0,
    "Oastr": 0.15442829190989793,
    "Ocomprank": 157,
    "Ocorrdastr": 0.14151294434842993,
    "Ocorrdeff": 101.59898609270735,
    "Ocorrdeffrank": 119,
    "Ocorrdefgp": 0.49660238547558133,
    "Ocorrdftr": 0.3363895381120375,
    "Ocorrdorbp": 0.27320729720675574,
    "Ocorrdtovr": 0.1660628493726521,
    "Ocorroastr": 0.1401855707679672,
    "Ocorroeff": 102.06963303362973,
    "Ocorroeffrank": 193,
    "Ocorroefgp": 0.49794172603029274,
    "Ocorroftr": 0.30024872538059855,
    "Ocorroorbp": 0.2958889153282215,
    "Ocorrotovr": 0.16850262793430115,
    "Oeff": 102.4093707630415,
    "Oefgp": 0.523926812104152,
    "Oftr": 0.35608726249120337,
    "Oneteff": 0.4706469409223786,
    "Oneteffrank": 154,
    "Oorbp": 0.33993015133876603,
    "Oposs": 1799.64,
    "Otovr": 0.2141859975904075,
    "SoR": 0.0,
    "SoRrank": 156,
    "TAst": 293.0,
    "TBlk": 59.0,
    "TDR": 567.0,
    "TFGA": 1498.0,
    "TFGA3": 469.0,
    "TFGM": 621.0,
    "TFGM3": 145.0,
    "TFTA": 505.0,
    "TFTM": 381.0,
    "TOR": 252.0,
    "TPF": 504.0,
    "TScore": 1768.0,
    "TStl": 209.0,
    "TTO": 331.0,
    "Tastr": 0.1249893353809402,
    "Tcorrdastr": 0.15534433360807498,
    "Tcorrdastrrank": 287,
    "Tcorrdeff": 103.26292213420992,
    "Tcorrdeffrank": 180,
    "Tcorrdefgp": 0.5273550477636274,
    "Tcorrdefgprank": 269,
    "Tcorrdftr": 0.36283268205298036,
    "Tcorrdftrrank": 304,
    "Tcorrdorbp": 0.3230359558644484,
    "Tcorrdorbprank": 323,
    "Tcorrdtovr": 0.20768616701916756,
    "Tcorrdtovrrank": 15,
    "Tcorroastr": 0.12448873989566002,
    "Tcorroastrrank": 283,
    "Tcorroeff": 99.52727356883908,
    "Tcorroeffrank": 239,
    "Tcorroefgp": 0.4671535468011362,
    "Tcorroefgprank": 293,
    "Tcorroftr": 0.30736759743012,
    "Tcorroftrrank": 170,
    "Tcorroorbp": 0.2784485649862288,
    "Tcorroorbprank": 177,
    "Tcorrotovr": 0.15875362038363486,
    "Tcorrotovrrank": 145,
    "Teff": 98.26589595375722,
    "Tefgp": 0.4629506008010681,
    "Tftr": 0.3371161548731642,
    "Tneteff": -3.7356485653708376,
    "Tneteffrank": 212,
    "Torbp": 0.27009646302250806,
    "Tposs": 1799.2,
    "Ttovr": 0.16136895475819035,
    "closses": 9,
    "confplace": 8,
    "cwins": 9,
    "dates": [
        [
            11,
            9
        ],
        [
            11,
            12
        ],
        [
            11,
            16
        ],
        [
            11,
            22
        ],
        [
            11,
            24
        ],
        [
            11,
            29
        ],
        [
            12,
            5
        ],
        [
            12,
            14
        ],
        [
            12,
            17
        ],
        [
            12,
            21
        ],
        [
            12,
            30
        ],
        [
            1,
            1
        ],
        [
            1,
            6
        ],
        [
            1,
            8
        ],
        [
            1,
            13
        ],
        [
            1,
            15
        ],
        [
            1,
            20
        ],
        [
            1,
            22
        ],
        [
            1,
            26
        ],
        [
            1,
            29
        ],
        [
            2,
            5
        ],
        [
            2,
            12
        ],
        [
            2,
            16
        ],
        [
            2,
            19
        ],
        [
            2,
            24
        ],
        [
            2,
            26
        ],
        [
            3,
            3
        ],
        [
            3,
            5
        ]
    ],
    "geff": [
        [
            82.89124668435014,
            103.88739946380697
        ],
        [
            94.16767922235722,
            134.39218081857055
        ],
        [
            78.26887661141805,
            99.8157248157248
        ],
        [
            93.2441942294159,
            95.00351864883883
        ],
        [
            85.49715009499684,
            105.38261997405966
        ],
        [
            85.72319201995013,
            99.13258983890954
        ],
        [
            89.17396745932415,
            89.77480219111382
        ],
        [
            88.21855435401253,
            97.51271905031092
        ],
        [
            104.03329065300896,
            84.08796895213453
        ],
        [
            117.70906535488405,
            79.16959887403236
        ],
        [
            122.63593380614655,
            106.41579272054287
        ],
        [
            80.08153756552124,
            117.02127659574468
        ],
        [
            113.70527592480289,
            98.09932556713673
        ],
        [
            104.56273764258555,
            94.76775226908703
        ],
        [
            83.23598130841121,
            106.7251461988304
        ],
        [
            88.48230353929213,
            115.0747986191024
        ],
        [
            116.73151750972761,
            124.85811577752553
        ],
        [
            88.31168831168831,
            95.91115598182735
        ],
        [
            103.05851063829788,
            91.52215799614643
        ],
        [
            124.29200755191944,
            101.91082802547771
        ],
        [
            94.24603174603175,
            87.37864077669903
        ],
        [
            103.61842105263159,
            125.65274151436032
        ],
        [
            89.171974522293,
            106.08856088560887
        ],
        [
            127.17321313586608,
            99.8003992015968
        ],
        [
            126.43290627107217,
            106.45604395604396
        ],
        [
            96.02425876010781,
            80.85808580858085
        ],
        [
            85.55783709787816,
            116.79079214624238
        ],
        [
            88.88888888888889,
            99.28385416666667
        ]
    ],
    "losses": 17,
    "nOT": [
        0,
        0,
        0,
        0,
        0,
        0,
        0,
        0,
        0,
        0,
        0,
        0,
        0,
        1,
        0,
        0,
        0,
        0,
        0,
        0,
        0,
        0,
        0,
        0,
        0,
        0,
        0,
        0
    ],
    "pace": 63.61107800060193,