{
    "CompRank": 288,
    "CompositeDef": 108.07432917047626,
    "CompositeOff": 96.47005768945621,
    "CompositePace": 68.65506561481862,
    "CompositeRating": -11.60427148102004,
    "HA": [
        "A",
        "A",
        "A",
        "N",
        "N",
        "A",
        "A",
        "A",
        "A"
    ],
    "OAst": 153.0,
    "OAvgCompRat": 6.309949695532366,
    "OBlk": 36.0,
    "ODR": 210.0,
    "OFGA": 523.0,
    "OFGA3": 238.0,
    "OFGM": 243.0,
    "OFGM3": 85.0,
    "OFTA": 169.0,
    "OFTM": 130.0,
    "OOR": 89.0,
    "OPF": 148.0,
    "OScore": 701.0,
    "OStl": 70.0,
    "OTO": 103.0,
    "Oastr": 0.17929127214774537,
    "Ocomprank": 22,
    "Ocorrdastr": 0.13778938221660803,
    "Ocorrdeff": 98.72911461607733,
    "Ocorrdeffrank": 27,
    "Ocorrdefgp": 0.49457415521578774,
    "Ocorrdftr": 0.32971275252534693,
    "Ocorrdorbp": 0.2737523243486918,
    "Ocorrdtovr": 0.1593765508696838,
    "Ocorroastr": 0.14697886542741262,
    "Ocorroeff": 109.54514918162869,
    "Ocorroeffrank": 19,
    "Ocorroefgp": 0.510641732089315,
    "Ocorroftr": 0.3500084605163184,
    "Ocorroorbp": 0.3114052410441012,
    "Ocorrotovr": 0.14458940747935348,
    "Oeff": 114.66239204396754,
    "Oefgp": 0.5458891013384322,
    "Oftr": 0.3231357552581262,
    "Oneteff": 10.816034565551362,
    "Oneteffrank": 14,
    "Oorbp": 0.3272058823529412,
    "Oposs": 611.36,
    "Otovr": 0.14706722257124907,
    "SoR": 0.0,
    "SoRrank": 246,
    "TAst": 107.0,
    "TBlk": 15.0,
    "TDR": 183.0,
    "TFGA": 502.0,
    "TFGA3": 194.0,
    "TFGM": 190.0,
    "TFGM3": 58.0,
    "TFTA": 166.0,
    "TFTM": 119.0,
    "TOR": 84.0,
    "TPF": 140.0,
    "TScore": 557.0,
    "TStl": 51.0,
    "TTO": 127.0,
    "Tastr": 0.1322555127064175,
    "Tcorrdastr": 0.17178041551295267,
    "Tcorrdastrrank": 341,
    "Tcorrdeff": 108.08859590109502,
    "Tcorrdeffrank": 269,
    "Tcorrdefgp": 0.5351599100377591,
    "Tcorrdefgprank": 285,
    "Tcorrdftr": 0.308483141107915,
    "Tcorrdftrrank": 145,
    "Tcorrdorbp": 0.29116323660310495,
    "Tcorrdorbprank": 233,
    "Tcorrdtovr": 0.1536662275110424,
    "Tcorrdtovrrank": 162,
    "Tcorroastr": 0.13531671589428743,
    "Tcorroastrrank": 203,
    "Tcorroeff": 94.2844771156563,
    "Tcorroeffrank": 309,
    "Tcorroefgp": 0.4418393405736217,
    "Tcorroefgprank": 332,
    "Tcorroftr": 0.336587297576107,
    "Tcorroftrrank": 173,
    "Tcorroorbp": 0.29010404661749506,
    "Tcorroorbprank": 138,
    "Tcorrotovr": 0.17147115954791706,
    "Tcorrotovrrank": 301,
    "Teff": 90.12361659439519,
    "Tefgp": 0.4362549800796813,
    "Tftr": 0.33067729083665337,
    "Tneteff": -13.804118785438718,
    "Tneteffrank": 307,
    "Torbp": 0.2857142857142857,
    "Tposs": 618.04,
    "Ttovr": 0.18090137314113156,
    "closses": 0,
    "confplace": 1,
    "cwins": 0,
    "dates": [
        [
            11,
            10
        ],
        [
            11,
            15
        ],
        [
            11,
            18
        ],
        [
            11,
            24
        ],
        [
            11,
            25
        ],
        [
            12,
            1
        ],
        [
            12,
            9
        ],
        [
            12,
            12
        ],
        [
            12,
            16
        ]
    ],
    "geff": [
        [
            99.05133928571428,
            113.45646437994723
        ],
        [
            63.52567496029645,
            142.27642276422765
        ],
        [
            96.38922888616891,
            100.24676125848241
        ],
        [
            97.49708963911525,
            101.37149672033394
        ],
        [
            107.12298274902616,
            124.86278814489573
        ],
        [
            98.44868735083531,
            111.00973236009735
        ],
        [
            64.59189665296535,
            105.89318600368324
        ],
        [
            81.12493239588967,
            122.05156335710367
        ],
        [
            109.4759511844939,
            103.53915662650603
        ]
    ],
    "losses": 8,
    "nOT": [
        0,
        0,
        0,
        0,
        0,
        0,
        0,
        0,
        0
    ],
    "pace": 68.32962152752954,
    "poss": [
        [
            71.68,
            75.8
        ],
        [
            75.56,
            73.8
        ],
        [
            65.36,
            64.84
        ],
        [
            68.72,
            67.08
        ],
        [
            71.88,
            72.88
        ],
        [
            67.04,
            65.75999999999999
        ],
        [
            68.12,
            65.16
        ],
        [
            73.96,
            72.92
        ],
        [
            55.72,
            53.12
        ]
    ],
    "preseason_pace": 69.37827469768325,
    "preseason_pred": -6.715721915645204,
    "preseason_predd": 108.04262532465678,
    "preseason_predo": 101.32690340901158,
    "schedule": [
        "auburn",
        "brigham-young",
        "santa-clara",
        "western-michigan",
        "tennessee-state",
        "louisiana-state",
        "southern",
        "louisiana-tech",
        "murray-state"
    ],
    "scores": [
        [
            71,
            86
        ],
        [
            48,
            105
        ],
        [
            63,
            65
        ],
        [
            67,
            68
        ],
        [
            77,
            91
        ],
        [
            66,
            73
        ],
        [
            44,
            69
        ],
        [
            60,
            89
        ],
        [
            61,
            55
        ]
    ],
    "wins": 1
}