{
    "CompRank": 305,
    "CompositeDef": 109.5757067718923,
    "CompositeOff": 96.5387569786767,
    "CompositePace": 65.87260219723,
    "CompositeRating": -13.036949793215603,
    "HA": [
        "A",
        "A",
        "A",
        "N",
        "N",
        "A",
        "A",
        "A",
        "A",
        "H",
        "A",
        "A",
        "A",
        "H",
        "H",
        "H"
    ],
    "OAst": 251.0,
    "OAvgCompRat": 0.753740499407573,
    "OBlk": 58.0,
    "ODR": 352.0,
    "OFGA": 895.0,
    "OFGA3": 409.0,
    "OFGM": 406.0,
    "OFGM3": 145.0,
    "OFTA": 268.0,
    "OFTM": 202.0,
    "OOR": 147.0,
    "OPF": 241.0,
    "OScore": 1159.0,
    "OStl": 115.0,
    "OTO": 181.0,
    "Oastr": 0.17371203942086758,
    "Ocomprank": 140,
    "Ocorrdastr": 0.1454743043878594,
    "Ocorrdeff": 102.54943210845295,
    "Ocorrdeffrank": 81,
    "Ocorrdefgp": 0.505323274952577,
    "Ocorrdftr": 0.36229765870089753,
    "Ocorrdorbp": 0.28558686915434206,
    "Ocorrdtovr": 0.15850328935669997,
    "Ocorroastr": 0.13597053169803594,
    "Ocorroeff": 105.20360071432756,
    "Ocorroeffrank": 139,
    "Ocorroefgp": 0.4965772871322526,
    "Ocorroftr": 0.3330475371973066,
    "Ocorroorbp": 0.2831492545656505,
    "Ocorrotovr": 0.14757415645360225,
    "Oeff": 110.70568906888778,
    "Oefgp": 0.5346368715083799,
    "Oftr": 0.2994413407821229,
    "Oneteff": 2.6541686058746166,
    "Oneteffrank": 103,
    "Oorbp": 0.30434782608695654,
    "Oposs": 1046.92,
    "Otovr": 0.15160144733315464,
    "SoR": 0.0,
    "SoRrank": 172,
    "TAst": 200.0,
    "TBlk": 27.0,
    "TDR": 336.0,
    "TFGA": 857.0,
    "TFGA3": 323.0,
    "TFGM": 342.0,
    "TFGM3": 99.0,
    "TFTA": 291.0,
    "TFTM": 212.0,
    "TOR": 144.0,
    "TPF": 232.0,
    "TScore": 995.0,
    "TStl": 103.0,
    "TTO": 214.0,
    "Tastr": 0.1429551692589204,
    "Tcorrdastr": 0.18162013428154353,
    "Tcorrdastrrank": 358,
    "Tcorrdeff": 109.7707026776883,
    "Tcorrdeffrank": 279,
    "Tcorrdefgp": 0.5419998728347809,
    "Tcorrdefgprank": 315,
    "Tcorrdftr": 0.2984427749051605,
    "Tcorrdftrrank": 113,
    "Tcorrdorbp": 0.29779176434509663,
    "Tcorrdorbprank": 259,
    "Tcorrdtovr": 0.153429275810914,
    "Tcorrdtovrrank": 140,
    "Tcorroastr": 0.13982844134364822,
    "Tcorroastrrank": 184,
    "Tcorroeff": 95.929742400912,
    "Tcorroeffrank": 309,
    "Tcorroefgp": 0.4552702855590495,
    "Tcorroefgprank": 320,
    "Tcorroftr": 0.3120783366809465,
    "Tcorroftrrank": 225,
    "Tcorroorbp": 0.28238167724822344,
    "Tcorroorbprank": 151,
    "Tcorrotovr": 0.16818062406359327,
    "Tcorrotovrrank": 300,
    "Teff": 94.30922050348802,
    "Tefgp": 0.45682613768961494,
    "Tftr": 0.3395565927654609,
    "Tneteff": -13.8409602767763,
    "Tneteffrank": 308,
    "Torbp": 0.2903225806451613,
    "Tposs": 1055.04,
    "Ttovr": 0.1784761142247131,
    "closses": 4,
    "confplace": 7,
    "cwins": 2,
    "dates": [
        [
            11,
            10
        ],
        [
            11,
            15
        ],
        [
            11,
            18
        ],
        [
            11,
            24
        ],
        [
            11,
            25
        ],
        [
            12,
            1
        ],
        [
            12,
            9
        ],
        [
            12,
            12
        ],
        [
            12,
            16
        ],
        [
            12,
            20
        ],
        [
            1,
            6
        ],
        [
            1,
            9
        ],
        [
            1,
            13
        ],
        [
            1,
            15
        ],
        [
            1,
            20
        ],
        [
            1,
            22
        ]
    ],
    "geff": [
        [
            99.05133928571428,
            113.45646437994723
        ],
        [
            63.52567496029645,
            142.27642276422765
        ],
        [
            96.38922888616891,
            100.24676125848241
        ],
        [
            97.49708963911525,
            101.37149672033394
        ],
        [
            107.12298274902616,
            124.86278814489573
        ],
        [
            98.44868735083531,
            111.00973236009735
        ],
        [
            64.59189665296535,
            105.89318600368324
        ],
        [
            81.12493239588967,
            122.05156335710367
        ],
        [
            109.4759511844939,
            103.53915662650603
        ],
        [
            87.01957940536622,
            83.62989323843416
        ],
        [
            116.02034329307057,
            109.18432883750802
        ],
        [
            94.07772979642196,
            107.7726975832789
        ],
        [
            107.04874835309619,
            121.95121951219512
        ],
        [
            107.73130544993663,
            111.89454322501534
        ],
        [
            84.58035133376707,
            110.10362694300518
        ],
        [
            103.25770796974984,
            90.962441314554
        ]
    ],
    "losses": 12,
    "nOT": [
        0,
        0,
        0,
        0,
        0,
        0,
        0,
        0,
        0,
        0,
        0,
        0,
        0,
        0,
        0,
        0
    ],
    "pace": 65.42670821952733,
    "poss": [
        [
            71.68,
            75.8
        ],
        [
            75.56,
            73.8
        ],
        [
            65.36,
            64.84
        ],
        [
            68.72,
            67.08
        ],
        [
            71.88,
            72.88
        ],
        [
            67.04,
            65.75999999999999
        ],
        [
            68.12,
            65.16
        ],
        [
            73.96,
            72.92
        ],
        [
            55.72,
            53.12
        ],
        [
            55.16,
            56.2
        ],
        [
            62.92,
            62.28
        ],
        [
            64.84,
            61.24
        ],
        [
            60.72,
            60.68
        ],
        [
            63.12,
            65.24
        ],
        [
            61.480000000000004,
            61.76
        ],
        [
            68.76,
            68.16
        ]
    ],
    "preseason_pace": 69.37827469768325,
    "preseason_pred": -6.715721915645204,
    "preseason_predd": 108.04262532465678,
    "preseason_predo": 101.32690340901158,
    "schedule": [
        "auburn",
        "brigham-young",
        "santa-clara",
        "western-michigan",
        "tennessee-state",
        "louisiana-state",
        "southern",
        "louisiana-tech",
        "murray-state",
        "grambling",
        "new-orleans",
        "nicholls-state",
        "mcneese-state",
        "texas-am-corpus-christi",
        "texas-am-commerce",
        "northwestern-state"
    ],
    "scores": [
        [
            71,
            86
        ],
        [
            48,
            105
        ],
        [
            63,
            65
        ],
        [
            67,
            68
        ],
        [
            77,
            91
        ],
        [
            66,
            73
        ],
        [
            44,
            69
        ],
        [
            60,
            89
        ],
        [
            61,
            55
        ],
        [
            48,
            47
        ],
        [
            73,
            68
        ],
        [
            61,
            66
        ],
        [
            65,
            74
        ],
        [
            68,
            73
        ],
        [
            52,
            68
        ],
        [
            71,
            62
        ]
    ],
    "wins": 4
}