{
    "CompRank": 14,
    "CompositeDef": 90.18456871413949,
    "CompositeOff": 113.52726279292894,
    "CompositePace": 62.3428909339222,
    "CompositeRating": 23.342694078789464,
    "HA": [
        "H",
        "H",
        "N",
        "N",
        "H",
        "A",
        "H",
        "H",
        "H",
        "A"
    ],
    "OAst": 101.0,
    "OAvgCompRat": 3.7571606706599,
    "OBlk": 36.0,
    "ODR": 201.0,
    "OFGA": 538.0,
    "OFGA3": 203.0,
    "OFGM": 217.0,
    "OFGM3": 70.0,
    "OFTA": 129.0,
    "OFTM": 94.0,
    "OOR": 77.0,
    "OPF": 198.0,
    "OScore": 598.0,
    "OStl": 50.0,
    "OTO": 118.0,
    "Oastr": 0.12411521824616595,
    "Ocomprank": 57,
    "Ocorrdastr": 0.14127777805576175,
    "Ocorrdeff": 98.19075593901434,
    "Ocorrdeffrank": 72,
    "Ocorrdefgp": 0.4901774832841482,
    "Ocorrdftr": 0.31438750816286565,
    "Ocorrdorbp": 0.2828002379286597,
    "Ocorrdtovr": 0.18750259166552202,
    "Ocorroastr": 0.1497843455524736,
    "Ocorroeff": 103.84299141035187,
    "Ocorroeffrank": 69,
    "Ocorroefgp": 0.5213873266880743,
    "Ocorroftr": 0.32758813993665203,
    "Ocorroorbp": 0.30166274861094894,
    "Ocorrotovr": 0.16193048349065903,
    "Oeff": 94.06065181829621,
    "Oefgp": 0.4684014869888476,
    "Oftr": 0.23977695167286245,
    "Oneteff": 5.652235471337534,
    "Oneteffrank": 62,
    "Oorbp": 0.24758842443729903,
    "Oposs": 635.76,
    "Otovr": 0.1655536225377406,
    "SoR": 87.19423752588396,
    "SoRrank": 13,
    "TAst": 154.0,
    "TBlk": 48.0,
    "TDR": 234.0,
    "TFGA": 502.0,
    "TFGA3": 189.0,
    "TFGM": 228.0,
    "TFGM3": 69.0,
    "TFTA": 245.0,
    "TFTM": 177.0,
    "TOR": 67.0,
    "TPF": 148.0,
    "TScore": 702.0,
    "TStl": 64.0,
    "TTO": 91.0,
    "Tastr": 0.18015910154422088,
    "Tcorrdastr": 0.11782679009213626,
    "Tcorrdastrrank": 38,
    "Tcorrdeff": 91.48688438356122,
    "Tcorrdeffrank": 45,
    "Tcorrdefgp": 0.4499050886907287,
    "Tcorrdefgprank": 42,
    "Tcorrdftr": 0.23011700618325096,
    "Tcorrdftrrank": 34,
    "Tcorrdorbp": 0.2207655166767394,
    "Tcorrdorbprank": 43,
    "Tcorrdtovr": 0.16610475210085865,
    "Tcorrdtovrrank": 140,
    "Tcorroastr": 0.1812068093357174,
    "Tcorroastrrank": 15,
    "Tcorroeff": 113.93994711472996,
    "Tcorroeffrank": 16,
    "Tcorroefgp": 0.5343404465010364,
    "Tcorroefgprank": 74,
    "Tcorroftr": 0.4891215735406442,
    "Tcorroftrrank": 5,
    "Tcorroorbp": 0.23868858697684223,
    "Tcorroorbprank": 260,
    "Tcorrotovr": 0.11240730416862926,
    "Tcorrotovrrank": 4,
    "Teff": 110.76049226885453,
    "Tefgp": 0.5229083665338645,
    "Tftr": 0.48804780876494025,
    "Tneteff": 22.453062731168743,
    "Tneteffrank": 16,
    "Torbp": 0.25,
    "Tposs": 633.8,
    "Ttovr": 0.129851598173516,
    "closses": 1,
    "confplace": 5,
    "cwins": 1,
    "dates": [
        [
            11,
            7
        ],
        [
            11,
            11
        ],
        [
            11,
            18
        ],
        [
            11,
            20
        ],
        [
            11,
            25
        ],
        [
            11,
            29
        ],
        [
            12,
            3
        ],
        [
            12,
            6
        ],
        [
            12,
            17
        ],
        [
            12,
            20
        ]
    ],
    "geff": [
        [
            123.3108108108108,
            101.39627659574468
        ],
        [
            145.9016393442623,
            70.46979865771812
        ],
        [
            123.9193083573487,
            114.22787738577213
        ],
        [
            105.9322033898305,
            88.45707656612528
        ],
        [
            118.18778726198292,
            71.20253164556962
        ],
        [
            108.76320696084525,
            112.58278145695364
        ],
        [
            99.29532351057016,
            83.8728663919953
        ],
        [
            89.34372969460688,
            79.46598855689764
        ],
        [
            104.30916552667578,
            121.65021156558534
        ],
        [
            90.96077316657191,
            98.98020395920815
        ]
    ],
    "losses": 2,
    "nOT": [
        0,
        0,
        0,
        0,
        0,
        0,
        0,
        0,
        0,
        0
    ],
    "pace": 62.14874101937465,
    "poss": [
        [
            59.2,
            60.16
        ],
        [
            61.0,
            59.6
        ],
        [
            69.4,
            69.16
        ],
        [
            66.08,
            68.96000000000001
        ],
        [
            60.92,
            63.2
        ],
        [
            64.36,
            60.4
        ],
        [
            62.44,
            67.96
        ],
        [
            61.56,
            62.92
        ],
        [
            58.480000000000004,
            56.72
        ],
        [
            70.36,
            66.68
        ]
    ],
    "preseason_pace": 62.87553816176185,
    "preseason_pred": 25.783383647021893,
    "preseason_predd": 86.61168621915527,
    "preseason_predo": 112.39506986617715,
    "schedule": [
        "north-carolina-central",
        "monmouth",
        "baylor",
        "illinois",
        "maryland-eastern-shore",
        "michigan",
        "florida-state",
        "james-madison",
        "houston",
        "miami-fl"
    ],
    "scores": [
        [
            73,
            61
        ],
        [
            89,
            42
        ],
        [
            86,
            79
        ],
        [
            70,
            61
        ],
        [
            72,
            45
        ],
        [
            70,
            68
        ],
        [
            62,
            57
        ],
        [
            55,
            50
        ],
        [
            61,
            69
        ],
        [
            64,
            66
        ]
    ],
    "wins": 8
}