{
    "CompRank": 126,
    "CompositeDef": 96.21006870654418,
    "CompositeOff": 99.61328184131108,
    "CompositePace": 66.87330185530223,
    "CompositeRating": 3.4032131347668977,
    "HA": [
        "A",
        "H",
        "A",
        "H",
        "H",
        "H"
    ],
    "OAst": 66.0,
    "OAvgCompRat": -5.053132419267296,
    "OBlk": 19.0,
    "ODR": 124.0,
    "OFGA": 346.0,
    "OFGA3": 131.0,
    "OFGM": 149.0,
    "OFGM3": 42.0,
    "OFTA": 94.0,
    "OFTM": 62.0,
    "OOR": 49.0,
    "OPF": 97.0,
    "OScore": 402.0,
    "OStl": 35.0,
    "OTO": 77.0,
    "Oastr": 0.12444377404027453,
    "Ocomprank": 306,
    "Ocorrdastr": 0.14245971829226586,
    "Ocorrdeff": 103.51076662069879,
    "Ocorrdeffrank": 284,
    "Ocorrdefgp": 0.4953128260907324,
    "Ocorrdftr": 0.31017934076586806,
    "Ocorrdorbp": 0.32955855085798197,
    "Ocorrdtovr": 0.15302821565085012,
    "Ocorroastr": 0.13560335770886608,
    "Ocorroeff": 101.6234959417514,
    "Ocorroeffrank": 142,
    "Ocorroefgp": 0.5038928455703958,
    "Ocorroftr": 0.33617545585277475,
    "Ocorroorbp": 0.26542422217192857,
    "Ocorrotovr": 0.16664889409473702,
    "Oeff": 96.78351309707242,
    "Oefgp": 0.4913294797687861,
    "Oftr": 0.27167630057803466,
    "Oneteff": -1.887270678947388,
    "Oneteffrank": 226,
    "Oorbp": 0.25925925925925924,
    "Oposs": 415.36,
    "Otovr": 0.1658196227065208,
    "SoR": 29.77420869916747,
    "SoRrank": 84,
    "TAst": 99.0,
    "TBlk": 11.0,
    "TDR": 140.0,
    "TFGA": 352.0,
    "TFGA3": 146.0,
    "TFGM": 170.0,
    "TFGM3": 60.0,
    "TFTA": 76.0,
    "TFTM": 49.0,
    "TOR": 47.0,
    "TPF": 93.0,
    "TScore": 449.0,
    "TStl": 38.0,
    "TTO": 67.0,
    "Tastr": 0.17952995792833307,
    "Tcorrdastr": 0.12810301983801597,
    "Tcorrdastrrank": 106,
    "Tcorrdeff": 95.46826476343495,
    "Tcorrdeffrank": 104,
    "Tcorrdefgp": 0.48508093605235747,
    "Tcorrdefgprank": 144,
    "Tcorrdftr": 0.26224842724451136,
    "Tcorrdftrrank": 89,
    "Tcorrdorbp": 0.2651688904338439,
    "Tcorrdorbprank": 177,
    "Tcorrdtovr": 0.1642895189093227,
    "Tcorrdtovrrank": 179,
    "Tcorroastr": 0.17590320942950066,
    "Tcorroastrrank": 24,
    "Tcorroeff": 107.28346855732242,
    "Tcorroeffrank": 72,
    "Tcorroefgp": 0.5709437644512251,
    "Tcorroefgprank": 34,
    "Tcorroftr": 0.22636195323025596,
    "Tcorroftrrank": 331,
    "Tcorroorbp": 0.22699241585210023,
    "Tcorroorbprank": 275,
    "Tcorrotovr": 0.15963724255545342,
    "Tcorrotovrrank": 164,
    "Teff": 110.74388318863457,
    "Tefgp": 0.5681818181818182,
    "Tftr": 0.2159090909090909,
    "Tneteff": 11.815203793887477,
    "Tneteffrank": 76,
    "Torbp": 0.27485380116959063,
    "Tposs": 405.44,
    "Ttovr": 0.14808593404650341,
    "closses": 0,
    "confplace": 1,
    "cwins": 0,
    "dates": [
        [
            11,
            7
        ],
        [
            11,
            11
        ],
        [
            11,
            14
        ],
        [
            11,
            18
        ],
        [
            11,
            20
        ],
        [
            11,
            26
        ]
    ],
    "geff": [
        [
            118.1353767560664,
            96.09120521172639
        ],
        [
            111.7149758454106,
            106.60046728971962
        ],
        [
            94.07858328721638,
            104.16666666666667
        ],
        [
            100.36026762738034,
            88.91752577319588
        ],
        [
            126.90355329949239,
            92.28650137741047
        ],
        [
            118.07304785894208,
            93.23640960809102
        ]
    ],
    "losses": 1,
    "nOT": [
        0,
        0,
        0,
        1,
        0,
        0
    ],
    "pace": 66.63601498595733,
    "poss": [
        [
            62.64,
            61.4
        ],
        [
            66.24000000000001,
            68.48
        ],
        [
            72.28,
            72.0
        ],
        [
            77.72,
            77.6
        ],
        [
            63.04,
            72.6
        ],
        [
            63.519999999999996,
            63.28
        ]
    ],
    "preseason_pace": 67.10765925712434,
    "preseason_pred": -4.904925787821327,
    "preseason_predd": 96.9427145762817,
    "preseason_predo": 92.03778878846038,
    "schedule": [
        "william-mary",
        "princeton",
        "coppin-state",
        "california-san-diego",
        "youngstown-state",
        "mount-st-marys"
    ],
    "scores": [
        [
            74,
            59
        ],
        [
            74,
            73
        ],
        [
            68,
            75
        ],
        [
            78,
            69
        ],
        [
            80,
            67
        ],
        [
            75,
            59
        ]
    ],
    "wins": 5
}