{
    "CompRank": 210,
    "CompositeDef": 104.83183248517004,
    "CompositeOff": 101.34127886845542,
    "CompositePace": 66.64259375398623,
    "CompositeRating": -3.4905536167146165,
    "HA": [
        "A",
        "H",
        "A",
        "H",
        "H",
        "H",
        "A",
        "A",
        "A",
        "A",
        "A",
        "A",
        "H",
        "A",
        "H",
        "H",
        "A",
        "H"
    ],
    "OAst": 223.0,
    "OAvgCompRat": -3.0599646916187906,
    "OBlk": 96.0,
    "ODR": 388.0,
    "OFGA": 1006.0,
    "OFGA3": 400.0,
    "OFGM": 461.0,
    "OFGM3": 145.0,
    "OFTA": 291.0,
    "OFTM": 195.0,
    "OOR": 150.0,
    "OPF": 202.0,
    "OScore": 1262.0,
    "OStl": 103.0,
    "OTO": 233.0,
    "Oastr": 0.14024804407436292,
    "Ocomprank": 303,
    "Ocorrdastr": 0.13526339173513122,
    "Ocorrdeff": 102.90208124609549,
    "Ocorrdeffrank": 291,
    "Ocorrdefgp": 0.5131405453347719,
    "Ocorrdftr": 0.3155231892995072,
    "Ocorrdorbp": 0.2849115304284849,
    "Ocorrdtovr": 0.15920772282443368,
    "Ocorroastr": 0.130648214939552,
    "Ocorroeff": 99.37080267951917,
    "Ocorroeffrank": 286,
    "Ocorroefgp": 0.5000515847353535,
    "Ocorroftr": 0.29574713032999533,
    "Ocorroorbp": 0.24757400104787283,
    "Ocorrotovr": 0.17582232840151996,
    "Oeff": 103.69420890028266,
    "Oefgp": 0.5303180914512923,
    "Oftr": 0.28926441351888665,
    "Oneteff": -3.5312785665763187,
    "Oneteffrank": 297,
    "Oorbp": 0.26833631484794274,
    "Oposs": 1217.04,
    "Otovr": 0.17044124531835206,
    "SoR": 0.0,
    "SoRrank": 199,
    "TAst": 233.0,
    "TBlk": 75.0,
    "TDR": 409.0,
    "TFGA": 1029.0,
    "TFGA3": 406.0,
    "TFGM": 467.0,
    "TFGM3": 160.0,
    "TFTA": 227.0,
    "TFTM": 155.0,
    "TOR": 158.0,
    "TPF": 227.0,
    "TScore": 1249.0,
    "TStl": 89.0,
    "TTO": 231.0,
    "Tastr": 0.14627592787906182,
    "Tcorrdastr": 0.14614600579527137,
    "Tcorrdastrrank": 258,
    "Tcorrdeff": 105.47062745754965,
    "Tcorrdeffrank": 259,
    "Tcorrdefgp": 0.5320460219424602,
    "Tcorrdefgprank": 287,
    "Tcorrdftr": 0.30939695840578163,
    "Tcorrdftrrank": 174,
    "Tcorrdorbp": 0.292524731081765,
    "Tcorrdorbprank": 264,
    "Tcorrdtovr": 0.16002523945737746,
    "Tcorrdtovrrank": 193,
    "Tcorroastr": 0.14710271579669099,
    "Tcorroastrrank": 93,
    "Tcorroeff": 102.09459790327283,
    "Tcorroeffrank": 161,
    "Tcorroefgp": 0.51981978115708,
    "Tcorroefgprank": 110,
    "Tcorroftr": 0.22187115053369494,
    "Tcorroftrrank": 355,
    "Tcorroorbp": 0.2751680649459077,
    "Tcorroorbprank": 168,
    "Tcorrotovr": 0.1760321282614442,
    "Tcorrotovrrank": 265,
    "Teff": 103.92052451159849,
    "Tefgp": 0.531584062196307,
    "Tftr": 0.2206025267249757,
    "Tneteff": -3.376029554276826,
    "Tneteffrank": 210,
    "Torbp": 0.2893772893772894,
    "Tposs": 1201.88,
    "Ttovr": 0.1698679295231932,
    "closses": 5,
    "confplace": 7,
    "cwins": 2,
    "dates": [
        [
            11,
            7
        ],
        [
            11,
            11
        ],
        [
            11,
            14
        ],
        [
            11,
            18
        ],
        [
            11,
            20
        ],
        [
            11,
            26
        ],
        [
            11,
            30
        ],
        [
            12,
            3
        ],
        [
            12,
            7
        ],
        [
            12,
            11
        ],
        [
            12,
            21
        ],
        [
            12,
            30
        ],
        [
            1,
            2
        ],
        [
            1,
            5
        ],
        [
            1,
            8
        ],
        [
            1,
            11
        ],
        [
            1,
            14
        ],
        [
            1,
            18
        ]
    ],
    "geff": [
        [
            118.1353767560664,
            96.09120521172639
        ],
        [
            111.7149758454106,
            106.60046728971962
        ],
        [
            94.07858328721638,
            104.16666666666667
        ],
        [
            100.36026762738034,
            88.91752577319588
        ],
        [
            126.90355329949239,
            92.28650137741047
        ],
        [
            118.07304785894208,
            93.23640960809102
        ],
        [
            113.90532544378699,
            118.84057971014492
        ],
        [
            108.76132930513594,
            122.77470841006753
        ],
        [
            100.75566750629723,
            134.83502538071065
        ],
        [
            102.1288837744534,
            97.7891156462585
        ],
        [
            83.01404853128992,
            115.33665835411472
        ],
        [
            111.74016686531584,
            79.27829414980864
        ],
        [
            90.83044982698962,
            114.12708204811844
        ],
        [
            109.5438175270108,
            125.86805555555554
        ],
        [
            100.71743929359823,
            98.13789632611977
        ],
        [
            71.7154331612163,
            90.76923076923077
        ],
        [
            116.56228253305497,
            118.55670103092783
        ],
        [
            98.19201995012469,
            75.05003335557038
        ]
    ],
    "losses": 10,
    "nOT": [
        0,
        0,
        0,
        1,
        0,
        0,
        0,
        0,
        0,
        1,
        0,
        0,
        0,
        0,
        0,
        0,
        0,
        0
    ],
    "pace": 66.60493662822607,
    "poss": [
        [
            62.64,
            61.4
        ],
        [
            66.24000000000001,
            68.48
        ],
        [
            72.28,
            72.0
        ],
        [
            77.72,
            77.6
        ],
        [
            63.04,
            72.6
        ],
        [
            63.519999999999996,
            63.28
        ],
        [
            67.6,
            69.0
        ],
        [
            66.2,
            65.16
        ],
        [
            63.52,
            63.040000000000006
        ],
        [
            69.52,
            70.56
        ],
        [
            62.64,
            64.16
        ],
        [
            67.12,
            73.16
        ],
        [
            69.36,
            64.84
        ],
        [
            66.64,
            69.12
        ],
        [
            72.48,
            79.48
        ],
        [
            69.72,
            65.0
        ],
        [
            57.480000000000004,
            58.2
        ],
        [
            64.16,
            59.96
        ]
    ],
    "preseason_pace": 67.10765925712434,
    "preseason_pred": -4.904925787821327,
    "preseason_predd": 96.9427145762817,
    "preseason_predo": 92.03778878846038,
    "schedule": [
        "william-mary",
        "princeton",
        "coppin-state",
        "california-san-diego",
        "youngstown-state",
        "mount-st-marys",
        "lipscomb",
        "virginia-military-institute",
        "west-virginia",
        "towson",
        "virginia-commonwealth",
        "boston-university",
        "holy-cross",
        "colgate",
        "lehigh",
        "lafayette",
        "loyola-md",
        "boston-university"
    ],