{
    "CompRank": 205,
    "CompositeDef": 108.91089887812856,
    "CompositeOff": 105.46030744701437,
    "CompositePace": 64.71515587781451,
    "CompositeRating": -3.4505914311141908,
    "HA": [
        "A",
        "A",
        "A",
        "H",
        "A",
        "H",
        "A",
        "N",
        "A",
        "H",
        "N",
        "A",
        "A",
        "H",
        "H",
        "A",
        "A",
        "H",
        "A",
        "H",
        "A",
        "H",
        "H",
        "H",
        "A",
        "H",
        "A",
        "H",
        "A",
        "A",
        "N",
        "N"
    ],
    "OAst": 505.0,
    "OAvgCompRat": -1.0485617113378733,
    "OBlk": 101.0,
    "ODR": 708.0,
    "OFGA": 1869.0,
    "OFGA3": 768.0,
    "OFGM": 824.0,
    "OFGM3": 275.0,
    "OFTA": 520.0,
    "OFTM": 382.0,
    "OOR": 325.0,
    "OPF": 502.0,
    "OScore": 2305.0,
    "OStl": 198.0,
    "OTO": 334.0,
    "Oastr": 0.17195587033505855,
    "Ocomprank": 165,
    "Ocorrdastr": 0.15222248941805186,
    "Ocorrdeff": 107.22669578326827,
    "Ocorrdeffrank": 176,
    "Ocorrdefgp": 0.5210758180370785,
    "Ocorrdftr": 0.33000893162938816,
    "Ocorrdorbp": 0.2855541117323257,
    "Ocorrdtovr": 0.14889630115155666,
    "Ocorroastr": 0.14429195479620913,
    "Ocorroeff": 106.98654612062504,
    "Ocorroeffrank": 136,
    "Ocorroefgp": 0.5058131052202652,
    "Ocorroftr": 0.34231299663556225,
    "Ocorroorbp": 0.28991489018561584,
    "Ocorrotovr": 0.14693844115418508,
    "Oeff": 109.40763242832732,
    "Oefgp": 0.514446227929374,
    "Oftr": 0.2782236490101659,
    "Oneteff": -0.24014966264323334,
    "Oneteffrank": 149,
    "Oorbp": 0.311601150527325,
    "Oposs": 2106.8,
    "Otovr": 0.13734682128464512,
    "SoR": 0.0,
    "SoRrank": 117,
    "TAst": 408.0,
    "TBlk": 94.0,
    "TDR": 718.0,
    "TFGA": 1847.0,
    "TFGA3": 781.0,
    "TFGM": 805.0,
    "TFGM3": 238.0,
    "TFTA": 575.0,
    "TFTM": 403.0,
    "TOR": 345.0,
    "TPF": 447.0,
    "TScore": 2251.0,
    "TStl": 208.0,
    "TTO": 365.0,
    "Tastr": 0.14201183431952663,
    "Tcorrdastr": 0.17463545336372163,
    "Tcorrdastrrank": 342,
    "Tcorrdeff": 108.91089887812856,
    "Tcorrdeffrank": 220,
    "Tcorrdefgp": 0.5187245863996404,
    "Tcorrdefgprank": 200,
    "Tcorrdftr": 0.26982183466295623,
    "Tcorrdftrrank": 50,
    "Tcorrdorbp": 0.3093580175347065,
    "Tcorrdorbprank": 268,
    "Tcorrdtovr": 0.13883367812634276,
    "Tcorrdtovrrank": 241,
    "Tcorroastr": 0.13672682728769228,
    "Tcorroastrrank": 229,
    "Tcorroeff": 105.46030744701437,
    "Tcorroeffrank": 190,
    "Tcorroefgp": 0.48976620767677986,
    "Tcorroefgprank": 242,
    "Tcorroftr": 0.31402309856986527,
    "Tcorroftrrank": 217,
    "Tcorroorbp": 0.3310273505807088,
    "Tcorroorbprank": 62,
    "Tcorrotovr": 0.14771459059910158,
    "Tcorrotovrrank": 182,
    "Teff": 106.17924528301887,
    "Tefgp": 0.5002707092582567,
    "Tftr": 0.31131564699512726,
    "Tneteff": -3.4505914311141908,
    "Tneteffrank": 204,
    "Torbp": 0.32763532763532766,
    "Tposs": 2120.0,
    "Ttovr": 0.14807302231237324,
    "closses": 9,
    "confplace": 6,
    "cwins": 11,
    "dates": [
        [
            11,
            6
        ],
        [
            11,
            13
        ],
        [
            11,
            16
        ],
        [
            11,
            21
        ],
        [
            11,
            30
        ],
        [
            12,
            5
        ],
        [
            12,
            7
        ],
        [
            12,
            17
        ],
        [
            12,
            19
        ],
        [
            12,
            22
        ],
        [
            12,
            23
        ],
        [
            12,
            25
        ],
        [
            12,
            30
        ],
        [
            1,
            2
        ],
        [
            1,
            4
        ],
        [
            1,
            9
        ],
        [
            1,
            11
        ],
        [
            1,
            15
        ],
        [
            1,
            18
        ],
        [
            1,
            22
        ],
        [
            1,
            25
        ],
        [
            1,
            30
        ],
        [
            2,
            1
        ],
        [
            2,
            6
        ],
        [
            2,
            12
        ],
        [
            2,
            16
        ],
        [
            2,
            21
        ],
        [
            2,
            23
        ],
        [
            2,
            27
        ],
        [
            3,
            1
        ],
        [
            3,
            4
        ],
        [
            3,
            6
        ]
    ],
    "geff": [
        [
            61.46369353916524,
            135.5985037406484
        ],
        [
            80.78994614003591,
            96.3785046728972
        ],
        [
            91.52215799614643,
            124.12476129853596
        ],
        [
            100.50251256281408,
            107.86802030456852
        ],
        [
            134.06940063091483,
            80.64516129032258
        ],
        [
            109.34393638170974,
            104.57516339869281
        ],
        [
            81.32726089785295,
            111.56186612576066
        ],
        [
            91.36735979836169,
            123.95363811976819
        ],
        [
            113.15630657815329,
            137.23150357995226
        ],
        [
            111.80124223602483,
            113.4185303514377
        ],
        [
            104.87528344671202,
            115.34025374855825
        ],
        [
            98.53603603603602,
            106.16637579988364
        ],
        [
            86.20689655172414,
            127.49445676274945
        ],
        [
            107.33157199471599,
            80.2226588081205
        ],
        [
            109.70333745364648,
            126.5214606021781
        ],
        [
            97.85353535353535,
            107.9136690647482
        ],
        [
            120.82444918265814,
            94.17199715707179
        ],
        [
            109.95723885155772,
            92.12991880074954
        ],
        [
            108.47797062750334,
            94.24920127795527
        ],
        [
            124.42698100851342,
            116.80726800778714
        ],
        [
            112.84170375079465,
            116.68797953964194
        ],
        [
            117.81011781011782,
            91.46341463414635
        ],
        [
            110.61946902654867,
            118.64406779661017
        ],
        [
            96.40102827763496,
            111.28775834658187
        ],
        [
            134.33813892529488,
            106.48442466624284
        ],
        [
            122.56193990511335,
            104.11440040140492
        ],
        [
            93.4844192634561,
            115.27377521613832
        ],
        [
            114.14952333166082,
            110.65362840967576
        ],
        [
            91.7686318131257,
            106.73481659651233
        ],
        [
            123.15968289920724,
            117.91128579449749
        ],
        [
            135.36379018612521,
            103.62694300518135
        ],
        [
            109.15706488781078,
            95.12485136741974
        ]
    ],
    "losses": 17,
    "nOT": [
        0,
        0,
        0,
        0,
        0,
        0,
        0,
        0,
        0,
        0,
        1,
        0,
        0,
        0,
        0,
        0,
        0,
        0,
        0,
        0,
        0,
        0,
        0,
        0,
        0,
        1,
        0,
        1,
        0,
        1,
        0,
        0
    ],
    "pace": 64.71515587781451,