{
    "CompRank": 304,
    "CompositeDef": 106.92795290645363,
    "CompositeOff": 94.71510875127505,
    "CompositePace": 69.99266067116673,
    "CompositeRating": -12.21284415517857,
    "HA": [
        "A",
        "H",
        "A",
        "A",
        "N",
        "N",
        "A",
        "H",
        "A",
        "H",
        "A",
        "H",
        "H",
        "A",
        "A"
    ],
    "OAst": 221.0,
    "OAvgCompRat": -0.1254075579925051,
    "OBlk": 57.0,
    "ODR": 389.0,
    "OFGA": 883.0,
    "OFGA3": 373.0,
    "OFGM": 392.0,
    "OFGM3": 126.0,
    "OFTA": 319.0,
    "OFTM": 234.0,
    "OOR": 158.0,
    "OPF": 246.0,
    "OScore": 1144.0,
    "OStl": 102.0,
    "OTO": 180.0,
    "Oastr": 0.1551574040270718,
    "Ocomprank": 186,
    "Ocorrdastr": 0.14785435827738225,
    "Ocorrdeff": 103.69517788664923,
    "Ocorrdeffrank": 317,
    "Ocorrdefgp": 0.5228407081501442,
    "Ocorrdftr": 0.3015274957155329,
    "Ocorrdorbp": 0.2768379132182334,
    "Ocorrdtovr": 0.16066006833335505,
    "Ocorroastr": 0.1375691658838181,
    "Ocorroeff": 103.67439351095415,
    "Ocorroeffrank": 54,
    "Ocorroefgp": 0.5130035634322019,
    "Ocorroftr": 0.3403007318829713,
    "Ocorroorbp": 0.26854661590856443,
    "Ocorrotovr": 0.17061317254473393,
    "Oeff": 109.43598377592407,
    "Oefgp": 0.5152887882219706,
    "Oftr": 0.36126840317100795,
    "Oneteff": -0.02078437569508651,
    "Oneteffrank": 193,
    "Oorbp": 0.3172690763052209,
    "Oposs": 1045.3600000000001,
    "Otovr": 0.14958117271639407,
    "SoR": 0.0,
    "SoRrank": 213,
    "TAst": 176.0,
    "TBlk": 33.0,
    "TDR": 340.0,
    "TFGA": 857.0,
    "TFGA3": 334.0,
    "TFGM": 361.0,
    "TFGM3": 105.0,
    "TFTA": 242.0,
    "TFTM": 183.0,
    "TOR": 89.0,
    "TPF": 270.0,
    "TScore": 1010.0,
    "TStl": 81.0,
    "TTO": 177.0,
    "Tastr": 0.13368983957219252,
    "Tcorrdastr": 0.1587097522352774,
    "Tcorrdastrrank": 298,
    "Tcorrdeff": 106.68173004720062,
    "Tcorrdeffrank": 276,
    "Tcorrdefgp": 0.5025415618613718,
    "Tcorrdefgprank": 182,
    "Tcorrdftr": 0.33407074931801095,
    "Tcorrdftrrank": 241,
    "Tcorrdorbp": 0.31748544207038615,
    "Tcorrdorbprank": 313,
    "Tcorrdtovr": 0.1420898773202197,
    "Tcorrdtovrrank": 295,
    "Tcorroastr": 0.12714253511218432,
    "Tcorroastrrank": 269,
    "Tcorroeff": 93.62939416563839,
    "Tcorroeffrank": 306,
    "Tcorroefgp": 0.46174018317222126,
    "Tcorroefgprank": 308,
    "Tcorroftr": 0.295636245448114,
    "Tcorroftrrank": 222,
    "Tcorroorbp": 0.18146657429148902,
    "Tcorroorbprank": 353,
    "Tcorrotovr": 0.15644477177703356,
    "Tcorrotovrrank": 147,
    "Teff": 96.05508426218283,
    "Tefgp": 0.4824970828471412,
    "Tftr": 0.2823803967327888,
    "Tneteff": -13.052335881562229,
    "Tneteffrank": 308,
    "Torbp": 0.18619246861924685,
    "Tposs": 1051.48,
    "Ttovr": 0.15519781144781145,
    "closses": 3,
    "confplace": 8,
    "cwins": 1,
    "dates": [
        [
            11,
            7
        ],
        [
            11,
            10
        ],
        [
            11,
            19
        ],
        [
            11,
            23
        ],
        [
            11,
            24
        ],
        [
            11,
            25
        ],
        [
            11,
            30
        ],
        [
            12,
            3
        ],
        [
            12,
            13
        ],
        [
            12,
            17
        ],
        [
            12,
            20
        ],
        [
            12,
            29
        ],
        [
            12,
            31
        ],
        [
            1,
            4
        ],
        [
            1,
            7
        ]
    ],
    "geff": [
        [
            101.05448154657293,
            117.78563015312132
        ],
        [
            109.64912280701753,
            89.78328173374614
        ],
        [
            61.80105944673336,
            132.0474777448071
        ],
        [
            93.3609958506224,
            82.27848101265823
        ],
        [
            102.18767990788716,
            104.75651189127973
        ],
        [
            111.6475558237779,
            81.33824432166973
        ],
        [
            117.3563928350834,
            106.1046511627907
        ],
        [
            79.03494176372712,
            113.37543053960964
        ],
        [
            85.6777493606138,
            130.0728407908429
        ],
        [
            108.69565217391303,
            116.96818465377416
        ],
        [
            96.60574412532638,
            109.51865873445104
        ],
        [
            113.97720455908816,
            103.9755351681957
        ],
        [
            92.59259259259258,
            112.00716845878135
        ],
        [
            95.74468085106382,
            133.6824696802646
        ],
        [
            78.59900717043574,
            106.53016048699502
        ]
    ],
    "losses": 10,
    "nOT": [
        0,
        0,
        0,
        0,
        0,
        0,
        0,
        0,
        0,
        0,
        0,
        0,
        0,
        0,
        0
    ],
    "pace": 69.7924382115321,
    "poss": [
        [
            68.28,
            67.92
        ],
        [
            63.84,
            64.6
        ],
        [
            67.96000000000001,
            67.4
        ],
        [
            77.12,
            79.0
        ],
        [
            69.48,
            70.64
        ],
        [
            66.28,
            65.16
        ],
        [
            64.75999999999999,
            68.8
        ],
        [
            72.12,
            69.68
        ],
        [
            78.2,
            76.88
        ],
        [
            64.4,
            64.12
        ],
        [
            76.6,
            73.96000000000001
        ],
        [
            66.68,
            65.4
        ],
        [
            68.04,
            66.96000000000001
        ],
        [
            75.2,
            72.56
        ],
        [
            72.52,
            72.28
        ]
    ],
    "preseason_pace": 71.24655382462869,
    "preseason_pred": -6.955527218700896,
    "preseason_predd": 108.46992356252565,
    "preseason_predo": 101.51439634382474,
    "schedule": [
        "clemson",
        "presbyterian",
        "butler",
        "new-orleans",
        "denver",
        "iupui",
        "charleston-southern",
        "college-of-charleston",
        "north-carolina",
        "longwood",
        "north-carolina-central",
        "chattanooga",
        "samford",
        "furman",
        "wofford"
    ],
    "scores": [
        [
            69,
            80
        ],
        [
            70,
            58
        ],
        [
            42,
            89
        ],
        [
            72,
            65
        ],
        [
            71,
            74
        ],
        [
            74,
            53
        ],
        [
            76,
            73
        ],
        [
            57,
            79
        ],
        [
            67,
            100
        ],
        [
            70,
            75
        ],
        [
            74,
            81
        ],
        [
            76,
            68
        ],
        [
            63,
            75
        ],
        [
            72,
            97
        ],
        [
            57,
            77
        ]
    ],
    "wins": 5
}