{
    "CompRank": 355,
    "CompositeDef": 116.43777905970909,
    "CompositeOff": 92.46073525799446,
    "CompositePace": 65.84742698107581,
    "CompositeRating": -23.977043801714633,
    "HA": [
        "A",
        "H",
        "H",
        "H",
        "H",
        "A",
        "A",
        "A",
        "H",
        "H",
        "A",
        "A",
        "H",
        "A"
    ],
    "OAst": 205.0,
    "OAvgCompRat": -2.520193973604859,
    "OBlk": 44.0,
    "ODR": 342.0,
    "OFGA": 798.0,
    "OFGA3": 336.0,
    "OFGM": 366.0,
    "OFGM3": 120.0,
    "OFTA": 289.0,
    "OFTM": 219.0,
    "OOR": 148.0,
    "OPF": 239.0,
    "OScore": 1071.0,
    "OStl": 121.0,
    "OTO": 139.0,
    "Oastr": 0.16152415771061177,
    "Ocomprank": 259,
    "Ocorrdastr": 0.15406346437570648,
    "Ocorrdeff": 108.53043891904863,
    "Ocorrdeffrank": 323,
    "Ocorrdefgp": 0.5230040122746583,
    "Ocorrdftr": 0.3283969463388518,
    "Ocorrdorbp": 0.29957230554847947,
    "Ocorrdtovr": 0.146622841174465,
    "Ocorroastr": 0.14746279416972335,
    "Ocorroeff": 105.29047142530422,
    "Ocorroeffrank": 205,
    "Ocorroefgp": 0.5036725871260821,
    "Ocorroftr": 0.32022503337524266,
    "Ocorroorbp": 0.27448205755505084,
    "Ocorrotovr": 0.14745002870489624,
    "Oeff": 116.90097799511003,
    "Oefgp": 0.5338345864661654,
    "Oftr": 0.36215538847117795,
    "Oneteff": -3.239967493744416,
    "Oneteffrank": 271,
    "Oorbp": 0.33035714285714285,
    "Oposs": 916.16,
    "Otovr": 0.13061945572094424,
    "SoR": 0.0,
    "SoRrank": 155,
    "TAst": 175.0,
    "TBlk": 30.0,
    "TDR": 300.0,
    "TFGA": 761.0,
    "TFGA3": 359.0,
    "TFGM": 317.0,
    "TFGM3": 111.0,
    "TFTA": 236.0,
    "TFTM": 139.0,
    "TOR": 123.0,
    "TPF": 196.0,
    "TScore": 884.0,
    "TStl": 74.0,
    "TTO": 200.0,
    "Tastr": 0.14114724480578136,
    "Tcorrdastr": 0.1595962016994289,
    "Tcorrdastrrank": 285,
    "Tcorrdeff": 117.24445334642856,
    "Tcorrdeffrank": 344,
    "Tcorrdefgp": 0.5378264235496839,
    "Tcorrdefgprank": 285,
    "Tcorrdftr": 0.37932386597827134,
    "Tcorrdftrrank": 278,
    "Tcorrdorbp": 0.3462722085021595,
    "Tcorrdorbprank": 342,
    "Tcorrdtovr": 0.13338425823687386,
    "Tcorrdtovrrank": 291,
    "Tcorroastr": 0.13351157599837138,
    "Tcorroastrrank": 247,
    "Tcorroeff": 91.33661257529822,
    "Tcorroeffrank": 353,
    "Tcorroefgp": 0.47514600966441267,
    "Tcorroefgprank": 282,
    "Tcorroftr": 0.317657996122662,
    "Tcorroftrrank": 219,
    "Tcorroorbp": 0.25466115655674093,
    "Tcorroorbprank": 265,
    "Tcorrotovr": 0.19284202929775443,
    "Tcorrotovrrank": 361,
    "Teff": 93.85882952518475,
    "Tefgp": 0.4894875164257556,
    "Tftr": 0.31011826544021026,
    "Tneteff": -25.90784077113034,
    "Tneteffrank": 356,
    "Torbp": 0.2645161290322581,
    "Tposs": 941.84,
    "Ttovr": 0.1878216445663198,
    "closses": 7,
    "confplace": 10,
    "cwins": 0,
    "dates": [
        [
            11,
            4
        ],
        [
            11,
            11
        ],
        [
            11,
            17
        ],
        [
            11,
            20
        ],
        [
            12,
            12
        ],
        [
            12,
            16
        ],
        [
            12,
            18
        ],
        [
            1,
            1
        ],
        [
            1,
            4
        ],
        [
            1,
            8
        ],
        [
            1,
            11
        ],
        [
            1,
            15
        ],
        [
            1,
            18
        ],
        [
            1,
            22
        ]
    ],
    "geff": [
        [
            86.95652173913044,
            99.53837276399308
        ],
        [
            106.62824207492794,
            77.19714964370546
        ],
        [
            102.1264689423615,
            118.4971098265896
        ],
        [
            89.60047003525264,
            115.08176862507572
        ],
        [
            88.84803921568627,
            134.03990024937656
        ],
        [
            100.0563697857948,
            103.22398190045249
        ],
        [
            82.19602977667493,
            160.9442060085837
        ],
        [
            86.15384615384616,
            132.88009888751546
        ],
        [
            106.05115408608857,
            124.53874538745386
        ],
        [
            83.91049547149707,
            93.31476323119777
        ],
        [
            82.01892744479495,
            118.8858695652174
        ],
        [
            86.89024390243904,
            117.9245283018868
        ],
        [
            104.60251046025104,
            118.07304785894208
        ],
        [
            107.86802030456852,
            129.9342105263158
        ]
    ],
    "losses": 13,
    "nOT": [
        0,
        0,
        0,
        0,
        0,
        0,
        0,
        0,
        0,
        1,
        0,
        0,
        0,
        0
    ],
    "pace": 65.64564351342283,
    "poss": [
        [
            69.0,
            69.32
        ],
        [
            69.4,
            67.36
        ],
        [
            71.48,
            69.2
        ],
        [
            68.08,
            66.03999999999999
        ],
        [
            65.28,
            64.16
        ],
        [
            70.96000000000001,
            70.72
        ],
        [
            64.48,
            65.24
        ],
        [
            65.0,
            64.72
        ],
        [
            64.12,
            65.04
        ],
        [
            75.08,
            71.8
        ],
        [
            63.4,
            58.879999999999995
        ],
        [
            65.6,
            59.36
        ],
        [
            66.92,
            63.519999999999996
        ],
        [
            63.040000000000006,
            60.8
        ]
    ],
    "preseason_pace": 66.93246291139093,
    "preseason_pred": -13.594706188395609,
    "preseason_predd": 112.10010662632038,
    "preseason_predo": 98.50540043792478,
    "schedule": [
        "boston-college",
        "stetson",
        "north-carolina-at",
        "college-of-charleston",
        "campbell",
        "central-arkansas",
        "vanderbilt",
        "samford",
        "chattanooga",
        "furman",
        "east-tennessee-state",
        "north-carolina-greensboro",
        "virginia-military-institute",
        "wofford"
    ],
    "scores": [
        [
            60,
            69
        ],
        [
            74,
            52
        ],
        [
            73,
            82
        ],
        [
            61,
            76
        ],
        [
            58,
            86
        ],
        [
            71,
            73
        ],
        [
            53,
            105
        ],
        [
            56,
            86
        ],
        [
            68,
            81
        ],
        [
            63,
            67
        ],
        [
            52,
            70
        ],
        [
            57,
            70
        ],
        [
            70,
            75
        ],
        [
            68,
            79
        ]
    ],
    "wins": 1
}