{
    "CompRank": 357,
    "CompositeDef": 122.24752610730883,
    "CompositeOff": 96.8506768275043,
    "CompositePace": 66.24276039541587,
    "CompositeRating": -25.396849279804535,
    "HA": [
        "A",
        "H",
        "A",
        "H",
        "H",
        "N",
        "A",
        "A"
    ],
    "OAst": 122.0,
    "OAvgCompRat": -3.3446401646965063,
    "OBlk": 32.0,
    "ODR": 198.0,
    "OFGA": 464.0,
    "OFGA3": 191.0,
    "OFGM": 230.0,
    "OFGM3": 69.0,
    "OFTA": 156.0,
    "OFTM": 104.0,
    "OOR": 81.0,
    "OPF": 119.0,
    "OScore": 633.0,
    "OStl": 45.0,
    "OTO": 61.0,
    "Oastr": 0.1704767760326421,
    "Ocomprank": 277,
    "Ocorrdastr": 0.1461897328670048,
    "Ocorrdeff": 108.20627886563499,
    "Ocorrdeffrank": 232,
    "Ocorrdefgp": 0.5148071704495767,
    "Ocorrdftr": 0.34652372545308474,
    "Ocorrdorbp": 0.29926500354316626,
    "Ocorrdtovr": 0.13462990837969313,
    "Ocorroastr": 0.14823817532921071,
    "Ocorroeff": 104.97774031110083,
    "Ocorroeffrank": 276,
    "Ocorroefgp": 0.5066438997276221,
    "Ocorroftr": 0.3405084815243325,
    "Ocorroorbp": 0.28004200196969115,
    "Ocorrotovr": 0.1531000729730356,
    "Oeff": 123.47846441947566,
    "Oefgp": 0.5700431034482759,
    "Oftr": 0.33620689655172414,
    "Oneteff": -3.228538554534154,
    "Oneteffrank": 271,
    "Oorbp": 0.32793522267206476,
    "Oposs": 512.64,
    "Otovr": 0.10275587898389596,
    "SoR": 0.0,
    "SoRrank": 208,
    "TAst": 81.0,
    "TBlk": 16.0,
    "TDR": 166.0,
    "TFGA": 446.0,
    "TFGA3": 184.0,
    "TFGM": 183.0,
    "TFGM3": 50.0,
    "TFTA": 145.0,
    "TFTM": 91.0,
    "TOR": 75.0,
    "TPF": 98.0,
    "TScore": 507.0,
    "TStl": 32.0,
    "TTO": 80.0,
    "Tastr": 0.12075134168157425,
    "Tcorrdastr": 0.16850054927317257,
    "Tcorrdastrrank": 315,
    "Tcorrdeff": 126.15489462522645,
    "Tcorrdeffrank": 364,
    "Tcorrdefgp": 0.574486756205911,
    "Tcorrdefgprank": 337,
    "Tcorrdftr": 0.3551232796450802,
    "Tcorrdftrrank": 179,
    "Tcorrdorbp": 0.35299352214826596,
    "Tcorrdorbprank": 314,
    "Tcorrdtovr": 0.10132409778709028,
    "Tcorrdtovrrank": 362,
    "Tcorroastr": 0.12115920536063811,
    "Tcorroastrrank": 317,
    "Tcorroeff": 97.68882663750027,
    "Tcorroeffrank": 309,
    "Tcorroefgp": 0.4630336418796359,
    "Tcorroefgprank": 304,
    "Tcorroftr": 0.3384560828821076,
    "Tcorroftrrank": 229,
    "Tcorroorbp": 0.27739478728323197,
    "Tcorroorbprank": 238,
    "Tcorrotovr": 0.1519267480643149,
    "Tcorrotovrrank": 199,
    "Teff": 98.4848484848485,
    "Tefgp": 0.4663677130044843,
    "Tftr": 0.3251121076233184,
    "Tneteff": -28.466067987726177,
    "Tneteffrank": 356,
    "Torbp": 0.27472527472527475,
    "Tposs": 514.8,
    "Ttovr": 0.1356391997287216,
    "closses": 0,
    "confplace": 1,
    "cwins": 0,
    "dates": [
        [
            11,
            6
        ],
        [
            11,
            10
        ],
        [
            11,
            14
        ],
        [
            11,
            24
        ],
        [
            11,
            26
        ],
        [
            11,
            30
        ],
        [
            12,
            4
        ],
        [
            12,
            13
        ]
    ],
    "geff": [
        [
            73.66771159874608,
            114.59589867310014
        ],
        [
            115.90296495956873,
            132.89036544850498
        ],
        [
            120.67156348373558,
            135.3546291283162
        ],
        [
            96.60226515656228,
            118.56368563685638
        ],
        [
            112.3789764868603,
            122.6158038147139
        ],
        [
            76.3216679076694,
            127.87249814677538
        ],
        [
            98.19201995012469,
            126.92802056555271
        ],
        [
            84.87654320987654,
            107.18599033816426
        ]
    ],
    "losses": 8,
    "nOT": [
        0,
        0,
        0,
        0,
        0,
        0,
        0,
        0
    ],
    "pace": 66.23154746493393,
    "poss": [
        [
            63.8,
            66.32
        ],
        [
            74.2,
            72.24
        ],
        [
            76.24,
            73.88
        ],
        [
            60.040000000000006,
            59.04
        ],
        [
            57.84,
            58.72
        ],
        [
            53.72,
            53.96
        ],
        [
            64.16,
            62.239999999999995
        ],
        [
            64.8,
            66.24
        ]
    ],
    "preseason_pace": 66.26244839406732,
    "preseason_pred": -20.007823290586842,
    "preseason_predd": 115.38685161768669,
    "preseason_predo": 95.37902832709985,
    "schedule": [
        "boston-college",
        "charleston-southern",
        "west-georgia",
        "bellarmine",
        "houston-baptist",
        "presbyterian",
        "davidson",
        "south-carolina"
    ],
    "scores": [
        [
            47,
            76
        ],
        [
            86,
            96
        ],
        [
            92,
            100
        ],
        [
            58,
            70
        ],
        [
            65,
            72
        ],
        [
            41,
            69
        ],
        [
            63,
            79
        ],
        [
            55,
            71
        ]
    ],
    "wins": 0
}