{
    "CompRank": 174,
    "CompositeDef": 101.77544402234157,
    "CompositeOff": 101.57394560425315,
    "CompositePace": 68.67036407085122,
    "CompositeRating": -0.20149841808841984,
    "HA": [
        "H",
        "A",
        "H",
        "H",
        "N",
        "N",
        "H",
        "H",
        "H",
        "A",
        "N",
        "H",
        "H",
        "H",
        "A",
        "H",
        "A",
        "A",
        "H",
        "A",
        "H",
        "A",
        "A",
        "H",
        "H",
        "H",
        "A",
        "A",
        "H",
        "H",
        "A",
        "N"
    ],
    "OAst": 469.0,
    "OAvgCompRat": 2.9144710486846646,
    "OBlk": 116.0,
    "ODR": 751.0,
    "OFGA": 1912.0,
    "OFGA3": 702.0,
    "OFGM": 841.0,
    "OFGM3": 224.0,
    "OFTA": 553.0,
    "OFTM": 383.0,
    "OOR": 305.0,
    "OPF": 588.0,
    "OScore": 2289.0,
    "OStl": 214.0,
    "OTO": 349.0,
    "Oastr": 0.15773613334588943,
    "Ocomprank": 110,
    "Ocorrdastr": 0.13675300644936653,
    "Ocorrdeff": 101.12922251120425,
    "Ocorrdeffrank": 103,
    "Ocorrdefgp": 0.48691600546269487,
    "Ocorrdftr": 0.3071312545456407,
    "Ocorrdorbp": 0.25594719372448554,
    "Ocorrdtovr": 0.15465092041135126,
    "Ocorroastr": 0.1486262024664805,
    "Ocorroeff": 105.47343122294181,
    "Ocorroeffrank": 101,
    "Ocorroefgp": 0.5118751989210281,
    "Ocorroftr": 0.33208700731314134,
    "Ocorroorbp": 0.30256557056454947,
    "Ocorrotovr": 0.1471959793715627,
    "Oeff": 104.07762399287051,
    "Oefgp": 0.49843096234309625,
    "Oftr": 0.28922594142259417,
    "Oneteff": 4.344208711737565,
    "Oneteffrank": 100,
    "Oorbp": 0.2913085004775549,
    "Oposs": 2199.32,
    "Otovr": 0.1393591873243036,
    "SoR": 0.0,
    "SoRrank": 135,
    "TAst": 358.0,
    "TBlk": 84.0,
    "TDR": 742.0,
    "TFGA": 1773.0,
    "TFGA3": 678.0,
    "TFGM": 728.0,
    "TFGM3": 215.0,
    "TFTA": 718.0,
    "TFTM": 522.0,
    "TOR": 288.0,
    "TPF": 513.0,
    "TScore": 2193.0,
    "TStl": 202.0,
    "TTO": 401.0,
    "Tastr": 0.12570577825219809,
    "Tcorrdastr": 0.15182140001694427,
    "Tcorrdastrrank": 253,
    "Tcorrdeff": 101.77544402234157,
    "Tcorrdeffrank": 143,
    "Tcorrdefgp": 0.4918887522716808,
    "Tcorrdefgprank": 122,
    "Tcorrdftr": 0.27686485638646896,
    "Tcorrdftrrank": 86,
    "Tcorrdorbp": 0.2595808186324123,
    "Tcorrdorbprank": 141,
    "Tcorrdtovr": 0.1474860025802808,
    "Tcorrdtovrrank": 223,
    "Tcorroastr": 0.13138912800180094,
    "Tcorroastrrank": 252,
    "Tcorroeff": 101.57394560425315,
    "Tcorroeffrank": 198,
    "Tcorroefgp": 0.4889500500301331,
    "Tcorroefgprank": 246,
    "Tcorroftr": 0.4203460416569965,
    "Tcorroftrrank": 16,
    "Tcorroorbp": 0.29266719607639213,
    "Tcorroorbprank": 106,
    "Tcorrotovr": 0.16218336593816046,
    "Tcorrotovrrank": 247,
    "Teff": 99.59489899723877,
    "Tefgp": 0.4712351945854484,
    "Tftr": 0.40496333897349124,
    "Tneteff": -0.20149841808841984,
    "Tneteffrank": 174,
    "Torbp": 0.27718960538979787,
    "Tposs": 2201.92,
    "Ttovr": 0.1610493509831641,
    "closses": 12,
    "confplace": 11,
    "cwins": 6,
    "dates": [
        [
            11,
            7
        ],
        [
            11,
            11
        ],
        [
            11,
            14
        ],
        [
            11,
            18
        ],
        [
            11,
            21
        ],
        [
            11,
            22
        ],
        [
            11,
            27
        ],
        [
            11,
            30
        ],
        [
            12,
            2
        ],
        [
            12,
            6
        ],
        [
            12,
            18
        ],
        [
            12,
            21
        ],
        [
            12,
            28
        ],
        [
            1,
            4
        ],
        [
            1,
            7
        ],
        [
            1,
            11
        ],
        [
            1,
            14
        ],
        [
            1,
            17
        ],
        [
            1,
            21
        ],
        [
            1,
            25
        ],
        [
            1,
            28
        ],
        [
            2,
            1
        ],
        [
            2,
            4
        ],
        [
            2,
            7
        ],
        [
            2,
            11
        ],
        [
            2,
            14
        ],
        [
            2,
            18
        ],
        [
            2,
            21
        ],
        [
            2,
            25
        ],
        [
            2,
            28
        ],
        [
            3,
            4
        ],
        [
            3,
            8
        ]
    ],
    "geff": [
        [
            93.66391184573004,
            76.55902004454343
        ],
        [
            92.9806181246726,
            108.81246641590543
        ],
        [
            109.68660968660969,
            98.20426487093154
        ],
        [
            97.83263094521374,
            90.34360189573458
        ],
        [
            93.53741496598639,
            75.67104511707595
        ],
        [
            98.59535386277688,
            123.79055207740467
        ],
        [
            95.26736324523664,
            72.98136645962732
        ],
        [
            110.20531400966182,
            82.16676810712111
        ],
        [
            113.25782811459027,
            68.82106523040095
        ],
        [
            109.93717875499713,
            115.56465769455822
        ],
        [
            112.11415259172975,
            91.66173861620342
        ],
        [
            105.88235294117646,
            102.20125786163521
        ],
        [
            113.5701805474665,
            101.01010101010101
        ],
        [
            110.01737116386798,
            91.37635636778982
        ],
        [
            100.106780565937,
            114.71740346950195
        ],
        [
            85.74807806031934,
            74.98500299940011
        ],
        [
            96.63341645885288,
            85.90047393364928
        ],
        [
            100.62358276643991,
            119.3820224719101
        ],
        [
            114.9747616376893,
            120.12436404748445
        ],
        [
            59.18013856812933,
            100.92272202998846
        ],
        [
            108.34670947030497,
            105.1779935275081
        ],
        [
            115.21464646464646,
            144.08338442673207
        ],
        [
            87.85450061652281,
            127.17121588089329
        ],
        [
            105.89582140812823,
            113.2404181184669
        ],
        [
            115.81222977146386,
            103.46926354230067
        ],
        [
            88.50762527233115,
            84.72296933835395
        ],
        [
            86.51026392961876,
            150.66964285714283
        ],
        [
            94.36701509872242,
            139.20780711825486
        ],
        [
            98.7460815047022,
            130.84975369458127
        ],
        [
            87.28504429390307,
            108.75706214689266
        ],
        [
            83.68837492391967,
            94.36881188118812
        ],
        [
            105.412208936438,
            111.73184357541899
        ]
    ],
    "losses": 16,
    "nOT": [
        0,
        0,
        0,
        0,
        0,
        0,
        0,
        0,
        0,
        0,
        0,
        0,
        0,
        0,
        0,
        0,
        0,
        0,
        0,
        0,
        1,
        0,
        0,
        0,
        0,
        0,
        0,
        0,
        0,
        0,
        0,
        0
    ],
    "pace": 68.67036407085122,