{
    "CompRank": 5,
    "CompositeDef": 88.12001440785455,
    "CompositeOff": 120.72834984584063,
    "CompositePace": 71.99757408949843,
    "CompositeRating": 32.608335437986064,
    "HA": [
        "H",
        "N",
        "A",
        "H",
        "N",
        "N"
    ],
    "OAst": 58.0,
    "OAvgCompRat": 9.457622882779043,
    "OBlk": 20.0,
    "ODR": 117.0,
    "OFGA": 403.0,
    "OFGA3": 168.0,
    "OFGM": 139.0,
    "OFGM3": 55.0,
    "OFTA": 112.0,
    "OFTM": 79.0,
    "OOR": 65.0,
    "OPF": 97.0,
    "OScore": 412.0,
    "OStl": 42.0,
    "OTO": 72.0,
    "Oastr": 0.09960843580408052,
    "Ocomprank": 20,
    "Ocorrdastr": 0.15114745980738423,
    "Ocorrdeff": 102.8444760151471,
    "Ocorrdeffrank": 82,
    "Ocorrdefgp": 0.4946096765476628,
    "Ocorrdftr": 0.3157114101201356,
    "Ocorrdorbp": 0.27153957305903215,
    "Ocorrdtovr": 0.1580565371277863,
    "Ocorroastr": 0.1627186061404734,
    "Ocorroeff": 115.49748001435451,
    "Ocorroeffrank": 17,
    "Ocorroefgp": 0.5488187988369013,
    "Ocorroftr": 0.3584444966741785,
    "Ocorroorbp": 0.33103245086983757,
    "Ocorrotovr": 0.13542872922209395,
    "Oeff": 89.70562619752657,
    "Oefgp": 0.413151364764268,
    "Oftr": 0.27791563275434245,
    "Oneteff": 12.653003999207414,
    "Oneteffrank": 29,
    "Oorbp": 0.24528301886792453,
    "Oposs": 459.28,
    "Otovr": 0.1373311970702678,
    "SoR": 92.64234296969126,
    "SoRrank": 4,
    "TAst": 113.0,
    "TBlk": 35.0,
    "TDR": 200.0,
    "TFGA": 388.0,
    "TFGA3": 169.0,
    "TFGM": 196.0,
    "TFGM3": 58.0,
    "TFTA": 140.0,
    "TFTM": 105.0,
    "TOR": 73.0,
    "TPF": 87.0,
    "TScore": 555.0,
    "TStl": 40.0,
    "TTO": 81.0,
    "Tastr": 0.17557489123679304,
    "Tcorrdastr": 0.08896496544449932,
    "Tcorrdastrrank": 4,
    "Tcorrdeff": 82.77925985265959,
    "Tcorrdeffrank": 2,
    "Tcorrdefgp": 0.383763765841751,
    "Tcorrdefgprank": 2,
    "Tcorrdftr": 0.2884999000374193,
    "Tcorrdftrrank": 62,
    "Tcorrdorbp": 0.22012010358115727,
    "Tcorrdorbprank": 26,
    "Tcorrdtovr": 0.15351610311743574,
    "Tcorrdtovrrank": 165,
    "Tcorroastr": 0.16908926382464654,
    "Tcorroastrrank": 69,
    "Tcorroeff": 125.79810611729889,
    "Tcorroeffrank": 15,
    "Tcorroefgp": 0.5983439645560031,
    "Tcorroefgprank": 18,
    "Tcorroftr": 0.42610946016062945,
    "Tcorroftrrank": 93,
    "Tcorroorbp": 0.42121569362954403,
    "Tcorroorbprank": 11,
    "Tcorrotovr": 0.14605252509562278,
    "Tcorrotovrrank": 154,
    "Teff": 121.28496503496503,
    "Tefgp": 0.5798969072164949,
    "Tftr": 0.36082474226804123,
    "Tneteff": 43.01884626463929,
    "Tneteffrank": 3,
    "Torbp": 0.38421052631578945,
    "Tposs": 457.6,
    "Ttovr": 0.15265736901620805,
    "closses": 0,
    "confplace": 1,
    "cwins": 0,
    "dates": [
        [
            11,
            3
        ],
        [
            11,
            11
        ],
        [
            11,
            14
        ],
        [
            11,
            19
        ],
        [
            11,
            24
        ],
        [
            11,
            25
        ]
    ],
    "geff": [
        [
            151.78123432012043,
            103.17460317460318
        ],
        [
            102.0653218059558,
            91.06678230702515
        ],
        [
            97.38372093023256,
            90.51724137931035
        ],
        [
            108.257804632427,
            79.96853696906135
        ],
        [
            124.20718816067652,
            71.01525512887953
        ],
        [
            144.31239388794566,
            103.56731875719218
        ]
    ],
    "losses": 0,
    "nOT": [
        0,
        1,
        0,
        0,
        0,
        0
    ],
    "pace": 74.20895951319173,
    "poss": [
        [
            79.72,
            75.6
        ],
        [
            83.28,
            92.24
        ],
        [
            68.8,
            69.6
        ],
        [
            79.44,
            76.28
        ],
        [
            75.68,
            76.04
        ],
        [
            70.68,
            69.52
        ]
    ],
    "preseason_pace": 69.81348972041863,
    "preseason_pred": 22.326349436353247,
    "preseason_predd": 93.39483372162735,
    "preseason_predo": 115.7211831579806,
    "schedule": [
        "oakland",
        "wake-forest",
        "texas-christian",
        "middle-tennessee",
        "san-diego-state",
        "auburn"
    ],
    "scores": [
        [
            121,
            78
        ],
        [
            85,
            84
        ],
        [
            67,
            63
        ],
        [
            86,
            61
        ],
        [
            94,
            54
        ],
        [
            102,
            72
        ]
    ],
    "wins": 6
}