{
    "CompRank": 34,
    "CompositeDef": 97.9531005130388,
    "CompositeOff": 115.59231197536279,
    "CompositePace": 68.33849833317649,
    "CompositeRating": 17.639211462323978,
    "HA": [
        "H",
        "H",
        "A"
    ],
    "OAst": 32.0,
    "OAvgCompRat": 0.01863999222729748,
    "OBlk": 8.0,
    "ODR": 58.0,
    "OFGA": 198.0,
    "OFGA3": 75.0,
    "OFGM": 73.0,
    "OFGM3": 26.0,
    "OFTA": 55.0,
    "OFTM": 37.0,
    "OOR": 44.0,
    "OPF": 51.0,
    "OScore": 209.0,
    "OStl": 14.0,
    "OTO": 41.0,
    "Oastr": 0.10840108401084012,
    "Ocomprank": 172,
    "Ocorrdastr": 0.12458475887094107,
    "Ocorrdeff": 96.1629694706241,
    "Ocorrdeffrank": 93,
    "Ocorrdefgp": 0.45211236594842646,
    "Ocorrdftr": 0.2998540139383659,
    "Ocorrdorbp": 0.28011667161484227,
    "Ocorrdtovr": 0.14415804334255788,
    "Ocorroastr": 0.12810629827884948,
    "Ocorroeff": 95.1390137991413,
    "Ocorroeffrank": 288,
    "Ocorroefgp": 0.47638048866856186,
    "Ocorroftr": 0.4271604462002485,
    "Ocorroorbp": 0.2613014682459946,
    "Ocorrotovr": 0.18580812530717453,
    "Oeff": 95.34671532846716,
    "Oefgp": 0.43434343434343436,
    "Oftr": 0.2777777777777778,
    "Oneteff": -1.0239556714828097,
    "Oneteffrank": 194,
    "Oorbp": 0.35772357723577236,
    "Oposs": 219.2,
    "Otovr": 0.15577507598784196,
    "SoR": 79.22072003911742,
    "SoRrank": 10,
    "TAst": 53.0,
    "TBlk": 12.0,
    "TDR": 79.0,
    "TFGA": 195.0,
    "TFGA3": 78.0,
    "TFGM": 105.0,
    "TFGM3": 32.0,
    "TFTA": 54.0,
    "TFTM": 38.0,
    "TOR": 30.0,
    "TPF": 53.0,
    "TScore": 280.0,
    "TStl": 13.0,
    "TTO": 31.0,
    "Tastr": 0.1750561500858766,
    "Tcorrdastr": 0.11520439293016216,
    "Tcorrdastrrank": 93,
    "Tcorrdeff": 102.31940842101561,
    "Tcorrdeffrank": 183,
    "Tcorrdefgp": 0.4517048426838926,
    "Tcorrdefgprank": 97,
    "Tcorrdftr": 0.23720005719427914,
    "Tcorrdftrrank": 63,
    "Tcorrdorbp": 0.39504637254857217,
    "Tcorrdorbprank": 324,
    "Tcorrdtovr": 0.13086746519723771,
    "Tcorrdtovrrank": 262,
    "Tcorroastr": 0.19125405051997718,
    "Tcorroastrrank": 18,
    "Tcorroeff": 135.36406602134667,
    "Tcorroeffrank": 4,
    "Tcorroefgp": 0.6785803704358627,
    "Tcorroefgprank": 9,
    "Tcorroftr": 0.33165832314435445,
    "Tcorroftrrank": 206,
    "Tcorroorbp": 0.35248459053707454,
    "Tcorroorbprank": 79,
    "Tcorrotovr": 0.13253295415536953,
    "Tcorrotovrrank": 96,
    "Teff": 127.41172187841282,
    "Tefgp": 0.6205128205128205,
    "Tftr": 0.27692307692307694,
    "Tneteff": 33.044657600331064,
    "Tneteffrank": 16,
    "Torbp": 0.3409090909090909,
    "Tposs": 219.76,
    "Ttovr": 0.1241191543882127,
    "closses": 0,
    "confplace": 1,
    "cwins": 0,
    "dates": [
        [
            11,
            7
        ],
        [
            11,
            10
        ],
        [
            11,
            13
        ]
    ],
    "geff": [
        [
            138.268156424581,
            105.23321956769057
        ],
        [
            119.4184839044652,
            80.1033591731266
        ],
        [
            125.14060742407199,
            102.1264689423615
        ]
    ],
    "losses": 0,
    "nOT": [
        0,
        0,
        0
    ],
    "pace": 69.50131250222648,
    "poss": [
        [
            71.6,
            70.32
        ],
        [
            77.04,
            77.4
        ],
        [
            71.12,
            71.48
        ]
    ],
    "preseason_pace": 68.05138372353451,
    "preseason_pred": 13.835397601087662,
    "preseason_predd": 96.87499979501985,
    "preseason_predo": 110.71039739610751,
    "schedule": [
        "north-carolina-asheville",
        "youngstown-state",
        "st-johns-ny"
    ],
    "scores": [
        [
            99,
            74
        ],
        [
            92,
            62
        ],
        [
            89,
            73
        ]
    ],
    "wins": 3
}