{
    "CompRank": 338,
    "CompositeDef": 113.23731643636367,
    "CompositeOff": 93.90416975990873,
    "CompositePace": 66.5527299886775,
    "CompositeRating": -19.333146676454945,
    "HA": [
        "A",
        "A",
        "H",
        "A",
        "A",
        "H",
        "A",
        "A",
        "H",
        "A",
        "H",
        "H",
        "A",
        "A",
        "H",
        "A",
        "A",
        "A",
        "H",
        "H",
        "A",
        "A",
        "H",
        "H",
        "H",
        "H",
        "A",
        "A"
    ],
    "OAst": 415.0,
    "OAvgCompRat": -4.9335015113767895,
    "OBlk": 95.0,
    "ODR": 733.0,
    "OFGA": 1661.0,
    "OFGA3": 627.0,
    "OFGM": 763.0,
    "OFGM3": 218.0,
    "OFTA": 408.0,
    "OFTM": 319.0,
    "OOR": 247.0,
    "OPF": 418.0,
    "OScore": 2063.0,
    "OStl": 188.0,
    "OTO": 287.0,
    "Oastr": 0.16322388811100796,
    "Ocomprank": 315,
    "Ocorrdastr": 0.1448995182026975,
    "Ocorrdeff": 107.89865596833333,
    "Ocorrdeffrank": 288,
    "Ocorrdefgp": 0.5158676184362585,
    "Ocorrdftr": 0.3802508119702299,
    "Ocorrdorbp": 0.2817993517882838,
    "Ocorrdtovr": 0.13837702140379135,
    "Ocorroastr": 0.1298809593516044,
    "Ocorroeff": 102.12635947993752,
    "Ocorroeffrank": 301,
    "Ocorroefgp": 0.48428602413259314,
    "Ocorroftr": 0.3054321923075674,
    "Ocorroorbp": 0.2691225338355021,
    "Ocorrotovr": 0.15227078947443726,
    "Oeff": 109.70369897687874,
    "Oefgp": 0.5249849488260084,
    "Oftr": 0.2456351595424443,
    "Oneteff": -5.77229648839581,
    "Oneteffrank": 308,
    "Oorbp": 0.2750556792873051,
    "Oposs": 1880.52,
    "Otovr": 0.13489884936451832,
    "SoR": 0.0,
    "SoRrank": 125,
    "TAst": 308.0,
    "TBlk": 73.0,
    "TDR": 651.0,
    "TFGA": 1514.0,
    "TFGA3": 517.0,
    "TFGM": 658.0,
    "TFGM3": 167.0,
    "TFTA": 469.0,
    "TFTM": 335.0,
    "TOR": 161.0,
    "TPF": 387.0,
    "TScore": 1818.0,
    "TStl": 135.0,
    "TTO": 332.0,
    "Tastr": 0.13048856954023963,
    "Tcorrdastr": 0.1798575307506784,
    "Tcorrdastrrank": 357,
    "Tcorrdeff": 113.23731643636367,
    "Tcorrdeffrank": 327,
    "Tcorrdefgp": 0.5479403801345031,
    "Tcorrdefgprank": 329,
    "Tcorrdftr": 0.265572641705622,
    "Tcorrdftrrank": 40,
    "Tcorrdorbp": 0.28529233286648636,
    "Tcorrdorbprank": 210,
    "Tcorrdtovr": 0.13052995258651914,
    "Tcorrdtovrrank": 304,
    "Tcorroastr": 0.12897165606575697,
    "Tcorroastrrank": 266,
    "Tcorroeff": 93.90416975990873,
    "Tcorroeffrank": 337,
    "Tcorroefgp": 0.4799593428289375,
    "Tcorroefgprank": 267,
    "Tcorroftr": 0.26976640571732513,
    "Tcorroftrrank": 322,
    "Tcorroorbp": 0.1788220414106302,
    "Tcorroorbprank": 361,
    "Tcorrotovr": 0.17225477272559023,
    "Tcorrotovrrank": 336,
    "Teff": 96.12130953388038,
    "Tefgp": 0.48976221928665786,
    "Tftr": 0.309775429326288,
    "Tneteff": -19.333146676454945,
    "Tneteffrank": 338,
    "Torbp": 0.18008948545861297,
    "Tposs": 1891.3600000000001,
    "Ttovr": 0.1617649924964431,
    "closses": 13,
    "confplace": 8,
    "cwins": 5,
    "dates": [
        [
            11,
            6
        ],
        [
            11,
            10
        ],
        [
            11,
            14
        ],
        [
            11,
            19
        ],
        [
            11,
            22
        ],
        [
            11,
            28
        ],
        [
            11,
            30
        ],
        [
            12,
            10
        ],
        [
            12,
            16
        ],
        [
            12,
            20
        ],
        [
            12,
            28
        ],
        [
            12,
            30
        ],
        [
            1,
            4
        ],
        [
            1,
            6
        ],
        [
            1,
            13
        ],
        [
            1,
            18
        ],
        [
            1,
            25
        ],
        [
            1,
            27
        ],
        [
            2,
            1
        ],
        [
            2,
            3
        ],
        [
            2,
            8
        ],
        [
            2,
            10
        ],
        [
            2,
            13
        ],
        [
            2,
            15
        ],
        [
            2,
            22
        ],
        [
            2,
            24
        ],
        [
            2,
            29
        ],
        [
            3,
            2
        ]
    ],
    "geff": [
        [
            59.69300739056282,
            113.63636363636363
        ],
        [
            104.04624277456647,
            115.24822695035459
        ],
        [
            88.41131664853101,
            138.80855986119144
        ],
        [
            97.16224552745219,
            108.69565217391305
        ],
        [
            100.97137014314929,
            94.64916708732964
        ],
        [
            96.66864961332539,
            101.35135135135135
        ],
        [
            102.54188330444828,
            132.96227581941866
        ],
        [
            106.38297872340425,
            102.47052217855138
        ],
        [
            105.8681185722928,
            98.41363102232668
        ],
        [
            71.46860986547085,
            112.57550796265788
        ],
        [
            100.16025641025642,
            108.11532301121196
        ],
        [
            97.437266417512,
            104.86794407042984
        ],
        [
            85.278276481149,
            131.24199743918052
        ],
        [
            108.8252832438879,
            91.1619283065513
        ],
        [
            119.94516792323509,
            98.9268947015426
        ],
        [
            84.0736040609137,
            143.387314439946
        ],
        [
            89.61117861482381,
            105.32837670384139
        ],
        [
            81.47512864493996,
            105.41310541310541
        ],
        [
            111.21553884711778,
            114.62205700123916
        ],
        [
            106.83760683760684,
            117.87473610133708
        ],
        [
            102.31316725978648,
            132.05282112845137
        ],
        [
            86.98092031425365,
            74.14661443760492
        ],
        [
            106.25379477838494,
            75.80351728320193
        ],
        [
            90.40105193951348,
            102.44547257105089
        ],
        [
            115.06276150627615,
            117.68255884127942
        ],
        [
            114.12051125989045,
            100.23937761819269
        ],
        [
            98.3466362599772,
            112.2334455667789
        ],
        [
            66.77018633540372,
            128.32699619771864
        ]
    ],
    "losses": 21,
    "nOT": [
        0,
        0,
        0,
        0,
        1,
        0,
        0,
        0,
        0,
        0,
        0,
        0,
        0,
        0,
        0,
        0,
        0,
        0,
        0,
        0,
        0,
        1,
        0,
        0,
        0,
        0,
        0,
        0
    ],
    "pace": 66.5527299886775,