{
    "CompRank": 198,
    "CompositeDef": 104.94441696161662,
    "CompositeOff": 102.35720916574263,
    "CompositePace": 69.37089244768298,
    "CompositeRating": -2.587207795874008,
    "HA": [
        "H",
        "N",
        "N",
        "N",
        "A",
        "A",
        "H",
        "H",
        "N",
        "A"
    ],
    "OAst": 116.0,
    "OAvgCompRat": -0.3296845831575148,
    "OBlk": 37.0,
    "ODR": 199.0,
    "OFGA": 592.0,
    "OFGA3": 217.0,
    "OFGM": 265.0,
    "OFGM3": 65.0,
    "OFTA": 181.0,
    "OFTM": 145.0,
    "OOR": 97.0,
    "OPF": 204.0,
    "OScore": 740.0,
    "OStl": 86.0,
    "OTO": 137.0,
    "Oastr": 0.12545423083578475,
    "Ocomprank": 185,
    "Ocorrdastr": 0.14012167090725208,
    "Ocorrdeff": 103.7588743872714,
    "Ocorrdeffrank": 207,
    "Ocorrdefgp": 0.5098114587709857,
    "Ocorrdftr": 0.3459020817075549,
    "Ocorrdorbp": 0.26724773275420294,
    "Ocorrdtovr": 0.15872516622883698,
    "Ocorroastr": 0.14075016196701745,
    "Ocorroeff": 102.51234681105234,
    "Ocorroeffrank": 213,
    "Ocorroefgp": 0.5034630698996139,
    "Ocorroftr": 0.35408303791274603,
    "Ocorroorbp": 0.2648997824472986,
    "Ocorrotovr": 0.15820169534740075,
    "Oeff": 103.98516103647913,
    "Oefgp": 0.5025337837837838,
    "Oftr": 0.30574324324324326,
    "Oneteff": -1.2465275762190657,
    "Oneteffrank": 217,
    "Oorbp": 0.3050314465408805,
    "Oposs": 711.64,
    "Otovr": 0.16942026117926395,
    "SoR": 0.2991921900653116,
    "SoRrank": 184,
    "TAst": 110.0,
    "TBlk": 33.0,
    "TDR": 221.0,
    "TFGA": 538.0,
    "TFGA3": 182.0,
    "TFGM": 239.0,
    "TFGM3": 70.0,
    "TFTA": 225.0,
    "TFTM": 173.0,
    "TOR": 83.0,
    "TPF": 161.0,
    "TScore": 721.0,
    "TStl": 59.0,
    "TTO": 155.0,
    "Tastr": 0.12195121951219512,
    "Tcorrdastr": 0.12550373584643856,
    "Tcorrdastrrank": 74,
    "Tcorrdeff": 104.7211325279723,
    "Tcorrdeffrank": 201,
    "Tcorrdefgp": 0.4989928552970913,
    "Tcorrdefgprank": 171,
    "Tcorrdftr": 0.28714809942075925,
    "Tcorrdftrrank": 108,
    "Tcorrdorbp": 0.31879615113648196,
    "Tcorrdorbprank": 303,
    "Tcorrdtovr": 0.16144514338371138,
    "Tcorrdtovrrank": 111,
    "Tcorroastr": 0.1226842740703503,
    "Tcorroastrrank": 279,
    "Tcorroeff": 101.20212459475037,
    "Tcorroeffrank": 214,
    "Tcorroefgp": 0.49968414530044497,
    "Tcorroefgprank": 183,
    "Tcorroftr": 0.4037937181963932,
    "Tcorroftrrank": 40,
    "Tcorroorbp": 0.30585387443504913,
    "Tcorroorbprank": 92,
    "Tcorrotovr": 0.18586872090827883,
    "Tcorrotovrrank": 347,
    "Teff": 101.69252468265162,
    "Tefgp": 0.5092936802973977,
    "Tftr": 0.41821561338289964,
    "Tneteff": -3.5190079332219284,
    "Tneteffrank": 208,
    "Torbp": 0.29432624113475175,
    "Tposs": 709.0,
    "Ttovr": 0.19570707070707072,
    "closses": 0,
    "confplace": 1,
    "cwins": 0,
    "dates": [
        [
            11,
            11
        ],
        [
            11,
            16
        ],
        [
            11,
            17
        ],
        [
            11,
            19
        ],
        [
            11,
            26
        ],
        [
            12,
            1
        ],
        [
            12,
            9
        ],
        [
            12,
            16
        ],
        [
            12,
            20
        ],
        [
            12,
            21
        ]
    ],
    "geff": [
        [
            108.99182561307902,
            90.51014810751508
        ],
        [
            87.92048929663608,
            105.78468130690948
        ],
        [
            100.0,
            85.22727272727272
        ],
        [
            109.42760942760943,
            100.85227272727272
        ],
        [
            90.10297482837528,
            125.14551804423749
        ],
        [
            92.641609317099,
            109.28224500809497
        ],
        [
            108.69565217391306,
            95.10869565217392
        ],
        [
            115.63517915309447,
            136.36363636363637
        ],
        [
            105.2347544522396,
            85.75197889182058
        ],
        [
            101.39225181598063,
            112.39193083573485
        ]
    ],
    "losses": 5,
    "nOT": [
        0,
        0,
        0,
        0,
        0,
        0,
        0,
        0,
        0,
        0
    ],
    "pace": 70.23756129989424,
    "poss": [
        [
            73.4,
            72.92
        ],
        [
            78.48,
            74.68
        ],
        [
            67.0,
            70.4
        ],
        [
            71.28,
            70.4
        ],
        [
            69.92,
            68.72
        ],
        [
            75.56,
            74.12
        ],
        [
            71.75999999999999,
            73.6
        ],
        [
            61.4,
            61.6
        ],
        [
            74.12,
            75.8
        ],
        [
            66.08,
            69.4
        ]
    ],
    "preseason_pace": 66.99320012337223,
    "preseason_pred": -0.030828818239108102,
    "preseason_predd": 105.55699428300025,
    "preseason_predo": 105.52616546476115,
    "schedule": [
        "cal-poly",
        "saint-louis",
        "college-of-charleston",
        "furman",
        "texas",
        "portland",
        "stephen-f-austin",
        "weber-state",
        "south-dakota-state",
        "texas-el-paso"
    ],
    "scores": [
        [
            80,
            66
        ],
        [
            69,
            79
        ],
        [
            67,
            60
        ],
        [
            78,
            71
        ],
        [
            63,
            86
        ],
        [
            70,
            81
        ],
        [
            78,
            70
        ],
        [
            71,
            84
        ],
        [
            78,
            65
        ],
        [
            67,
            78
        ]
    ],
    "wins": 5
}