{
    "CompRank": 244,
    "CompositeDef": 113.65281810984499,
    "CompositeOff": 105.76358749841643,
    "CompositePace": 72.22423623313503,
    "CompositeRating": -7.889230611428564,
    "HA": [
        "H",
        "A",
        "N",
        "N",
        "A",
        "H",
        "A",
        "H",
        "H",
        "H",
        "A",
        "H",
        "A",
        "H",
        "H",
        "A",
        "H",
        "A",
        "H",
        "A",
        "A",
        "H"
    ],
    "OAst": 337.0,
    "OAvgCompRat": -3.9502230563144765,
    "OBlk": 62.0,
    "ODR": 570.0,
    "OFGA": 1299.0,
    "OFGA3": 511.0,
    "OFGM": 604.0,
    "OFGM3": 183.0,
    "OFTA": 564.0,
    "OFTM": 402.0,
    "OOR": 229.0,
    "OPF": 362.0,
    "OScore": 1793.0,
    "OStl": 150.0,
    "OTO": 295.0,
    "Oastr": 0.15464674461719197,
    "Ocomprank": 288,
    "Ocorrdastr": 0.15498574710681468,
    "Ocorrdeff": 112.86144416219146,
    "Ocorrdeffrank": 342,
    "Ocorrdefgp": 0.5335485462614932,
    "Ocorrdftr": 0.3560002222638185,
    "Ocorrdorbp": 0.31811676757018154,
    "Ocorrdtovr": 0.1412763114670423,
    "Ocorroastr": 0.1376514731893663,
    "Ocorroeff": 106.47467165025306,
    "Ocorroeffrank": 288,
    "Ocorroefgp": 0.49953770065224534,
    "Ocorroftr": 0.37417424788088005,
    "Ocorroorbp": 0.2985346408712079,
    "Ocorrotovr": 0.15257455656771424,
    "Oeff": 111.14830518981378,
    "Oefgp": 0.5354118552732872,
    "Oftr": 0.4341801385681293,
    "Oneteff": -6.386772511938403,
    "Oneteffrank": 320,
    "Oorbp": 0.30945945945945946,
    "Oposs": 1613.16,
    "Otovr": 0.16013809875363702,
    "SoR": 0.0,
    "SoRrank": 107,
    "TAst": 263.0,
    "TBlk": 74.0,
    "TDR": 511.0,
    "TFGA": 1325.0,
    "TFGA3": 607.0,
    "TFGM": 581.0,
    "TFGM3": 203.0,
    "TFTA": 552.0,
    "TFTM": 399.0,
    "TOR": 227.0,
    "TPF": 387.0,
    "TScore": 1764.0,
    "TStl": 162.0,
    "TTO": 269.0,
    "Tastr": 0.12524525210964435,
    "Tcorrdastr": 0.16616630928254328,
    "Tcorrdastrrank": 307,
    "Tcorrdeff": 113.6823117102318,
    "Tcorrdeffrank": 269,
    "Tcorrdefgp": 0.5508476915033724,
    "Tcorrdefgprank": 301,
    "Tcorrdftr": 0.4132935233693008,
    "Tcorrdftrrank": 303,
    "Tcorrdorbp": 0.31515413959658856,
    "Tcorrdorbprank": 225,
    "Tcorrdtovr": 0.15553906367120796,
    "Tcorrdtovrrank": 121,
    "Tcorroastr": 0.11962032795132171,
    "Tcorroastrrank": 333,
    "Tcorroeff": 105.7808481587066,
    "Tcorroeffrank": 222,
    "Tcorroefgp": 0.49653553596822075,
    "Tcorroefgprank": 232,
    "Tcorroftr": 0.4179332018540673,
    "Tcorroftrrank": 43,
    "Tcorroorbp": 0.27298401003232164,
    "Tcorroorbprank": 265,
    "Tcorrotovr": 0.15349527340082653,
    "Tcorrotovrrank": 225,
    "Teff": 109.57338435162869,
    "Tefgp": 0.5150943396226415,
    "Tftr": 0.41660377358490563,
    "Tneteff": -7.901463551525197,
    "Tneteffrank": 243,
    "Torbp": 0.2848180677540778,
    "Tposs": 1609.88,
    "Ttovr": 0.14644397021035668,
    "closses": 4,
    "confplace": 3,
    "cwins": 6,
    "dates": [
        [
            11,
            3
        ],
        [
            11,
            11
        ],
        [
            11,
            15
        ],
        [
            11,
            16
        ],
        [
            11,
            18
        ],
        [
            11,
            21
        ],
        [
            11,
            24
        ],
        [
            12,
            3
        ],
        [
            12,
            7
        ],
        [
            12,
            14
        ],
        [
            12,
            18
        ],
        [
            12,
            21
        ],
        [
            12,
            31
        ],
        [
            1,
            7
        ],
        [
            1,
            10
        ],
        [
            1,
            14
        ],
        [
            1,
            17
        ],
        [
            1,
            21
        ],
        [
            1,
            23
        ],
        [
            1,
            29
        ],
        [
            1,
            31
        ],
        [
            2,
            4
        ]
    ],
    "geff": [
        [
            134.1381623071764,
            113.98176291793314
        ],
        [
            86.40822045773004,
            105.25070955534531
        ],
        [
            81.67220376522702,
            121.24406958355299
        ],
        [
            100.98522167487684,
            108.42472582253241
        ],
        [
            82.85714285714286,
            123.22946175637395
        ],
        [
            99.5092693565976,
            112.1262458471761
        ],
        [
            88.97676717745922,
            113.98565573770492
        ],
        [
            101.51597184623715,
            110.69114470842332
        ],
        [
            126.85290763968074,
            82.25616921269095
        ],
        [
            140.34627492130116,
            98.26442062276672
        ],
        [
            102.87555775904808,
            122.07527975584944
        ],
        [
            137.39376770538246,
            122.74959083469723
        ],
        [
            104.74090407938257,
            95.78012215435868
        ],
        [
            131.06159895150722,
            100.13131976362442
        ],
        [
            101.29431626336522,
            123.37310195227765
        ],
        [
            127.5802752293578,
            115.20737327188941
        ],
        [
            122.05628948879954,
            122.20259128386337
        ],
        [
            109.39323220536755,
            112.82660332541568
        ],
        [
            110.78483715963695,
            131.87748156551334
        ],
        [
            111.22881355932203,
            95.12937595129375
        ],
        [
            113.74755381604696,
            103.397341211226
        ],
        [
            110.66969353007944,
            112.29646266142618
        ]
    ],
    "losses": 12,
    "nOT": [
        0,
        0,
        0,
        0,
        0,
        0,
        0,
        0,
        0,
        0,
        0,
        0,
        0,
        0,
        0,
        0,
        0,
        0,
        0,
        0,
        1,
        0
    ],
    "pace": 72.43025764097497,
    "poss": [
        [
            59.64,
            65.8
        ],
        [
            85.64,
            84.56
        ],
        [
            72.24,
            75.88
        ],
        [
            81.2,
            80.24
        ],
        [
            70.0,
            70.6
        ],
        [
            73.36,
            72.24
        ],
        [
            80.92,
            78.08
        ],
        [
            73.88,
            74.08
        ],
        [
            70.16,
            68.08
        ],
        [
            76.24,
            78.36
        ],
        [
            80.68,
            78.64
        ],
        [
            70.6,
            73.32
        ],
        [
            72.56,
            72.04
        ],
        [
            61.04,
            60.92
        ],
        [
            71.08,
            73.76
        ],
        [
            69.76,
            69.44
        ],
        [
            69.64,
            67.92
        ],
        [
            68.56,
            67.36
        ],
        [
            74.92,
            70.52
        ],
        [
            75.52,
            78.84
        ],
        [
            81.76,
            81.24
        ],
        [
            70.48,
            71.24
        ]
    ],
    "preseason_pace": 65.28200152695521,
    "preseason_pred": -7.477021306639033,
    "preseason_predd": 112.65898208881082,
    "preseason_predo": 105.18196078217179,