{
    "CompRank": 114,
    "CompositeDef": 107.02047691828825,
    "CompositeOff": 113.56541396672733,
    "CompositePace": 66.48126457176649,
    "CompositeRating": 6.5449370484390865,
    "HA": [
        "A",
        "N",
        "N",
        "A",
        "A",
        "A",
        "A",
        "A",
        "A",
        "A",
        "A",
        "H",
        "H",
        "A",
        "H",
        "A",
        "A",
        "A",
        "H",
        "H",
        "A",
        "H",
        "H",
        "A",
        "A"
    ],
    "OAst": 282.0,
    "OAvgCompRat": -0.6667161756579157,
    "OBlk": 71.0,
    "ODR": 601.0,
    "OFGA": 1439.0,
    "OFGA3": 529.0,
    "OFGM": 645.0,
    "OFGM3": 188.0,
    "OFTA": 470.0,
    "OFTM": 329.0,
    "OOR": 232.0,
    "OPF": 326.0,
    "OScore": 1807.0,
    "OStl": 103.0,
    "OTO": 267.0,
    "Oastr": 0.12848551120831053,
    "Ocomprank": 167,
    "Ocorrdastr": 0.14795143189779036,
    "Ocorrdeff": 106.37769234540968,
    "Ocorrdeffrank": 212,
    "Ocorrdefgp": 0.514994113818547,
    "Ocorrdftr": 0.30363163752227035,
    "Ocorrdorbp": 0.2886472025931021,
    "Ocorrdtovr": 0.140140208648862,
    "Ocorroastr": 0.13771266863883252,
    "Ocorroeff": 105.60834213128706,
    "Ocorroeffrank": 153,
    "Ocorroefgp": 0.4979908243399652,
    "Ocorroftr": 0.3312353401345593,
    "Ocorroorbp": 0.27728114115774927,
    "Ocorrotovr": 0.14600307723177766,
    "Oeff": 107.50832936696811,
    "Oefgp": 0.5135510771369006,
    "Oftr": 0.32661570535093815,
    "Oneteff": -0.7693502141226247,
    "Oneteffrank": 169,
    "Oorbp": 0.2822384428223844,
    "Oposs": 1680.8,
    "Otovr": 0.13958594730238394,
    "SoR": 3.0631693134384186,
    "SoRrank": 102,
    "TAst": 291.0,
    "TBlk": 55.0,
    "TDR": 590.0,
    "TFGA": 1506.0,
    "TFGA3": 606.0,
    "TFGM": 676.0,
    "TFGM3": 202.0,
    "TFTA": 493.0,
    "TFTM": 378.0,
    "TOR": 248.0,
    "TPF": 400.0,
    "TScore": 1932.0,
    "TStl": 133.0,
    "TTO": 206.0,
    "Tastr": 0.13108580489387003,
    "Tcorrdastr": 0.13301511488577902,
    "Tcorrdastrrank": 99,
    "Tcorrdeff": 107.10168541873128,
    "Tcorrdeffrank": 203,
    "Tcorrdefgp": 0.5207072059744299,
    "Tcorrdefgprank": 234,
    "Tcorrdftr": 0.3273831864365851,
    "Tcorrdftrrank": 183,
    "Tcorrdorbp": 0.2843372498505529,
    "Tcorrdorbprank": 200,
    "Tcorrdtovr": 0.14162972054283668,
    "Tcorrdtovrrank": 225,
    "Tcorroastr": 0.12640959982267733,
    "Tcorroastrrank": 281,
    "Tcorroeff": 113.66723293640166,
    "Tcorroeffrank": 54,
    "Tcorroefgp": 0.5059651541497696,
    "Tcorroefgprank": 178,
    "Tcorroftr": 0.3590509333992479,
    "Tcorroftrrank": 104,
    "Tcorroorbp": 0.2833662255850539,
    "Tcorroorbprank": 165,
    "Tcorrotovr": 0.1129057797027875,
    "Tcorrotovrrank": 4,
    "Teff": 114.93705827760988,
    "Tefgp": 0.5159362549800797,
    "Tftr": 0.32735723771580344,
    "Tneteff": 6.565547517670382,
    "Tneteffrank": 114,
    "Torbp": 0.2921083627797409,
    "Tposs": 1680.92,
    "Ttovr": 0.1067955125147751,
    "closses": 5,
    "confplace": 2,
    "cwins": 11,
    "dates": [
        [
            11,
            11
        ],
        [
            11,
            20
        ],
        [
            11,
            21
        ],
        [
            11,
            25
        ],
        [
            11,
            30
        ],
        [
            12,
            2
        ],
        [
            12,
            16
        ],
        [
            12,
            21
        ],
        [
            12,
            30
        ],
        [
            1,
            4
        ],
        [
            1,
            6
        ],
        [
            1,
            11
        ],
        [
            1,
            14
        ],
        [
            1,
            18
        ],
        [
            1,
            20
        ],
        [
            1,
            25
        ],
        [
            1,
            27
        ],
        [
            2,
            1
        ],
        [
            2,
            3
        ],
        [
            2,
            8
        ],
        [
            2,
            10
        ],
        [
            2,
            15
        ],
        [
            2,
            17
        ],
        [
            2,
            22
        ],
        [
            2,
            26
        ]
    ],
    "geff": [
        [
            116.57303370786516,
            93.53741496598639
        ],
        [
            112.28354978354979,
            109.40032414910858
        ],
        [
            83.63201911589009,
            130.85818624467439
        ],
        [
            111.63522012578616,
            84.30410790925811
        ],
        [
            99.69788519637461,
            115.48064918851436
        ],
        [
            104.16666666666667,
            96.05263157894737
        ],
        [
            128.76884422110552,
            123.63519588953115
        ],
        [
            113.37209302325581,
            98.3466362599772
        ],
        [
            120.06403415154747,
            139.62065331928346
        ],
        [
            89.28571428571428,
            111.8119266055046
        ],
        [
            111.73184357541899,
            114.1008174386921
        ],
        [
            108.42237586423633,
            82.84023668639054
        ],
        [
            113.31038439472175,
            106.13884107860012
        ],
        [
            125.15262515262516,
            107.36196319018404
        ],
        [
            118.97498474679682,
            106.08856088560884
        ],
        [
            125.40716612377851,
            90.42196918955123
        ],
        [
            103.01109350237718,
            117.55057408419903
        ],
        [
            116.48223645894,
            108.95170789163721
        ],
        [
            126.56147271531886,
            126.27986348122866
        ],
        [
            119.12325285895807,
            88.66371120962636
        ],
        [
            141.9605499103407,
            94.58672875436554
        ],
        [
            122.07357859531773,
            88.00521512385919
        ],
        [
            115.60693641618496,
            116.1680458306811
        ],
        [
            135.45150501672242,
            101.12009956440572
        ],
        [
            118.87779362815026,
            129.62962962962962
        ]
    ],
    "losses": 8,
    "nOT": [
        0,
        1,
        0,
        0,
        0,
        0,
        0,
        0,
        0,
        0,
        0,
        0,
        0,
        0,
        0,
        0,
        1,
        0,
        0,
        0,
        0,
        0,
        0,
        0,
        1
    ],
    "pace": 66.48071563217114,