{
    "CompRank": 154,
    "CompositeDef": 101.71271248344796,
    "CompositeOff": 103.14356789816324,
    "CompositePace": 69.20602374606011,
    "CompositeRating": 1.4308554147152939,
    "HA": [
        "A",
        "H",
        "A",
        "A",
        "H",
        "H",
        "A",
        "A",
        "N",
        "H",
        "A",
        "H",
        "A"
    ],
    "OAst": 170.0,
    "OAvgCompRat": 0.24412186512808284,
    "OBlk": 60.0,
    "ODR": 301.0,
    "OFGA": 807.0,
    "OFGA3": 316.0,
    "OFGM": 341.0,
    "OFGM3": 109.0,
    "OFTA": 227.0,
    "OFTM": 152.0,
    "OOR": 142.0,
    "OPF": 179.0,
    "OScore": 943.0,
    "OStl": 82.0,
    "OTO": 150.0,
    "Oastr": 0.13856285863328116,
    "Ocomprank": 171,
    "Ocorrdastr": 0.14320891712964573,
    "Ocorrdeff": 102.5548700276121,
    "Ocorrdeffrank": 269,
    "Ocorrdefgp": 0.5049646646381317,
    "Ocorrdftr": 0.31050661305916866,
    "Ocorrdorbp": 0.3021351632804402,
    "Ocorrdtovr": 0.156153923553984,
    "Ocorroastr": 0.13727972069765726,
    "Ocorroeff": 102.58930723089844,
    "Ocorroeffrank": 100,
    "Ocorroefgp": 0.4943462993231887,
    "Ocorroftr": 0.308349598143579,
    "Ocorroorbp": 0.27189797928507403,
    "Ocorrotovr": 0.15186945350637074,
    "Oeff": 103.07362714235747,
    "Oefgp": 0.49008674101610905,
    "Oftr": 0.2812887236679058,
    "Oneteff": 0.0344372032863447,
    "Oneteffrank": 184,
    "Oorbp": 0.3021276595744681,
    "Oposs": 914.88,
    "Otovr": 0.1419271818938763,
    "SoR": 1.0401707688985629,
    "SoRrank": 145,
    "TAst": 162.0,
    "TBlk": 32.0,
    "TDR": 328.0,
    "TFGA": 809.0,
    "TFGA3": 296.0,
    "TFGM": 357.0,
    "TFGM3": 106.0,
    "TFTA": 199.0,
    "TFTM": 146.0,
    "TOR": 139.0,
    "TPF": 201.0,
    "TScore": 966.0,
    "TStl": 81.0,
    "TTO": 160.0,
    "Tastr": 0.1329438025210084,
    "Tcorrdastr": 0.1419422723166639,
    "Tcorrdastrrank": 196,
    "Tcorrdeff": 101.50921698056585,
    "Tcorrdeffrank": 189,
    "Tcorrdefgp": 0.4959445010563097,
    "Tcorrdefgprank": 163,
    "Tcorrdftr": 0.2869127456554602,
    "Tcorrdftrrank": 126,
    "Tcorrdorbp": 0.29872938172823765,
    "Tcorrdorbprank": 281,
    "Tcorrdtovr": 0.15148442833434253,
    "Tcorrdtovrrank": 236,
    "Tcorroastr": 0.130461327434784,
    "Tcorroastrrank": 243,
    "Tcorroeff": 103.72236451855042,
    "Tcorroeffrank": 125,
    "Tcorroefgp": 0.5020977740260034,
    "Tcorroefgprank": 166,
    "Tcorroftr": 0.24981740381557888,
    "Tcorroftrrank": 321,
    "Tcorroorbp": 0.28217393343483016,
    "Tcorroorbprank": 148,
    "Tcorrotovr": 0.15708005300800357,
    "Tcorrotovrrank": 159,
    "Teff": 105.27921879768081,
    "Tefgp": 0.5067985166872683,
    "Tftr": 0.24598269468479605,
    "Tneteff": 2.213147537984568,
    "Tneteffrank": 149,
    "Torbp": 0.3159090909090909,
    "Tposs": 917.56,
    "Ttovr": 0.15143484515787084,
    "closses": 1,
    "confplace": 7,
    "cwins": 0,
    "dates": [
        [
            11,
            7
        ],
        [
            11,
            12
        ],
        [
            11,
            16
        ],
        [
            11,
            20
        ],
        [
            11,
            25
        ],
        [
            11,
            27
        ],
        [
            12,
            3
        ],
        [
            12,
            11
        ],
        [
            12,
            14
        ],
        [
            12,
            17
        ],
        [
            12,
            21
        ],
        [
            12,
            30
        ],
        [
            1,
            3
        ]
    ],
    "geff": [
        [
            97.2378804960541,
            100.40160642570281
        ],
        [
            129.89095574085954,
            110.13215859030836
        ],
        [
            99.62304792676359,
            128.95662368112545
        ],
        [
            89.38244853737811,
            97.49303621169916
        ],
        [
            115.7957244655582,
            100.78219013237063
        ],
        [
            112.57035647279551,
            88.36075563680683
        ],
        [
            94.98898678414096,
            115.53452115812917
        ],
        [
            118.42105263157893,
            111.89801699716715
        ],
        [
            69.44444444444444,
            111.96067722555979
        ],
        [
            122.6905311778291,
            97.00176366843033
        ],
        [
            135.250569476082,
            107.16300056401579
        ],
        [
            93.82716049382717,
            75.83547557840618
        ],
        [
            97.13977334052886,
            97.40259740259741
        ]
    ],
    "losses": 6,
    "nOT": [
        0,
        0,
        0,
        1,
        0,
        0,
        0,
        0,
        0,
        0,
        0,
        0,
        0
    ],
    "pace": 69.33343926952988,
    "poss": [
        [
            70.96000000000001,
            69.72
        ],
        [
            62.36,
            63.56
        ],
        [
            74.28,
            68.24
        ],
        [
            73.84,
            71.8
        ],
        [
            67.36,
            66.48
        ],
        [
            63.959999999999994,
            65.64
        ],
        [
            72.64,
            71.84
        ],
        [
            68.4,
            70.6
        ],
        [
            69.12,
            73.24000000000001
        ],
        [
            69.28,
            68.04
        ],
        [
            70.24,
            70.92
        ],
        [
            81.0,
            77.8
        ],
        [
            74.12,
            77.0
        ]
    ],
    "preseason_pace": 68.61526315713309,
    "preseason_pred": -2.1962328934467745,
    "preseason_predd": 102.6562170098423,
    "preseason_predo": 100.45998411639552,
    "schedule": [
        "belmont",
        "cleveland-state",
        "detroit-mercy",
        "michigan",
        "eastern-illinois",
        "alabama-state",
        "marshall",
        "youngstown-state",
        "florida",
        "stetson",
        "delaware",
        "chicago-state",
        "buffalo"
    ],
    "scores": [
        [
            69,
            70
        ],
        [
            81,
            70
        ],
        [
            74,
            88
        ],
        [
            66,
            70
        ],
        [
            78,
            67
        ],
        [
            72,
            58
        ],
        [
            69,
            83
        ],
        [
            81,
            79
        ],
        [
            48,
            82
        ],
        [
            85,
            66
        ],
        [
            95,
            76
        ],
        [
            76,
            59
        ],
        [
            72,
            75
        ]
    ],
    "wins": 7
}