{
    "CompRank": 298,
    "CompositeDef": 116.45101702651311,
    "CompositeOff": 104.47466737614846,
    "CompositePace": 66.7828534290318,
    "CompositeRating": -11.976349650364662,
    "HA": [
        "A",
        "A",
        "H",
        "A",
        "H",
        "A",
        "H",
        "A",
        "A",
        "A",
        "H",
        "H",
        "A",
        "H",
        "A",
        "H",
        "H",
        "A",
        "A",
        "H",
        "A",
        "A",
        "H"
    ],
    "OAst": 316.0,
    "OAvgCompRat": -2.148786771960842,
    "OBlk": 67.0,
    "ODR": 508.0,
    "OFGA": 1293.0,
    "OFGA3": 517.0,
    "OFGM": 616.0,
    "OFGM3": 189.0,
    "OFTA": 467.0,
    "OFTM": 339.0,
    "OOR": 204.0,
    "OPF": 363.0,
    "OScore": 1760.0,
    "OStl": 133.0,
    "OTO": 241.0,
    "Oastr": 0.15373538054371727,
    "Ocomprank": 242,
    "Ocorrdastr": 0.1488240710833202,
    "Ocorrdeff": 103.4418382535216,
    "Ocorrdeffrank": 212,
    "Ocorrdefgp": 0.5111366310005758,
    "Ocorrdftr": 0.33315269011654475,
    "Ocorrdorbp": 0.2807388153362882,
    "Ocorrdtovr": 0.15825861987004156,
    "Ocorroastr": 0.13330301329773125,
    "Ocorroeff": 100.86115602332119,
    "Ocorroeffrank": 269,
    "Ocorroefgp": 0.5022102575803398,
    "Ocorroftr": 0.3332726615167888,
    "Ocorroorbp": 0.24402611885343842,
    "Ocorrotovr": 0.1648983973789214,
    "Oeff": 114.62213770286816,
    "Oefgp": 0.5494972931167826,
    "Oftr": 0.36117556071152357,
    "Oneteff": -2.5806822302004093,
    "Oneteffrank": 245,
    "Oorbp": 0.30402384500745155,
    "Oposs": 1535.48,
    "Otovr": 0.1385471520224435,
    "SoR": 0.0,
    "SoRrank": 154,
    "TAst": 266.0,
    "TBlk": 51.0,
    "TDR": 467.0,
    "TFGA": 1328.0,
    "TFGA3": 535.0,
    "TFGM": 585.0,
    "TFGM3": 189.0,
    "TFTA": 378.0,
    "TFTM": 280.0,
    "TOR": 223.0,
    "TPF": 425.0,
    "TScore": 1639.0,
    "TStl": 118.0,
    "TTO": 281.0,
    "Tastr": 0.1303078400250818,
    "Tcorrdastr": 0.16505207896407711,
    "Tcorrdastrrank": 326,
    "Tcorrdeff": 116.5945548623659,
    "Tcorrdeffrank": 359,
    "Tcorrdefgp": 0.5519861600337433,
    "Tcorrdefgprank": 333,
    "Tcorrdftr": 0.3444724228396103,
    "Tcorrdftrrank": 257,
    "Tcorrdorbp": 0.33577427856500724,
    "Tcorrdorbprank": 353,
    "Tcorrdtovr": 0.13284160860296543,
    "Tcorrdtovrrank": 325,
    "Tcorroastr": 0.12523152393466236,
    "Tcorroastrrank": 306,
    "Tcorroeff": 104.73701606666101,
    "Tcorroeffrank": 134,
    "Tcorroefgp": 0.5051013450487774,
    "Tcorroefgprank": 172,
    "Tcorroftr": 0.2723531383626829,
    "Tcorroftrrank": 303,
    "Tcorroorbp": 0.29367851033696557,
    "Tcorroorbprank": 103,
    "Tcorrotovr": 0.1580295700900472,
    "Tcorrotovrrank": 196,
    "Teff": 105.58390022675738,
    "Tefgp": 0.5116716867469879,
    "Tftr": 0.28463855421686746,
    "Tneteff": -11.857538795704883,
    "Tneteffrank": 297,
    "Torbp": 0.30506155950752395,
    "Tposs": 1552.32,
    "Ttovr": 0.1582813239303337,
    "closses": 10,
    "confplace": 8,
    "cwins": 4,
    "dates": [
        [
            11,
            10
        ],
        [
            11,
            16
        ],
        [
            11,
            21
        ],
        [
            11,
            25
        ],
        [
            11,
            30
        ],
        [
            12,
            2
        ],
        [
            12,
            5
        ],
        [
            12,
            14
        ],
        [
            12,
            17
        ],
        [
            12,
            29
        ],
        [
            12,
            31
        ],
        [
            1,
            4
        ],
        [
            1,
            7
        ],
        [
            1,
            11
        ],
        [
            1,
            14
        ],
        [
            1,
            18
        ],
        [
            1,
            21
        ],
        [
            1,
            25
        ],
        [
            1,
            28
        ],
        [
            2,
            1
        ],
        [
            2,
            4
        ],
        [
            2,
            8
        ],
        [
            2,
            11
        ]
    ],
    "geff": [
        [
            83.0860534124629,
            120.73027090694934
        ],
        [
            101.33401744484351,
            134.07367280606718
        ],
        [
            116.34844868735082,
            96.68508287292818
        ],
        [
            97.68009768009766,
            110.22364217252397
        ],
        [
            106.1046511627907,
            117.3563928350834
        ],
        [
            91.67184586699814,
            123.74686716791979
        ],
        [
            86.75920982381207,
            101.6586409844837
        ],
        [
            125.41345093715546,
            118.33514689880305
        ],
        [
            103.1434184675835,
            126.49332396345748
        ],
        [
            93.25044404973357,
            124.17713943746259
        ],
        [
            131.11888111888112,
            123.11703360370798
        ],
        [
            113.77613776137763,
            121.76325524044391
        ],
        [
            107.44066709429121,
            97.56877799104288
        ],
        [
            140.65817409766456,
            91.41494435612083
        ],
        [
            101.68506682161534,
            110.88113542282673
        ],
        [
            93.25044404973357,
            113.21339950372207
        ],
        [
            114.87303506650545,
            109.85915492957747
        ],
        [
            106.38297872340426,
            127.26054922973879
        ],
        [
            120.73406310367032,
            98.62241703193487
        ],
        [
            87.27810650887575,
            100.78219013237063
        ],
        [
            109.0854751942618,
            124.845869297164
        ],
        [
            90.19843656043294,
            116.52542372881356
        ],
        [
            104.65801886792453,
            129.98266897746967
        ]
    ],
    "losses": 17,
    "nOT": [
        0,
        0,
        0,
        0,
        0,
        0,
        0,
        0,
        0,
        0,
        0,
        0,
        0,
        0,
        0,
        0,
        1,
        0,
        0,
        0,
        0,
        0,
        0
    ],
    "pace": 66.71371644437612,
    "poss": [
        [
            67.4,
            67.92
        ],
        [
            77.96,
            73.84
        ],
        [
            67.04,
            65.16
        ],
        [
            65.52000000000001,
            62.599999999999994
        ],
        [
            68.8,
            64.75999999999999
        ],
        [
            64.36,
            63.84
        ],
        [
            74.92,
            74.75999999999999
        ],
        [
            72.56,
            73.52
        ],
        [
            61.08,
            56.92
        ],
        [
            67.56,
            66.84
        ],
        [
            68.64,
            69.04
        ],
        [
            65.03999999999999,
            64.88
        ],
        [
            62.36,
            62.519999999999996
        ],
        [
            75.36,
            75.48
        ],
        [
            68.84,
            67.64
        ],
        [
            67.56,
            64.48
        ],
        [
            66.16,
            71.0
        ],
        [
            60.16,
            59.72
        ],
        [
            62.12,
            63.88
        ],
        [
            67.6,
            66.48
        ],
        [
            66.92,
            64.88
        ],
        [
            66.52000000000001,
            66.08
        ],
        [
            67.84,
            69.24
        ]
    ],
    "preseason_pace": 69.9715087755061,