{
    "CompRank": 290,
    "CompositeDef": 113.29478026027155,
    "CompositeOff": 101.03169658357444,
    "CompositePace": 70.38920122330583,
    "CompositeRating": -12.263083676697109,
    "HA": [
        "H",
        "A",
        "A",
        "H",
        "N",
        "N",
        "A",
        "H",
        "H",
        "A",
        "A",
        "H",
        "H",
        "H",
        "H",
        "H",
        "A",
        "A",
        "H",
        "H",
        "A"
    ],
    "OAst": 344.0,
    "OAvgCompRat": -2.2016714647374096,
    "OBlk": 84.0,
    "ODR": 498.0,
    "OFGA": 1359.0,
    "OFGA3": 574.0,
    "OFGM": 622.0,
    "OFGM3": 194.0,
    "OFTA": 359.0,
    "OFTM": 261.0,
    "OOR": 215.0,
    "OPF": 377.0,
    "OScore": 1699.0,
    "OStl": 155.0,
    "OTO": 188.0,
    "Oastr": 0.1678900515383414,
    "Ocomprank": 231,
    "Ocorrdastr": 0.14057400441419027,
    "Ocorrdeff": 106.91222522306573,
    "Ocorrdeffrank": 232,
    "Ocorrdefgp": 0.505887585433074,
    "Ocorrdftr": 0.35633846479076264,
    "Ocorrdorbp": 0.28954071143340815,
    "Ocorrdtovr": 0.14513879858395842,
    "Ocorroastr": 0.14223801333215197,
    "Ocorroeff": 106.37597199433007,
    "Ocorroeffrank": 158,
    "Ocorroefgp": 0.501619919589972,
    "Ocorroftr": 0.3493200560257662,
    "Ocorroorbp": 0.2998553318418595,
    "Ocorrotovr": 0.142750614843246,
    "Oeff": 114.02990684313673,
    "Oefgp": 0.52906548933039,
    "Oftr": 0.26416482707873434,
    "Oneteff": -0.5362532287356601,
    "Oneteffrank": 181,
    "Oorbp": 0.29532967032967034,
    "Oposs": 1489.96,
    "Otovr": 0.11026651651651652,
    "SoR": 0.0,
    "SoRrank": 144,
    "TAst": 254.0,
    "TBlk": 56.0,
    "TDR": 513.0,
    "TFGA": 1270.0,
    "TFGA3": 438.0,
    "TFGM": 541.0,
    "TFGM3": 141.0,
    "TFTA": 418.0,
    "TFTM": 286.0,
    "TOR": 231.0,
    "TPF": 299.0,
    "TScore": 1509.0,
    "TStl": 105.0,
    "TTO": 257.0,
    "Tastr": 0.129267349306842,
    "Tcorrdastr": 0.17221466947531566,
    "Tcorrdastrrank": 338,
    "Tcorrdeff": 113.40694082880351,
    "Tcorrdeffrank": 304,
    "Tcorrdefgp": 0.5355818740378656,
    "Tcorrdefgprank": 280,
    "Tcorrdftr": 0.2533283199494331,
    "Tcorrdftrrank": 23,
    "Tcorrdorbp": 0.2836637048208245,
    "Tcorrdorbprank": 179,
    "Tcorrdtovr": 0.11580604205542676,
    "Tcorrdtovrrank": 351,
    "Tcorroastr": 0.13418834296005244,
    "Tcorroastrrank": 247,
    "Tcorroeff": 100.90908863650431,
    "Tcorroeffrank": 249,
    "Tcorroefgp": 0.48351447203898884,
    "Tcorroefgprank": 257,
    "Tcorroftr": 0.3103035725217655,
    "Tcorroftrrank": 243,
    "Tcorroorbp": 0.31599386725490713,
    "Tcorroorbprank": 107,
    "Tcorrotovr": 0.1551468961055353,
    "Tcorrotovrrank": 221,
    "Teff": 101.96497107951781,
    "Tefgp": 0.481496062992126,
    "Tftr": 0.3291338582677165,
    "Tneteff": -12.497852192299206,
    "Tneteffrank": 293,
    "Torbp": 0.3168724279835391,
    "Tposs": 1479.92,
    "Ttovr": 0.15021158207280294,
    "closses": 6,
    "confplace": 10,
    "cwins": 4,
    "dates": [
        [
            11,
            4
        ],
        [
            11,
            8
        ],
        [
            11,
            13
        ],
        [
            11,
            22
        ],
        [
            11,
            26
        ],
        [
            11,
            27
        ],
        [
            11,
            29
        ],
        [
            12,
            6
        ],
        [
            12,
            14
        ],
        [
            12,
            17
        ],
        [
            12,
            21
        ],
        [
            12,
            28
        ],
        [
            1,
            2
        ],
        [
            1,
            4
        ],
        [
            1,
            8
        ],
        [
            1,
            11
        ],
        [
            1,
            15
        ],
        [
            1,
            18
        ],
        [
            1,
            23
        ],
        [
            1,
            25
        ],
        [
            1,
            30
        ]
    ],
    "geff": [
        [
            106.47870425914816,
            93.53741496598639
        ],
        [
            89.1891891891892,
            133.9522546419098
        ],
        [
            89.14316125598724,
            99.33774834437085
        ],
        [
            147.61904761904762,
            121.46371463714635
        ],
        [
            80.48937540244688,
            97.85353535353535
        ],
        [
            105.53337136337706,
            101.66093928980527
        ],
        [
            97.68637532133677,
            133.45195729537366
        ],
        [
            105.47945205479452,
            105.35900104058273
        ],
        [
            90.30963302752293,
            108.69565217391303
        ],
        [
            79.94579945799458,
            136.16557734204792
        ],
        [
            86.89024390243904,
            118.46153846153847
        ],
        [
            99.76525821596245,
            98.22910902047593
        ],
        [
            83.38783518639634,
            124.91888384166126
        ],
        [
            130.77351140790208,
            97.929490766648
        ],
        [
            102.24438902743142,
            96.248766041461
        ],
        [
            120.64752596212583,
            112.94261294261295
        ],
        [
            109.52902519167579,
            129.26292629262926
        ],
        [
            77.38719832109129,
            118.31848552338529
        ],
        [
            111.20495495495494,
            132.87117273252457
        ],
        [
            118.4052757793765,
            129.12912912912915
        ],
        [
            113.39381003201706,
            106.46687697160884
        ]
    ],
    "losses": 14,
    "nOT": [
        0,
        0,
        0,
        0,
        0,
        0,
        0,
        0,
        0,
        0,
        0,
        0,
        0,
        0,
        1,
        0,
        0,
        0,
        0,
        0,
        0
    ],
    "pace": 70.46782884450039,
    "poss": [
        [
            66.68,
            70.56
        ],
        [
            74.0,
            75.4
        ],
        [
            75.16,
            72.48
        ],
        [
            63.0,
            65.04
        ],
        [
            62.12,
            63.36
        ],
        [
            70.12,
            69.84
        ],
        [
            77.8,
            78.68
        ],
        [
            73.0,
            76.88
        ],
        [
            69.76,
            70.84
        ],
        [
            73.8,
            73.44
        ],
        [
            65.6,
            65.0
        ],
        [
            68.16,
            72.28
        ],
        [
            61.16,
            61.64
        ],
        [
            71.88,
            71.48
        ],
        [
            80.2,
            81.04
        ],
        [
            65.48,
            65.52
        ],
        [
            73.04,
            72.72
        ],
        [
            76.24,
            71.84
        ],
        [
            71.04,
            69.24
        ],
        [
            66.72,
            66.6
        ],
        [
            74.96000000000001,
            76.08
        ]
    ],
    "preseason_pace": 68.38223119231483,
    "preseason_pred": -6.2706173159535945,
    "preseason_predd": 110.43188174849351,
    "preseason_predo": 104.16126443253991,