{
    "CompRank": 186,
    "CompositeDef": 106.04607568454915,
    "CompositeOff": 104.06653946112739,
    "CompositePace": 69.70018452019713,
    "CompositeRating": -1.9795362234217604,
    "HA": [
        "A",
        "A",
        "H",
        "H",
        "A",
        "A",
        "A",
        "A",
        "A",
        "H",
        "A",
        "A",
        "H",
        "H",
        "A"
    ],
    "OAst": 203.0,
    "OAvgCompRat": -0.8626589897208679,
    "OBlk": 63.0,
    "ODR": 369.0,
    "OFGA": 905.0,
    "OFGA3": 333.0,
    "OFGM": 406.0,
    "OFGM3": 98.0,
    "OFTA": 350.0,
    "OFTM": 242.0,
    "OOR": 133.0,
    "OPF": 251.0,
    "OScore": 1152.0,
    "OStl": 83.0,
    "OTO": 146.0,
    "Oastr": 0.14417613636363635,
    "Ocomprank": 218,
    "Ocorrdastr": 0.14338311270455345,
    "Ocorrdeff": 105.3260026209037,
    "Ocorrdeffrank": 265,
    "Ocorrdefgp": 0.5111213191621087,
    "Ocorrdftr": 0.35122179165474576,
    "Ocorrdorbp": 0.2859612088353018,
    "Ocorrdtovr": 0.146069933265393,
    "Ocorroastr": 0.1408823950254581,
    "Ocorroeff": 105.32788662523755,
    "Ocorroeffrank": 116,
    "Ocorroefgp": 0.5079300405410138,
    "Ocorroftr": 0.30746965764051204,
    "Ocorroorbp": 0.2711151877425635,
    "Ocorrotovr": 0.14849591461477105,
    "Oeff": 107.46268656716418,
    "Oefgp": 0.5027624309392266,
    "Oftr": 0.3867403314917127,
    "Oneteff": 0.0018840043338599344,
    "Oneteffrank": 180,
    "Oorbp": 0.2644135188866799,
    "Oposs": 1072.0,
    "Otovr": 0.12116182572614108,
    "SoR": 0.0,
    "SoRrank": 190,
    "TAst": 175.0,
    "TBlk": 35.0,
    "TDR": 370.0,
    "TFGA": 959.0,
    "TFGA3": 335.0,
    "TFGM": 417.0,
    "TFGM3": 106.0,
    "TFTA": 273.0,
    "TFTM": 206.0,
    "TOR": 147.0,
    "TPF": 269.0,
    "TScore": 1146.0,
    "TStl": 81.0,
    "TTO": 146.0,
    "Tastr": 0.12498928663257436,
    "Tcorrdastr": 0.1454755969719675,
    "Tcorrdastrrank": 206,
    "Tcorrdeff": 106.2038631155158,
    "Tcorrdeffrank": 219,
    "Tcorrdefgp": 0.49766649308831534,
    "Tcorrdefgprank": 154,
    "Tcorrdftr": 0.4168725217115744,
    "Tcorrdftrrank": 325,
    "Tcorrdorbp": 0.27036406350627795,
    "Tcorrdorbprank": 158,
    "Tcorrdtovr": 0.1220151132459758,
    "Tcorrdtovrrank": 329,
    "Tcorroastr": 0.12404254160375233,
    "Tcorroastrrank": 285,
    "Tcorroeff": 105.05721128672799,
    "Tcorroeffrank": 163,
    "Tcorroefgp": 0.4823056818679513,
    "Tcorroefgprank": 245,
    "Tcorroftr": 0.26947504981313264,
    "Tcorroftrrank": 315,
    "Tcorroorbp": 0.2768114852533055,
    "Tcorroorbprank": 174,
    "Tcorrotovr": 0.12199361968264967,
    "Tcorrotovrrank": 29,
    "Teff": 106.2961451415427,
    "Tefgp": 0.49009384775808135,
    "Tftr": 0.2846715328467153,
    "Tneteff": -1.1466518287878102,
    "Tneteffrank": 183,
    "Torbp": 0.28488372093023256,
    "Tposs": 1078.12,
    "Ttovr": 0.11917199947760221,
    "closses": 2,
    "confplace": 4,
    "cwins": 4,
    "dates": [
        [
            11,
            6
        ],
        [
            11,
            11
        ],
        [
            11,
            17
        ],
        [
            11,
            19
        ],
        [
            11,
            22
        ],
        [
            11,
            25
        ],
        [
            12,
            2
        ],
        [
            12,
            9
        ],
        [
            12,
            16
        ],
        [
            12,
            30
        ],
        [
            1,
            4
        ],
        [
            1,
            6
        ],
        [
            1,
            11
        ],
        [
            1,
            13
        ],
        [
            1,
            17
        ]
    ],
    "geff": [
        [
            109.90399191510865,
            116.06677099634845
        ],
        [
            113.63636363636363,
            105.23150932050511
        ],
        [
            83.20332813312532,
            100.63254744105808
        ],
        [
            129.03225806451613,
            107.48185371300949
        ],
        [
            110.76703191996188,
            100.9421265141319
        ],
        [
            89.90536277602524,
            104.30038510911425
        ],
        [
            100.10400416016641,
            124.57531143827859
        ],
        [
            103.51966873706004,
            104.98687664041995
        ],
        [
            79.97630331753554,
            128.6654697785757
        ],
        [
            131.27524523946914,
            124.86126526082131
        ],
        [
            90.97706879361915,
            97.62728620860109
        ],
        [
            126.12107623318386,
            105.03040353786622
        ],
        [
            108.38963963963963,
            99.31895573212259
        ],
        [
            123.55848434925865,
            83.4679590737749
        ],
        [
            95.07829977628636,
            112.49259917110716
        ]
    ],
    "losses": 8,
    "nOT": [
        0,
        0,
        0,
        0,
        1,
        0,
        0,
        0,
        0,
        0,
        0,
        0,
        0,
        0,
        0
    ],
    "pace": 69.97524385014827,
    "poss": [
        [
            79.16,
            76.68
        ],
        [
            67.76,
            66.52
        ],
        [
            76.92,
            69.56
        ],
        [
            68.2,
            71.64
        ],
        [
            83.96000000000001,
            89.16
        ],
        [
            63.4,
            62.32
        ],
        [
            76.92,
            70.64
        ],
        [
            57.96,
            60.96
        ],
        [
            67.52000000000001,
            66.84
        ],
        [
            69.32,
            72.08
        ],
        [
            80.24,
            80.92
        ],
        [
            71.36,
            72.36
        ],
        [
            71.04,
            70.48
        ],
        [
            72.84,
            74.28
        ],
        [
            71.52,
            67.56
        ]
    ],
    "preseason_pace": 67.97762546637809,
    "preseason_pred": -7.195474744816874,
    "preseason_predd": 105.05793189812054,
    "preseason_predo": 97.86245715330367,
    "schedule": [
        "belmont",
        "western-michigan",
        "northern-illinois",
        "arkansas-little-rock",
        "arkansas-little-rock",
        "charlotte",
        "kennesaw-state",
        "mercer",
        "brigham-young",
        "arkansas-state",
        "southern-mississippi",
        "south-alabama",
        "old-dominion",
        "georgia-southern",
        "appalachian-state"
    ],
    "scores": [
        [
            87,
            89
        ],
        [
            77,
            70
        ],
        [
            64,
            70
        ],
        [
            88,
            77
        ],
        [
            93,
            90
        ],
        [
            57,
            65
        ],
        [
            77,
            88
        ],
        [
            60,
            64
        ],
        [
            54,
            86
        ],
        [
            91,
            90
        ],
        [
            73,
            79
        ],
        [
            90,
            76
        ],
        [
            77,
            70
        ],
        [
            90,
            62
        ],
        [
            68,
            76
        ]
    ],
    "wins": 7
}