{
    "CompRank": 64,
    "CompositeDef": 97.02848179472343,
    "CompositeOff": 110.61120043840201,
    "CompositePace": 68.19472424591827,
    "CompositeRating": 13.582718643678577,
    "HA": [
        "H",
        "A",
        "N",
        "N",
        "H",
        "N",
        "A",
        "A",
        "H",
        "H",
        "N",
        "H",
        "H",
        "H",
        "A",
        "A",
        "H",
        "H",
        "H",
        "A",
        "A",
        "H",
        "H",
        "A",
        "H"
    ],
    "OAst": 272.0,
    "OAvgCompRat": -2.7776986025795773,
    "OBlk": 50.0,
    "ODR": 528.0,
    "OFGA": 1324.0,
    "OFGA3": 514.0,
    "OFGM": 562.0,
    "OFGM3": 173.0,
    "OFTA": 492.0,
    "OFTM": 341.0,
    "OOR": 157.0,
    "OPF": 387.0,
    "OScore": 1638.0,
    "OStl": 154.0,
    "OTO": 347.0,
    "Oastr": 0.1259562487265453,
    "Ocomprank": 271,
    "Ocorrdastr": 0.1438215348959412,
    "Ocorrdeff": 106.85727366452737,
    "Ocorrdeffrank": 293,
    "Ocorrdefgp": 0.5091644577067295,
    "Ocorrdftr": 0.33278573767523684,
    "Ocorrdorbp": 0.27420043979786035,
    "Ocorrdtovr": 0.14477580349126074,
    "Ocorroastr": 0.14554663986898891,
    "Ocorroeff": 102.30542080960613,
    "Ocorroeffrank": 299,
    "Ocorroefgp": 0.5040266917824321,
    "Ocorroftr": 0.333966775702246,
    "Ocorroorbp": 0.27200582324806694,
    "Ocorrotovr": 0.15225193718746868,
    "Oeff": 94.65581803892562,
    "Oefgp": 0.4898036253776435,
    "Oftr": 0.3716012084592145,
    "Oneteff": -4.551852854921236,
    "Oneteffrank": 300,
    "Oorbp": 0.2101740294511379,
    "Oposs": 1730.48,
    "Otovr": 0.18384300760802763,
    "SoR": 24.91181847169304,
    "SoRrank": 68,
    "TAst": 381.0,
    "TBlk": 89.0,
    "TDR": 590.0,
    "TFGA": 1475.0,
    "TFGA3": 588.0,
    "TFGM": 713.0,
    "TFGM3": 198.0,
    "TFTA": 386.0,
    "TFTM": 300.0,
    "TOR": 230.0,
    "TPF": 407.0,
    "TScore": 1924.0,
    "TStl": 222.0,
    "TTO": 291.0,
    "Tastr": 0.16444812762210595,
    "Tcorrdastr": 0.12318403020687488,
    "Tcorrdastrrank": 46,
    "Tcorrdeff": 96.98837006457369,
    "Tcorrdeffrank": 46,
    "Tcorrdefgp": 0.49014339116522804,
    "Tcorrdefgprank": 122,
    "Tcorrdftr": 0.36896662378841716,
    "Tcorrdftrrank": 276,
    "Tcorrdorbp": 0.2149501181336935,
    "Tcorrdorbprank": 11,
    "Tcorrdtovr": 0.1794003802956289,
    "Tcorrdtovrrank": 24,
    "Tcorroastr": 0.16288781331198088,
    "Tcorroastrrank": 63,
    "Tcorroeff": 110.64324597797507,
    "Tcorroeffrank": 84,
    "Tcorroefgp": 0.5454874813647694,
    "Tcorroefgprank": 58,
    "Tcorroftr": 0.26154241805436,
    "Tcorroftrrank": 333,
    "Tcorroorbp": 0.3085786234063157,
    "Tcorroorbprank": 83,
    "Tcorrotovr": 0.15427250592079014,
    "Tcorrotovrrank": 225,
    "Teff": 112.78900717535056,
    "Tefgp": 0.5505084745762712,
    "Tftr": 0.26169491525423727,
    "Tneteff": 13.654875913401384,
    "Tneteffrank": 65,
    "Torbp": 0.3034300791556728,
    "Tposs": 1705.84,
    "Ttovr": 0.15032234068931316,
    "closses": 2,
    "confplace": 2,
    "cwins": 9,
    "dates": [
        [
            11,
            9
        ],
        [
            11,
            12
        ],
        [
            11,
            17
        ],
        [
            11,
            19
        ],
        [
            11,
            22
        ],
        [
            11,
            26
        ],
        [
            12,
            3
        ],
        [
            12,
            6
        ],
        [
            12,
            11
        ],
        [
            12,
            13
        ],
        [
            12,
            16
        ],
        [
            12,
            20
        ],
        [
            12,
            22
        ],
        [
            12,
            30
        ],
        [
            1,
            4
        ],
        [
            1,
            11
        ],
        [
            1,
            13
        ],
        [
            1,
            18
        ],
        [
            1,
            20
        ],
        [
            1,
            25
        ],
        [
            1,
            27
        ],
        [
            2,
            1
        ],
        [
            2,
            3
        ],
        [
            2,
            8
        ],
        [
            2,
            10
        ]
    ],
    "geff": [
        [
            122.66355140186916,
            76.92307692307693
        ],
        [
            87.50754375377187,
            92.48385202583675
        ],
        [
            92.92720702116675,
            103.09278350515464
        ],
        [
            106.64229128580133,
            86.26198083067092
        ],
        [
            113.77245508982037,
            84.6979107848673
        ],
        [
            125.57832121612691,
            89.78328173374614
        ],
        [
            82.25458468176915,
            96.98275862068967
        ],
        [
            119.750656167979,
            89.60573476702508
        ],
        [
            122.76140958983248,
            101.06681639528354
        ],
        [
            98.91512444160817,
            89.17775090689238
        ],
        [
            78.63501483679525,
            81.9672131147541
        ],
        [
            138.63497867154175,
            73.99883923389437
        ],
        [
            116.52542372881356,
            86.05072463768114
        ],
        [
            157.2112098427888,
            69.39854593522801
        ],
        [
            122.14551248008499,
            115.36444677503933
        ],
        [
            124.25149700598803,
            86.49093904448105
        ],
        [
            127.32095490716179,
            95.99332220367279
        ],
        [
            134.1681574239714,
            109.98810939357907
        ],
        [
            90.41591320072332,
            118.17065684469
        ],
        [
            99.77827050997783,
            113.30194231901118
        ],
        [
            98.80395215808632,
            80.8489135927236
        ],
        [
            124.60650577124869,
            102.86458333333334
        ],
        [
            116.3133097762073,
            100.606394707828
        ],
        [
            116.48223645894,
            108.63182618907808
        ],
        [
            112.55548509828789,
            108.0246913580247
        ]
    ],
    "losses": 6,
    "nOT": [
        0,
        0,
        0,
        0,
        0,
        0,
        0,
        0,
        0,
        0,
        0,
        0,
        0,
        0,
        1,
        0,
        0,
        0,
        0,
        0,
        0,
        0,
        0,
        0,
        0
    ],
    "pace": 68.18733228829531,