{
    "CompRank": 65,
    "CompositeDef": 97.27167759911374,
    "CompositeOff": 111.56055476289136,
    "CompositePace": 68.23649973651276,
    "CompositeRating": 14.288877163777613,
    "HA": [
        "H",
        "H",
        "H",
        "H",
        "N",
        "N",
        "N",
        "H",
        "H",
        "N",
        "A",
        "H",
        "H",
        "H",
        "A",
        "A",
        "H",
        "A",
        "A",
        "H",
        "A",
        "H",
        "H",
        "H",
        "A",
        "A",
        "A",
        "H",
        "A",
        "H"
    ],
    "OAst": 339.0,
    "OAvgCompRat": 2.3279630090762518,
    "OBlk": 75.0,
    "ODR": 705.0,
    "OFGA": 1689.0,
    "OFGA3": 597.0,
    "OFGM": 736.0,
    "OFGM3": 168.0,
    "OFTA": 598.0,
    "OFTM": 421.0,
    "OOR": 251.0,
    "OPF": 442.0,
    "OScore": 2061.0,
    "OStl": 193.0,
    "OTO": 371.0,
    "Oastr": 0.12734211831172149,
    "Ocomprank": 101,
    "Ocorrdastr": 0.1409749158348578,
    "Ocorrdeff": 105.50000248129503,
    "Ocorrdeffrank": 128,
    "Ocorrdefgp": 0.4968180173866195,
    "Ocorrdftr": 0.3203671584854753,
    "Ocorrdorbp": 0.27689981444943407,
    "Ocorrdtovr": 0.1444351528640682,
    "Ocorroastr": 0.16129348203863944,
    "Ocorroeff": 108.92370392235512,
    "Ocorroeffrank": 92,
    "Ocorroefgp": 0.5341236579322237,
    "Ocorroftr": 0.32841707777757867,
    "Ocorroorbp": 0.2986172414388123,
    "Ocorrotovr": 0.152980855601102,
    "Oeff": 99.46335154334692,
    "Oefgp": 0.4854943753700414,
    "Oftr": 0.3540556542332741,
    "Oneteff": 3.4237014410600892,
    "Oneteffrank": 99,
    "Oorbp": 0.2628272251308901,
    "Oposs": 2072.12,
    "Otovr": 0.15969902544853473,
    "SoR": 30.597893468114712,
    "SoRrank": 50,
    "TAst": 412.0,
    "TBlk": 103.0,
    "TDR": 704.0,
    "TFGA": 1725.0,
    "TFGA3": 760.0,
    "TFGM": 789.0,
    "TFGM3": 258.0,
    "TFTA": 616.0,
    "TFTM": 439.0,
    "TOR": 275.0,
    "TPF": 492.0,
    "TScore": 2275.0,
    "TStl": 200.0,
    "TTO": 338.0,
    "Tastr": 0.15003423111098163,
    "Tcorrdastr": 0.11567120792855706,
    "Tcorrdastrrank": 16,
    "Tcorrdeff": 97.27167759911374,
    "Tcorrdeffrank": 45,
    "Tcorrdefgp": 0.46361126871115715,
    "Tcorrdefgprank": 40,
    "Tcorrdftr": 0.3576276797380867,
    "Tcorrdftrrank": 252,
    "Tcorrdorbp": 0.25338466706350615,
    "Tcorrdorbprank": 53,
    "Tcorrdtovr": 0.1550311008895945,
    "Tcorrdtovrrank": 123,
    "Tcorroastr": 0.1559468849688265,
    "Tcorroastrrank": 119,
    "Tcorroeff": 111.56055476289136,
    "Tcorroeffrank": 90,
    "Tcorroefgp": 0.5464649857915904,
    "Tcorroefgprank": 75,
    "Tcorroftr": 0.3707738199305086,
    "Tcorroftrrank": 81,
    "Tcorroorbp": 0.2924636686315034,
    "Tcorroorbprank": 178,
    "Tcorrotovr": 0.14889831128525746,
    "Tcorrotovrrank": 194,
    "Teff": 110.48838293573705,
    "Tefgp": 0.5321739130434783,
    "Tftr": 0.3571014492753623,
    "Tneteff": 14.288877163777613,
    "Tneteffrank": 65,
    "Torbp": 0.28061224489795916,
    "Tposs": 2059.04,
    "Ttovr": 0.14481328511936387,
    "closses": 5,
    "confplace": 3,
    "cwins": 13,
    "dates": [
        [
            11,
            5
        ],
        [
            11,
            9
        ],
        [
            11,
            13
        ],
        [
            11,
            16
        ],
        [
            11,
            21
        ],
        [
            11,
            25
        ],
        [
            11,
            26
        ],
        [
            12,
            1
        ],
        [
            12,
            5
        ],
        [
            12,
            15
        ],
        [
            12,
            18
        ],
        [
            12,
            21
        ],
        [
            12,
            28
        ],
        [
            12,
            30
        ],
        [
            1,
            2
        ],
        [
            1,
            4
        ],
        [
            1,
            9
        ],
        [
            1,
            11
        ],
        [
            1,
            16
        ],
        [
            1,
            18
        ],
        [
            1,
            23
        ],
        [
            1,
            25
        ],
        [
            2,
            1
        ],
        [
            2,
            6
        ],
        [
            2,
            8
        ],
        [
            2,
            13
        ],
        [
            2,
            15
        ],
        [
            2,
            20
        ],
        [
            2,
            26
        ],
        [
            3,
            1
        ]
    ],
    "geff": [
        [
            105.75504181013282,
            95.58823529411765
        ],
        [
            126.58227848101266,
            106.16637579988364
        ],
        [
            124.70308788598575,
            78.80910683012257
        ],
        [
            114.71740346950195,
            49.57127545551983
        ],
        [
            86.62696264212236,
            93.61233480176212
        ],
        [
            88.59536082474227,
            114.00651465798046
        ],
        [
            136.8319381841597,
            96.73518742442565
        ],
        [
            132.54113345521023,
            91.72885572139305
        ],
        [
            113.30621731551423,
            83.60745614035086
        ],
        [
            103.93873085339168,
            89.09287257019439
        ],
        [
            87.76741634668129,
            92.90540540540542
        ],
        [
            113.34610472541507,
            104.62211118051219
        ],
        [
            107.6260762607626,
            82.48350329934013
        ],
        [
            117.37657308809293,
            117.85356068204614
        ],
        [
            140.73371283997471,
            128.81679389312976
        ],
        [
            110.63140852671343,
            128.09684684684686
        ],
        [
            124.08088235294117,
            107.97840431913616
        ],
        [
            74.70946319867183,
            113.50235849056604
        ],
        [
            118.13349084465446,
            92.48385202583675
        ],
        [
            129.89095574085954,
            101.80337405468295
        ],
        [
            81.21019108280255,
            116.08894702419883
        ],
        [
            121.54861944777912,
            96.7470555243971
        ],
        [
            108.00691244239631,
            72.36095346197503
        ],
        [
            99.93849938499385,
            99.93753903810118
        ],
        [
            107.6555023923445,
            99.0990990990991
        ],
        [
            112.63897015798713,
            122.01885745978923
        ],
        [
            112.0,
            82.07750269106567
        ],
        [
            100.28248587570621,
            84.99413833528723
        ],
        [
            113.01160659743432,
            115.08951406649616
        ],
        [
            110.03521126760565,
            136.9665513264129
        ]
    ],
    "losses": 8,
    "nOT": [
        0,
        0,
        0,
        0,
        0,
        0,
        0,
        0,
        0,
        0,
        0,
        0,
        0,
        1,
        0,
        0,
        0,
        0,
        0,
        0,
        0,
        0,
        0,
        0,
        0,
        0,
        0,
        0,
        0,
        0
    ],
    "pace": 68.23649973651276,