{
    "CompRank": 286,
    "CompositeDef": 106.35974943102794,
    "CompositeOff": 95.55587231875556,
    "CompositePace": 66.35543599207254,
    "CompositeRating": -10.803877112272382,
    "HA": [
        "A",
        "A"
    ],
    "OAst": 38.0,
    "OAvgCompRat": 23.114548122924045,
    "OBlk": 6.0,
    "ODR": 47.0,
    "OFGA": 99.0,
    "OFGA3": 45.0,
    "OFGM": 57.0,
    "OFGM3": 23.0,
    "OFTA": 62.0,
    "OFTM": 46.0,
    "OOR": 14.0,
    "OPF": 37.0,
    "OScore": 183.0,
    "OStl": 11.0,
    "OTO": 24.0,
    "Oastr": 0.20182706607180795,
    "Ocomprank": 4,
    "Ocorrdastr": 0.12637819396973132,
    "Ocorrdeff": 95.0904381917916,
    "Ocorrdeffrank": 63,
    "Ocorrdefgp": 0.4830769486163324,
    "Ocorrdftr": 0.24938325851722726,
    "Ocorrdorbp": 0.2705878645246489,
    "Ocorrdtovr": 0.1452879933218661,
    "Ocorroastr": 0.17319404093683716,
    "Ocorroeff": 118.70869101292683,
    "Ocorroeffrank": 5,
    "Ocorroefgp": 0.5727977816960395,
    "Ocorroftr": 0.3466105248229152,
    "Ocorroorbp": 0.25650573655743597,
    "Ocorrotovr": 0.15564206850956547,
    "Oeff": 134.28235984737304,
    "Oefgp": 0.6919191919191919,
    "Oftr": 0.6262626262626263,
    "Oneteff": 23.61825282113523,
    "Oneteffrank": 14,
    "Oorbp": 0.30434782608695654,
    "Oposs": 136.28,
    "Otovr": 0.15970188980569602,
    "SoR": 0.0,
    "SoRrank": 272,
    "TAst": 20.0,
    "TBlk": 5.0,
    "TDR": 32.0,
    "TFGA": 113.0,
    "TFGA3": 38.0,
    "TFGM": 46.0,
    "TFGM3": 8.0,
    "TFTA": 29.0,
    "TFTM": 22.0,
    "TOR": 17.0,
    "TPF": 51.0,
    "TScore": 122.0,
    "TStl": 10.0,
    "TTO": 30.0,
    "Tastr": 0.1137915339098771,
    "Tcorrdastr": 0.16143493686297763,
    "Tcorrdastrrank": 290,
    "Tcorrdeff": 116.52666337917427,
    "Tcorrdeffrank": 331,
    "Tcorrdefgp": 0.6034029519849918,
    "Tcorrdefgprank": 344,
    "Tcorrdftr": 0.6319388197309459,
    "Tcorrdftrrank": 355,
    "Tcorrdorbp": 0.3353203434162221,
    "Tcorrdorbprank": 291,
    "Tcorrdtovr": 0.15814913957671253,
    "Tcorrdtovrrank": 156,
    "Tcorroastr": 0.12349277124305592,
    "Tcorroastrrank": 244,
    "Tcorroeff": 94.51357782486448,
    "Tcorroeffrank": 274,
    "Tcorroefgp": 0.4552128066055968,
    "Tcorroefgprank": 268,
    "Tcorroftr": 0.35668345463275297,
    "Tcorroftrrank": 151,
    "Tcorroorbp": 0.27867603769789145,
    "Tcorroorbprank": 176,
    "Tcorrotovr": 0.20376707889004606,
    "Tcorrotovrrank": 334,
    "Teff": 87.92159123666764,
    "Tefgp": 0.4424778761061947,
    "Tftr": 0.25663716814159293,
    "Tneteff": -22.013085554309782,
    "Tneteffrank": 333,
    "Torbp": 0.265625,
    "Tposs": 138.76,
    "Ttovr": 0.1926040061633282,
    "closses": 0,
    "confplace": 1,
    "cwins": 0,
    "dates": [
        [
            11,
            14
        ],
        [
            11,
            17
        ]
    ],
    "geff": [
        [
            89.1812865497076,
            146.3630987581313
        ],
        [
            86.69698692438885,
            122.37762237762237
        ]
    ],
    "losses": 2,
    "nOT": [
        0,
        0
    ],
    "pace": 67.54719834175742,
    "poss": [
        [
            68.4,
            67.64
        ],
        [
            70.36,
            68.64
        ]
    ],
    "preseason_pace": 66.2246527438218,
    "preseason_pred": -9.5737856508691,
    "preseason_predd": 105.244038709695,
    "preseason_predo": 95.6702530588259,
    "schedule": [
        "baylor",
        "colorado-state"
    ],
    "scores": [
        [
            61,
            99
        ],
        [
            61,
            84
        ]
    ],
    "wins": 0
}