{
    "CompRank": 344,
    "CompositeDef": 115.8635942238073,
    "CompositeOff": 95.73656245046791,
    "CompositePace": 71.56349821768023,
    "CompositeRating": -20.127031773339382,
    "HA": [
        "A",
        "A",
        "A",
        "N",
        "N",
        "A",
        "A",
        "H",
        "H",
        "A",
        "H",
        "A",
        "A",
        "A",
        "H",
        "A",
        "H",
        "A",
        "A",
        "A",
        "H",
        "A",
        "A",
        "H",
        "H",
        "H",
        "H"
    ],
    "OAst": 368.0,
    "OAvgCompRat": -4.836523117628761,
    "OBlk": 102.0,
    "ODR": 648.0,
    "OFGA": 1630.0,
    "OFGA3": 530.0,
    "OFGM": 756.0,
    "OFGM3": 186.0,
    "OFTA": 668.0,
    "OFTM": 464.0,
    "OOR": 336.0,
    "OPF": 441.0,
    "OScore": 2162.0,
    "OStl": 223.0,
    "OTO": 345.0,
    "Oastr": 0.13955675560881634,
    "Ocomprank": 311,
    "Ocorrdastr": 0.1521236261246435,
    "Ocorrdeff": 107.08339209326135,
    "Ocorrdeffrank": 237,
    "Ocorrdefgp": 0.5241250644058881,
    "Ocorrdftr": 0.35913076711112524,
    "Ocorrdorbp": 0.30130223160074554,
    "Ocorrdtovr": 0.15581475255987284,
    "Ocorroastr": 0.1299283631663476,
    "Ocorroeff": 101.78914791227672,
    "Ocorroeffrank": 307,
    "Ocorroefgp": 0.4779806532435992,
    "Ocorroftr": 0.3321109036367908,
    "Ocorroorbp": 0.2908031161032221,
    "Ocorrotovr": 0.15555180595925397,
    "Oeff": 111.85149928605425,
    "Oefgp": 0.5208588957055215,
    "Oftr": 0.4098159509202454,
    "Oneteff": -5.294244180984634,
    "Oneteffrank": 292,
    "Oorbp": 0.36363636363636365,
    "Oposs": 1932.92,
    "Otovr": 0.15205472207041235,
    "SoR": 0.0,
    "SoRrank": 137,
    "TAst": 304.0,
    "TBlk": 84.0,
    "TDR": 588.0,
    "TFGA": 1598.0,
    "TFGA3": 436.0,
    "TFGM": 695.0,
    "TFGM3": 124.0,
    "TFTA": 495.0,
    "TFTM": 376.0,
    "TOR": 256.0,
    "TPF": 450.0,
    "TScore": 1890.0,
    "TStl": 169.0,
    "TTO": 384.0,
    "Tastr": 0.12141544851825224,
    "Tcorrdastr": 0.15347651032517642,
    "Tcorrdastrrank": 266,
    "Tcorrdeff": 115.8635942238073,
    "Tcorrdeffrank": 349,
    "Tcorrdefgp": 0.5511158608640625,
    "Tcorrdefgprank": 338,
    "Tcorrdftr": 0.4080485479104865,
    "Tcorrdftrrank": 323,
    "Tcorrdorbp": 0.34988602296103694,
    "Tcorrdorbprank": 353,
    "Tcorrdtovr": 0.1445498303717001,
    "Tcorrdtovrrank": 196,
    "Tcorroastr": 0.11411750246557155,
    "Tcorroastrrank": 337,
    "Tcorroeff": 95.73656245046791,
    "Tcorroeffrank": 324,
    "Tcorroefgp": 0.4571825645847545,
    "Tcorroefgprank": 321,
    "Tcorroftr": 0.28601670957704833,
    "Tcorroftrrank": 295,
    "Tcorroorbp": 0.2636317409878391,
    "Tcorroorbprank": 223,
    "Tcorrotovr": 0.1656744768677246,
    "Tcorrotovrrank": 301,
    "Teff": 97.23222553760675,
    "Tefgp": 0.4737171464330413,
    "Tftr": 0.3097622027534418,
    "Tneteff": -20.127031773339382,
    "Tneteffrank": 344,
    "Torbp": 0.2831858407079646,
    "Tposs": 1943.8,
    "Ttovr": 0.17456132375670513,
    "closses": 7,
    "confplace": 5,
    "cwins": 7,
    "dates": [
        [
            11,
            6
        ],
        [
            11,
            15
        ],
        [
            11,
            18
        ],
        [
            11,
            21
        ],
        [
            11,
            22
        ],
        [
            11,
            26
        ],
        [
            11,
            29
        ],
        [
            12,
            3
        ],
        [
            12,
            6
        ],
        [
            12,
            18
        ],
        [
            12,
            22
        ],
        [
            12,
            27
        ],
        [
            12,
            31
        ],
        [
            1,
            6
        ],
        [
            1,
            8
        ],
        [
            1,
            20
        ],
        [
            1,
            27
        ],
        [
            1,
            29
        ],
        [
            2,
            3
        ],
        [
            2,
            5
        ],
        [
            2,
            17
        ],
        [
            2,
            19
        ],
        [
            2,
            24
        ],
        [
            2,
            26
        ],
        [
            3,
            2
        ],
        [
            3,
            4
        ],
        [
            3,
            7
        ]
    ],
    "geff": [
        [
            72.30392156862746,
            158.27711468604048
        ],
        [
            90.09009009009009,
            114.41346659652814
        ],
        [
            71.22507122507122,
            136.04447045055588
        ],
        [
            99.50248756218906,
            117.27688787185355
        ],
        [
            104.11440040140492,
            103.4992607195663
        ],
        [
            92.6517571884984,
            108.41423948220066
        ],
        [
            83.80681818181817,
            113.03581914268936
        ],
        [
            79.08611599297012,
            129.87012987012986
        ],
        [
            115.81067472306144,
            99.15716410510659
        ],
        [
            110.08111239860949,
            118.03185437997726
        ],
        [
            98.32197168327215,
            114.45473251028805
        ],
        [
            71.42857142857143,
            123.74686716791979
        ],
        [
            72.68239166209544,
            98.29059829059828
        ],
        [
            103.99100618324903,
            106.77676537585423
        ],
        [
            90.51014810751508,
            106.03588907014682
        ],
        [
            108.74877810361681,
            105.39215686274511
        ],
        [
            116.95101816180517,
            110.4586129753915
        ],
        [
            104.58452722063038,
            116.31165919282512
        ],
        [
            107.27056019070321,
            106.25379477838494
        ],
        [
            106.35433494884222,
            96.25668449197862
        ],
        [
            94.49244060475162,
            89.72943125345114
        ],
        [
            84.00926998841253,
            119.04761904761904
        ],
        [
            94.4386149003148,
            103.55815188528945
        ],
        [
            124.46873102610809,
            127.01733413030483
        ],
        [
            87.24256292906178,
            104.16666666666666
        ],
        [
            133.33333333333334,
            118.122009569378
        ],
        [
            106.96653867251783,
            82.14676889375684
        ]
    ],
    "losses": 19,
    "nOT": [
        0,
        0,
        0,
        0,
        0,
        0,
        0,
        0,
        0,
        0,
        0,
        0,
        0,
        0,
        0,
        1,
        0,
        0,
        0,
        1,
        0,
        0,
        0,
        0,
        0,
        0,
        0
    ],
    "pace": 71.56349821768023,