{
    "CompRank": 150,
    "CompositeDef": 103.3581858054546,
    "CompositeOff": 104.3204586596679,
    "CompositePace": 66.99653946712579,
    "CompositeRating": 0.9622728542190271,
    "HA": [
        "A",
        "A",
        "N",
        "N",
        "N",
        "H",
        "A",
        "A",
        "H",
        "H",
        "H",
        "A",
        "A",
        "H",
        "H",
        "A",
        "A",
        "A",
        "A",
        "H",
        "H",
        "H",
        "A"
    ],
    "Name": "drexel",
    "OAst": 270.0,
    "OAvgCompRat": 0.3091958328616012,
    "OBlk": 56.0,
    "ODR": 568.0,
    "OFGA": 1343.0,
    "OFGA3": 446.0,
    "OFGM": 615.0,
    "OFGM3": 153.0,
    "OFTA": 356.0,
    "OFTM": 250.0,
    "OOR": 198.0,
    "OPFwins": 371.0,
    "OScore": 1633.0,
    "OStl": 155.0,
    "OTO": 258.0,
    "Oastr": 0.13315973249689295,
    "Ocomprank": 154,
    "Ocorrdastr": 0.14721442173068994,
    "Ocorrdeff": 104.22304746007052,
    "Ocorrdeffrank": 257,
    "Ocorrdefgp": 0.5180746631431211,
    "Ocorrdftr": 0.2992991988949626,
    "Ocorrdorbp": 0.2817429512476563,
    "Ocorrdtovr": 0.16767689030862473,
    "Ocorroastr": 0.1407807749345165,
    "Ocorroeff": 103.83112979153192,
    "Ocorroeffrank": 118,
    "Ocorroefgp": 0.504985175333513,
    "Ocorroftr": 0.2972791843721951,
    "Ocorroorbp": 0.2725859030194498,
    "Ocorrotovr": 0.16253670262709177,
    "Oeff": 104.7036495601549,
    "Oefgp": 0.5148920327624721,
    "Oftr": 0.265078183172003,
    "Oneteff": -0.39191766853859633,
    "Oneteffrank": 179,
    "Oorbp": 0.2558139534883721,
    "Oposs": 1559.64,
    "Otovr": 0.14678773810336587,
    "SoR": 0.0,
    "SoRrank": 168,
    "TAst": 300.0,
    "TBlk": 75.0,
    "TDR": 576.0,
    "TFGA": 1347.0,
    "TFGA3": 485.0,
    "TFGM": 623.0,
    "TFGM3": 176.0,
    "TFTA": 338.0,
    "TFTM": 245.0,
    "TOR": 191.0,
    "TPF": 349.0,
    "TScore": 1667.0,
    "TStl": 117.0,
    "TTO": 269.0,
    "Tastr": 0.145298151807509,
    "Tcorrdastr": 0.13326460147685745,
    "Tcorrdastrrank": 121,
    "Tcorrdeff": 103.40603467682129,
    "Tcorrdeffrank": 190,
    "Tcorrdefgp": 0.5098336791753816,
    "Tcorrdefgprank": 210,
    "Tcorrdftr": 0.2723712544339529,
    "Tcorrdftrrank": 103,
    "Tcorrdorbp": 0.26522641969153343,
    "Tcorrdorbprank": 104,
    "Tcorrdtovr": 0.1489786261715558,
    "Tcorrdtovrrank": 271,
    "Tcorroastr": 0.13901588800304476,
    "Tcorroastrrank": 177,
    "Tcorroeff": 104.20900937671604,
    "Tcorroeffrank": 136,
    "Tcorroefgp": 0.5093959448721052,
    "Tcorroefgprank": 145,
    "Tcorroftr": 0.25676574764680177,
    "Tcorroftrrank": 305,
    "Tcorroorbp": 0.2529090098372797,
    "Tcorroorbprank": 266,
    "Tcorrotovr": 0.14991318883763669,
    "Tcorrotovrrank": 72,
    "Teff": 105.92735683603182,
    "Tefgp": 0.5278396436525612,
    "Tftr": 0.25092798812175204,
    "Tneteff": 0.8029746998947473,
    "Tneteffrank": 151,
    "Torbp": 0.2516469038208169,
    "Tposs": 1573.72,
    "Ttovr": 0.15243211387642233,
    "closses": 7,
    "confplace": 5,
    "cwins": 7,
    "dates": [
        [
            11,
            14
        ],
        [
            11,
            17
        ],
        [
            11,
            22
        ],
        [
            11,
            23
        ],
        [
            11,
            24
        ],
        [
            12,
            2
        ],
        [
            12,
            4
        ],
        [
            12,
            11
        ],
        [
            12,
            14
        ],
        [
            1,
            3
        ],
        [
            1,
            11
        ],
        [
            1,
            15
        ],
        [
            1,
            17
        ],
        [
            1,
            20
        ],
        [
            1,
            22
        ],
        [
            1,
            27
        ],
        [
            1,
            29
        ],
        [
            1,
            31
        ],
        [
            2,
            3
        ],
        [
            2,
            7
        ],
        [
            2,
            10
        ],
        [
            2,
            12
        ],
        [
            2,
            14
        ]
    ],
    "geff": [
        [
            91.40767824497257,
            116.45962732919254
        ],
        [
            114.70588235294117,
            106.41316685584562
        ],
        [
            107.9940417080437,
            118.7961985216473
        ],
        [
            107.5786769428388,
            90.69920844327177
        ],
        [
            97.50152346130409,
            111.87072715972654
        ],
        [
            116.72095548317046,
            89.53168044077135
        ],
        [
            101.4902363823227,
            106.69125395152793
        ],
        [
            80.09153318077803,
            93.83033419023137
        ],
        [
            103.59869138495092,
            95.35655058043118
        ],
        [
            106.4875491480996,
            102.55548083389374
        ],
        [
            120.84118016321406,
            130.56092843326886
        ],
        [
            112.96076099881094,
            100.7705986959099
        ],
        [
            108.55683269476373,
            113.78205128205128
        ],
        [
            120.61403508771929,
            77.14105793450881
        ],
        [
            91.3297613248904,
            102.16642048252093
        ],
        [
            122.35817575083426,
            113.82565241532481
        ],
        [
            103.74832663989291,
            115.95221363316935
        ],
        [
            95.86122945830797,
            106.318347509113
        ],
        [
            113.5005973715651,
            102.28640192539109
        ],
        [
            101.12359550561797,
            93.74999999999999
        ],
        [
            102.759009009009,
            117.16544325239977
        ],
        [
            109.33420365535248,
            86.85286103542235
        ],
        [
            109.84182776801406,
            116.3133097762073
        ]
    ],
    "losses": 12,
    "nOT": [
        0,
        0,
        1,
        0,
        0,
        0,
        1,
        0,
        0,
        0,
        0,
        0,
        0,
        0,
        0,
        0,
        0,
        0,
        0,
        0,
        0,
        0,
        0
    ],
    "pace": 67.0042672866994,
    "poss": [
        [
            65.64,
            64.4
        ],
        [
            68.0,
            70.48
        ],
        [
            80.56,
            75.76
        ],
        [
            62.28,
            60.64
        ],
        [
            65.64,
            64.36
        ],
        [
            73.68,
            72.6
        ],
        [
            77.84,
            75.92
        ],
        [
            69.92,
            77.8
        ],
        [
            73.36,
            72.36
        ],
        [
            61.04,
            59.480000000000004
        ],
        [
            63.72,
            62.040000000000006
        ],
        [
            67.28,
            67.48
        ],
        [
            62.64,
            62.4
        ],
        [
            63.84,
            63.52
        ],
        [
            82.12,
            81.24
        ],
        [
            71.92,
            72.04
        ],
        [
            59.76,
            56.92
        ],
        [
            65.72,
            65.84
        ],
        [
            66.96000000000001,
            66.48
        ],
        [
            71.2,
            70.4
        ],
        [
            71.04,
            70.84
        ],
        [
            61.28,
            58.72
        ],
        [
            68.28,
            67.92
        ]
    ],
    "preseason_pace": 66.64012598854076,
    "preseason_pred": 8.309236480116748,