{
    "CompRank": 116,
    "CompositeDef": 97.6989073627995,
    "CompositeOff": 102.94089971095846,
    "CompositePace": 65.78133282430876,
    "CompositeRating": 5.241992348158959,
    "HA": [
        "A",
        "A",
        "H",
        "H",
        "H",
        "A",
        "A",
        "N",
        "A",
        "A",
        "H",
        "A",
        "H",
        "H"
    ],
    "OAst": 161.0,
    "OAvgCompRat": -1.3123774740793837,
    "OBlk": 39.0,
    "ODR": 290.0,
    "OFGA": 825.0,
    "OFGA3": 300.0,
    "OFGM": 327.0,
    "OFGM3": 89.0,
    "OFTA": 221.0,
    "OFTM": 163.0,
    "OOR": 114.0,
    "OPF": 226.0,
    "OScore": 906.0,
    "OStl": 88.0,
    "OTO": 130.0,
    "Oastr": 0.1327025155781214,
    "Ocomprank": 232,
    "Ocorrdastr": 0.14137835976446406,
    "Ocorrdeff": 103.89695552099829,
    "Ocorrdeffrank": 208,
    "Ocorrdefgp": 0.5018668654542737,
    "Ocorrdftr": 0.32270402646321444,
    "Ocorrdorbp": 0.2884922892553244,
    "Ocorrdtovr": 0.14848311829257677,
    "Ocorroastr": 0.12955027196357075,
    "Ocorroeff": 102.24640474760511,
    "Ocorroeffrank": 252,
    "Ocorroefgp": 0.4861732469065411,
    "Ocorroftr": 0.3376548387696929,
    "Ocorroorbp": 0.2600603857779917,
    "Ocorrotovr": 0.1469579639693295,
    "Oeff": 96.5637789904502,
    "Oefgp": 0.4503030303030303,
    "Oftr": 0.2678787878787879,
    "Oneteff": -1.650550773393178,
    "Oneteffrank": 243,
    "Oorbp": 0.23700623700623702,
    "Oposs": 938.24,
    "Otovr": 0.12354595909678401,
    "SoR": 0.2991921900653116,
    "SoRrank": 167,
    "TAst": 155.0,
    "TBlk": 56.0,
    "TDR": 367.0,
    "TFGA": 823.0,
    "TFGA3": 266.0,
    "TFGM": 361.0,
    "TFGM3": 81.0,
    "TFTA": 244.0,
    "TFTM": 174.0,
    "TOR": 152.0,
    "TPF": 218.0,
    "TScore": 977.0,
    "TStl": 75.0,
    "TTO": 165.0,
    "Tastr": 0.12396429828209475,
    "Tcorrdastr": 0.14463636210417286,
    "Tcorrdastrrank": 213,
    "Tcorrdeff": 97.68567260799124,
    "Tcorrdeffrank": 74,
    "Tcorrdefgp": 0.46362318482338094,
    "Tcorrdefgprank": 64,
    "Tcorrdftr": 0.2634233614807225,
    "Tcorrdftrrank": 45,
    "Tcorrdorbp": 0.25208348264876657,
    "Tcorrdorbprank": 101,
    "Tcorrdtovr": 0.1262392591643366,
    "Tcorrdtovrrank": 312,
    "Tcorroastr": 0.12395245016351769,
    "Tcorroastrrank": 277,
    "Tcorroeff": 103.12161114391618,
    "Tcorroeffrank": 184,
    "Tcorroefgp": 0.4868186128590284,
    "Tcorroefgprank": 226,
    "Tcorroftr": 0.306249107012553,
    "Tcorroftrrank": 236,
    "Tcorroorbp": 0.3306062728521526,
    "Tcorroorbprank": 49,
    "Tcorrotovr": 0.15229372178595355,
    "Tcorrotovrrank": 204,
    "Teff": 103.56597693351425,
    "Tefgp": 0.48784933171324424,
    "Tftr": 0.29647630619684084,
    "Tneteff": 5.435938535924947,
    "Tneteffrank": 119,
    "Torbp": 0.3438914027149321,
    "Tposs": 943.36,
    "Ttovr": 0.15063540753724802,
    "closses": 0,
    "confplace": 1,
    "cwins": 2,
    "dates": [
        [
            11,
            7
        ],
        [
            11,
            11
        ],
        [
            11,
            14
        ],
        [
            11,
            17
        ],
        [
            11,
            19
        ],
        [
            11,
            26
        ],
        [
            11,
            29
        ],
        [
            12,
            2
        ],
        [
            12,
            5
        ],
        [
            12,
            9
        ],
        [
            12,
            16
        ],
        [
            12,
            22
        ],
        [
            1,
            1
        ],
        [
            1,
            4
        ]
    ],
    "geff": [
        [
            92.36826165960024,
            98.64546525323911
        ],
        [
            118.05998723675812,
            114.57670273711011
        ],
        [
            91.37635636778982,
            95.04608294930875
        ],
        [
            100.61919504643964,
            69.3624557260921
        ],
        [
            98.16339455351489,
            83.65508365508366
        ],
        [
            88.15028901734104,
            91.4470145239376
        ],
        [
            106.81114551083593,
            79.62840079628401
        ],
        [
            97.73662551440329,
            94.56671251719395
        ],
        [
            106.77242220866381,
            122.57869249394673
        ],
        [
            88.54781582054311,
            104.43037974683544
        ],
        [
            101.66093928980527,
            74.20091324200914
        ],
        [
            107.17846460618146,
            136.77012098895318
        ],
        [
            138.3454443823365,
            93.71395617070358
        ],
        [
            111.8119266055046,
            89.28571428571428
        ]
    ],
    "losses": 6,
    "nOT": [
        0,
        0,
        0,
        0,
        0,
        1,
        0,
        0,
        0,
        0,
        0,
        0,
        0,
        0
    ],
    "pace": 65.75793182957455,
    "poss": [
        [
            66.04,
            67.92
        ],
        [
            62.68000000000001,
            62.84
        ],
        [
            70.04,
            69.44
        ],
        [
            64.6,
            67.75999999999999
        ],
        [
            63.16,
            62.16
        ],
        [
            69.2,
            74.36
        ],
        [
            64.6,
            60.28
        ],
        [
            58.32,
            58.16
        ],
        [
            65.56,
            66.08
        ],
        [
            67.75999999999999,
            63.2
        ],
        [
            69.84,
            70.08
        ],
        [
            80.24,
            76.04
        ],
        [
            71.56,
            69.36
        ],
        [
            69.75999999999999,
            70.56
        ]
    ],
    "preseason_pace": 65.90716533371634,
    "preseason_pred": 4.199099267167639,
    "preseason_predd": 97.77007367123353,
    "preseason_predo": 101.96917293840117,
    "schedule": [
        "la-salle",
        "winthrop",
        "temple",
        "fairfield",
        "queens-nc",
        "old-dominion",
        "lafayette",
        "villanova",
        "princeton",
        "west-virginia",
        "albany-ny",
        "bryant",
        "hampton",
        "north-carolina-wilmington"
    ],
    "scores": [
        [
            61,
            67
        ],
        [
            74,
            72
        ],
        [
            64,
            66
        ],
        [
            65,
            47
        ],
        [
            62,
            52
        ],
        [
            61,
            68
        ],
        [
            69,
            48
        ],
        [
            57,
            55
        ],
        [
            70,
            81
        ],
        [
            60,
            66
        ],
        [
            71,
            52
        ],
        [
            86,
            104
        ],
        [
            99,
            65
        ],
        [
            78,
            63
        ]
    ],
    "wins": 8
}