{
    "CompRank": 289,
    "CompositeDef": 111.69634126652778,
    "CompositeOff": 99.32776562922794,
    "CompositePace": 66.43561105035417,
    "CompositeRating": -12.368575637299841,
    "HA": [
        "A",
        "A",
        "N",
        "H",
        "H",
        "H",
        "A",
        "A",
        "A"
    ],
    "OAst": 108.0,
    "OAvgCompRat": -5.890317710521666,
    "OBlk": 31.0,
    "ODR": 214.0,
    "OFGA": 503.0,
    "OFGA3": 167.0,
    "OFGM": 222.0,
    "OFGM3": 56.0,
    "OFTA": 211.0,
    "OFTM": 154.0,
    "OOR": 78.0,
    "OPF": 121.0,
    "OScore": 654.0,
    "OStl": 57.0,
    "OTO": 82.0,
    "Oastr": 0.13743255624554615,
    "Ocomprank": 332,
    "Ocorrdastr": 0.15715350032756834,
    "Ocorrdeff": 110.71142940291378,
    "Ocorrdeffrank": 311,
    "Ocorrdefgp": 0.5243346717506356,
    "Ocorrdftr": 0.37534185046565877,
    "Ocorrdorbp": 0.3283915506473663,
    "Ocorrdtovr": 0.14125606048230344,
    "Ocorroastr": 0.14078268230269775,
    "Ocorroeff": 102.19196159034135,
    "Ocorroeffrank": 333,
    "Ocorroefgp": 0.4801017539860082,
    "Ocorroftr": 0.3423645141277912,
    "Ocorroorbp": 0.28193372866266997,
    "Ocorrotovr": 0.15323792709360953,
    "Oeff": 109.02907441984529,
    "Oefgp": 0.4970178926441352,
    "Oftr": 0.4194831013916501,
    "Oneteff": -8.51946781257243,
    "Oneteffrank": 335,
    "Oorbp": 0.2653061224489796,
    "Oposs": 599.84,
    "Otovr": 0.12097250088516463,
    "SoR": 0.0,
    "SoRrank": 210,
    "TAst": 114.0,
    "TBlk": 33.0,
    "TDR": 216.0,
    "TFGA": 551.0,
    "TFGA3": 207.0,
    "TFGM": 224.0,
    "TFGM3": 69.0,
    "TFTA": 168.0,
    "TFTM": 107.0,
    "TOR": 121.0,
    "TPF": 132.0,
    "TScore": 624.0,
    "TStl": 56.0,
    "TTO": 104.0,
    "Tastr": 0.1352441512836331,
    "Tcorrdastr": 0.14279827908529574,
    "Tcorrdastrrank": 159,
    "Tcorrdeff": 114.25398837271275,
    "Tcorrdeffrank": 297,
    "Tcorrdefgp": 0.5281005119553737,
    "Tcorrdefgprank": 235,
    "Tcorrdftr": 0.44154886870125026,
    "Tcorrdftrrank": 320,
    "Tcorrdorbp": 0.28280094268438705,
    "Tcorrdorbprank": 131,
    "Tcorrdtovr": 0.11923058440604034,
    "Tcorrdtovrrank": 335,
    "Tcorroastr": 0.12602561942621898,
    "Tcorroastrrank": 292,
    "Tcorroeff": 99.36833337873504,
    "Tcorroeffrank": 280,
    "Tcorroefgp": 0.4569140087182023,
    "Tcorroefgprank": 314,
    "Tcorroftr": 0.29358785633115464,
    "Tcorroftrrank": 302,
    "Tcorroorbp": 0.3313909144118995,
    "Tcorroorbprank": 100,
    "Tcorrotovr": 0.15237249348095236,
    "Tcorrotovrrank": 195,
    "Teff": 102.64508487958943,
    "Tefgp": 0.4691470054446461,
    "Tftr": 0.30490018148820325,
    "Tneteff": -14.88565499397771,
    "Tneteffrank": 302,
    "Torbp": 0.3611940298507463,
    "Tposs": 607.92,
    "Ttovr": 0.1426768369642759,
    "closses": 0,
    "confplace": 1,
    "cwins": 0,
    "dates": [
        [
            11,
            8
        ],
        [
            11,
            11
        ],
        [
            11,
            15
        ],
        [
            11,
            18
        ],
        [
            11,
            21
        ],
        [
            11,
            23
        ],
        [
            11,
            25
        ],
        [
            12,
            3
        ],
        [
            12,
            6
        ]
    ],
    "geff": [
        [
            91.3434513771782,
            103.82513661202185
        ],
        [
            115.92178770949721,
            134.56937799043064
        ],
        [
            77.63975155279502,
            125.78616352201259
        ],
        [
            108.75870069605567,
            62.718786464410734
        ],
        [
            99.29906542056074,
            128.59767299448868
        ],
        [
            114.96014714898836,
            104.3503821281599
        ],
        [
            110.18001241464928,
            102.73972602739727
        ],
        [
            109.60960960960962,
            113.8433515482696
        ],
        [
            95.46539379474939,
            107.61072988147224
        ]
    ],
    "losses": 6,
    "nOT": [
        0,
        0,
        0,
        0,
        0,
        0,
        0,
        0,
        0
    ],
    "pace": 66.8837978260477,
    "poss": [
        [
            71.16,
            73.2
        ],
        [
            71.6,
            66.88
        ],
        [
            64.4,
            63.599999999999994
        ],
        [
            68.96000000000001,
            68.56
        ],
        [
            68.48,
            65.32
        ],
        [
            65.24,
            68.04
        ],
        [
            64.44,
            64.24
        ],
        [
            66.6,
            65.88
        ],
        [
            67.04,
            64.12
        ]
    ],
    "preseason_pace": 65.43964043770184,
    "preseason_pred": -6.775065955793462,
    "preseason_predd": 106.01268103056117,
    "preseason_predo": 99.23761507476772,
    "schedule": [
        "saint-josephs",
        "colgate",
        "syracuse",
        "njit",
        "pennsylvania",
        "old-dominion",
        "morgan-state",
        "american",
        "la-salle"
    ],
    "scores": [
        [
            65,
            76
        ],
        [
            83,
            90
        ],
        [
            50,
            80
        ],
        [
            75,
            43
        ],
        [
            68,
            84
        ],
        [
            75,
            71
        ],
        [
            71,
            66
        ],
        [
            73,
            75
        ],
        [
            64,
            69
        ]
    ],
    "wins": 3
}