{
    "CompRank": 79,
    "CompositeDef": 101.17229831647339,
    "CompositeOff": 111.38761864372626,
    "CompositePace": 69.83541801168624,
    "CompositeRating": 10.215320327252861,
    "HA": [
        "H",
        "N",
        "H",
        "H",
        "H",
        "N",
        "N",
        "N"
    ],
    "OAst": 104.0,
    "OAvgCompRat": 0.06222866811135169,
    "OBlk": 30.0,
    "ODR": 198.0,
    "OFGA": 499.0,
    "OFGA3": 199.0,
    "OFGM": 216.0,
    "OFGM3": 60.0,
    "OFTA": 134.0,
    "OFTM": 99.0,
    "OOR": 84.0,
    "OPF": 107.0,
    "OScore": 591.0,
    "OStl": 36.0,
    "OTO": 108.0,
    "Oastr": 0.13507195178970335,
    "Ocomprank": 160,
    "Ocorrdastr": 0.14115857484580002,
    "Ocorrdeff": 107.36249370162462,
    "Ocorrdeffrank": 218,
    "Ocorrdefgp": 0.49223892890212123,
    "Ocorrdftr": 0.33674965554608094,
    "Ocorrdorbp": 0.2929716620238318,
    "Ocorrdtovr": 0.1309283859895018,
    "Ocorroastr": 0.16163185875813063,
    "Ocorroeff": 107.3626386310011,
    "Ocorroeffrank": 160,
    "Ocorroefgp": 0.511976044772106,
    "Ocorroftr": 0.3692804451148015,
    "Ocorroorbp": 0.32165576885776864,
    "Ocorrotovr": 0.1492480872196418,
    "Oeff": 101.5533713657296,
    "Oefgp": 0.49298597194388777,
    "Oftr": 0.2685370741482966,
    "Oneteff": 0.00014492937648924453,
    "Oneteffrank": 189,
    "Oorbp": 0.29577464788732394,
    "Oposs": 581.96,
    "Otovr": 0.16217190221634933,
    "SoR": 45.78360983587959,
    "SoRrank": 57,
    "TAst": 123.0,
    "TBlk": 32.0,
    "TDR": 200.0,
    "TFGA": 519.0,
    "TFGA3": 196.0,
    "TFGM": 233.0,
    "TFGM3": 67.0,
    "TFTA": 180.0,
    "TFTM": 128.0,
    "TOR": 92.0,
    "TPF": 127.0,
    "TScore": 661.0,
    "TStl": 62.0,
    "TTO": 70.0,
    "Tastr": 0.15546006066734075,
    "Tcorrdastr": 0.12166259870575051,
    "Tcorrdastrrank": 47,
    "Tcorrdeff": 100.87865716518532,
    "Tcorrdeffrank": 88,
    "Tcorrdefgp": 0.49090551869697663,
    "Tcorrdefgprank": 123,
    "Tcorrdftr": 0.2657554331866198,
    "Tcorrdftrrank": 33,
    "Tcorrdorbp": 0.27384684261169623,
    "Tcorrdorbprank": 121,
    "Tcorrdtovr": 0.16425324266917385,
    "Tcorrdtovrrank": 111,
    "Tcorroastr": 0.16053522700900644,
    "Tcorroastrrank": 95,
    "Tcorroeff": 114.04412668415866,
    "Tcorroeffrank": 90,
    "Tcorroefgp": 0.532278585072712,
    "Tcorroefgprank": 122,
    "Tcorroftr": 0.37739496480136503,
    "Tcorroftrrank": 157,
    "Tcorroorbp": 0.323421908448689,
    "Tcorroorbprank": 118,
    "Tcorrotovr": 0.12080875163311795,
    "Tcorrotovrrank": 48,
    "Teff": 114.71711211384935,
    "Tefgp": 0.5134874759152216,
    "Tftr": 0.3468208092485549,
    "Tneteff": 13.165469518973339,
    "Tneteffrank": 75,
    "Torbp": 0.31724137931034485,
    "Tposs": 576.2,
    "Ttovr": 0.10475905417539658,
    "closses": 0,
    "confplace": 1,
    "cwins": 0,
    "dates": [
        [
            11,
            3
        ],
        [
            11,
            8
        ],
        [
            11,
            12
        ],
        [
            11,
            16
        ],
        [
            11,
            19
        ],
        [
            11,
            26
        ],
        [
            11,
            27
        ],
        [
            11,
            28
        ]
    ],
    "geff": [
        [
            121.16716122650841,
            84.17085427135679
        ],
        [
            119.31311329170383,
            108.60215053763442
        ],
        [
            126.54819601507808,
            77.42782152230971
        ],
        [
            127.5820170109356,
            117.71995043370508
        ],
        [
            115.45293072824155,
            88.3545770567787
        ],
        [
            108.12581913499345,
            102.36724248240563
        ],
        [
            97.34513274336284,
            116.03375527426161
        ],
        [
            98.37962962962962,
            121.675155631013
        ]
    ],
    "losses": 2,
    "nOT": [
        0,
        1,
        0,
        0,
        0,
        0,
        0,
        0
    ],
    "pace": 71.42372863082252,
    "poss": [
        [
            80.88,
            79.6
        ],
        [
            89.68,
            93.0
        ],
        [
            74.28,
            76.2
        ],
        [
            65.84,
            64.56
        ],
        [
            67.56,
            69.03999999999999
        ],
        [
            61.04,
            62.52
        ],
        [
            67.8,
            66.36
        ],
        [
            69.12,
            70.68
        ]
    ],
    "preseason_pace": 67.04661472980087,
    "preseason_pred": 5.035360155233371,
    "preseason_predd": 101.68788223094352,
    "preseason_predo": 106.72324238617689,
    "schedule": [
        "charleston-southern",
        "providence",
        "saint-josephs",
        "charlotte",
        "bryant",
        "colorado-state",
        "saint-marys-ca",
        "virginia-commonwealth"
    ],
    "scores": [
        [
            98,
            67
        ],
        [
            107,
            101
        ],
        [
            94,
            59
        ],
        [
            84,
            76
        ],
        [
            78,
            61
        ],
        [
            66,
            64
        ],
        [
            66,
            77
        ],
        [
            68,
            86
        ]
    ],
    "wins": 6
}