{
    "CompRank": 351,
    "CompositeDef": 111.98283700946028,
    "CompositeOff": 92.718448786806,
    "CompositePace": 68.96203697368942,
    "CompositeRating": -19.26438822265429,
    "HA": [
        "A",
        "A"
    ],
    "OAst": 42.0,
    "OAvgCompRat": 21.059038666635715,
    "OBlk": 15.0,
    "ODR": 71.0,
    "OFGA": 126.0,
    "OFGA3": 60.0,
    "OFGM": 69.0,
    "OFGM3": 22.0,
    "OFTA": 58.0,
    "OFTM": 42.0,
    "OOR": 21.0,
    "OPF": 35.0,
    "OScore": 202.0,
    "OStl": 13.0,
    "OTO": 25.0,
    "Oastr": 0.19220208676551345,
    "Ocomprank": 17,
    "Ocorrdastr": 0.1448162265113042,
    "Ocorrdeff": 93.05355473947427,
    "Ocorrdeffrank": 53,
    "Ocorrdefgp": 0.46716879413361945,
    "Ocorrdftr": 0.2762940753753485,
    "Ocorrdorbp": 0.2929391411540641,
    "Ocorrdtovr": 0.17272152196788043,
    "Ocorroastr": 0.13688333495646351,
    "Ocorroeff": 105.46332842490398,
    "Ocorroeffrank": 171,
    "Ocorroefgp": 0.47730608015813264,
    "Ocorroftr": 0.4618220783692155,
    "Ocorroorbp": 0.2801101491903082,
    "Ocorrotovr": 0.15910284088186558,
    "Oeff": 129.88683127572017,
    "Oefgp": 0.6349206349206349,
    "Oftr": 0.4603174603174603,
    "Oneteff": 12.409773685429712,
    "Oneteffrank": 97,
    "Oorbp": 0.35,
    "Oposs": 155.52,
    "Otovr": 0.14162701110355766,
    "SoR": 0.0,
    "SoRrank": 246,
    "TAst": 13.0,
    "TBlk": 1.0,
    "TDR": 39.0,
    "TFGA": 125.0,
    "TFGA3": 32.0,
    "TFGM": 47.0,
    "TFGM3": 11.0,
    "TFTA": 34.0,
    "TFTM": 17.0,
    "TOR": 9.0,
    "TPF": 44.0,
    "TScore": 122.0,
    "TStl": 13.0,
    "TTO": 23.0,
    "Tastr": 0.07388042736985678,
    "Tcorrdastr": 0.1995448736601961,
    "Tcorrdastrrank": 349,
    "Tcorrdeff": 127.90444536317058,
    "Tcorrdeffrank": 353,
    "Tcorrdefgp": 0.6675905325552443,
    "Tcorrdefgprank": 358,
    "Tcorrdftr": 0.3778698065582348,
    "Tcorrdftrrank": 205,
    "Tcorrdorbp": 0.35623861041341387,
    "Tcorrdorbprank": 309,
    "Tcorrdtovr": 0.13848648535928154,
    "Tcorrdtovrrank": 238,
    "Tcorroastr": 0.07285123187561987,
    "Tcorroastrrank": 357,
    "Tcorroeff": 87.89449687674507,
    "Tcorroeffrank": 326,
    "Tcorroefgp": 0.4511066521319962,
    "Tcorroefgprank": 277,
    "Tcorroftr": 0.36447067401861544,
    "Tcorroftrrank": 171,
    "Tcorroorbp": 0.10978435384549116,
    "Tcorroorbprank": 360,
    "Tcorrotovr": 0.12762103749238485,
    "Tcorrotovrrank": 76,
    "Teff": 79.24136139256949,
    "Tefgp": 0.42,
    "Tftr": 0.272,
    "Tneteff": -40.009948486425515,
    "Tneteffrank": 357,
    "Torbp": 0.1125,
    "Tposs": 153.96,
    "Ttovr": 0.1411389297987236,
    "closses": 0,
    "confplace": 1,
    "cwins": 0,
    "dates": [
        [
            11,
            4
        ],
        [
            11,
            10
        ]
    ],
    "geff": [
        [
            80.72289156626506,
            134.55069678039405
        ],
        [
            77.50845546786921,
            124.51577199778639
        ]
    ],
    "losses": 2,
    "nOT": [
        0,
        0
    ],
    "pace": 80.88861969445009,
    "poss": [
        [
            83.0,
            83.24
        ],
        [
            70.96000000000001,
            72.28
        ]
    ],
    "preseason_pace": 67.6532213116032,
    "preseason_pred": -16.987783529785016,
    "preseason_predd": 110.23560975528083,
    "preseason_predo": 93.24782622549581,
    "schedule": [
        "illinois",
        "indiana"
    ],
    "scores": [
        [
            67,
            112
        ],
        [
            55,
            90
        ]
    ],
    "wins": 0
}