{
    "CompRank": 313,
    "CompositeDef": 108.44276873118201,
    "CompositeOff": 94.47362713450984,
    "CompositePace": 67.1469542465327,
    "CompositeRating": -13.969141596672184,
    "HA": [
        "A",
        "A",
        "A",
        "N",
        "A",
        "A",
        "H",
        "H",
        "A",
        "A",
        "A",
        "A",
        "H",
        "H"
    ],
    "OAst": 209.0,
    "OAvgCompRat": -0.3797983630817375,
    "OBlk": 72.0,
    "ODR": 361.0,
    "OFGA": 729.0,
    "OFGA3": 298.0,
    "OFGM": 348.0,
    "OFGM3": 110.0,
    "OFTA": 281.0,
    "OFTM": 204.0,
    "OOR": 99.0,
    "OPF": 183.0,
    "OScore": 1010.0,
    "OStl": 85.0,
    "OTO": 187.0,
    "Oastr": 0.1673821117375705,
    "Ocomprank": 190,
    "Ocorrdastr": 0.14310231210177754,
    "Ocorrdeff": 102.77155227318576,
    "Ocorrdeffrank": 99,
    "Ocorrdefgp": 0.5001680382037224,
    "Ocorrdftr": 0.3280291285913489,
    "Ocorrdorbp": 0.2791854612699496,
    "Ocorrdtovr": 0.14573084765982441,
    "Ocorroastr": 0.14284760260758628,
    "Ocorroeff": 103.22632097365248,
    "Ocorroeffrank": 249,
    "Ocorroefgp": 0.4980794729285248,
    "Ocorroftr": 0.32744317992750016,
    "Ocorroorbp": 0.2760497809438562,
    "Ocorrotovr": 0.15784812865142087,
    "Oeff": 107.37370301071611,
    "Oefgp": 0.5528120713305898,
    "Oftr": 0.38545953360768176,
    "Oneteff": 0.45476870046671536,
    "Oneteffrank": 161,
    "Oorbp": 0.2475,
    "Oposs": 940.64,
    "Otovr": 0.1798699549844177,
    "SoR": 0.0,
    "SoRrank": 192,
    "TAst": 158.0,
    "TBlk": 33.0,
    "TDR": 301.0,
    "TFGA": 829.0,
    "TFGA3": 240.0,
    "TFGM": 329.0,
    "TFGM3": 80.0,
    "TFTA": 202.0,
    "TFTM": 147.0,
    "TOR": 131.0,
    "TPF": 249.0,
    "TScore": 885.0,
    "TStl": 98.0,
    "TTO": 156.0,
    "Tastr": 0.1282592460304575,
    "Tcorrdastr": 0.1665608447138107,
    "Tcorrdastrrank": 332,
    "Tcorrdeff": 108.29361070957731,
    "Tcorrdeffrank": 260,
    "Tcorrdefgp": 0.5580712374767743,
    "Tcorrdefgprank": 344,
    "Tcorrdftr": 0.39016483598058554,
    "Tcorrdftrrank": 298,
    "Tcorrdorbp": 0.24839638502804243,
    "Tcorrdorbprank": 80,
    "Tcorrdtovr": 0.1702698185111063,
    "Tcorrdtovrrank": 56,
    "Tcorroastr": 0.12753329266358102,
    "Tcorroastrrank": 257,
    "Tcorroeff": 95.08820304943762,
    "Tcorroeffrank": 318,
    "Tcorroefgp": 0.44766142288041133,
    "Tcorroefgprank": 331,
    "Tcorroftr": 0.24697768791233482,
    "Tcorroftrrank": 347,
    "Tcorroorbp": 0.2648365919674249,
    "Tcorroorbprank": 211,
    "Tcorrotovr": 0.14893589189503117,
    "Tcorrotovrrank": 173,
    "Teff": 93.86136093670457,
    "Tefgp": 0.4451145958986731,
    "Tftr": 0.2436670687575392,
    "Tneteff": -13.205407660139684,
    "Tneteffrank": 301,
    "Torbp": 0.266260162601626,
    "Tposs": 942.88,
    "Ttovr": 0.14526762766789583,
    "closses": 3,
    "confplace": 7,
    "cwins": 2,
    "dates": [
        [
            11,
            6
        ],
        [
            11,
            11
        ],
        [
            11,
            15
        ],
        [
            11,
            18
        ],
        [
            11,
            19
        ],
        [
            11,
            28
        ],
        [
            12,
            7
        ],
        [
            12,
            10
        ],
        [
            12,
            21
        ],
        [
            12,
            29
        ],
        [
            1,
            4
        ],
        [
            1,
            6
        ],
        [
            1,
            11
        ],
        [
            1,
            13
        ]
    ],
    "geff": [
        [
            71.19386637458926,
            110.92623405435384
        ],
        [
            87.1313672922252,
            128.0944156591825
        ],
        [
            98.83344134802333,
            112.3046875
        ],
        [
            85.1063829787234,
            77.7552400270453
        ],
        [
            87.86381109280615,
            113.16259678379988
        ],
        [
            93.47181008902076,
            109.36537276648183
        ],
        [
            107.2654462242563,
            82.66818700114025
        ],
        [
            103.42789598108746,
            103.87023335230506
        ],
        [
            73.12614259597807,
            117.78563015312132
        ],
        [
            92.5335035098915,
            104.88415779586725
        ],
        [
            105.10910058541778,
            96.411355115158
        ],
        [
            128.71853546910754,
            120.68019747668677
        ],
        [
            78.74015748031495,
            118.3252427184466
        ],
        [
            100.26737967914438,
            103.96039603960396
        ]
    ],
    "losses": 10,
    "nOT": [
        0,
        0,
        0,
        0,
        0,
        0,
        0,
        0,
        0,
        0,
        0,
        0,
        0,
        0
    ],
    "pace": 67.0015228631688,
    "poss": [
        [
            73.04,
            72.12
        ],
        [
            74.6,
            69.48
        ],
        [
            61.72,
            61.44
        ],
        [
            56.4,
            59.16
        ],
        [
            72.84,
            67.16
        ],
        [
            67.4,
            64.92
        ],
        [
            69.92,
            70.16
        ],
        [
            67.68,
            70.28
        ],
        [
            65.64,
            67.92
        ],
        [
            62.68000000000001,
            63.88
        ],
        [
            75.16,
            74.68
        ],
        [
            69.92,
            72.92
        ],
        [
            66.04,
            65.92
        ],
        [
            59.84,
            60.6
        ]
    ],
    "preseason_pace": 67.92897211043733,
    "preseason_pred": -18.075913930290014,
    "preseason_predd": 109.24482558260928,
    "preseason_predo": 91.16891165231927,
    "schedule": [
        "illinois",
        "loyola-il",
        "illinois-state",
        "coppin-state",
        "miami-oh",
        "kansas",
        "iupui",
        "central-arkansas",
        "iowa-state",
        "southern-illinois-edwardsville",
        "tennessee-martin",
        "arkansas-little-rock",
        "morehead-state",
        "western-illinois"
    ],
    "scores": [
        [
            52,
            80
        ],
        [
            65,
            89
        ],
        [
            61,
            69
        ],
        [
            48,
            46
        ],
        [
            64,
            76
        ],
        [
            63,
            71
        ],
        [
            75,
            58
        ],
        [
            70,
            73
        ],
        [
            48,
            80
        ],
        [
            58,
            67
        ],
        [
            79,
            72
        ],
        [
            90,
            88
        ],
        [
            52,
            78
        ],
        [
            60,
            63
        ]
    ],
    "wins": 4
}