{
    "CompRank": 249,
    "CompositeDef": 115.6232341939809,
    "CompositeOff": 107.41856974974436,
    "CompositePace": 66.95324077802562,
    "CompositeRating": -8.204664444236549,
    "HA": [
        "H",
        "A",
        "A",
        "N",
        "A",
        "H",
        "A",
        "A",
        "H",
        "A",
        "A",
        "H",
        "H",
        "A",
        "A",
        "H",
        "A",
        "H",
        "H",
        "A",
        "A",
        "H"
    ],
    "OAst": 308.0,
    "OAvgCompRat": -1.433578980312421,
    "OBlk": 78.0,
    "ODR": 504.0,
    "OFGA": 1241.0,
    "OFGA3": 481.0,
    "OFGM": 586.0,
    "OFGM3": 175.0,
    "OFTA": 486.0,
    "OFTM": 336.0,
    "OOR": 220.0,
    "OPF": 360.0,
    "OScore": 1683.0,
    "OStl": 154.0,
    "OTO": 230.0,
    "Oastr": 0.1545533008169246,
    "Ocomprank": 195,
    "Ocorrdastr": 0.14612798132726382,
    "Ocorrdeff": 105.9095879364195,
    "Ocorrdeffrank": 162,
    "Ocorrdefgp": 0.5108949138135137,
    "Ocorrdftr": 0.35820819212775157,
    "Ocorrdorbp": 0.28140663388061155,
    "Ocorrdtovr": 0.1479616855008975,
    "Ocorroastr": 0.14360248420860752,
    "Ocorroeff": 105.11884605407512,
    "Ocorroeffrank": 211,
    "Ocorroefgp": 0.5058497073323293,
    "Ocorroftr": 0.3235906918207448,
    "Ocorroorbp": 0.2913339552718736,
    "Ocorrotovr": 0.15849191964724071,
    "Oeff": 114.89309412632097,
    "Oefgp": 0.5427074939564867,
    "Oftr": 0.39161966156325545,
    "Oneteff": -0.7907418823443777,
    "Oneteffrank": 179,
    "Oorbp": 0.3193033381712627,
    "Oposs": 1464.84,
    "Otovr": 0.1365114788347855,
    "SoR": 0.0,
    "SoRrank": 129,
    "TAst": 272.0,
    "TBlk": 58.0,
    "TDR": 469.0,
    "TFGA": 1225.0,
    "TFGA3": 588.0,
    "TFGM": 541.0,
    "TFGM3": 205.0,
    "TFTA": 401.0,
    "TFTM": 299.0,
    "TOR": 192.0,
    "TPF": 341.0,
    "TScore": 1586.0,
    "TStl": 124.0,
    "TTO": 264.0,
    "Tastr": 0.14039144438021306,
    "Tcorrdastr": 0.15706294061717585,
    "Tcorrdastrrank": 273,
    "Tcorrdeff": 115.75047025613081,
    "Tcorrdeffrank": 333,
    "Tcorrdefgp": 0.5451814000162949,
    "Tcorrdefgprank": 304,
    "Tcorrdftr": 0.404103575294623,
    "Tcorrdftrrank": 323,
    "Tcorrdorbp": 0.31549965991395845,
    "Tcorrdorbprank": 275,
    "Tcorrdtovr": 0.12875147081215915,
    "Tcorrdtovrrank": 306,
    "Tcorroastr": 0.14021997521444063,
    "Tcorroastrrank": 208,
    "Tcorroeff": 107.64348602824022,
    "Tcorroeffrank": 142,
    "Tcorroefgp": 0.52266055772178,
    "Tcorroefgprank": 125,
    "Tcorroftr": 0.305996493317891,
    "Tcorroftrrank": 250,
    "Tcorroorbp": 0.28291772863909853,
    "Tcorroorbprank": 202,
    "Tcorrotovr": 0.16012835915203552,
    "Tcorrotovrrank": 262,
    "Teff": 107.63926593549787,
    "Tefgp": 0.5253061224489796,
    "Tftr": 0.3273469387755102,
    "Tneteff": -8.106984227890592,
    "Tneteffrank": 248,
    "Torbp": 0.27586206896551724,
    "Tposs": 1473.44,
    "Ttovr": 0.15851666826784513,
    "closses": 6,
    "confplace": 5,
    "cwins": 5,
    "dates": [
        [
            11,
            7
        ],
        [
            11,
            11
        ],
        [
            11,
            16
        ],
        [
            11,
            23
        ],
        [
            11,
            24
        ],
        [
            11,
            30
        ],
        [
            12,
            4
        ],
        [
            12,
            7
        ],
        [
            12,
            15
        ],
        [
            12,
            18
        ],
        [
            12,
            21
        ],
        [
            1,
            2
        ],
        [
            1,
            4
        ],
        [
            1,
            9
        ],
        [
            1,
            11
        ],
        [
            1,
            18
        ],
        [
            1,
            20
        ],
        [
            1,
            23
        ],
        [
            1,
            25
        ],
        [
            1,
            30
        ],
        [
            2,
            1
        ],
        [
            2,
            6
        ]
    ],
    "geff": [
        [
            102.73972602739725,
            109.05577029265599
        ],
        [
            90.39395574743658,
            121.95121951219512
        ],
        [
            100.22586109542631,
            131.57894736842104
        ],
        [
            114.96225120109814,
            140.990371389271
        ],
        [
            79.88475641697224,
            99.29906542056074
        ],
        [
            128.70012870012872,
            104.16666666666667
        ],
        [
            122.16924910607865,
            114.1755634638197
        ],
        [
            99.93552546744036,
            124.83994878361075
        ],
        [
            84.89993935718617,
            115.74074074074073
        ],
        [
            92.64458169567659,
            108.95170789163721
        ],
        [
            142.55702280912365,
            110.83743842364532
        ],
        [
            102.31316725978648,
            91.27210496292071
        ],
        [
            102.30547550432276,
            108.89021479713605
        ],
        [
            125.54927809165098,
            107.92525773195877
        ],
        [
            97.4025974025974,
            115.5268022181146
        ],
        [
            126.52439024390245,
            111.04617182933957
        ],
        [
            100.2994011976048,
            113.20754716981132
        ],
        [
            119.93769470404983,
            118.3063511830635
        ],
        [
            113.85199240986717,
            125.39184952978057
        ],
        [
            126.62137121680051,
            112.87370347773032
        ],
        [
            114.88673139158577,
            145.7774798927614
        ],
        [
            93.19286871961103,
            103.99562123700055
        ]
    ],
    "losses": 14,
    "nOT": [
        0,
        0,
        0,
        0,
        0,
        0,
        0,
        0,
        0,
        0,
        0,
        0,
        0,
        0,
        0,
        0,
        0,
        0,
        0,
        0,
        0,
        0
    ],
    "pace": 66.96985554557128,
    "poss": [
        [
            73.0,
            72.44
        ],
        [
            74.12,
            73.8
        ],
        [
            70.84,
            72.2
        ],
        [
            58.28,
            58.16
        ],
        [
            76.36,
            68.48
        ],
        [
            62.16,
            65.28
        ],
        [
            67.12,
            67.44
        ],
        [
            62.04,
            62.480000000000004
        ],
        [
            65.96000000000001,
            69.12
        ],
        [
            71.24,
            67.92
        ],
        [
            66.64,
            64.96
        ],
        [
            67.44,
            70.12
        ],
        [
            69.4,
            67.03999999999999
        ],
        [
            63.72,
            62.08
        ],
        [
            64.68,
            64.92
        ],
        [
            65.6,
            68.44
        ],
        [
            66.8,
            63.6
        ],
        [
            64.2,
            64.24000000000001
        ],
        [
            63.24,
            63.8
        ],
        [
            64.75999999999999,
            65.56
        ],
        [
            61.8,
            59.68
        ],
        [
            74.03999999999999,
            73.08
        ]
    ],
    "preseason_pace": 66.39337849429505,
    "preseason_pred": -11.496162134374138,
    "preseason_predd": 111.33580301973669,
    "preseason_predo": 99.83964088536254,