{
    "CompRank": 349,
    "CompositeDef": 118.44424889903188,
    "CompositeOff": 99.24338843404455,
    "CompositePace": 67.6033481512135,
    "CompositeRating": -19.200860464987326,
    "HA": [
        "A",
        "H"
    ],
    "OAst": 25.0,
    "OAvgCompRat": -1.3813663063586856,
    "OBlk": 11.0,
    "ODR": 54.0,
    "OFGA": 123.0,
    "OFGA3": 31.0,
    "OFGM": 59.0,
    "OFGM3": 11.0,
    "OFTA": 49.0,
    "OFTM": 31.0,
    "OOR": 29.0,
    "OPF": 35.0,
    "OScore": 160.0,
    "OStl": 18.0,
    "OTO": 23.0,
    "Oastr": 0.12982966348151226,
    "Ocomprank": 200,
    "Ocorrdastr": 0.1333422763907338,
    "Ocorrdeff": 99.43559470627264,
    "Ocorrdeffrank": 136,
    "Ocorrdefgp": 0.4662915494235779,
    "Ocorrdftr": 0.480623691275341,
    "Ocorrdorbp": 0.2534099735998181,
    "Ocorrdtovr": 0.10873381626795114,
    "Ocorroastr": 0.16700036215759864,
    "Ocorroeff": 108.08804883515916,
    "Ocorroeffrank": 98,
    "Ocorroefgp": 0.5693404981433059,
    "Ocorroftr": 0.31672724580659717,
    "Ocorroorbp": 0.3036560774094894,
    "Ocorrotovr": 0.15147364435833943,
    "Oeff": 115.47344110854503,
    "Oefgp": 0.524390243902439,
    "Oftr": 0.3983739837398374,
    "Oneteff": 8.652454128886518,
    "Oneteffrank": 110,
    "Oorbp": 0.4084507042253521,
    "Oposs": 138.56,
    "Otovr": 0.13726426354738602,
    "SoR": 0.0,
    "SoRrank": 259,
    "TAst": 25.0,
    "TBlk": 10.0,
    "TDR": 42.0,
    "TFGA": 112.0,
    "TFGA3": 51.0,
    "TFGM": 46.0,
    "TFGM3": 16.0,
    "TFTA": 31.0,
    "TFTM": 24.0,
    "TOR": 10.0,
    "TPF": 39.0,
    "TScore": 132.0,
    "TStl": 18.0,
    "TTO": 27.0,
    "Tastr": 0.14073406890340015,
    "Tcorrdastr": 0.10738945284025483,
    "Tcorrdastrrank": 59,
    "Tcorrdeff": 109.8366067002705,
    "Tcorrdeffrank": 266,
    "Tcorrdefgp": 0.4607795576549525,
    "Tcorrdefgprank": 114,
    "Tcorrdftr": 0.4513435756135751,
    "Tcorrdftrrank": 286,
    "Tcorrdorbp": 0.3913533480993269,
    "Tcorrdorbprank": 320,
    "Tcorrdtovr": 0.13988299011781352,
    "Tcorrdtovrrank": 231,
    "Tcorroastr": 0.1441927911790036,
    "Tcorroastrrank": 139,
    "Tcorroeff": 95.25498066344213,
    "Tcorroeffrank": 253,
    "Tcorroefgp": 0.5120929311433284,
    "Tcorroefgprank": 137,
    "Tcorroftr": 0.2122213604034988,
    "Tcorroftrrank": 328,
    "Tcorroorbp": 0.17760545172344935,
    "Tcorroorbprank": 332,
    "Tcorrotovr": 0.24657819178495402,
    "Tcorrotovrrank": 358,
    "Teff": 92.54066180594505,
    "Tefgp": 0.48214285714285715,
    "Tftr": 0.2767857142857143,
    "Tneteff": -14.581626036828368,
    "Tneteffrank": 281,
    "Torbp": 0.15625,
    "Tposs": 142.64,
    "Ttovr": 0.1768867924528302,
    "closses": 0,
    "confplace": 1,
    "cwins": 0,
    "dates": [
        [
            11,
            6
        ],
        [
            11,
            9
        ]
    ],
    "geff": [
        [
            85.5072463768116,
            127.73722627737226
        ],
        [
            99.130907115698,
            104.3956043956044
        ]
    ],
    "losses": 2,
    "nOT": [
        0,
        0
    ],
    "pace": 67.96958622037684,
    "poss": [
        [
            69.0,
            65.76
        ],
        [
            73.64,
            72.8
        ]
    ],
    "preseason_pace": 67.56315741660023,
    "preseason_pred": -19.70777233639023,
    "preseason_predd": 119.38884612248992,
    "preseason_predo": 99.68107378609969,
    "schedule": [
        "washington-state",
        "cal-state-northridge"
    ],
    "scores": [
        [
            59,
            84
        ],
        [
            73,
            76
        ]
    ],
    "wins": 0
}