{
    "CompRank": 342,
    "CompositeDef": 107.22630285173521,
    "CompositeOff": 89.67099123019591,
    "CompositePace": 68.88594525795784,
    "CompositeRating": -17.5553116215393,
    "HA": [
        "H",
        "A",
        "N",
        "A",
        "N",
        "H",
        "H",
        "H",
        "A",
        "A",
        "A",
        "H",
        "A",
        "H"
    ],
    "OAst": 185.0,
    "OAvgCompRat": -4.345331702928378,
    "OBlk": 58.0,
    "ODR": 368.0,
    "OFGA": 820.0,
    "OFGA3": 303.0,
    "OFGM": 368.0,
    "OFGM3": 93.0,
    "OFTA": 252.0,
    "OFTM": 178.0,
    "OOR": 132.0,
    "OPF": 183.0,
    "OScore": 1007.0,
    "OStl": 108.0,
    "OTO": 168.0,
    "Oastr": 0.1440944636570396,
    "Ocomprank": 331,
    "Ocorrdastr": 0.1416557454908026,
    "Ocorrdeff": 102.55035023302965,
    "Ocorrdeffrank": 268,
    "Ocorrdefgp": 0.5018187671167339,
    "Ocorrdftr": 0.29453412323277195,
    "Ocorrdorbp": 0.2735570219900456,
    "Ocorrdtovr": 0.14681776030379573,
    "Ocorroastr": 0.14506115695424632,
    "Ocorroeff": 98.62829381003641,
    "Ocorroeffrank": 313,
    "Ocorroefgp": 0.5013120175964179,
    "Ocorroftr": 0.28825579400044266,
    "Ocorroorbp": 0.24963345971713483,
    "Ocorrotovr": 0.1753320741978664,
    "Oeff": 104.14942909151084,
    "Oefgp": 0.5054878048780488,
    "Oftr": 0.3073170731707317,
    "Oneteff": -3.9220564229932364,
    "Oneteffrank": 307,
    "Oorbp": 0.29464285714285715,
    "Oposs": 966.88,
    "Otovr": 0.15288293535235875,
    "SoR": 0.0,
    "SoRrank": 215,
    "TAst": 148.0,
    "TBlk": 40.0,
    "TDR": 316.0,
    "TFGA": 801.0,
    "TFGA3": 255.0,
    "TFGM": 336.0,
    "TFGM3": 82.0,
    "TFTA": 196.0,
    "TFTM": 131.0,
    "TOR": 103.0,
    "TPF": 215.0,
    "TScore": 885.0,
    "TStl": 95.0,
    "TTO": 192.0,
    "Tastr": 0.12059580848081874,
    "Tcorrdastr": 0.13969069039508086,
    "Tcorrdastrrank": 183,
    "Tcorrdeff": 106.68795464568502,
    "Tcorrdeffrank": 277,
    "Tcorrdefgp": 0.5044219541075212,
    "Tcorrdefgprank": 189,
    "Tcorrdftr": 0.33531234953825634,
    "Tcorrdftrrank": 247,
    "Tcorrdorbp": 0.31731204281958,
    "Tcorrdorbprank": 314,
    "Tcorrdtovr": 0.14134175677990876,
    "Tcorrdtovrrank": 296,
    "Tcorroastr": 0.11964148003380472,
    "Tcorroastrrank": 313,
    "Tcorroeff": 89.31729626773327,
    "Tcorroeffrank": 346,
    "Tcorroefgp": 0.4692193190738544,
    "Tcorroefgprank": 284,
    "Tcorroftr": 0.26198530260542774,
    "Tcorroftrrank": 293,
    "Tcorroorbp": 0.21573692849323817,
    "Tcorroorbprank": 312,
    "Tcorrotovr": 0.19626945791923098,
    "Tcorrotovrrank": 337,
    "Teff": 90.6539375563386,
    "Tefgp": 0.4706616729088639,
    "Tftr": 0.24469413233458176,
    "Tneteff": -17.370658377951756,
    "Tneteffrank": 340,
    "Torbp": 0.21868365180467092,
    "Tposs": 976.24,
    "Ttovr": 0.17790296875579112,
    "closses": 1,
    "confplace": 4,
    "cwins": 2,
    "dates": [
        [
            11,
            7
        ],
        [
            11,
            14
        ],
        [
            11,
            19
        ],
        [
            11,
            21
        ],
        [
            11,
            22
        ],
        [
            11,
            30
        ],
        [
            12,
            3
        ],
        [
            12,
            7
        ],
        [
            12,
            10
        ],
        [
            12,
            19
        ],
        [
            12,
            22
        ],
        [
            12,
            30
        ],
        [
            1,
            2
        ],
        [
            1,
            5
        ]
    ],
    "geff": [
        [
            90.52183173588924,
            103.8205980066445
        ],
        [
            89.77900552486187,
            131.5053161723559
        ],
        [
            106.52642934196332,
            110.1141924959217
        ],
        [
            74.48004496908376,
            100.842865743528
        ],
        [
            89.04479222881812,
            117.66261237440507
        ],
        [
            57.506053268765136,
            108.10810810810811
        ],
        [
            94.42446043165468,
            83.57771260997067
        ],
        [
            102.24654377880185,
            108.8850174216028
        ],
        [
            91.4826498422713,
            96.27937336814621
        ],
        [
            94.63722397476342,
            126.21359223300972
        ],
        [
            94.62759462759462,
            100.42604990870359
        ],
        [
            78.41087297438577,
            81.50646430578978
        ],
        [
            114.12708204811844,
            90.83044982698962
        ],
        [
            92.69356597600873,
            97.96027911969942
        ]
    ],
    "losses": 11,
    "nOT": [
        0,
        0,
        0,
        0,
        0,
        0,
        0,
        0,
        0,
        0,
        0,
        0,
        0,
        1
    ],
    "pace": 68.9811929365234,
    "poss": [
        [
            75.12,
            72.24000000000001
        ],
        [
            72.4,
            71.48
        ],
        [
            74.16,
            73.56
        ],
        [
            71.16,
            66.44
        ],
        [
            74.12,
            75.64
        ],
        [
            66.08,
            66.6
        ],
        [
            66.72,
            68.2
        ],
        [
            69.44,
            68.88
        ],
        [
            63.4,
            61.28
        ],
        [
            63.4,
            61.8
        ],
        [
            65.52000000000001,
            65.72
        ],
        [
            76.52000000000001,
            71.16
        ],
        [
            64.84,
            69.36
        ],
        [
            73.36,
            74.52
        ]
    ],
    "preseason_pace": 68.37377667088379,
    "preseason_pred": -18.54823441284679,
    "preseason_predd": 110.12112448097629,
    "preseason_predo": 91.57289006812951,
    "schedule": [
        "siena",
        "creighton",
        "stonehill",
        "fordham",
        "illinois-chicago",
        "harvard",
        "central-connecticut-state",
        "quinnipiac",
        "northeastern",
        "new-hampshire",
        "sacred-heart",
        "bucknell",
        "navy",
        "american"
    ],
    "scores": [
        [
            68,
            75
        ],
        [
            65,
            94
        ],
        [
            79,
            81
        ],
        [
            53,
            67
        ],
        [
            66,
            89
        ],
        [
            38,
            72
        ],
        [
            63,
            57
        ],
        [
            71,
            75
        ],
        [
            58,
            59
        ],
        [
            60,
            78
        ],
        [
            62,
            66
        ],
        [
            60,
            58
        ],
        [
            74,
            63
        ],
        [
            68,
            73
        ]
    ],
    "wins": 3
}