{
    "CompRank": 338,
    "CompositeDef": 106.46721446908089,
    "CompositeOff": 89.72930305098403,
    "CompositePace": 67.84919622462684,
    "CompositeRating": -16.737911418096864,
    "HA": [
        "A",
        "A",
        "H",
        "A",
        "A",
        "H",
        "H",
        "A",
        "H"
    ],
    "OAst": 121.0,
    "OAvgCompRat": -2.1646406351532574,
    "OBlk": 27.0,
    "ODR": 212.0,
    "OFGA": 496.0,
    "OFGA3": 132.0,
    "OFGM": 224.0,
    "OFGM3": 51.0,
    "OFTA": 179.0,
    "OFTM": 123.0,
    "OOR": 93.0,
    "OPF": 141.0,
    "OScore": 622.0,
    "OStl": 54.0,
    "OTO": 119.0,
    "Oastr": 0.14850999067209977,
    "Ocomprank": 253,
    "Ocorrdastr": 0.1477943437821922,
    "Ocorrdeff": 104.25525863275138,
    "Ocorrdeffrank": 315,
    "Ocorrdefgp": 0.5110039266823955,
    "Ocorrdftr": 0.338143304502495,
    "Ocorrdorbp": 0.2880328246838194,
    "Ocorrdtovr": 0.15784776762267777,
    "Ocorroastr": 0.14030592885111107,
    "Ocorroeff": 98.7805947554431,
    "Ocorroeffrank": 276,
    "Ocorroefgp": 0.49604469490817343,
    "Ocorroftr": 0.2932444751930728,
    "Ocorroorbp": 0.2722420510125898,
    "Ocorrotovr": 0.17440223928935655,
    "Oeff": 103.53552167254811,
    "Oefgp": 0.5030241935483871,
    "Oftr": 0.36088709677419356,
    "Oneteff": -5.474663877308274,
    "Oneteffrank": 319,
    "Oorbp": 0.34065934065934067,
    "Oposs": 600.76,
    "Otovr": 0.1715290590405904,
    "SoR": 0.0,
    "SoRrank": 253,
    "TAst": 91.0,
    "TBlk": 41.0,
    "TDR": 180.0,
    "TFGA": 503.0,
    "TFGA3": 160.0,
    "TFGM": 193.0,
    "TFGM3": 52.0,
    "TFTA": 151.0,
    "TFTM": 106.0,
    "TOR": 89.0,
    "TPF": 148.0,
    "TScore": 544.0,
    "TStl": 70.0,
    "TTO": 116.0,
    "Tastr": 0.11720158672917418,
    "Tcorrdastr": 0.1495959757396641,
    "Tcorrdastrrank": 248,
    "Tcorrdeff": 105.74873408893238,
    "Tcorrdeffrank": 267,
    "Tcorrdefgp": 0.5073914211429352,
    "Tcorrdefgprank": 205,
    "Tcorrdftr": 0.3883795202422065,
    "Tcorrdftrrank": 305,
    "Tcorrdorbp": 0.3378308440324677,
    "Tcorrdorbprank": 335,
    "Tcorrdtovr": 0.16054715340153275,
    "Tcorrdtovrrank": 177,
    "Tcorroastr": 0.1120110797041738,
    "Tcorroastrrank": 341,
    "Tcorroeff": 88.2833810304239,
    "Tcorroeffrank": 341,
    "Tcorroefgp": 0.42645008691351216,
    "Tcorroefgprank": 350,
    "Tcorroftr": 0.28080991583677056,
    "Tcorroftrrank": 244,
    "Tcorroorbp": 0.27807915231868374,
    "Tcorroorbprank": 156,
    "Tcorrotovr": 0.17487421100810402,
    "Tcorrotovrrank": 269,
    "Teff": 91.207833143317,
    "Tefgp": 0.43538767395626243,
    "Tftr": 0.30019880715705766,
    "Tneteff": -17.465353058508484,
    "Tneteffrank": 329,
    "Torbp": 0.2956810631229236,
    "Tposs": 596.44,
    "Ttovr": 0.16923436041083098,
    "closses": 0,
    "confplace": 1,
    "cwins": 0,
    "dates": [
        [
            11,
            11
        ],
        [
            11,
            13
        ],
        [
            11,
            19
        ],
        [
            11,
            23
        ],
        [
            11,
            25
        ],
        [
            11,
            30
        ],
        [
            12,
            6
        ],
        [
            12,
            10
        ],
        [
            12,
            13
        ]
    ],
    "geff": [
        [
            89.88015978695074,
            117.34028683181225
        ],
        [
            73.66482504604052,
            128.0487804878049
        ],
        [
            93.84615384615384,
            84.59743290548424
        ],
        [
            78.56341189674522,
            113.76728110599079
        ],
        [
            88.75739644970415,
            109.84182776801406
        ],
        [
            111.81667586968526,
            101.67130919220057
        ],
        [
            106.58307210031349,
            81.01101749837979
        ],
        [
            91.67184586699814,
            105.52451893234017
        ],
        [
            85.431654676259,
            90.56929269695227
        ]
    ],
    "losses": 6,
    "nOT": [
        0,
        0,
        0,
        0,
        0,
        0,
        0,
        0,
        0
    ],
    "pace": 67.32006272719289,
    "poss": [
        [
            60.08,
            61.36
        ],
        [
            65.16,
            65.6
        ],
        [
            65.0,
            68.56
        ],
        [
            71.28,
            69.44
        ],
        [
            67.6,
            68.28
        ],
        [
            72.44,
            71.8
        ],
        [
            63.8,
            61.72
        ],
        [
            64.36,
            64.44
        ],
        [
            66.72,
            69.56
        ]
    ],
    "preseason_pace": 69.02504844114671,
    "preseason_pred": -15.12137443940437,
    "preseason_predd": 108.06383753607757,
    "preseason_predo": 92.9424630966732,
    "schedule": [
        "minnesota",
        "st-thomas-mn",
        "saint-peters",
        "miami-fl",
        "south-florida",
        "delaware-state",
        "hartford",
        "massachusetts-lowell",
        "longwood"
    ],
    "scores": [
        [
            54,
            72
        ],
        [
            48,
            84
        ],
        [
            61,
            58
        ],
        [
            56,
            79
        ],
        [
            60,
            75
        ],
        [
            81,
            73
        ],
        [
            68,
            50
        ],
        [
            59,
            68
        ],
        [
            57,
            63
        ]
    ],
    "wins": 3
}