{
    "CompRank": 161,
    "CompositeDef": 97.39585453265396,
    "CompositeOff": 97.64543589887361,
    "CompositePace": 69.05829521659668,
    "CompositeRating": 0.24958136621967053,
    "HA": [
        "H",
        "H",
        "N",
        "N"
    ],
    "OAst": 42.0,
    "OAvgCompRat": -2.696619108126048,
    "OBlk": 18.0,
    "ODR": 86.0,
    "OFGA": 210.0,
    "OFGA3": 66.0,
    "OFGM": 93.0,
    "OFGM3": 20.0,
    "OFTA": 93.0,
    "OFTM": 68.0,
    "OOR": 34.0,
    "OPF": 92.0,
    "OScore": 274.0,
    "OStl": 30.0,
    "OTO": 63.0,
    "Oastr": 0.11800404585300067,
    "Ocomprank": 251,
    "Ocorrdastr": 0.12166607195439934,
    "Ocorrdeff": 107.26830803277022,
    "Ocorrdeffrank": 289,
    "Ocorrdefgp": 0.48525115504426886,
    "Ocorrdftr": 0.36660753175009547,
    "Ocorrdorbp": 0.25787241633888475,
    "Ocorrdtovr": 0.11969062442099349,
    "Ocorroastr": 0.13148503378425103,
    "Ocorroeff": 105.62268964499899,
    "Ocorroeffrank": 121,
    "Ocorroefgp": 0.524688546244972,
    "Ocorroftr": 0.3726589834659437,
    "Ocorroorbp": 0.31386259015707174,
    "Ocorrotovr": 0.16025426862291947,
    "Oeff": 97.88511003143755,
    "Oefgp": 0.49047619047619045,
    "Oftr": 0.44285714285714284,
    "Oneteff": -1.6456183877712363,
    "Oneteffrank": 217,
    "Oorbp": 0.2857142857142857,
    "Oposs": 279.92,
    "Otovr": 0.2006880733944954,
    "SoR": 24.518412047700146,
    "SoRrank": 102,
    "TAst": 59.0,
    "TBlk": 10.0,
    "TDR": 85.0,
    "TFGA": 220.0,
    "TFGA3": 62.0,
    "TFGM": 101.0,
    "TFGM3": 17.0,
    "TFTA": 117.0,
    "TFTM": 75.0,
    "TOR": 40.0,
    "TPF": 86.0,
    "TScore": 294.0,
    "TStl": 39.0,
    "TTO": 55.0,
    "Tastr": 0.15305593026875583,
    "Tcorrdastr": 0.12388118464075021,
    "Tcorrdastrrank": 107,
    "Tcorrdeff": 95.21809709523227,
    "Tcorrdeffrank": 78,
    "Tcorrdefgp": 0.46572197960190725,
    "Tcorrdefgprank": 100,
    "Tcorrdftr": 0.4091585835972046,
    "Tcorrdftrrank": 280,
    "Tcorrdorbp": 0.25609583433010696,
    "Tcorrdorbprank": 127,
    "Tcorrdtovr": 0.19113889826850272,
    "Tcorrdtovrrank": 39,
    "Tcorroastr": 0.17363277589864426,
    "Tcorroastrrank": 35,
    "Tcorroeff": 98.34653181131227,
    "Tcorroeffrank": 242,
    "Tcorroefgp": 0.5107808757764231,
    "Tcorroefgprank": 144,
    "Tcorroftr": 0.5004375177383601,
    "Tcorroftrrank": 15,
    "Tcorroorbp": 0.3461779979434077,
    "Tcorroorbprank": 57,
    "Tcorrotovr": 0.21358622385407763,
    "Tcorrotovrrank": 355,
    "Teff": 102.62496509354928,
    "Tefgp": 0.49772727272727274,
    "Tftr": 0.5318181818181819,
    "Tneteff": 3.128434716080008,
    "Tneteffrank": 144,
    "Torbp": 0.31746031746031744,
    "Tposs": 286.48,
    "Ttovr": 0.16846361185983827,
    "closses": 0,
    "confplace": 1,
    "cwins": 0,
    "dates": [
        [
            11,
            13
        ],
        [
            11,
            17
        ],
        [
            11,
            21
        ],
        [
            11,
            22
        ]
    ],
    "geff": [
        [
            117.66261237440507,
            102.42587601078166
        ],
        [
            97.74229074889868,
            92.9203539823009
        ],
        [
            111.474435196195,
            106.76156583629894
        ],
        [
            83.19232938522278,
            89.38706015891033
        ]
    ],
    "losses": 1,
    "nOT": [
        0,
        0,
        0,
        0
    ],
    "pace": 72.19388068965576,
    "poss": [
        [
            75.64,
            74.2
        ],
        [
            72.64,
            67.8
        ],
        [
            67.28,
            67.44
        ],
        [
            70.92,
            70.48
        ]
    ],
    "preseason_pace": 67.6819065315776,
    "preseason_pred": -1.014112833993372,
    "preseason_predd": 98.35179744071286,
    "preseason_predo": 97.33768460671948,
    "schedule": [
        "california-santa-barbara",
        "austin-peay",
        "california",
        "bradley"
    ],
    "scores": [
        [
            89,
            76
        ],
        [
            71,
            63
        ],
        [
            75,
            72
        ],
        [
            59,
            63
        ]
    ],
    "wins": 3
}