{
    "CompRank": 72,
    "CompositeDef": 101.90218248125962,
    "CompositeOff": 113.54227842085146,
    "CompositePace": 70.7120376816438,
    "CompositeRating": 11.64009593959185,
    "HA": [
        "H",
        "H",
        "H",
        "H",
        "N",
        "N",
        "N",
        "H"
    ],
    "OAst": 91.0,
    "OAvgCompRat": -4.338670546390499,
    "OBlk": 27.0,
    "ODR": 187.0,
    "OFGA": 468.0,
    "OFGA3": 153.0,
    "OFGM": 201.0,
    "OFGM3": 57.0,
    "OFTA": 134.0,
    "OFTM": 98.0,
    "OOR": 70.0,
    "OPF": 135.0,
    "OScore": 557.0,
    "OStl": 44.0,
    "OTO": 116.0,
    "Oastr": 0.12398495830835467,
    "Ocomprank": 290,
    "Ocorrdastr": 0.1350975094413574,
    "Ocorrdeff": 105.95564247820454,
    "Ocorrdeffrank": 244,
    "Ocorrdefgp": 0.49188736999403376,
    "Ocorrdftr": 0.35954942372427234,
    "Ocorrdorbp": 0.29469101598819175,
    "Ocorrdtovr": 0.15310936730615066,
    "Ocorroastr": 0.136561951586675,
    "Ocorroeff": 100.14935926180557,
    "Ocorroeffrank": 308,
    "Ocorroefgp": 0.5069353252322648,
    "Ocorroftr": 0.3637344500689479,
    "Ocorroorbp": 0.2661944999620207,
    "Ocorrotovr": 0.15143760786339908,
    "Oeff": 97.21446523317509,
    "Oefgp": 0.49038461538461536,
    "Oftr": 0.2863247863247863,
    "Oneteff": -5.806283216398967,
    "Oneteffrank": 293,
    "Oorbp": 0.2661596958174905,
    "Oposs": 572.96,
    "Otovr": 0.1804155779519721,
    "SoR": 59.566516915357845,
    "SoRrank": 45,
    "TAst": 122.0,
    "TBlk": 37.0,
    "TDR": 193.0,
    "TFGA": 506.0,
    "TFGA3": 216.0,
    "TFGM": 242.0,
    "TFGM3": 65.0,
    "TFTA": 172.0,
    "TFTM": 123.0,
    "TOR": 82.0,
    "TPF": 126.0,
    "TScore": 672.0,
    "TStl": 80.0,
    "TTO": 74.0,
    "Tastr": 0.1568768645201111,
    "Tcorrdastr": 0.1303460875948806,
    "Tcorrdastrrank": 91,
    "Tcorrdeff": 101.06111083290386,
    "Tcorrdeffrank": 137,
    "Tcorrdefgp": 0.4872443353091677,
    "Tcorrdefgprank": 134,
    "Tcorrdftr": 0.27083615865359356,
    "Tcorrdftrrank": 70,
    "Tcorrdorbp": 0.28092007789905327,
    "Tcorrdorbprank": 184,
    "Tcorrdtovr": 0.17873835055006684,
    "Tcorrdtovrrank": 47,
    "Tcorroastr": 0.16677924183209858,
    "Tcorroastrrank": 72,
    "Tcorroeff": 115.18225527727822,
    "Tcorroeffrank": 52,
    "Tcorroefgp": 0.5558544431594015,
    "Tcorroefgprank": 65,
    "Tcorroftr": 0.3261943146128956,
    "Tcorroftrrank": 195,
    "Tcorroorbp": 0.29106773485119836,
    "Tcorroorbprank": 155,
    "Tcorrotovr": 0.11051063614042879,
    "Tcorrotovrrank": 17,
    "Teff": 117.13847441082135,
    "Tefgp": 0.5424901185770751,
    "Tftr": 0.33992094861660077,
    "Tneteff": 14.121144444374352,
    "Tneteffrank": 77,
    "Torbp": 0.3048327137546468,
    "Tposs": 573.6800000000001,
    "Ttovr": 0.1128599316739873,
    "closses": 0,
    "confplace": 1,
    "cwins": 0,
    "dates": [
        [
            11,
            4
        ],
        [
            11,
            10
        ],
        [
            11,
            13
        ],
        [
            11,
            16
        ],
        [
            11,
            21
        ],
        [
            11,
            22
        ],
        [
            11,
            24
        ],
        [
            11,
            29
        ]
    ],
    "geff": [
        [
            138.73775843307945,
            88.2847533632287
        ],
        [
            117.99000555247086,
            103.09278350515464
        ],
        [
            112.43386243386244,
            90.50367261280168
        ],
        [
            129.69094922737307,
            110.65573770491802
        ],
        [
            105.91990713871155,
            106.92771084337349
        ],
        [
            116.42156862745098,
            91.13001215066828
        ],
        [
            95.16041326808048,
            116.04584527220631
        ],
        [
            120.36524626452683,
            73.29842931937172
        ]
    ],
    "losses": 1,
    "nOT": [
        0,
        0,
        0,
        0,
        0,
        0,
        0,
        0
    ],
    "pace": 72.7897061822773,
    "poss": [
        [
            73.52,
            71.36
        ],
        [
            72.03999999999999,
            73.72
        ],
        [
            75.6,
            76.24
        ],
        [
            72.48,
            73.2
        ],
        [
            68.92,
            66.4
        ],
        [
            65.28,
            65.84
        ],
        [
            73.56,
            69.8
        ],
        [
            72.28,
            76.4
        ]
    ],
    "preseason_pace": 67.06400519767827,
    "preseason_pred": 7.283796781674701,
    "preseason_predd": 103.37896123283073,
    "preseason_predo": 110.66275801450543,
    "schedule": [
        "maryland-eastern-shore",
        "southeast-missouri-state",
        "california",
        "jackson-state",
        "nevada",
        "seton-hall",
        "drake",
        "tennessee-tech"
    ],
    "scores": [
        [
            102,
            63
        ],
        [
            85,
            76
        ],
        [
            85,
            69
        ],
        [
            94,
            81
        ],
        [
            73,
            71
        ],
        [
            76,
            60
        ],
        [
            70,
            81
        ],
        [
            87,
            56
        ]
    ],
    "wins": 7
}