{
    "CompRank": 49,
    "CompositeDef": 98.75750097509051,
    "CompositeOff": 116.54621084505614,
    "CompositePace": 71.68206187534525,
    "CompositeRating": 17.788709869965626,
    "HA": [
        "H",
        "H",
        "H",
        "H",
        "N",
        "N",
        "N",
        "H",
        "A",
        "N",
        "H",
        "H",
        "H",
        "A",
        "H"
    ],
    "OAst": 168.0,
    "OAvgCompRat": -2.5774768868316835,
    "OBlk": 53.0,
    "ODR": 339.0,
    "OFGA": 845.0,
    "OFGA3": 295.0,
    "OFGM": 357.0,
    "OFGM3": 99.0,
    "OFTA": 277.0,
    "OFTM": 194.0,
    "OOR": 133.0,
    "OPF": 216.0,
    "OScore": 1007.0,
    "OStl": 88.0,
    "OTO": 229.0,
    "Oastr": 0.12317799219872715,
    "Ocomprank": 265,
    "Ocorrdastr": 0.1453901848034534,
    "Ocorrdeff": 106.43784138029427,
    "Ocorrdeffrank": 246,
    "Ocorrdefgp": 0.5069898369189629,
    "Ocorrdftr": 0.3372859938001873,
    "Ocorrdorbp": 0.29308940548851414,
    "Ocorrdtovr": 0.15919384067962572,
    "Ocorroastr": 0.1412732581100957,
    "Ocorroeff": 101.72164292980156,
    "Ocorroeffrank": 335,
    "Ocorroefgp": 0.49518721202194926,
    "Ocorroftr": 0.34539915200601534,
    "Ocorroorbp": 0.29577758388655145,
    "Ocorrotovr": 0.14943149655568813,
    "Oeff": 94.74258618094234,
    "Oefgp": 0.48106508875739645,
    "Oftr": 0.32781065088757394,
    "Oneteff": -4.716198450492712,
    "Oneteffrank": 321,
    "Oorbp": 0.266,
    "Oposs": 1062.88,
    "Otovr": 0.19149078502859818,
    "SoR": 68.7982001590114,
    "SoRrank": 35,
    "TAst": 229.0,
    "TBlk": 69.0,
    "TDR": 367.0,
    "TFGA": 938.0,
    "TFGA3": 392.0,
    "TFGM": 449.0,
    "TFGM3": 127.0,
    "TFTA": 330.0,
    "TFTM": 244.0,
    "TOR": 159.0,
    "TPF": 289.0,
    "TScore": 1269.0,
    "TStl": 157.0,
    "TTO": 144.0,
    "Tastr": 0.1572586183216591,
    "Tcorrdastr": 0.1269528810100522,
    "Tcorrdastrrank": 59,
    "Tcorrdeff": 98.01954324930365,
    "Tcorrdeffrank": 71,
    "Tcorrdefgp": 0.49196518904631825,
    "Tcorrdefgprank": 126,
    "Tcorrdftr": 0.317656430740813,
    "Tcorrdftrrank": 148,
    "Tcorrdorbp": 0.2578135064705422,
    "Tcorrdorbprank": 83,
    "Tcorrdtovr": 0.19349632842315806,
    "Tcorrdtovrrank": 19,
    "Tcorroastr": 0.15751131596614046,
    "Tcorroastrrank": 106,
    "Tcorroeff": 117.4856843509325,
    "Tcorroeffrank": 36,
    "Tcorroefgp": 0.5460258724352643,
    "Tcorroefgprank": 69,
    "Tcorroftr": 0.35008016923672836,
    "Tcorroftrrank": 137,
    "Tcorroorbp": 0.31310112949701874,
    "Tcorroorbprank": 112,
    "Tcorrotovr": 0.11126563339680083,
    "Tcorrotovrrank": 6,
    "Teff": 118.79797790675903,
    "Tefgp": 0.5463752665245203,
    "Tftr": 0.35181236673773986,
    "Tneteff": 19.46614110162885,
    "Tneteffrank": 43,
    "Torbp": 0.3192771084337349,
    "Tposs": 1068.2,
    "Ttovr": 0.11734028683181225,
    "closses": 1,
    "confplace": 6,
    "cwins": 1,
    "dates": [
        [
            11,
            4
        ],
        [
            11,
            10
        ],
        [
            11,
            13
        ],
        [
            11,
            16
        ],
        [
            11,
            21
        ],
        [
            11,
            22
        ],
        [
            11,
            24
        ],
        [
            11,
            29
        ],
        [
            12,
            4
        ],
        [
            12,
            8
        ],
        [
            12,
            18
        ],
        [
            12,
            21
        ],
        [
            12,
            30
        ],
        [
            1,
            4
        ],
        [
            1,
            7
        ]
    ],
    "geff": [
        [
            138.73775843307945,
            88.2847533632287
        ],
        [
            117.99000555247086,
            103.09278350515464
        ],
        [
            112.43386243386244,
            90.50367261280168
        ],
        [
            129.69094922737307,
            110.65573770491802
        ],
        [
            105.91990713871155,
            106.92771084337349
        ],
        [
            116.42156862745098,
            91.13001215066828
        ],
        [
            95.16041326808048,
            116.04584527220631
        ],
        [
            120.36524626452683,
            73.29842931937172
        ],
        [
            121.35922330097087,
            95.92326139088729
        ],
        [
            114.45118587975732,
            100.76252723311548
        ],
        [
            160.9442060085837,
            82.19602977667493
        ],
        [
            119.92099322799098,
            75.67418822234451
        ],
        [
            125.6281407035176,
            73.56805044666316
        ],
        [
            120.1923076923077,
            105.69583088667058
        ],
        [
            86.72086720867209,
            111.17612638970158
        ]
    ],
    "losses": 2,
    "nOT": [
        0,
        0,
        0,
        0,
        0,
        0,
        0,
        0,
        0,
        0,
        0,
        0,
        0,
        0,
        0
    ],
    "pace": 72.41947611529207,
    "poss": [
        [
            73.52,
            71.36
        ],
        [
            72.03999999999999,
            73.72
        ],
        [
            75.6,
            76.24
        ],
        [
            72.48,
            73.2
        ],
        [
            68.92,
            66.4
        ],
        [
            65.28,
            65.84
        ],
        [
            73.56,
            69.8
        ],
        [
            72.28,
            76.4
        ],
        [
            65.92,
            66.72
        ],
        [
            72.52,
            73.44
        ],
        [
            65.24,
            64.48
        ],
        [
            70.88,
            72.68
        ],
        [
            79.6,
            76.12
        ],
        [
            66.56,
            68.12
        ],
        [
            73.8,
            68.36
        ]
    ],
    "preseason_pace": 67.06400519767827,
    "preseason_pred": 7.283796781674701,
    "preseason_predd": 103.37896123283073,
    "preseason_predo": 110.66275801450543,
    "schedule": [
        "maryland-eastern-shore",
        "southeast-missouri-state",
        "california",
        "jackson-state",
        "nevada",
        "seton-hall",
        "drake",
        "tennessee-tech",
        "virginia-tech",
        "texas-christian",
        "citadel",
        "austin-peay",
        "new-orleans",
        "louisiana-state",
        "mississippi-state"
    ],
    "scores": [
        [
            102,
            63
        ],
        [
            85,
            76
        ],
        [
            85,
            69
        ],
        [
            94,
            81
        ],
        [
            73,
            71
        ],
        [
            76,
            60
        ],
        [
            70,
            81
        ],
        [
            87,
            56
        ],
        [
            80,
            64
        ],
        [
            83,
            74
        ],
        [
            105,
            53
        ],
        [
            85,
            55
        ],
        [
            100,
            56
        ],
        [
            80,
            72
        ],
        [
            64,
            76
        ]
    ],
    "wins": 13
}