{
    "CompRank": 35,
    "CompositeDef": 95.6083453724047,
    "CompositeOff": 113.20566138165225,
    "CompositePace": 69.05615389473584,
    "CompositeRating": 17.59731600924755,
    "HA": [
        "H",
        "H",
        "H",
        "H",
        "N",
        "N",
        "H",
        "H",
        "A",
        "H",
        "H"
    ],
    "OAst": 133.0,
    "OAvgCompRat": -3.739611360585236,
    "OBlk": 37.0,
    "ODR": 260.0,
    "OFGA": 638.0,
    "OFGA3": 261.0,
    "OFGM": 252.0,
    "OFGM3": 69.0,
    "OFTA": 187.0,
    "OFTM": 140.0,
    "OOR": 78.0,
    "OPF": 193.0,
    "OScore": 713.0,
    "OStl": 57.0,
    "OTO": 123.0,
    "Oastr": 0.1362314090220019,
    "Ocomprank": 303,
    "Ocorrdastr": 0.14522674087024076,
    "Ocorrdeff": 107.70966590287907,
    "Ocorrdeffrank": 345,
    "Ocorrdefgp": 0.5078819985169606,
    "Ocorrdftr": 0.34722004737891426,
    "Ocorrdorbp": 0.2846838929357595,
    "Ocorrdtovr": 0.1423592247580863,
    "Ocorroastr": 0.1412417054876239,
    "Ocorroeff": 101.90785338243064,
    "Ocorroeffrank": 241,
    "Ocorroefgp": 0.4983053322664314,
    "Ocorroftr": 0.349681453546874,
    "Ocorroorbp": 0.2962298388755757,
    "Ocorrotovr": 0.1502649644536162,
    "Oeff": 93.1685134852603,
    "Oefgp": 0.44905956112852663,
    "Oftr": 0.29310344827586204,
    "Oneteff": -5.801812520448422,
    "Oneteffrank": 320,
    "Oorbp": 0.20580474934036938,
    "Oposs": 765.28,
    "Otovr": 0.14585902665781236,
    "SoR": 14.329789011949835,
    "SoRrank": 106,
    "TAst": 177.0,
    "TBlk": 57.0,
    "TDR": 301.0,
    "TFGA": 684.0,
    "TFGA3": 318.0,
    "TFGM": 313.0,
    "TFGM3": 115.0,
    "TFTA": 249.0,
    "TFTM": 170.0,
    "TOR": 129.0,
    "TPF": 181.0,
    "TScore": 911.0,
    "TStl": 75.0,
    "TTO": 102.0,
    "Tastr": 0.1650257328261356,
    "Tcorrdastr": 0.13597766599572608,
    "Tcorrdastrrank": 150,
    "Tcorrdeff": 94.44547367716035,
    "Tcorrdeffrank": 40,
    "Tcorrdefgp": 0.45126081331485324,
    "Tcorrdefgprank": 41,
    "Tcorrdftr": 0.28034845559080007,
    "Tcorrdftrrank": 86,
    "Tcorrdorbp": 0.19252829372987132,
    "Tcorrdorbprank": 8,
    "Tcorrdtovr": 0.1466662288793352,
    "Tcorrdtovrrank": 212,
    "Tcorroastr": 0.16038166282334174,
    "Tcorroastrrank": 73,
    "Tcorroeff": 114.0090684908748,
    "Tcorroeffrank": 39,
    "Tcorroefgp": 0.5344113388486236,
    "Tcorroefgprank": 81,
    "Tcorroftr": 0.352167079015524,
    "Tcorroftrrank": 131,
    "Tcorroorbp": 0.3238824898756817,
    "Tcorroorbprank": 60,
    "Tcorrotovr": 0.12087775637543728,
    "Tcorrotovrrank": 29,
    "Teff": 118.84262158213318,
    "Tefgp": 0.5416666666666666,
    "Tftr": 0.36403508771929827,
    "Tneteff": 19.563594813714445,
    "Tneteffrank": 31,
    "Torbp": 0.33161953727506427,
    "Tposs": 766.56,
    "Ttovr": 0.11389521640091117,
    "closses": 1,
    "confplace": 8,
    "cwins": 0,
    "dates": [
        [
            11,
            6
        ],
        [
            11,
            10
        ],
        [
            11,
            13
        ],
        [
            11,
            17
        ],
        [
            11,
            22
        ],
        [
            11,
            24
        ],
        [
            11,
            28
        ],
        [
            12,
            3
        ],
        [
            12,
            6
        ],
        [
            12,
            9
        ],
        [
            12,
            16
        ]
    ],
    "geff": [
        [
            132.48542660307365,
            68.45708267509215
        ],
        [
            122.11855104281011,
            80.08542445274959
        ],
        [
            126.3219741480611,
            108.0607476635514
        ],
        [
            140.0523560209424,
            75.67567567567568
        ],
        [
            90.74642126789367,
            109.47046843177189
        ],
        [
            115.92434411226357,
            75.84770969660916
        ],
        [
            102.17113665389527,
            112.4129195693477
        ],
        [
            103.42789598108746,
            120.42682926829269
        ],
        [
            122.92562999385372,
            95.57038834951456
        ],
        [
            125.61274509803921,
            110.24844720496894
        ],
        [
            124.20566146735992,
            74.58233890214797
        ]
    ],
    "losses": 3,
    "nOT": [
        0,
        0,
        0,
        0,
        0,
        0,
        0,
        0,
        0,
        0,
        0
    ],
    "pace": 69.48336970359752,
    "poss": [
        [
            75.48,
            75.96
        ],
        [
            72.88,
            74.92
        ],
        [
            68.08,
            68.48
        ],
        [
            76.4,
            74.0
        ],
        [
            78.24,
            78.56
        ],
        [
            65.56,
            67.24000000000001
        ],
        [
            62.64,
            63.16
        ],
        [
            67.68,
            65.6
        ],
        [
            65.08,
            65.92
        ],
        [
            65.28,
            64.4
        ],
        [
            69.24,
            67.04
        ]
    ],
    "preseason_pace": 67.63796149769158,
    "preseason_pred": 11.070025602100937,
    "preseason_predd": 99.46863275579474,
    "preseason_predo": 110.53865835789568,
    "schedule": [
        "north-carolina-at",
        "binghamton",
        "florida-gulf-coast",
        "jacksonville",
        "florida",
        "oregon-state",
        "missouri",
        "clemson",
        "west-virginia",
        "canisius",
        "south-carolina-state"
    ],
    "scores": [
        [
            100,
            52
        ],
        [
            89,
            60
        ],
        [
            86,
            74
        ],
        [
            107,
            56
        ],
        [
            71,
            86
        ],
        [
            76,
            51
        ],
        [
            64,
            71
        ],
        [
            70,
            79
        ],
        [
            80,
            63
        ],
        [
            82,
            71
        ],
        [
            86,
            50
        ]
    ],
    "wins": 8
}