{
    "CompRank": 111,
    "CompositeDef": 106.1898672562381,
    "CompositeOff": 112.62003583735944,
    "CompositePace": 64.85461278105875,
    "CompositeRating": 6.4301685811213405,
    "HA": [
        "H",
        "H",
        "H",
        "A",
        "H",
        "N",
        "H",
        "H",
        "H",
        "H",
        "A",
        "H",
        "N",
        "A",
        "H",
        "H",
        "A",
        "H",
        "A",
        "H",
        "H",
        "A",
        "A",
        "H"
    ],
    "OAst": 313.0,
    "OAvgCompRat": 6.123208400825449,
    "OBlk": 69.0,
    "ODR": 552.0,
    "OFGA": 1308.0,
    "OFGA3": 522.0,
    "OFGM": 597.0,
    "OFGM3": 184.0,
    "OFTA": 443.0,
    "OFTM": 339.0,
    "OOR": 203.0,
    "OPF": 343.0,
    "OScore": 1717.0,
    "OStl": 148.0,
    "OTO": 257.0,
    "Oastr": 0.15099473206877254,
    "Ocomprank": 39,
    "Ocorrdastr": 0.14047860974596005,
    "Ocorrdeff": 105.09927171677123,
    "Ocorrdeffrank": 40,
    "Ocorrdefgp": 0.49334321634533573,
    "Ocorrdftr": 0.33456310290390884,
    "Ocorrdorbp": 0.2828262757941477,
    "Ocorrdtovr": 0.15664298270831867,
    "Ocorroastr": 0.15820745966671831,
    "Ocorroeff": 113.00832971066019,
    "Ocorroeffrank": 58,
    "Ocorroefgp": 0.5389674805190594,
    "Ocorroftr": 0.36759819444443226,
    "Ocorroorbp": 0.3204589345880324,
    "Ocorrotovr": 0.141422614110535,
    "Oeff": 110.2818385016571,
    "Oefgp": 0.5267584097859327,
    "Oftr": 0.33868501529051986,
    "Oneteff": 7.909057993888965,
    "Oneteffrank": 54,
    "Oorbp": 0.2750677506775068,
    "Oposs": 1556.92,
    "Otovr": 0.14602936497113506,
    "SoR": 0.0,
    "SoRrank": 102,
    "TAst": 311.0,
    "TBlk": 80.0,
    "TDR": 535.0,
    "TFGA": 1399.0,
    "TFGA3": 592.0,
    "TFGM": 607.0,
    "TFGM3": 197.0,
    "TFTA": 432.0,
    "TFTM": 288.0,
    "TOR": 291.0,
    "TPF": 332.0,
    "TScore": 1699.0,
    "TStl": 155.0,
    "TTO": 267.0,
    "Tastr": 0.1435110840393525,
    "Tcorrdastr": 0.14109825236500284,
    "Tcorrdastrrank": 133,
    "Tcorrdeff": 106.29931158845265,
    "Tcorrdeffrank": 127,
    "Tcorrdefgp": 0.5020855463798906,
    "Tcorrdefgprank": 134,
    "Tcorrdftr": 0.32780075890336846,
    "Tcorrdftrrank": 123,
    "Tcorrdorbp": 0.2609052315599281,
    "Tcorrdorbprank": 44,
    "Tcorrdtovr": 0.1527724297781774,
    "Tcorrdtovrrank": 140,
    "Tcorroastr": 0.15116228725195416,
    "Tcorroastrrank": 155,
    "Tcorroeff": 112.56541442909425,
    "Tcorroeffrank": 116,
    "Tcorroefgp": 0.5255357325467427,
    "Tcorroefgprank": 131,
    "Tcorroftr": 0.3292130661609154,
    "Tcorroftrrank": 244,
    "Tcorroorbp": 0.3720332903715254,
    "Tcorroorbprank": 30,
    "Tcorrotovr": 0.13576651571676565,
    "Tcorrotovrrank": 98,
    "Teff": 108.55675109259592,
    "Tefgp": 0.504288777698356,
    "Tftr": 0.30879199428162973,
    "Tneteff": 6.266102840641594,
    "Tneteffrank": 113,
    "Torbp": 0.34519572953736655,
    "Tposs": 1565.08,
    "Ttovr": 0.14385155812249473,
    "closses": 9,
    "confplace": 16,
    "cwins": 2,
    "dates": [
        [
            11,
            3
        ],
        [
            11,
            7
        ],
        [
            11,
            10
        ],
        [
            11,
            13
        ],
        [
            11,
            17
        ],
        [
            11,
            20
        ],
        [
            11,
            23
        ],
        [
            11,
            28
        ],
        [
            12,
            2
        ],
        [
            12,
            7
        ],
        [
            12,
            13
        ],
        [
            12,
            17
        ],
        [
            12,
            21
        ],
        [
            12,
            30
        ],
        [
            1,
            3
        ],
        [
            1,
            10
        ],
        [
            1,
            14
        ],
        [
            1,
            17
        ],
        [
            1,
            21
        ],
        [
            1,
            24
        ],
        [
            1,
            27
        ],
        [
            1,
            31
        ],
        [
            2,
            3
        ],
        [
            2,
            7
        ]
    ],
    "geff": [
        [
            112.32544019429267,
            92.24515322076297
        ],
        [
            110.79545454545453,
            82.01202843083652
        ],
        [
            114.50381679389312,
            96.71746776084409
        ],
        [
            78.22477650063857,
            107.18599033816426
        ],
        [
            126.96493349455865,
            75.62008469449485
        ],
        [
            105.94560404807083,
            125.65274151436032
        ],
        [
            107.44985673352436,
            124.69951923076923
        ],
        [
            103.01353013530134,
            102.1671826625387
        ],
        [
            112.58482418260333,
            127.19849246231155
        ],
        [
            122.31903485254692,
            129.19896640826872
        ],
        [
            104.66712422786547,
            139.67468175388967
        ],
        [
            143.93515930687533,
            90.15455065827133
        ],
        [
            122.77470841006753,
            71.91994996873045
        ],
        [
            103.79061371841155,
            117.93916821849783
        ],
        [
            101.97960407918416,
            110.60606060606061
        ],
        [
            107.71992818671454,
            127.84966112138015
        ],
        [
            132.28299643281807,
            97.63313609467457
        ],
        [
            92.12991880074954,
            152.43902439024393
        ],
        [
            99.23175416133162,
            102.00878844946642
        ],
        [
            107.46268656716418,
            121.11244019138756
        ],
        [
            112.67605633802818,
            106.50224215246637
        ],
        [
            93.12320916905443,
            112.90322580645162
        ],
        [
            77.96947577969476,
            111.74116077384923
        ],
        [
            100.96443640747438,
            133.37468982630273
        ]
    ],
    "losses": 15,
    "nOT": [
        0,
        0,
        0,
        0,
        0,
        0,
        0,
        0,
        0,
        0,
        0,
        0,
        0,
        0,
        0,
        0,
        0,
        0,
        0,
        0,
        1,
        0,
        0,
        0
    ],
    "pace": 64.81283052200665,