{
    "CompRank": 167,
    "CompositeDef": 103.26988398378293,
    "CompositeOff": 102.69062939759937,
    "CompositePace": 67.83827088232533,
    "CompositeRating": -0.5792545861835566,
    "HA": [
        "A",
        "A",
        "N",
        "A"
    ],
    "OAst": 57.0,
    "OAvgCompRat": 5.303223715782846,
    "OBlk": 19.0,
    "ODR": 94.0,
    "OFGA": 242.0,
    "OFGA3": 91.0,
    "OFGM": 112.0,
    "OFGM3": 36.0,
    "OFTA": 63.0,
    "OFTM": 42.0,
    "OOR": 44.0,
    "OPF": 61.0,
    "OScore": 302.0,
    "OStl": 17.0,
    "OTO": 43.0,
    "Oastr": 0.15417072379097693,
    "Ocomprank": 63,
    "Ocorrdastr": 0.1196598690193143,
    "Ocorrdeff": 102.06695224473492,
    "Ocorrdeffrank": 176,
    "Ocorrdefgp": 0.5160220953858644,
    "Ocorrdftr": 0.31283747325045524,
    "Ocorrdorbp": 0.2517453522222639,
    "Ocorrdtovr": 0.15829556035876471,
    "Ocorroastr": 0.15878696594261424,
    "Ocorroeff": 115.22983718065221,
    "Ocorroeffrank": 5,
    "Ocorroefgp": 0.5437049556313166,
    "Ocorroftr": 0.31406537410639523,
    "Ocorroorbp": 0.3576701297319402,
    "Ocorrotovr": 0.1307794362025578,
    "Oeff": 112.38463828520392,
    "Oefgp": 0.5371900826446281,
    "Oftr": 0.2603305785123967,
    "Oneteff": 13.16288493591729,
    "Oneteffrank": 39,
    "Oorbp": 0.34108527131782945,
    "Oposs": 268.72,
    "Otovr": 0.13750319774878483,
    "SoR": 16.735079121039774,
    "SoRrank": 124,
    "TAst": 46.0,
    "TBlk": 5.0,
    "TDR": 85.0,
    "TFGA": 232.0,
    "TFGA3": 78.0,
    "TFGM": 96.0,
    "TFGM3": 32.0,
    "TFTA": 64.0,
    "TFTM": 47.0,
    "TOR": 42.0,
    "TPF": 59.0,
    "TScore": 271.0,
    "TStl": 25.0,
    "TTO": 46.0,
    "Tastr": 0.13062244434348022,
    "Tcorrdastr": 0.13453591555122418,
    "Tcorrdastrrank": 168,
    "Tcorrdeff": 100.30441483687136,
    "Tcorrdeffrank": 146,
    "Tcorrdefgp": 0.4921438691459395,
    "Tcorrdefgprank": 173,
    "Tcorrdftr": 0.2839011676963191,
    "Tcorrdftrrank": 101,
    "Tcorrdorbp": 0.2696087389649605,
    "Tcorrdorbprank": 158,
    "Tcorrdtovr": 0.1599958301291745,
    "Tcorrdtovrrank": 136,
    "Tcorroastr": 0.15062391079719206,
    "Tcorroastrrank": 117,
    "Tcorroeff": 103.13402138534374,
    "Tcorroeffrank": 168,
    "Tcorroefgp": 0.4659705553476873,
    "Tcorroefgprank": 260,
    "Tcorroftr": 0.30270332693711366,
    "Tcorroftrrank": 242,
    "Tcorroorbp": 0.34551456378730805,
    "Tcorroorbprank": 62,
    "Tcorrotovr": 0.1449541944108845,
    "Tcorrotovrrank": 147,
    "Teff": 102.58933979406419,
    "Tefgp": 0.4827586206896552,
    "Tftr": 0.27586206896551724,
    "Tneteff": 2.829606548472384,
    "Tneteffrank": 147,
    "Torbp": 0.3088235294117647,
    "Tposs": 264.16,
    "Ttovr": 0.15024823621635744,
    "closses": 0,
    "confplace": 1,
    "cwins": 0,
    "dates": [
        [
            11,
            6
        ],
        [
            11,
            11
        ],
        [
            11,
            14
        ],
        [
            11,
            16
        ]
    ],
    "geff": [
        [
            107.46910263299301,
            99.63293130571579
        ],
        [
            91.24087591240877,
            134.76680799515447
        ],
        [
            88.56951871657753,
            113.48464619492657
        ],
        [
            121.64691203992513,
            103.79061371841155
        ]
    ],
    "losses": 2,
    "nOT": [
        1,
        0,
        0,
        0
    ],
    "pace": 66.76125400701756,
    "poss": [
        [
            74.44,
            76.28
        ],
        [
            65.75999999999999,
            66.03999999999999
        ],
        [
            59.84,
            59.92
        ],
        [
            64.12,
            66.48
        ]
    ],
    "preseason_pace": 68.31103549151393,
    "preseason_pred": -2.0755996658679203,
    "preseason_predd": 104.57159883565083,
    "preseason_predo": 102.4959991697829,
    "schedule": [
        "western-michigan",
        "creighton",
        "california-davis",
        "montana"
    ],
    "scores": [
        [
            80,
            76
        ],
        [
            60,
            89
        ],
        [
            53,
            68
        ],
        [
            78,
            69
        ]
    ],
    "wins": 2
}