{
    "CompRank": 157,
    "CompositeDef": 108.64761041749152,
    "CompositeOff": 105.90528785611951,
    "CompositePace": 69.12648214144723,
    "CompositeRating": -2.7423225613720223,
    "HA": [
        "A",
        "A",
        "H",
        "H"
    ],
    "OAst": 55.0,
    "OAvgCompRat": -1.8964816359703398,
    "OBlk": 9.0,
    "ODR": 96.0,
    "OFGA": 230.0,
    "OFGA3": 70.0,
    "OFGM": 112.0,
    "OFGM3": 24.0,
    "OFTA": 72.0,
    "OFTM": 52.0,
    "OOR": 32.0,
    "OPF": 61.0,
    "OScore": 300.0,
    "OStl": 29.0,
    "OTO": 64.0,
    "Oastr": 0.14447830198591993,
    "Ocomprank": 179,
    "Ocorrdastr": 0.14521416931719366,
    "Ocorrdeff": 113.15450957791971,
    "Ocorrdeffrank": 311,
    "Ocorrdefgp": 0.5094886407765329,
    "Ocorrdftr": 0.34476174382278146,
    "Ocorrdorbp": 0.3298986359240415,
    "Ocorrdtovr": 0.11628896411252741,
    "Ocorroastr": 0.15230324627905556,
    "Ocorroeff": 112.73284451361727,
    "Ocorroeffrank": 72,
    "Ocorroefgp": 0.5524025511770545,
    "Ocorroftr": 0.4988773473556211,
    "Ocorroorbp": 0.30608021997189366,
    "Ocorrotovr": 0.1626739901219968,
    "Oeff": 102.15200217924271,
    "Oefgp": 0.5391304347826087,
    "Oftr": 0.3130434782608696,
    "Oneteff": -0.4216650643024451,
    "Oneteffrank": 199,
    "Oorbp": 0.2782608695652174,
    "Oposs": 293.68,
    "Otovr": 0.19651191353475805,
    "SoR": 1.3825803916183266,
    "SoRrank": 201,
    "TAst": 61.0,
    "TBlk": 15.0,
    "TDR": 83.0,
    "TFGA": 280.0,
    "TFGA3": 132.0,
    "TFGM": 112.0,
    "TFGM3": 35.0,
    "TFTA": 70.0,
    "TFTM": 56.0,
    "TOR": 47.0,
    "TPF": 76.0,
    "TScore": 315.0,
    "TStl": 37.0,
    "TTO": 41.0,
    "Tastr": 0.14777131782945735,
    "Tcorrdastr": 0.13867916228827848,
    "Tcorrdastrrank": 149,
    "Tcorrdeff": 96.44794207945716,
    "Tcorrdeffrank": 65,
    "Tcorrdefgp": 0.4980804593360495,
    "Tcorrdefgprank": 165,
    "Tcorrdftr": 0.24227406310661093,
    "Tcorrdftrrank": 27,
    "Tcorrdorbp": 0.27290430290148454,
    "Tcorrdorbprank": 135,
    "Tcorrdtovr": 0.18469319764510575,
    "Tcorrdtovrrank": 61,
    "Tcorroastr": 0.14872090987362344,
    "Tcorroastrrank": 149,
    "Tcorroeff": 97.29183129282575,
    "Tcorroeffrank": 276,
    "Tcorroefgp": 0.4621341576668954,
    "Tcorroefgprank": 279,
    "Tcorroftr": 0.27687952311721303,
    "Tcorroftrrank": 309,
    "Tcorroorbp": 0.3005370767041987,
    "Tcorroorbprank": 175,
    "Tcorrotovr": 0.15105685669714516,
    "Tcorrotovrrank": 177,
    "Teff": 103.34645669291338,
    "Tefgp": 0.4625,
    "Tftr": 0.25,
    "Tneteff": 0.843889213368584,
    "Tneteffrank": 165,
    "Torbp": 0.32867132867132864,
    "Tposs": 304.8,
    "Ttovr": 0.11654349061967026,
    "closses": 0,
    "confplace": 1,
    "cwins": 0,
    "dates": [
        [
            11,
            3
        ],
        [
            11,
            5
        ],
        [
            11,
            11
        ],
        [
            11,
            17
        ]
    ],
    "geff": [
        [
            97.24715739078395,
            103.97268777157046
        ],
        [
            92.94696555494806,
            113.50737797956866
        ],
        [
            106.58455708195169,
            82.88639687957094
        ],
        [
            114.48481831757093,
            110.79249217935349
        ]
    ],
    "losses": 2,
    "nOT": [
        0,
        0,
        0,
        0
    ],
    "pace": 75.01280851925846,
    "poss": [
        [
            66.84,
            64.44
        ],
        [
            73.16,
            70.48
        ],
        [
            84.44,
            82.04
        ],
        [
            80.36,
            76.72
        ]
    ],
    "preseason_pace": 66.5426351717633,
    "preseason_pred": -4.316517030393962,
    "preseason_predd": 114.00274603912527,
    "preseason_predo": 109.68622900873132,
    "schedule": [
        "oregon-state",
        "california-davis",
        "cal-state-northridge",
        "southern-illinois"
    ],
    "scores": [
        [
            65,
            67
        ],
        [
            68,
            80
        ],
        [
            90,
            68
        ],
        [
            92,
            85
        ]
    ],
    "wins": 2
}