{
    "CompRank": 195,
    "CompositeDef": 104.54132577692653,
    "CompositeOff": 101.30135953468654,
    "CompositePace": 68.61322260572796,
    "CompositeRating": -3.239966242239994,
    "HA": [
        "A",
        "H"
    ],
    "OAst": 24.0,
    "OAvgCompRat": -4.5520647516178485,
    "OBlk": 12.0,
    "ODR": 52.0,
    "OFGA": 127.0,
    "OFGA3": 34.0,
    "OFGM": 56.0,
    "OFGM3": 11.0,
    "OFTA": 37.0,
    "OFTM": 29.0,
    "OOR": 21.0,
    "OPF": 39.0,
    "OScore": 152.0,
    "OStl": 13.0,
    "OTO": 30.0,
    "Oastr": 0.12165450121654502,
    "Ocomprank": 242,
    "Ocorrdastr": 0.16116606724774948,
    "Ocorrdeff": 97.35948625824908,
    "Ocorrdeffrank": 146,
    "Ocorrdefgp": 0.5080037902994043,
    "Ocorrdftr": 0.33647877547362115,
    "Ocorrdorbp": 0.18360711463501403,
    "Ocorrdtovr": 0.14896741229005875,
    "Ocorroastr": 0.13824269028939265,
    "Ocorroeff": 87.24598167741715,
    "Ocorroeffrank": 324,
    "Ocorroefgp": 0.4623856443534667,
    "Ocorroftr": 0.25170121097652615,
    "Ocorroorbp": 0.20586197256426053,
    "Ocorrotovr": 0.15849955643569866,
    "Oeff": 99.8161281849225,
    "Oefgp": 0.484251968503937,
    "Oftr": 0.29133858267716534,
    "Oneteff": -10.113504580831929,
    "Oneteffrank": 271,
    "Oorbp": 0.3181818181818182,
    "Oposs": 152.28,
    "Otovr": 0.1731301939058172,
    "SoR": 2.540556712580222,
    "SoRrank": 206,
    "TAst": 26.0,
    "TBlk": 5.0,
    "TDR": 45.0,
    "TFGA": 123.0,
    "TFGA3": 47.0,
    "TFGM": 52.0,
    "TFGM3": 18.0,
    "TFTA": 43.0,
    "TFTM": 33.0,
    "TOR": 16.0,
    "TPF": 31.0,
    "TScore": 155.0,
    "TStl": 14.0,
    "TTO": 27.0,
    "Tastr": 0.13338805663862097,
    "Tcorrdastr": 0.1208152545111905,
    "Tcorrdastrrank": 103,
    "Tcorrdeff": 113.35182426990254,
    "Tcorrdeffrank": 307,
    "Tcorrdefgp": 0.5187019998264596,
    "Tcorrdefgprank": 233,
    "Tcorrdftr": 0.4056553526949528,
    "Tcorrdftrrank": 254,
    "Tcorrdorbp": 0.4263028670704163,
    "Tcorrdorbprank": 340,
    "Tcorrdtovr": 0.18550504071372756,
    "Tcorrdtovrrank": 113,
    "Tcorroastr": 0.1147780674933405,
    "Tcorroastrrank": 276,
    "Tcorroeff": 103.88301913199894,
    "Tcorroeffrank": 141,
    "Tcorroefgp": 0.4864633931310929,
    "Tcorroefgprank": 203,
    "Tcorroftr": 0.37153194412863344,
    "Tcorroftrrank": 145,
    "Tcorroorbp": 0.35151980391947585,
    "Tcorroorbprank": 77,
    "Tcorrotovr": 0.18138326855945555,
    "Tcorrotovrrank": 241,
    "Teff": 101.36018833376929,
    "Tefgp": 0.4959349593495935,
    "Tftr": 0.34959349593495936,
    "Tneteff": -9.468805137903601,
    "Tneteffrank": 247,
    "Torbp": 0.23529411764705882,
    "Tposs": 152.92000000000002,
    "Ttovr": 0.159838977030547,
    "closses": 0,
    "confplace": 1,
    "cwins": 0,
    "dates": [
        [
            11,
            7
        ],
        [
            11,
            12
        ]
    ],
    "geff": [
        [
            97.33036707452725,
            105.43038705950316
        ],
        [
            104.93827160493827,
            95.13487475915221
        ]
    ],
    "losses": 1,
    "nOT": [
        0,
        0
    ],
    "pace": 75.30014389208188,
    "poss": [
        [
            71.92,
            69.24000000000001
        ],
        [
            81.0,
            83.04
        ]
    ],
    "preseason_pace": 67.87940408321998,
    "preseason_pred": -2.5564173922357574,
    "preseason_predd": 103.57446723174398,
    "preseason_predo": 101.01804983950822,
    "schedule": [
        "oregon-state",
        "jackson-state"
    ],
    "scores": [
        [
            70,
            73
        ],
        [
            85,
            79
        ]
    ],
    "wins": 1
}