{
    "CompRank": 125,
    "CompositeDef": 109.77618079354252,
    "CompositeOff": 112.87109526933996,
    "CompositePace": 72.26258721480323,
    "CompositeRating": 3.0949144757974345,
    "HA": [
        "H",
        "A",
        "A",
        "H",
        "N",
        "N",
        "H",
        "H",
        "H",
        "A",
        "H"
    ],
    "OAst": 175.0,
    "OAvgCompRat": -1.6819019236293125,
    "OBlk": 34.0,
    "ODR": 278.0,
    "OFGA": 679.0,
    "OFGA3": 288.0,
    "OFGM": 318.0,
    "OFGM3": 109.0,
    "OFTA": 171.0,
    "OFTM": 132.0,
    "OOR": 91.0,
    "OPF": 157.0,
    "OScore": 877.0,
    "OStl": 73.0,
    "OTO": 144.0,
    "Oastr": 0.16305765718758153,
    "Ocomprank": 229,
    "Ocorrdastr": 0.14294862590857454,
    "Ocorrdeff": 104.6508083972638,
    "Ocorrdeffrank": 156,
    "Ocorrdefgp": 0.49398630493851,
    "Ocorrdftr": 0.325141096838453,
    "Ocorrdorbp": 0.2688674445382174,
    "Ocorrdtovr": 0.13884654416987655,
    "Ocorroastr": 0.14666489892720785,
    "Ocorroeff": 102.59152362306118,
    "Ocorroeffrank": 288,
    "Ocorroefgp": 0.5060752820736155,
    "Ocorroftr": 0.32775601256992704,
    "Ocorroorbp": 0.2498241950125154,
    "Ocorrotovr": 0.15532474082758518,
    "Oeff": 108.64179178435161,
    "Oefgp": 0.5486008836524301,
    "Oftr": 0.25184094256259204,
    "Oneteff": -2.0592847742026237,
    "Oneteffrank": 240,
    "Oorbp": 0.2556179775280899,
    "Oposs": 807.24,
    "Otovr": 0.16031350195938723,
    "SoR": 7.37573958025629,
    "SoRrank": 101,
    "TAst": 200.0,
    "TBlk": 38.0,
    "TDR": 265.0,
    "TFGA": 708.0,
    "TFGA3": 315.0,
    "TFGM": 340.0,
    "TFGM3": 118.0,
    "TFTA": 170.0,
    "TFTM": 118.0,
    "TOR": 101.0,
    "TPF": 187.0,
    "TScore": 916.0,
    "TStl": 73.0,
    "TTO": 118.0,
    "Tastr": 0.18168604651162792,
    "Tcorrdastr": 0.16153798122561797,
    "Tcorrdastrrank": 289,
    "Tcorrdeff": 111.17094669744908,
    "Tcorrdeffrank": 286,
    "Tcorrdefgp": 0.5494526924915442,
    "Tcorrdefgprank": 305,
    "Tcorrdftr": 0.25840648305183994,
    "Tcorrdftrrank": 40,
    "Tcorrdorbp": 0.2908302155931319,
    "Tcorrdorbprank": 199,
    "Tcorrdtovr": 0.15556833681293725,
    "Tcorrdtovrrank": 139,
    "Tcorroastr": 0.184688629585598,
    "Tcorroastrrank": 17,
    "Tcorroeff": 114.94234897714563,
    "Tcorroeffrank": 52,
    "Tcorroefgp": 0.5785360477071185,
    "Tcorroefgprank": 24,
    "Tcorroftr": 0.24906566229417265,
    "Tcorroftrrank": 338,
    "Tcorroorbp": 0.282496911257657,
    "Tcorroorbprank": 189,
    "Tcorrotovr": 0.14212524925108072,
    "Tcorrotovrrank": 127,
    "Teff": 114.52863215803951,
    "Tefgp": 0.5635593220338984,
    "Tftr": 0.2401129943502825,
    "Tneteff": 3.771402279696545,
    "Tneteffrank": 125,
    "Torbp": 0.26649076517150394,
    "Tposs": 799.8,
    "Ttovr": 0.13099467140319718,
    "closses": 0,
    "confplace": 1,
    "cwins": 1,
    "dates": [
        [
            11,
            8
        ],
        [
            11,
            12
        ],
        [
            11,
            15
        ],
        [
            11,
            19
        ],
        [
            11,
            26
        ],
        [
            11,
            27
        ],
        [
            11,
            29
        ],
        [
            12,
            4
        ],
        [
            12,
            7
        ],
        [
            12,
            14
        ],
        [
            12,
            19
        ]
    ],
    "geff": [
        [
            106.62824207492794,
            108.26210826210826
        ],
        [
            116.55011655011656,
            113.63636363636364
        ],
        [
            130.44914134742405,
            111.49497487437186
        ],
        [
            115.56240369799693,
            103.09278350515464
        ],
        [
            85.31960996749729,
            106.53016048699502
        ],
        [
            132.28299643281807,
            94.39359267734554
        ],
        [
            106.35571501793952,
            95.90461378952826
        ],
        [
            122.16189536031588,
            122.16624685138538
        ],
        [
            115.10387422796182,
            107.8056768558952
        ],
        [
            123.40764331210191,
            113.51636747624076
        ],
        [
            109.7752221641401,
            117.2870984191739
        ]
    ],
    "losses": 3,
    "nOT": [
        0,
        0,
        0,
        0,
        0,
        0,
        0,
        1,
        0,
        0,
        0
    ],
    "pace": 72.87170920002637,
    "poss": [
        [
            69.4,
            70.2
        ],
        [
            68.64,
            69.52
        ],
        [
            60.56,
            63.68
        ],
        [
            77.88,
            77.6
        ],
        [
            73.84,
            72.28
        ],
        [
            67.28,
            69.92
        ],
        [
            78.04,
            77.16
        ],
        [
            81.04,
            79.4
        ],
        [
            71.24,
            73.28
        ],
        [
            75.36,
            75.76
        ],
        [
            76.52,
            78.44
        ]
    ],
    "preseason_pace": 70.24053618018047,
    "preseason_pred": 0.8492347975589611,
    "preseason_predd": 105.14609370512845,
    "preseason_predo": 105.99532850268741,
    "schedule": [
        "furman",
        "lipscomb",
        "air-force",
        "oral-roberts",
        "loyola-marymount",
        "tulane",
        "gardner-webb",
        "illinois-state",
        "middle-tennessee",
        "richmond",
        "california-irvine"
    ],
    "scores": [
        [
            74,
            76
        ],
        [
            80,
            79
        ],
        [
            79,
            71
        ],
        [
            90,
            80
        ],
        [
            63,
            77
        ],
        [
            89,
            66
        ],
        [
            83,
            74
        ],
        [
            99,
            97
        ],
        [
            82,
            79
        ],
        [
            93,
            86
        ],
        [
            84,
            92
        ]
    ],
    "wins": 8
}