{
    "CompRank": 278,
    "CompositeDef": 100.87061288413561,
    "CompositeOff": 91.4601094995513,
    "CompositePace": 70.17346295811842,
    "CompositeRating": -9.410503384584313,
    "HA": [
        "A",
        "H",
        "A",
        "H",
        "H",
        "H",
        "A"
    ],
    "OAst": 79.0,
    "OAvgCompRat": -8.013292925469202,
    "OBlk": 19.0,
    "ODR": 173.0,
    "OFGA": 368.0,
    "OFGA3": 137.0,
    "OFGM": 175.0,
    "OFGM3": 48.0,
    "OFTA": 97.0,
    "OFTM": 74.0,
    "OOR": 32.0,
    "OPF": 115.0,
    "OScore": 472.0,
    "OStl": 58.0,
    "OTO": 110.0,
    "Oastr": 0.1317369263607257,
    "Ocomprank": 350,
    "Ocorrdastr": 0.156222905986885,
    "Ocorrdeff": 108.15869947871737,
    "Ocorrdeffrank": 350,
    "Ocorrdefgp": 0.5472756962039654,
    "Ocorrdftr": 0.2856871937884563,
    "Ocorrdorbp": 0.26661723834711515,
    "Ocorrdtovr": 0.15008539565806142,
    "Ocorroastr": 0.14690124233411053,
    "Ocorroeff": 96.98056033734062,
    "Ocorroeffrank": 306,
    "Ocorroefgp": 0.5080936584329329,
    "Ocorroftr": 0.2838305329484679,
    "Ocorroorbp": 0.2229846174867173,
    "Ocorrotovr": 0.18399302353525052,
    "Oeff": 96.58672341818777,
    "Oefgp": 0.5407608695652174,
    "Oftr": 0.26358695652173914,
    "Oneteff": -11.178139141376747,
    "Oneteffrank": 348,
    "Oorbp": 0.16666666666666666,
    "Oposs": 488.68,
    "Otovr": 0.21126219559038178,
    "SoR": 0.0,
    "SoRrank": 277,
    "TAst": 96.0,
    "TBlk": 16.0,
    "TDR": 160.0,
    "TFGA": 388.0,
    "TFGA3": 161.0,
    "TFGM": 166.0,
    "TFGM3": 55.0,
    "TFTA": 124.0,
    "TFTM": 71.0,
    "TOR": 57.0,
    "TPF": 109.0,
    "TScore": 458.0,
    "TStl": 61.0,
    "TTO": 103.0,
    "Tastr": 0.14963526404389302,
    "Tcorrdastr": 0.12612192391003585,
    "Tcorrdastrrank": 87,
    "Tcorrdeff": 100.19568715967524,
    "Tcorrdeffrank": 169,
    "Tcorrdefgp": 0.5316117430553852,
    "Tcorrdefgprank": 274,
    "Tcorrdftr": 0.29680153092102085,
    "Tcorrdftrrank": 159,
    "Tcorrdorbp": 0.20309878137023282,
    "Tcorrdorbprank": 31,
    "Tcorrdtovr": 0.1892900906934708,
    "Tcorrdtovrrank": 63,
    "Tcorroastr": 0.1346319775572656,
    "Tcorroastrrank": 214,
    "Tcorroeff": 87.22524061098443,
    "Tcorroeffrank": 340,
    "Tcorroefgp": 0.45543141082777766,
    "Tcorroefgprank": 304,
    "Tcorroftr": 0.3584345855469535,
    "Tcorroftrrank": 102,
    "Tcorroorbp": 0.2532659645176631,
    "Tcorroorbprank": 230,
    "Tcorrotovr": 0.2072532115397055,
    "Tcorrotovrrank": 345,
    "Teff": 93.74488292123792,
    "Tefgp": 0.49871134020618557,
    "Tftr": 0.31958762886597936,
    "Tneteff": -12.970446548690816,
    "Tneteffrank": 295,
    "Torbp": 0.24782608695652175,
    "Tposs": 488.56,
    "Ttovr": 0.18879683261236163,
    "closses": 0,
    "confplace": 1,
    "cwins": 0,
    "dates": [
        [
            11,
            7
        ],
        [
            11,
            10
        ],
        [
            11,
            13
        ],
        [
            11,
            17
        ],
        [
            11,
            23
        ],
        [
            11,
            27
        ],
        [
            11,
            29
        ]
    ],
    "geff": [
        [
            90.3781979977753,
            114.9425287356322
        ],
        [
            94.07858328721638,
            110.56863871338311
        ],
        [
            93.08510638297872,
            101.40616549486208
        ],
        [
            92.43212016175622,
            74.48004496908376
        ],
        [
            86.83473389355741,
            105.06620610247553
        ],
        [
            107.42786985880909,
            89.74358974358974
        ],
        [
            93.11868686868686,
            78.89851485148515
        ]
    ],
    "losses": 4,
    "nOT": [
        0,
        0,
        0,
        0,
        0,
        0,
        0
    ],
    "pace": 71.10196100783782,
    "poss": [
        [
            71.92,
            69.6
        ],
        [
            72.28,
            69.64
        ],
        [
            75.2,
            73.96000000000001
        ],
        [
            69.24,
            71.16
        ],
        [
            71.4,
            69.48
        ],
        [
            65.16,
            70.2
        ],
        [
            63.36,
            64.64
        ]
    ],
    "preseason_pace": 68.92527627948331,
    "preseason_pred": -4.624845907458976,
    "preseason_predd": 101.77792044239509,
    "preseason_predo": 97.15307453493611,
    "schedule": [
        "vermont",
        "colgate",
        "loyola-md",
        "stony-brook",
        "massachusetts-lowell",
        "maine",
        "central-connecticut-state"
    ],
    "scores": [
        [
            65,
            80
        ],
        [
            68,
            77
        ],
        [
            70,
            75
        ],
        [
            64,
            53
        ],
        [
            62,
            73
        ],
        [
            70,
            63
        ],
        [
            59,
            51
        ]
    ],
    "wins": 3
}