{
    "CompRank": 335,
    "CompositeDef": 109.77276246434994,
    "CompositeOff": 93.51155326501018,
    "CompositePace": 71.43791850570149,
    "CompositeRating": -16.261209199339774,
    "HA": [
        "A",
        "A",
        "H",
        "A",
        "A",
        "H",
        "A",
        "H",
        "A",
        "A",
        "A",
        "A",
        "H",
        "H",
        "A",
        "A",
        "H",
        "A",
        "H",
        "A",
        "A",
        "H",
        "A",
        "H"
    ],
    "OAst": 348.0,
    "OAvgCompRat": -8.404979514310615,
    "OBlk": 67.0,
    "ODR": 598.0,
    "OFGA": 1444.0,
    "OFGA3": 548.0,
    "OFGM": 638.0,
    "OFGM3": 182.0,
    "OFTA": 365.0,
    "OFTM": 275.0,
    "OOR": 224.0,
    "OPF": 350.0,
    "OScore": 1733.0,
    "OStl": 184.0,
    "OTO": 318.0,
    "Oastr": 0.15326345459349952,
    "Ocomprank": 361,
    "Ocorrdastr": 0.1530987169627965,
    "Ocorrdeff": 106.20214275269517,
    "Ocorrdeffrank": 351,
    "Ocorrdefgp": 0.5245602278899629,
    "Ocorrdftr": 0.3370006709379052,
    "Ocorrdorbp": 0.2995607880004788,
    "Ocorrdtovr": 0.15182547059056012,
    "Ocorroastr": 0.13197682125755092,
    "Ocorroeff": 95.04467095326078,
    "Ocorroeffrank": 361,
    "Ocorroefgp": 0.469916664740754,
    "Ocorroftr": 0.29695616318515244,
    "Ocorroorbp": 0.236507528238978,
    "Ocorrotovr": 0.1727968570976447,
    "Oeff": 102.02519722124103,
    "Oefgp": 0.5048476454293629,
    "Oftr": 0.25277008310249305,
    "Oneteff": -11.15747179943439,
    "Oneteffrank": 362,
    "Oorbp": 0.28426395939086296,
    "Oposs": 1698.6,
    "Otovr": 0.16540101945282432,
    "SoR": 0.0,
    "SoRrank": 158,
    "TAst": 325.0,
    "TBlk": 74.0,
    "TDR": 564.0,
    "TFGA": 1456.0,
    "TFGA3": 550.0,
    "TFGM": 621.0,
    "TFGM3": 165.0,
    "TFTA": 391.0,
    "TFTM": 263.0,
    "TOR": 210.0,
    "TPF": 362.0,
    "TScore": 1670.0,
    "TStl": 191.0,
    "TTO": 302.0,
    "Tastr": 0.14412161203348944,
    "Tcorrdastr": 0.16596628408194541,
    "Tcorrdastrrank": 326,
    "Tcorrdeff": 109.69693232419189,
    "Tcorrdeffrank": 311,
    "Tcorrdefgp": 0.5411166336655036,
    "Tcorrdefgprank": 307,
    "Tcorrdftr": 0.269905391070309,
    "Tcorrdftrrank": 85,
    "Tcorrdorbp": 0.3223905848961364,
    "Tcorrdorbprank": 327,
    "Tcorrdtovr": 0.1517638536867824,
    "Tcorrdtovrrank": 215,
    "Tcorroastr": 0.13443651371366547,
    "Tcorroastrrank": 233,
    "Tcorroeff": 93.43716858414247,
    "Tcorroeffrank": 326,
    "Tcorroefgp": 0.46402423649024566,
    "Tcorroefgprank": 318,
    "Tcorroftr": 0.25355048163315436,
    "Tcorroftrrank": 332,
    "Tcorroorbp": 0.23346126171107265,
    "Tcorroorbprank": 278,
    "Tcorrotovr": 0.16330670980790155,
    "Tcorrotovrrank": 231,
    "Teff": 97.09076533103881,
    "Tefgp": 0.4831730769230769,
    "Tftr": 0.26854395604395603,
    "Tneteff": -16.259763740049422,
    "Tneteffrank": 335,
    "Torbp": 0.2599009900990099,
    "Tposs": 1720.04,
    "Ttovr": 0.1564734409649541,
    "closses": 5,
    "confplace": 5,
    "cwins": 5,
    "dates": [
        [
            11,
            8
        ],
        [
            11,
            10
        ],
        [
            11,
            13
        ],
        [
            11,
            16
        ],
        [
            11,
            19
        ],
        [
            11,
            22
        ],
        [
            11,
            30
        ],
        [
            12,
            3
        ],
        [
            12,
            7
        ],
        [
            12,
            10
        ],
        [
            12,
            12
        ],
        [
            12,
            19
        ],
        [
            12,
            22
        ],
        [
            12,
            29
        ],
        [
            12,
            31
        ],
        [
            1,
            5
        ],
        [
            1,
            7
        ],
        [
            1,
            14
        ],
        [
            1,
            16
        ],
        [
            1,
            20
        ],
        [
            1,
            22
        ],
        [
            1,
            26
        ],
        [
            1,
            28
        ],
        [
            2,
            2
        ]
    ],
    "geff": [
        [
            104.2795232936078,
            93.13464608834487
        ],
        [
            65.34239414532148,
            119.43539630836047
        ],
        [
            107.1602532878714,
            109.36695831188884
        ],
        [
            102.63558033451596,
            113.2360342224459
        ],
        [
            108.82182240278584,
            88.44339622641509
        ],
        [
            102.73972602739725,
            121.42857142857143
        ],
        [
            98.86159376872378,
            91.42685851318944
        ],
        [
            79.34373318988703,
            91.52719665271967
        ],
        [
            84.47880870561282,
            90.55819477434679
        ],
        [
            86.65966386554622,
            121.98391420911528
        ],
        [
            92.05983889528194,
            108.96255371393494
        ],
        [
            77.59074171488689,
            101.85185185185186
        ],
        [
            100.42604990870359,
            94.62759462759462
        ],
        [
            93.52317141261865,
            104.28410372040585
        ],
        [
            109.62566844919786,
            84.65608465608466
        ],
        [
            88.42925659472422,
            91.30146082337318
        ],
        [
            115.7957244655582,
            101.31278538812785
        ],
        [
            104.49735449735451,
            110.09667024704618
        ],
        [
            80.78994614003591,
            73.87022016222481
        ],
        [
            122.60127931769722,
            111.95995785036881
        ],
        [
            91.71410499683743,
            111.98945981554678
        ],
        [
            100.0,
            101.64835164835165
        ],
        [
            112.25055432372505,
            117.27688787185355
        ],
        [
            100.12322858903265,
            88.16120906801007
        ]
    ],
    "losses": 13,
    "nOT": [
        0,
        0,
        0,
        0,
        0,
        0,
        0,
        0,
        0,
        0,
        0,
        0,
        0,
        0,
        0,
        0,
        0,
        0,
        0,
        0,
        0,
        0,
        0,
        0
    ],
    "pace": 71.48490620854115,