{
    "CompRank": 157,
    "CompositeDef": 103.53911728711915,
    "CompositeOff": 101.69153306686496,
    "CompositePace": 68.92333665553487,
    "CompositeRating": -1.847584220254205,
    "HA": [
        "H",
        "A",
        "H",
        "A",
        "A"
    ],
    "OAst": 56.0,
    "OAvgCompRat": -3.361469894755471,
    "OBlk": 16.0,
    "ODR": 111.0,
    "OFGA": 272.0,
    "OFGA3": 81.0,
    "OFGM": 113.0,
    "OFGM3": 25.0,
    "OFTA": 119.0,
    "OFTM": 89.0,
    "OOR": 40.0,
    "OPF": 72.0,
    "OScore": 340.0,
    "OStl": 35.0,
    "OTO": 60.0,
    "Oastr": 0.12716868017076938,
    "Ocomprank": 239,
    "Ocorrdastr": 0.1375185209928785,
    "Ocorrdeff": 103.9570336015341,
    "Ocorrdeffrank": 112,
    "Ocorrdefgp": 0.5207162704134064,
    "Ocorrdftr": 0.44997168887895783,
    "Ocorrdorbp": 0.2803297481160113,
    "Ocorrdtovr": 0.1700235470313877,
    "Ocorroastr": 0.1335681872539409,
    "Ocorroeff": 100.83068964156364,
    "Ocorroeffrank": 322,
    "Ocorroefgp": 0.490146136521437,
    "Ocorroftr": 0.3506982230079244,
    "Ocorroorbp": 0.3319922644244631,
    "Ocorrotovr": 0.1793658050722946,
    "Oeff": 98.73388314554535,
    "Oefgp": 0.46139705882352944,
    "Oftr": 0.4375,
    "Oneteff": -3.1263439599704697,
    "Oneteffrank": 238,
    "Oorbp": 0.2597402597402597,
    "Oposs": 344.36,
    "Otovr": 0.1561036528254761,
    "SoR": 26.855478495338293,
    "SoRrank": 88,
    "TAst": 72.0,
    "TBlk": 24.0,
    "TDR": 114.0,
    "TFGA": 319.0,
    "TFGA3": 144.0,
    "TFGM": 144.0,
    "TFGM3": 54.0,
    "TFTA": 75.0,
    "TFTM": 46.0,
    "TOR": 55.0,
    "TPF": 93.0,
    "TScore": 388.0,
    "TStl": 33.0,
    "TTO": 52.0,
    "Tastr": 0.15126050420168066,
    "Tcorrdastr": 0.13836850276392546,
    "Tcorrdastrrank": 149,
    "Tcorrdeff": 104.36331023096909,
    "Tcorrdeffrank": 145,
    "Tcorrdefgp": 0.4798803782125824,
    "Tcorrdefgprank": 98,
    "Tcorrdftr": 0.46419354766401677,
    "Tcorrdftrrank": 316,
    "Tcorrdorbp": 0.23242032341007662,
    "Tcorrdorbprank": 34,
    "Tcorrdtovr": 0.13175555957421048,
    "Tcorrdtovrrank": 277,
    "Tcorroastr": 0.16011013691239342,
    "Tcorroastrrank": 96,
    "Tcorroeff": 114.07763933329453,
    "Tcorroeffrank": 90,
    "Tcorroefgp": 0.5253721053918757,
    "Tcorroefgprank": 140,
    "Tcorroftr": 0.1948051951066902,
    "Tcorroftrrank": 363,
    "Tcorroorbp": 0.35184698189498337,
    "Tcorroorbprank": 63,
    "Tcorrotovr": 0.11447658509858955,
    "Tcorrotovrrank": 31,
    "Teff": 111.17478510028653,
    "Tefgp": 0.5360501567398119,
    "Tftr": 0.23510971786833856,
    "Tneteff": 9.714329102325436,
    "Tneteffrank": 102,
    "Torbp": 0.3313253012048193,
    "Tposs": 349.0,
    "Ttovr": 0.12871287128712872,
    "closses": 0,
    "confplace": 1,
    "cwins": 0,
    "dates": [
        [
            11,
            7
        ],
        [
            11,
            11
        ],
        [
            11,
            14
        ],
        [
            11,
            18
        ],
        [
            11,
            21
        ]
    ],
    "geff": [
        [
            117.8627553693033,
            87.22490606548578
        ],
        [
            115.51625784369651,
            100.05800464037122
        ],
        [
            114.38892233594221,
            99.45750452079567
        ],
        [
            113.63636363636364,
            120.55455093429777
        ],
        [
            93.41637010676156,
            88.02816901408451
        ]
    ],
    "losses": 1,
    "nOT": [
        0,
        0,
        0,
        0,
        0
    ],
    "pace": 69.50895057834566,
    "poss": [
        [
            76.36,
            74.52
        ],
        [
            70.12,
            68.96000000000001
        ],
        [
            66.44,
            66.36
        ],
        [
            68.64,
            66.36
        ],
        [
            67.44,
            68.16
        ]
    ],
    "preseason_pace": 68.52168101574694,
    "preseason_pred": -9.777565922983724,
    "preseason_predd": 102.97382720217408,
    "preseason_predo": 93.19626127919035,
    "schedule": [
        "arkansas-state",
        "rice",
        "abilene-christian",
        "fresno-state",
        "pepperdine"
    ],
    "scores": [
        [
            90,
            65
        ],
        [
            81,
            69
        ],
        [
            76,
            66
        ],
        [
            78,
            80
        ],
        [
            63,
            60
        ]
    ],
    "wins": 4
}