{
    "CompRank": 125,
    "CompositeDef": 100.23444815829332,
    "CompositeOff": 104.83786622646826,
    "CompositePace": 69.68977148605325,
    "CompositeRating": 4.603418068174947,
    "HA": [
        "H",
        "H",
        "A",
        "N",
        "N",
        "N",
        "H",
        "A",
        "N",
        "H",
        "H",
        "A",
        "H",
        "H",
        "A",
        "A",
        "A",
        "H",
        "H",
        "A",
        "A",
        "A",
        "H",
        "H",
        "A"
    ],
    "OAst": 357.0,
    "OAvgCompRat": -0.1500939336084115,
    "OBlk": 83.0,
    "ODR": 519.0,
    "OFGA": 1357.0,
    "OFGA3": 502.0,
    "OFGM": 612.0,
    "OFGM3": 170.0,
    "OFTA": 570.0,
    "OFTM": 398.0,
    "OOR": 235.0,
    "OPF": 534.0,
    "OScore": 1792.0,
    "OStl": 151.0,
    "OTO": 417.0,
    "Oastr": 0.14988664035603325,
    "Ocomprank": 155,
    "Ocorrdastr": 0.1455042581873916,
    "Ocorrdeff": 102.98340318219033,
    "Ocorrdeffrank": 171,
    "Ocorrdefgp": 0.5203956006113258,
    "Ocorrdftr": 0.348976511968162,
    "Ocorrdorbp": 0.25859649605404633,
    "Ocorrdtovr": 0.16928148316013086,
    "Ocorroastr": 0.13522291868338795,
    "Ocorroeff": 102.7287259964919,
    "Ocorroeffrank": 168,
    "Ocorroefgp": 0.4964122385489598,
    "Ocorroftr": 0.33190635982063954,
    "Ocorroorbp": 0.2885257263623573,
    "Ocorrotovr": 0.1564190665920135,
    "Oeff": 100.12291876187284,
    "Oefgp": 0.5136330140014739,
    "Oftr": 0.4200442151805453,
    "Oneteff": -0.25467718569842646,
    "Oneteffrank": 161,
    "Oorbp": 0.30440414507772023,
    "Oposs": 1789.8,
    "Otovr": 0.20594626629790597,
    "SoR": 0.3489009761768358,
    "SoRrank": 127,
    "TAst": 349.0,
    "TBlk": 66.0,
    "TDR": 537.0,
    "TFGA": 1405.0,
    "TFGA3": 398.0,
    "TFGM": 654.0,
    "TFGM3": 158.0,
    "TFTA": 548.0,
    "TFTM": 398.0,
    "TOR": 235.0,
    "TPF": 548.0,
    "TScore": 1864.0,
    "TStl": 212.0,
    "TTO": 364.0,
    "Tastr": 0.14793651870188884,
    "Tcorrdastr": 0.15870738011080232,
    "Tcorrdastrrank": 295,
    "Tcorrdeff": 100.23075759552074,
    "Tcorrdeffrank": 119,
    "Tcorrdefgp": 0.5227244522709688,
    "Tcorrdefgprank": 245,
    "Tcorrdftr": 0.40232726329896573,
    "Tcorrdftrrank": 331,
    "Tcorrdorbp": 0.28412234582681295,
    "Tcorrdorbprank": 247,
    "Tcorrdtovr": 0.20732928504228998,
    "Tcorrdtovrrank": 10,
    "Tcorroastr": 0.1454813001151231,
    "Tcorroastrrank": 147,
    "Tcorroeff": 104.87348757687712,
    "Tcorroeffrank": 139,
    "Tcorroefgp": 0.506552360390979,
    "Tcorroefgprank": 170,
    "Tcorroftr": 0.3563228078640894,
    "Tcorroftrrank": 70,
    "Tcorroorbp": 0.3253911526405648,
    "Tcorroorbprank": 40,
    "Tcorrotovr": 0.16836957376613737,
    "Tcorrotovrrank": 271,
    "Teff": 105.00698544323765,
    "Tefgp": 0.5217081850533808,
    "Tftr": 0.3900355871886121,
    "Tneteff": 4.642729981356382,
    "Tneteffrank": 125,
    "Torbp": 0.3116710875331565,
    "Tposs": 1775.12,
    "Ttovr": 0.1810837163950411,
    "closses": 5,
    "confplace": 4,
    "cwins": 10,
    "dates": [
        [
            11,
            10
        ],
        [
            11,
            15
        ],
        [
            11,
            19
        ],
        [
            11,
            25
        ],
        [
            11,
            26
        ],
        [
            11,
            27
        ],
        [
            12,
            1
        ],
        [
            12,
            14
        ],
        [
            12,
            17
        ],
        [
            12,
            22
        ],
        [
            12,
            29
        ],
        [
            12,
            31
        ],
        [
            1,
            4
        ],
        [
            1,
            7
        ],
        [
            1,
            12
        ],
        [
            1,
            14
        ],
        [
            1,
            19
        ],
        [
            1,
            25
        ],
        [
            1,
            28
        ],
        [
            2,
            1
        ],
        [
            2,
            4
        ],
        [
            2,
            11
        ],
        [
            2,
            15
        ],
        [
            2,
            18
        ],
        [
            2,
            22
        ]
    ],
    "geff": [
        [
            121.12676056338029,
            103.07781649245065
        ],
        [
            86.80555555555554,
            94.36542669584244
        ],
        [
            127.25779967159278,
            108.81104033970276
        ],
        [
            59.685295713510584,
            82.4332006822058
        ],
        [
            81.64852255054433,
            103.07861462341947
        ],
        [
            110.22927689594356,
            83.76660889659155
        ],
        [
            129.79989183342346,
            128.78787878787878
        ],
        [
            101.31712259371832,
            96.0603112840467
        ],
        [
            104.29082240762813,
            108.69565217391303
        ],
        [
            111.731843575419,
            94.93670886075948
        ],
        [
            110.29411764705883,
            98.77977919814062
        ],
        [
            106.38297872340425,
            102.7170311464546
        ],
        [
            103.97830018083182,
            92.87925696594428
        ],
        [
            112.4460874922982,
            103.72178157413056
        ],
        [
            117.3384870237438,
            97.93253536452667
        ],
        [
            84.7953216374269,
            96.09868043602984
        ],
        [
            101.54462242562929,
            110.33681765389083
        ],
        [
            103.23383084577114,
            83.20726172465962
        ],
        [
            106.69908157752565,
            83.89261744966443
        ],
        [
            92.5925925925926,
            104.10724472333142
        ],
        [
            120.0810185185185,
            122.5071225071225
        ],
        [
            114.91031390134529,
            101.18043844856662
        ],
        [
            103.9002557544757,
            87.87346221441125
        ],
        [
            102.94117647058823,
            110.22927689594357
        ],
        [
            111.73870333988212,
            104.01721664275466
        ]
    ],
    "losses": 10,
    "nOT": [
        0,
        0,
        0,
        0,
        0,
        0,
        0,
        1,
        0,
        0,
        0,
        0,
        0,
        0,
        0,
        0,
        0,
        0,
        0,
        0,
        0,
        0,
        0,
        0,
        2
    ],
    "pace": 69.68857227944011,