{
    "CompRank": 143,
    "CompositeDef": 97.32404572348462,
    "CompositeOff": 99.36305024799015,
    "CompositePace": 72.91300171066051,
    "CompositeRating": 2.039004524505518,
    "HA": [
        "A",
        "A",
        "N",
        "N",
        "N",
        "H",
        "A",
        "H",
        "A",
        "H",
        "H",
        "A",
        "H"
    ],
    "OAst": 141.0,
    "OAvgCompRat": -2.733694997745684,
    "OBlk": 43.0,
    "ODR": 274.0,
    "OFGA": 713.0,
    "OFGA3": 227.0,
    "OFGM": 290.0,
    "OFGM3": 78.0,
    "OFTA": 360.0,
    "OFTM": 252.0,
    "OOR": 126.0,
    "OPF": 263.0,
    "OScore": 910.0,
    "OStl": 104.0,
    "OTO": 216.0,
    "Oastr": 0.11478345815695212,
    "Ocomprank": 286,
    "Ocorrdastr": 0.14270974806513498,
    "Ocorrdeff": 105.12479438369499,
    "Ocorrdeffrank": 277,
    "Ocorrdefgp": 0.5112374105861758,
    "Ocorrdftr": 0.3446704479455362,
    "Ocorrdorbp": 0.28400398007457905,
    "Ocorrdtovr": 0.1514288118862402,
    "Ocorroastr": 0.1363602946546736,
    "Ocorroeff": 101.36660832131977,
    "Ocorroeffrank": 298,
    "Ocorroefgp": 0.484502997960618,
    "Ocorroftr": 0.3501342713370765,
    "Ocorroorbp": 0.2789743150861564,
    "Ocorrotovr": 0.15271314896578153,
    "Oeff": 94.65363012273768,
    "Oefgp": 0.46143057503506313,
    "Oftr": 0.5049088359046283,
    "Oneteff": -3.7581860623752164,
    "Oneteffrank": 297,
    "Oorbp": 0.2923433874709977,
    "Oposs": 961.4,
    "Otovr": 0.19863895530623504,
    "SoR": 0.6956177220482251,
    "SoRrank": 161,
    "TAst": 165.0,
    "TBlk": 42.0,
    "TDR": 305.0,
    "TFGA": 760.0,
    "TFGA3": 260.0,
    "TFGM": 338.0,
    "TFGM3": 88.0,
    "TFTA": 308.0,
    "TFTM": 217.0,
    "TOR": 138.0,
    "TPF": 292.0,
    "TScore": 981.0,
    "TStl": 124.0,
    "TTO": 227.0,
    "Tastr": 0.12815334907418913,
    "Tcorrdastr": 0.11913882778087535,
    "Tcorrdastrrank": 37,
    "Tcorrdeff": 96.7692338776619,
    "Tcorrdeffrank": 64,
    "Tcorrdefgp": 0.4774456077597027,
    "Tcorrdefgprank": 105,
    "Tcorrdftr": 0.47759523408417476,
    "Tcorrdftrrank": 353,
    "Tcorrdorbp": 0.290859391058205,
    "Tcorrdorbprank": 225,
    "Tcorrdtovr": 0.1956216268175272,
    "Tcorrdtovrrank": 10,
    "Tcorroastr": 0.1272375896184051,
    "Tcorroastrrank": 257,
    "Tcorroeff": 98.23978145472286,
    "Tcorroeffrank": 278,
    "Tcorroefgp": 0.4931131698899624,
    "Tcorroefgprank": 208,
    "Tcorroftr": 0.39084167426772737,
    "Tcorroftrrank": 49,
    "Tcorroorbp": 0.32819700048098865,
    "Tcorroorbprank": 51,
    "Tcorrotovr": 0.20077526377916813,
    "Tcorrotovrrank": 357,
    "Teff": 99.64246536383212,
    "Tefgp": 0.5026315789473684,
    "Tftr": 0.4052631578947368,
    "Tneteff": 1.4705475770609553,
    "Tneteffrank": 155,
    "Torbp": 0.33495145631067963,
    "Tposs": 984.52,
    "Ttovr": 0.20222356839967218,
    "closses": 1,
    "confplace": 3,
    "cwins": 3,
    "dates": [
        [
            11,
            9
        ],
        [
            11,
            13
        ],
        [
            11,
            19
        ],
        [
            11,
            20
        ],
        [
            11,
            21
        ],
        [
            11,
            29
        ],
        [
            12,
            2
        ],
        [
            12,
            5
        ],
        [
            12,
            9
        ],
        [
            12,
            19
        ],
        [
            12,
            29
        ],
        [
            1,
            4
        ],
        [
            1,
            6
        ]
    ],
    "geff": [
        [
            83.19914117015566,
            89.90874932903918
        ],
        [
            121.8274111675127,
            93.53287012292891
        ],
        [
            121.53759185980779,
            112.09439528023599
        ],
        [
            123.12633832976445,
            97.14285714285714
        ],
        [
            67.2707303679297,
            110.83052749719417
        ],
        [
            95.04608294930875,
            95.2914798206278
        ],
        [
            91.05578607653295,
            82.77404921700223
        ],
        [
            65.26371870005327,
            86.36644046884639
        ],
        [
            95.10869565217392,
            108.69565217391306
        ],
        [
            101.46103896103895,
            97.87928221859706
        ],
        [
            101.11223458038423,
            63.15007429420505
        ],
        [
            107.81329274479958,
            100.46367851622875
        ],
        [
            120.86179716237518,
            99.130907115698
        ]
    ],
    "losses": 5,
    "nOT": [
        1,
        0,
        0,
        0,
        0,
        0,
        1,
        0,
        0,
        0,
        0,
        0,
        0
    ],
    "pace": 73.68351866358213,
    "poss": [
        [
            74.52000000000001,
            74.52
        ],
        [
            78.8,
            74.84
        ],
        [
            70.76,
            67.8
        ],
        [
            74.72,
            70.0
        ],
        [
            72.84,
            71.28
        ],
        [
            69.44,
            71.36
        ],
        [
            86.76,
            89.4
        ],
        [
            75.08,
            64.84
        ],
        [
            73.6,
            71.75999999999999
        ],
        [
            73.92,
            73.56
        ],
        [
            79.12,
            80.76
        ],
        [
            78.84,
            77.64
        ],
        [
            76.12,
            73.64
        ]
    ],
    "preseason_pace": 69.34050884251904,
    "preseason_pred": 4.674648533233395,
    "preseason_predd": 99.89642437764205,
    "preseason_predo": 104.57107291087544,
    "schedule": [
        "middle-tennessee",
        "northwestern-state",
        "loyola-marymount",
        "drake",
        "utah-state",
        "tarleton-state",
        "abilene-christian",
        "louisiana-tech",
        "wyoming",
        "new-mexico-state",
        "new-orleans",
        "texas-pan-american",
        "texas-arlington"
    ],
    "scores": [
        [
            62,
            67
        ],
        [
            96,
            70
        ],
        [
            86,
            76
        ],
        [
            92,
            68
        ],
        [
            49,
            79
        ],
        [
            66,
            68
        ],
        [
            79,
            74
        ],
        [
            49,
            56
        ],
        [
            70,
            78
        ],
        [
            75,
            72
        ],
        [
            80,
            51
        ],
        [
            85,
            78
        ],
        [
            92,
            73
        ]
    ],
    "wins": 8
}