{
    "CompRank": 94,
    "CompositeDef": 98.56747249115584,
    "CompositeOff": 106.0397539059575,
    "CompositePace": 70.75415540005888,
    "CompositeRating": 7.472281414801657,
    "HA": [
        "A",
        "A",
        "N",
        "H",
        "N"
    ],
    "OAst": 56.0,
    "OAvgCompRat": 4.3589277779374775,
    "OBlk": 15.0,
    "ODR": 99.0,
    "OFGA": 283.0,
    "OFGA3": 94.0,
    "OFGM": 119.0,
    "OFGM3": 31.0,
    "OFTA": 126.0,
    "OFTM": 91.0,
    "OOR": 58.0,
    "OPF": 85.0,
    "OScore": 360.0,
    "OStl": 40.0,
    "OTO": 76.0,
    "Oastr": 0.11903749681149563,
    "Ocomprank": 90,
    "Ocorrdastr": 0.1188599652527694,
    "Ocorrdeff": 99.47645914807167,
    "Ocorrdeffrank": 126,
    "Ocorrdefgp": 0.48908702746961785,
    "Ocorrdftr": 0.358401248180407,
    "Ocorrdorbp": 0.26721107378420544,
    "Ocorrdtovr": 0.15771585981243091,
    "Ocorroastr": 0.1429175565800978,
    "Ocorroeff": 107.29422046219906,
    "Ocorroeffrank": 77,
    "Ocorroefgp": 0.5163107896796973,
    "Ocorroftr": 0.33603424745475724,
    "Ocorroorbp": 0.23991715526909463,
    "Ocorrotovr": 0.13513127645953538,
    "Oeff": 100.99876557064303,
    "Oefgp": 0.4752650176678445,
    "Oftr": 0.4452296819787986,
    "Oneteff": 7.817761314127395,
    "Oneteffrank": 82,
    "Oorbp": 0.3431952662721893,
    "Oposs": 356.44,
    "Otovr": 0.18337998262715954,
    "SoR": 22.305135423084465,
    "SoRrank": 109,
    "TAst": 63.0,
    "TBlk": 15.0,
    "TDR": 111.0,
    "TFGA": 280.0,
    "TFGA3": 93.0,
    "TFGM": 142.0,
    "TFGM3": 39.0,
    "TFTA": 81.0,
    "TFTM": 62.0,
    "TOR": 35.0,
    "TPF": 111.0,
    "TScore": 385.0,
    "TStl": 46.0,
    "TTO": 86.0,
    "Tastr": 0.13558884297520662,
    "Tcorrdastr": 0.11471523376451295,
    "Tcorrdastrrank": 71,
    "Tcorrdeff": 96.62986064065895,
    "Tcorrdeffrank": 97,
    "Tcorrdefgp": 0.45770742220606825,
    "Tcorrdefgprank": 88,
    "Tcorrdftr": 0.45551514838640245,
    "Tcorrdftrrank": 310,
    "Tcorrdorbp": 0.40283793987973,
    "Tcorrdorbprank": 345,
    "Tcorrdtovr": 0.20725990758799095,
    "Tcorrdtovrrank": 23,
    "Tcorroastr": 0.1565954295603722,
    "Tcorroastrrank": 94,
    "Tcorroeff": 108.18109079678713,
    "Tcorroeffrank": 96,
    "Tcorroefgp": 0.5861589774449164,
    "Tcorroefgprank": 17,
    "Tcorroftr": 0.27861994932046225,
    "Tcorroftrrank": 276,
    "Tcorroorbp": 0.2770167694963908,
    "Tcorroorbprank": 184,
    "Tcorrotovr": 0.20810132496901412,
    "Tcorrotovrrank": 345,
    "Teff": 105.00763691904866,
    "Tefgp": 0.5767857142857142,
    "Tftr": 0.2892857142857143,
    "Tneteff": 11.551230156128184,
    "Tneteffrank": 92,
    "Torbp": 0.26119402985074625,
    "Tposs": 366.64,
    "Ttovr": 0.2141220993924908,
    "closses": 0,
    "confplace": 1,
    "cwins": 0,
    "dates": [
        [
            11,
            9
        ],
        [
            11,
            13
        ],
        [
            11,
            19
        ],
        [
            11,
            20
        ],
        [
            11,
            21
        ]
    ],
    "geff": [
        [
            83.19914117015566,
            89.90874932903918
        ],
        [
            121.8274111675127,
            93.53287012292891
        ],
        [
            121.53759185980779,
            112.09439528023599
        ],
        [
            131.956397016638,
            100.0
        ],
        [
            67.2707303679297,
            110.83052749719417
        ]
    ],
    "losses": 2,
    "nOT": [
        1,
        0,
        0,
        0,
        0
    ],
    "pace": 72.81525208095196,
    "poss": [
        [
            74.52000000000001,
            74.52
        ],
        [
            78.8,
            74.84
        ],
        [
            70.76,
            67.8
        ],
        [
            69.72,
            68.0
        ],
        [
            72.84,
            71.28
        ]
    ],
    "preseason_pace": 69.34050884251904,
    "preseason_pred": 4.674648533233395,
    "preseason_predd": 99.89642437764205,
    "preseason_predo": 104.57107291087544,
    "schedule": [
        "middle-tennessee",
        "northwestern-state",
        "loyola-marymount",
        "drake",
        "utah-state"
    ],
    "scores": [
        [
            62,
            67
        ],
        [
            96,
            70
        ],
        [
            86,
            76
        ],
        [
            92,
            68
        ],
        [
            49,
            79
        ]
    ],
    "wins": 3
}