{
    "CompRank": 129,
    "CompositeDef": 96.32283804794974,
    "CompositeOff": 99.5947583275375,
    "CompositePace": 70.00219479072761,
    "CompositeRating": 3.2719202795877655,
    "HA": [
        "A",
        "H",
        "A",
        "N",
        "N",
        "N",
        "H",
        "A",
        "H",
        "H",
        "H",
        "A"
    ],
    "OAst": 113.0,
    "OAvgCompRat": -2.578110812957297,
    "OBlk": 39.0,
    "ODR": 286.0,
    "OFGA": 696.0,
    "OFGA3": 226.0,
    "OFGM": 272.0,
    "OFGM3": 57.0,
    "OFTA": 230.0,
    "OFTM": 168.0,
    "OOR": 97.0,
    "OPF": 161.0,
    "OScore": 769.0,
    "OStl": 87.0,
    "OTO": 136.0,
    "Oastr": 0.10800994073790862,
    "Ocomprank": 274,
    "Ocorrdastr": 0.13578927471997967,
    "Ocorrdeff": 103.31016293674305,
    "Ocorrdeffrank": 181,
    "Ocorrdefgp": 0.49040394987663966,
    "Ocorrdftr": 0.33040277078006763,
    "Ocorrdorbp": 0.27442728385794385,
    "Ocorrdtovr": 0.141433518239822,
    "Ocorroastr": 0.13913844894230787,
    "Ocorroeff": 100.8157219598436,
    "Ocorroeffrank": 293,
    "Ocorroefgp": 0.4976750017412008,
    "Ocorroftr": 0.3175614840697864,
    "Ocorroorbp": 0.277424183153499,
    "Ocorrotovr": 0.15928810311982247,
    "Oeff": 91.96364506099019,
    "Oefgp": 0.4317528735632184,
    "Oftr": 0.33045977011494254,
    "Oneteff": -2.4944409768994547,
    "Oneteffrank": 255,
    "Oorbp": 0.25064599483204136,
    "Oposs": 836.2,
    "Otovr": 0.14573510501500214,
    "SoR": 0.0,
    "SoRrank": 223,
    "TAst": 171.0,
    "TBlk": 80.0,
    "TDR": 290.0,
    "TFGA": 685.0,
    "TFGA3": 273.0,
    "TFGM": 304.0,
    "TFGM3": 100.0,
    "TFTA": 177.0,
    "TFTM": 116.0,
    "TOR": 88.0,
    "TPF": 185.0,
    "TScore": 824.0,
    "TStl": 68.0,
    "TTO": 149.0,
    "Tastr": 0.15791223404255317,
    "Tcorrdastr": 0.10965645600734195,
    "Tcorrdastrrank": 16,
    "Tcorrdeff": 94.24776655142173,
    "Tcorrdeffrank": 36,
    "Tcorrdefgp": 0.43396938188735024,
    "Tcorrdefgprank": 13,
    "Tcorrdftr": 0.3458551106038105,
    "Tcorrdftrrank": 215,
    "Tcorrdorbp": 0.2497629439785537,
    "Tcorrdorbprank": 94,
    "Tcorrdtovr": 0.13745331720586296,
    "Tcorrdtovrrank": 266,
    "Tcorroastr": 0.16446023825206127,
    "Tcorroastrrank": 55,
    "Tcorroeff": 100.03807991490656,
    "Tcorroeffrank": 232,
    "Tcorroefgp": 0.5274019877541067,
    "Tcorroefgprank": 97,
    "Tcorroftr": 0.2609663476290207,
    "Tcorroftrrank": 324,
    "Tcorroorbp": 0.2376549811785638,
    "Tcorroorbprank": 283,
    "Tcorrotovr": 0.1735325004957528,
    "Tcorrotovrrank": 315,
    "Teff": 100.01456522794582,
    "Tefgp": 0.5167883211678832,
    "Tftr": 0.2583941605839416,
    "Tneteff": 5.790313363484827,
    "Tneteffrank": 111,
    "Torbp": 0.23529411764705882,
    "Tposs": 823.88,
    "Ttovr": 0.16339869281045752,
    "closses": 2,
    "confplace": 9,
    "cwins": 0,
    "dates": [
        [
            11,
            6
        ],
        [
            11,
            10
        ],
        [
            11,
            14
        ],
        [
            11,
            24
        ],
        [
            11,
            25
        ],
        [
            11,
            26
        ],
        [
            11,
            30
        ],
        [
            12,
            8
        ],
        [
            12,
            12
        ],
        [
            12,
            16
        ],
        [
            12,
            21
        ],
        [
            12,
            30
        ]
    ],
    "geff": [
        [
            80.4661487236404,
            96.207473508087
        ],
        [
            120.58328659562537,
            97.10065645514223
        ],
        [
            99.17355371900827,
            89.33333333333333
        ],
        [
            111.74968071519795,
            59.73715651135005
        ],
        [
            118.28814460393409,
            98.60209685471791
        ],
        [
            86.73158855751674,
            91.71410499683745
        ],
        [
            90.6515580736544,
            99.19493962047153
        ],
        [
            82.88125376732972,
            76.2289981331674
        ],
        [
            102.28640192539109,
            103.91923990498812
        ],
        [
            124.44071588366891,
            90.9577314071696
        ],
        [
            103.77358490566037,
            100.96443640747438
        ],
        [
            76.08034083992696,
            97.30069052102951
        ]
    ],
    "losses": 6,
    "nOT": [
        0,
        0,
        0,
        0,
        0,
        0,
        0,
        0,
        0,
        0,
        0,
        0
    ],
    "pace": 70.0898387585543,
    "poss": [
        [
            72.08,
            71.72
        ],
        [
            71.32,
            73.12
        ],
        [
            72.6,
            75.0
        ],
        [
            62.64,
            66.96000000000001
        ],
        [
            75.24,
            80.12
        ],
        [
            65.72,
            63.239999999999995
        ],
        [
            70.6,
            69.56
        ],
        [
            66.36,
            64.28
        ],
        [
            66.48,
            67.36
        ],
        [
            71.52,
            74.76
        ],
        [
            63.6,
            66.36
        ],
        [
            65.72,
            63.72
        ]
    ],
    "preseason_pace": 69.65594701659754,
    "preseason_pred": -6.677286965437666,
    "preseason_predd": 104.52065136756654,
    "preseason_predo": 97.84336440212888,
    "schedule": [
        "cincinnati",
        "arkansas-little-rock",
        "loyola-il",
        "middle-tennessee",
        "george-washington",
        "north-carolina-greensboro",
        "illinois-state",
        "jacksonville-state",
        "green-bay",
        "western-michigan",
        "incarnate-word",
        "southern-illinois"
    ],
    "scores": [
        [
            58,
            69
        ],
        [
            86,
            71
        ],
        [
            72,
            67
        ],
        [
            70,
            40
        ],
        [
            89,
            79
        ],
        [
            57,
            58
        ],
        [
            64,
            69
        ],
        [
            55,
            49
        ],
        [
            68,
            70
        ],
        [
            89,
            68
        ],
        [
            66,
            67
        ],
        [
            50,
            62
        ]
    ],
    "wins": 6
}