{
    "CompRank": 297,
    "CompositeDef": 109.80170526183741,
    "CompositeOff": 97.64682720106741,
    "CompositePace": 68.86306902094255,
    "CompositeRating": -12.154878060770011,
    "HA": [
        "A",
        "A",
        "A",
        "N",
        "N",
        "H",
        "H",
        "A",
        "H",
        "H",
        "A",
        "A",
        "A",
        "A",
        "H",
        "H",
        "A",
        "A",
        "H",
        "H",
        "A",
        "A",
        "H"
    ],
    "Name": "illinois-chicago",
    "OAst": 270.0,
    "OAvgCompRat": -4.312238879371456,
    "OBlk": 49.0,
    "ODR": 611.0,
    "OFGA": 1303.0,
    "OFGA3": 362.0,
    "OFGM": 613.0,
    "OFGM3": 131.0,
    "OFTA": 448.0,
    "OFTM": 323.0,
    "OOR": 210.0,
    "OPFwins": 311.0,
    "OScore": 1680.0,
    "OStl": 148.0,
    "OTO": 282.0,
    "Oastr": 0.13157125314309107,
    "Ocomprank": 307,
    "Ocorrdastr": 0.1484054723566313,
    "Ocorrdeff": 105.53322439858869,
    "Ocorrdeffrank": 306,
    "Ocorrdefgp": 0.5121913916585837,
    "Ocorrdftr": 0.29150259222995234,
    "Ocorrdorbp": 0.30403648452126586,
    "Ocorrdtovr": 0.15921759484236422,
    "Ocorroastr": 0.13474457794983802,
    "Ocorroeff": 99.60576155157777,
    "Ocorroeffrank": 315,
    "Ocorroefgp": 0.48869320093895063,
    "Ocorroftr": 0.3034943210925399,
    "Ocorroorbp": 0.2758736845710718,
    "Ocorrotovr": 0.17737411417699098,
    "Oeff": 106.86207159758798,
    "Oefgp": 0.5207214121258634,
    "Oftr": 0.34382194934765925,
    "Oneteff": -5.927462847010915,
    "Oneteffrank": 316,
    "Oorbp": 0.28150134048257375,
    "Oposs": 1572.12,
    "Otovr": 0.15823850245774695,
    "SoR": 0.0,
    "SoRrank": 165,
    "TAst": 330.0,
    "TBlk": 83.0,
    "TDR": 536.0,
    "TFGA": 1387.0,
    "TFGA3": 639.0,
    "TFGM": 596.0,
    "TFGM3": 202.0,
    "TFTA": 278.0,
    "TFTM": 195.0,
    "TOR": 204.0,
    "TPF": 405.0,
    "TScore": 1589.0,
    "TStl": 133.0,
    "TTO": 275.0,
    "Tastr": 0.15607855007756632,
    "Tcorrdastr": 0.13756647482504497,
    "Tcorrdastrrank": 150,
    "Tcorrdeff": 110.0119921029797,
    "Tcorrdeffrank": 306,
    "Tcorrdefgp": 0.5327787415569772,
    "Tcorrdefgprank": 296,
    "Tcorrdftr": 0.34611145324380893,
    "Tcorrdftrrank": 274,
    "Tcorrdorbp": 0.2883846338745247,
    "Tcorrdorbprank": 206,
    "Tcorrdtovr": 0.14717405256827382,
    "Tcorrdtovrrank": 283,
    "Tcorroastr": 0.14812350171953367,
    "Tcorroastrrank": 125,
    "Tcorroeff": 97.68764102182013,
    "Tcorroeffrank": 265,
    "Tcorroefgp": 0.49051431712220783,
    "Tcorroefgprank": 207,
    "Tcorroftr": 0.21062172186141612,
    "Tcorroftrrank": 351,
    "Tcorroorbp": 0.2331208295532616,
    "Tcorroorbprank": 312,
    "Tcorrotovr": 0.15963398351332433,
    "Tcorrotovrrank": 138,
    "Teff": 100.54925584691708,
    "Tefgp": 0.5025234318673396,
    "Tftr": 0.20043258832011535,
    "Tneteff": -12.324351081159577,
    "Tneteffrank": 299,
    "Torbp": 0.25030674846625767,
    "Tposs": 1580.32,
    "Ttovr": 0.15412033715925394,
    "closses": 9,
    "confplace": 8,
    "cwins": 6,
    "dates": [
        [
            11,
            9
        ],
        [
            11,
            13
        ],
        [
            11,
            20
        ],
        [
            11,
            25
        ],
        [
            11,
            26
        ],
        [
            12,
            2
        ],
        [
            12,
            5
        ],
        [
            12,
            11
        ],
        [
            12,
            14
        ],
        [
            12,
            19
        ],
        [
            1,
            6
        ],
        [
            1,
            10
        ],
        [
            1,
            13
        ],
        [
            1,
            15
        ],
        [
            1,
            20
        ],
        [
            1,
            22
        ],
        [
            1,
            27
        ],
        [
            1,
            29
        ],
        [
            2,
            3
        ],
        [
            2,
            5
        ],
        [
            2,
            10
        ],
        [
            2,
            12
        ],
        [
            2,
            14
        ]
    ],
    "geff": [
        [
            87.26567550096962,
            110.11699931176877
        ],
        [
            98.87760555852485,
            93.98496240601503
        ],
        [
            100.06353240152478,
            128.2873636946761
        ],
        [
            120.04801920768307,
            132.291040288635
        ],
        [
            74.54128440366974,
            100.12515644555694
        ],
        [
            102.55727224294087,
            109.28224500809497
        ],
        [
            81.11239860950175,
            95.80838323353294
        ],
        [
            104.78158205430933,
            100.72158749248347
        ],
        [
            94.33962264150944,
            103.15186246418338
        ],
        [
            94.2521631644005,
            91.29640900791236
        ],
        [
            111.9402985074627,
            141.33165829145727
        ],
        [
            110.3425559947299,
            111.3013698630137
        ],
        [
            112.25055432372505,
            103.77358490566037
        ],
        [
            116.89070718877849,
            89.43781942078365
        ],
        [
            94.49244060475162,
            99.2489270386266
        ],
        [
            106.24344176285415,
            128.51086380498145
        ],
        [
            99.94033412887829,
            115.87485515643104
        ],
        [
            98.40425531914893,
            108.92953200645509
        ],
        [
            120.91898428053204,
            113.3615477629988
        ],
        [
            96.67673716012084,
            100.73260073260074
        ],
        [
            106.14525139664805,
            101.1326860841424
        ],
        [
            91.87082405345211,
            99.617903930131
        ],
        [
            89.51005025125629,
            83.74689826302729
        ]
    ],
    "losses": 14,
    "nOT": [
        0,
        1,
        0,
        0,
        0,
        0,
        0,
        0,
        0,
        0,
        0,
        0,
        0,
        0,
        1,
        0,
        0,
        0,
        0,
        0,
        0,
        0,
        0
    ],
    "pace": 68.84383205215262,
    "poss": [
        [
            61.88,
            58.12
        ],
        [
            74.84,
            74.48
        ],
        [
            62.96,
            62.36
        ],
        [
            66.64,
            66.52
        ],
        [
            69.75999999999999,
            63.92
        ],
        [
            75.08,
            74.12
        ],
        [
            69.03999999999999,
            66.8
        ],
        [
            67.76,
            66.52
        ],
        [
            69.96,
            69.8
        ],
        [
            64.72,
            65.72
        ],
        [
            64.32,
            63.68000000000001
        ],
        [
            60.72,
            58.4
        ],
        [
            72.16,
            74.2
        ],
        [
            68.44,
            70.44
        ],
        [
            74.08,
            74.56
        ],
        [
            76.24,
            75.48
        ],
        [
            67.03999999999999,
            69.04
        ],
        [
            75.2,
            74.36
        ],
        [
            66.16,
            66.16
        ],
        [
            66.2,
            65.52
        ],
        [
            71.6,
            74.16
        ],
        [
            71.84,
            73.28
        ],
        [
            63.68,
            64.48
        ]
    ],
    "preseason_pace": 69.75029405234106,
    "preseason_pred": -4.3386411328862655,