{
    "CompRank": 231,
    "CompositeDef": 108.72174553101425,
    "CompositeOff": 103.31885520830556,
    "CompositePace": 66.39888586352042,
    "CompositeRating": -5.402890322697037,
    "HA": [
        "H",
        "A",
        "H",
        "H",
        "A",
        "A",
        "A",
        "H",
        "H",
        "H",
        "H",
        "A",
        "A",
        "H",
        "H",
        "A",
        "A",
        "H",
        "H",
        "H",
        "A",
        "A",
        "A"
    ],
    "Name": "south-dakota",
    "OAst": 219.0,
    "OAvgCompRat": -5.66335993295134,
    "OBlk": 61.0,
    "ODR": 556.0,
    "OFGA": 1275.0,
    "OFGA3": 456.0,
    "OFGM": 587.0,
    "OFGM3": 173.0,
    "OFTA": 454.0,
    "OFTM": 328.0,
    "OOR": 172.0,
    "OPFwins": 455.0,
    "OScore": 1675.0,
    "OStl": 111.0,
    "OTO": 254.0,
    "Oastr": 0.11243685053600033,
    "Ocomprank": 337,
    "Ocorrdastr": 0.14029696339005984,
    "Ocorrdeff": 108.47678891220166,
    "Ocorrdeffrank": 357,
    "Ocorrdefgp": 0.5228295996503453,
    "Ocorrdftr": 0.3202384041830677,
    "Ocorrdorbp": 0.28703311550306126,
    "Ocorrdtovr": 0.1485122433892127,
    "Ocorroastr": 0.1380941138798772,
    "Ocorroeff": 101.29905463903945,
    "Ocorroeffrank": 234,
    "Ocorroefgp": 0.5045305518078792,
    "Ocorroftr": 0.28927577006109745,
    "Ocorroorbp": 0.24842654014673135,
    "Ocorrotovr": 0.16820758595186602,
    "Oeff": 107.59526195431538,
    "Oefgp": 0.528235294117647,
    "Oftr": 0.356078431372549,
    "Oneteff": -7.177734273162201,
    "Oneteffrank": 338,
    "Oorbp": 0.22933333333333333,
    "Oposs": 1556.76,
    "Otovr": 0.1469261204562808,
    "SoR": 0.0,
    "SoRrank": 171,
    "TAst": 257.0,
    "TBlk": 49.0,
    "TDR": 578.0,
    "TFGA": 1304.0,
    "TFGA3": 439.0,
    "TFGM": 590.0,
    "TFGM3": 160.0,
    "TFTA": 470.0,
    "TFTM": 349.0,
    "TOR": 206.0,
    "TPF": 433.0,
    "TScore": 1689.0,
    "TStl": 99.0,
    "TTO": 241.0,
    "Tastr": 0.12793707686180805,
    "Tcorrdastr": 0.11464772064863693,
    "Tcorrdastrrank": 25,
    "Tcorrdeff": 108.8853278582936,
    "Tcorrdeffrank": 293,
    "Tcorrdefgp": 0.5233378959460029,
    "Tcorrdefgprank": 259,
    "Tcorrdftr": 0.3759438952634331,
    "Tcorrdftrrank": 318,
    "Tcorrdorbp": 0.2609976251425279,
    "Tcorrdorbprank": 91,
    "Tcorrdtovr": 0.14413386857142008,
    "Tcorrdtovrrank": 299,
    "Tcorroastr": 0.12836363194133643,
    "Tcorroastrrank": 258,
    "Tcorroeff": 103.245478352405,
    "Tcorroeffrank": 159,
    "Tcorroefgp": 0.4911731763250627,
    "Tcorroefgprank": 205,
    "Tcorroftr": 0.3446736584942841,
    "Tcorroftrrank": 72,
    "Tcorroorbp": 0.2667945543531083,
    "Tcorroorbprank": 232,
    "Tcorrotovr": 0.1528027873967876,
    "Tcorrotovrrank": 90,
    "Teff": 109.26381161857938,
    "Tefgp": 0.5138036809815951,
    "Tftr": 0.3604294478527607,
    "Tneteff": -5.639849505888606,
    "Tneteffrank": 233,
    "Torbp": 0.27034120734908135,
    "Tposs": 1545.8,
    "Ttovr": 0.13757278228108233,
    "closses": 6,
    "confplace": 5,
    "cwins": 8,
    "dates": [
        [
            11,
            11
        ],
        [
            11,
            14
        ],
        [
            11,
            19
        ],
        [
            11,
            21
        ],
        [
            11,
            27
        ],
        [
            11,
            30
        ],
        [
            12,
            7
        ],
        [
            12,
            11
        ],
        [
            12,
            15
        ],
        [
            12,
            20
        ],
        [
            12,
            22
        ],
        [
            1,
            8
        ],
        [
            1,
            10
        ],
        [
            1,
            13
        ],
        [
            1,
            15
        ],
        [
            1,
            22
        ],
        [
            1,
            24
        ],
        [
            1,
            27
        ],
        [
            1,
            29
        ],
        [
            2,
            5
        ],
        [
            2,
            7
        ],
        [
            2,
            10
        ],
        [
            2,
            12
        ]
    ],
    "geff": [
        [
            92.12991880074952,
            79.96378998189499
        ],
        [
            70.9823963657013,
            139.04494382022472
        ],
        [
            100.6806579693704,
            97.0873786407767
        ],
        [
            117.63038548752834,
            92.80089988751405
        ],
        [
            98.53603603603602,
            113.01742919389979
        ],
        [
            83.60128617363344,
            98.96171317326412
        ],
        [
            98.29059829059828,
            111.37868753762794
        ],
        [
            104.10958904109589,
            93.6181434599156
        ],
        [
            119.85248924400737,
            97.7397678680513
        ],
        [
            108.18020154119739,
            116.47727272727272
        ],
        [
            92.41245136186771,
            114.40107671601615
        ],
        [
            95.92680047225502,
            121.66859791425262
        ],
        [
            113.43012704174228,
            104.42260442260442
        ],
        [
            126.98412698412699,
            108.62913096695226
        ],
        [
            147.30639730639732,
            101.09763142692086
        ],
        [
            136.77811550151975,
            115.36214953271028
        ],
        [
            102.06859009254218,
            97.66684753119914
        ],
        [
            90.69631363370392,
            104.69722693831352
        ],
        [
            120.42062415196743,
            98.10554803788904
        ],
        [
            111.7081447963801,
            128.61271676300578
        ],
        [
            121.23197903014417,
            124.34554973821989
        ],
        [
            130.74712643678163,
            100.34904013961605
        ],
        [
            132.40857503152586,
            115.85365853658537
        ]
    ],
    "losses": 10,
    "nOT": [
        0,
        0,
        0,
        0,
        0,
        0,
        0,
        1,
        0,
        0,
        0,
        0,
        0,
        0,
        0,
        0,
        0,
        1,
        0,
        0,
        0,
        0,
        0
    ],
    "pace": 66.32479543807469,
    "poss": [
        [
            64.04,
            66.28
        ],
        [
            70.44,
            71.2
        ],
        [
            70.52,
            70.03999999999999
        ],
        [
            70.56,
            71.12
        ],
        [
            71.04,
            73.44
        ],
        [
            62.2,
            61.64
        ],
        [
            70.2,
            66.44
        ],
        [
            73.0,
            75.84
        ],
        [
            65.08,
            65.48
        ],
        [
            67.48,
            70.4
        ],
        [
            61.68,
            59.44
        ],
        [
            67.75999999999999,
            69.03999999999999
        ],
        [
            66.12,
            65.12
        ],
        [
            63.0,
            65.36
        ],
        [
            71.28,
            69.24
        ],
        [
            65.8,
            68.48
        ],
        [
            73.48,
            73.72
        ],
        [
            68.36,
            70.68
        ],
        [
            58.96,
            59.12
        ],
        [
            70.72,
            69.2
        ],
        [
            61.04,
            61.120000000000005
        ],
        [
            69.6,
            68.76
        ],
        [
            63.44,
            65.6
        ]
    ],
    "preseason_pace": 69.8159980270981,
    "preseason_pred": 5.525864672084104,