{
    "CompRank": 130,
    "CompositeDef": 110.25934710920517,
    "CompositeOff": 113.59108697038081,
    "CompositePace": 71.5430135638606,
    "CompositeRating": 3.3317398611756595,
    "HA": [
        "H",
        "A",
        "H",
        "H",
        "A",
        "A",
        "A",
        "A",
        "A",
        "H",
        "H",
        "A",
        "A",
        "H",
        "A",
        "H",
        "H",
        "H",
        "A",
        "A",
        "A",
        "A",
        "H",
        "H",
        "H"
    ],
    "OAst": 389.0,
    "OAvgCompRat": -3.6142734442687185,
    "OBlk": 52.0,
    "ODR": 587.0,
    "OFGA": 1555.0,
    "OFGA3": 606.0,
    "OFGM": 707.0,
    "OFGM3": 208.0,
    "OFTA": 489.0,
    "OFTM": 342.0,
    "OOR": 235.0,
    "OPF": 360.0,
    "OScore": 1964.0,
    "OStl": 165.0,
    "OTO": 281.0,
    "Oastr": 0.15941577601468757,
    "Ocomprank": 254,
    "Ocorrdastr": 0.15010961882518645,
    "Ocorrdeff": 108.58706466105724,
    "Ocorrdeffrank": 235,
    "Ocorrdefgp": 0.5208418048291926,
    "Ocorrdftr": 0.30800184615977333,
    "Ocorrdorbp": 0.28927561256476936,
    "Ocorrdtovr": 0.14049226023764955,
    "Ocorroastr": 0.1502782936664078,
    "Ocorroeff": 104.43956600727131,
    "Ocorroeffrank": 253,
    "Ocorroefgp": 0.5043539282495537,
    "Ocorroftr": 0.307300190157538,
    "Ocorroorbp": 0.27049416846475116,
    "Ocorrotovr": 0.15078491522258722,
    "Oeff": 108.14025196017971,
    "Oefgp": 0.5215434083601286,
    "Oftr": 0.3144694533762058,
    "Oneteff": -4.147498653785931,
    "Oneteffrank": 258,
    "Oorbp": 0.27549824150058616,
    "Oposs": 1816.16,
    "Otovr": 0.13699565124124885,
    "SoR": 0.0,
    "SoRrank": 112,
    "TAst": 454.0,
    "TBlk": 74.0,
    "TDR": 618.0,
    "TFGA": 1506.0,
    "TFGA3": 731.0,
    "TFGM": 741.0,
    "TFGM3": 273.0,
    "TFTA": 429.0,
    "TFTM": 325.0,
    "TOR": 198.0,
    "TPF": 396.0,
    "TScore": 2080.0,
    "TStl": 153.0,
    "TTO": 299.0,
    "Tastr": 0.18547570023204887,
    "Tcorrdastr": 0.15541934018355327,
    "Tcorrdastrrank": 256,
    "Tcorrdeff": 110.2981012910619,
    "Tcorrdeffrank": 247,
    "Tcorrdefgp": 0.5274322100284846,
    "Tcorrdefgprank": 240,
    "Tcorrdftr": 0.3394696556507103,
    "Tcorrdftrrank": 204,
    "Tcorrdorbp": 0.2932147307026839,
    "Tcorrdorbprank": 207,
    "Tcorrdtovr": 0.13492814066105763,
    "Tcorrdtovrrank": 272,
    "Tcorroastr": 0.18105340148047488,
    "Tcorroastrrank": 27,
    "Tcorroeff": 113.62750368656799,
    "Tcorroeffrank": 74,
    "Tcorroefgp": 0.5707191088925009,
    "Tcorroefgprank": 28,
    "Tcorroftr": 0.30764115875209547,
    "Tcorroftrrank": 240,
    "Tcorroorbp": 0.2516353676243902,
    "Tcorroorbprank": 275,
    "Tcorrotovr": 0.15852588344391239,
    "Tcorrotovrrank": 254,
    "Teff": 115.8283957767185,
    "Tefgp": 0.5826693227091634,
    "Tftr": 0.2848605577689243,
    "Tneteff": 3.3294023955060936,
    "Tneteffrank": 130,
    "Torbp": 0.2522292993630573,
    "Tposs": 1795.76,
    "Ttovr": 0.1499678998475243,
    "closses": 5,
    "confplace": 2,
    "cwins": 9,
    "dates": [
        [
            11,
            8
        ],
        [
            11,
            12
        ],
        [
            11,
            16
        ],
        [
            11,
            21
        ],
        [
            11,
            25
        ],
        [
            11,
            27
        ],
        [
            12,
            4
        ],
        [
            12,
            8
        ],
        [
            12,
            10
        ],
        [
            12,
            22
        ],
        [
            12,
            30
        ],
        [
            1,
            11
        ],
        [
            1,
            18
        ],
        [
            1,
            20
        ],
        [
            1,
            25
        ],
        [
            1,
            31
        ],
        [
            2,
            1
        ],
        [
            2,
            8
        ],
        [
            2,
            14
        ],
        [
            2,
            15
        ],
        [
            2,
            21
        ],
        [
            2,
            22
        ],
        [
            2,
            28
        ],
        [
            3,
            2
        ],
        [
            3,
            8
        ]
    ],
    "geff": [
        [
            107.94896957801767,
            103.11750599520383
        ],
        [
            103.71767241379311,
            121.53685311029797
        ],
        [
            119.32822628167355,
            100.56657223796034
        ],
        [
            103.2608695652174,
            113.69645690111052
        ],
        [
            113.82113821138212,
            89.05185961236249
        ],
        [
            96.93053311793214,
            105.39845758354757
        ],
        [
            125.22361359570662,
            87.42331288343559
        ],
        [
            143.37416481069042,
            118.57707509881422
        ],
        [
            116.09498680738787,
            106.60980810234541
        ],
        [
            115.8243080625752,
            123.22858903265558
        ],
        [
            103.1065881092662,
            115.14983351831299
        ],
        [
            138.7249114521842,
            113.76096491228071
        ],
        [
            116.34199134199135,
            104.22380691168404
        ],
        [
            118.77172653534184,
            121.62954279015241
        ],
        [
            123.2598607888631,
            111.37162954279016
        ],
        [
            112.22681630242174,
            92.86128845037724
        ],
        [
            118.97208121827411,
            96.15384615384616
        ],
        [
            118.47065158858373,
            136.6772823779193
        ],
        [
            99.94523548740418,
            102.06859009254218
        ],
        [
            64.43976854287217,
            116.58717541070482
        ],
        [
            121.81616832779625,
            122.34042553191489
        ],
        [
            121.77650429799428,
            113.12849162011175
        ],
        [
            124.7228381374723,
            85.16483516483517
        ],
        [
            148.861646234676,
            99.31895573212259
        ],
        [
            128.13941568426446,
            101.65662650602408
        ]
    ],
    "losses": 10,
    "nOT": [
        0,
        0,
        0,
        0,
        0,
        0,
        0,
        0,
        0,
        0,
        0,
        0,
        0,
        0,
        0,
        0,
        0,
        0,
        0,
        0,
        0,
        0,
        0,
        0,
        0
    ],
    "pace": 71.54909218311577,