{
    "CompRank": 348,
    "CompositeDef": 110.09015732827335,
    "CompositeOff": 91.06704027360213,
    "CompositePace": 69.4144056667958,
    "CompositeRating": -19.02311705467122,
    "HA": [
        "A",
        "A",
        "A",
        "A",
        "A",
        "A",
        "N",
        "A",
        "A",
        "A",
        "A",
        "A",
        "H",
        "H",
        "A",
        "A",
        "A"
    ],
    "OAst": 232.0,
    "OAvgCompRat": 1.0731039045519981,
    "OBlk": 102.0,
    "ODR": 455.0,
    "OFGA": 1029.0,
    "OFGA3": 374.0,
    "OFGM": 468.0,
    "OFGM3": 136.0,
    "OFTA": 350.0,
    "OFTM": 237.0,
    "OOR": 181.0,
    "OPF": 263.0,
    "OScore": 1309.0,
    "OStl": 109.0,
    "OTO": 186.0,
    "Oastr": 0.14490943160524672,
    "Ocomprank": 139,
    "Ocorrdastr": 0.14498803391527287,
    "Ocorrdeff": 100.42670086306511,
    "Ocorrdeffrank": 143,
    "Ocorrdefgp": 0.5076812690832613,
    "Ocorrdftr": 0.34445661482274,
    "Ocorrdorbp": 0.2862842116154187,
    "Ocorrdtovr": 0.16807089937087757,
    "Ocorroastr": 0.13419007128387975,
    "Ocorroeff": 101.22325215915609,
    "Ocorroeffrank": 189,
    "Ocorroefgp": 0.4870850005085996,
    "Ocorroftr": 0.3070856658692678,
    "Ocorroorbp": 0.2822568674258592,
    "Ocorrotovr": 0.16349354523608817,
    "Oeff": 110.18518518518519,
    "Oefgp": 0.5208940719144801,
    "Oftr": 0.3401360544217687,
    "Oneteff": 0.796551296090982,
    "Oneteffrank": 161,
    "Oorbp": 0.3261261261261261,
    "Oposs": 1188.0,
    "Otovr": 0.1358655953250548,
    "SoR": 0.0,
    "SoRrank": 202,
    "TAst": 176.0,
    "TBlk": 50.0,
    "TDR": 374.0,
    "TFGA": 1046.0,
    "TFGA3": 321.0,
    "TFGM": 382.0,
    "TFGM3": 105.0,
    "TFTA": 293.0,
    "TFTM": 216.0,
    "TOR": 168.0,
    "TPF": 303.0,
    "TScore": 1085.0,
    "TStl": 87.0,
    "TTO": 197.0,
    "Tastr": 0.11370096645821488,
    "Tcorrdastr": 0.14716815347168652,
    "Tcorrdastrrank": 259,
    "Tcorrdeff": 110.1073601235517,
    "Tcorrdeffrank": 324,
    "Tcorrdefgp": 0.5369082215744264,
    "Tcorrdefgprank": 301,
    "Tcorrdftr": 0.35008466185586257,
    "Tcorrdftrrank": 268,
    "Tcorrdorbp": 0.3117519094466512,
    "Tcorrdorbprank": 303,
    "Tcorrdtovr": 0.13704033961449297,
    "Tcorrdtovrrank": 339,
    "Tcorroastr": 0.1067843138089982,
    "Tcorroastrrank": 352,
    "Tcorroeff": 90.79428550605057,
    "Tcorroeffrank": 344,
    "Tcorroefgp": 0.4108726701691611,
    "Tcorroefgprank": 363,
    "Tcorroftr": 0.25785765054441195,
    "Tcorroftrrank": 315,
    "Tcorroorbp": 0.2551308946132378,
    "Tcorroorbprank": 225,
    "Tcorrotovr": 0.1408113056913126,
    "Tcorrotovrrank": 32,
    "Teff": 90.12226726028307,
    "Tefgp": 0.41539196940726575,
    "Tftr": 0.2801147227533461,
    "Tneteff": -19.31307461750113,
    "Tneteffrank": 347,
    "Torbp": 0.2696629213483146,
    "Tposs": 1203.92,
    "Ttovr": 0.14359437868097263,
    "closses": 2,
    "confplace": 4,
    "cwins": 3,
    "dates": [
        [
            11,
            7
        ],
        [
            11,
            10
        ],
        [
            11,
            13
        ],
        [
            11,
            15
        ],
        [
            11,
            20
        ],
        [
            11,
            23
        ],
        [
            11,
            26
        ],
        [
            11,
            27
        ],
        [
            12,
            7
        ],
        [
            12,
            17
        ],
        [
            12,
            19
        ],
        [
            12,
            21
        ],
        [
            1,
            2
        ],
        [
            1,
            4
        ],
        [
            1,
            7
        ],
        [
            1,
            9
        ],
        [
            1,
            16
        ]
    ],
    "geff": [
        [
            82.31420507996236,
            129.3706293706294
        ],
        [
            74.20675537359263,
            119.64107676969094
        ],
        [
            77.46126936531734,
            124.04580152671755
        ],
        [
            88.0716934487021,
            113.93229166666667
        ],
        [
            78.3062645011601,
            105.55234239444766
        ],
        [
            87.6923076923077,
            117.77638190954772
        ],
        [
            99.64306960142773,
            87.56038647342996
        ],
        [
            88.36075563680683,
            112.57035647279551
        ],
        [
            87.54863813229572,
            104.41176470588235
        ],
        [
            80.4289544235925,
            132.01320132013203
        ],
        [
            98.6642380085003,
            117.80104712041884
        ],
        [
            76.63316582914574,
            109.15307732772224
        ],
        [
            100.63254744105808,
            87.64367816091955
        ],
        [
            115.34025374855825,
            90.36144578313252
        ],
        [
            96.6022651565623,
            96.94850603941512
        ],
        [
            107.77084515031197,
            127.21238938053098
        ],
        [
            102.07100591715977,
            89.23346986541837
        ]
    ],
    "losses": 13,
    "nOT": [
        0,
        0,
        0,
        0,
        0,
        0,
        0,
        0,
        0,
        0,
        0,
        0,
        0,
        0,
        0,
        0,
        0
    ],
    "pace": 69.32246852374938,
    "poss": [
        [
            85.04,
            85.8
        ],
        [
            78.16,
            80.24
        ],
        [
            80.04,
            73.36
        ],
        [
            64.72,
            61.44
        ],
        [
            68.96,
            69.16
        ],
        [
            65.0,
            63.68000000000001
        ],
        [
            67.24,
            66.24
        ],
        [
            65.64,
            63.959999999999994
        ],
        [
            71.96,
            68.0
        ],
        [
            74.6,
            72.72
        ],
        [
            65.88,
            61.120000000000005
        ],
        [
            79.6,
            76.04
        ],
        [
            69.56,
            69.6
        ],
        [
            69.36,
            73.04
        ],
        [
            60.04,
            62.92
        ],
        [
            70.52,
            72.32
        ],
        [
            67.6,
            68.36
        ]
    ],
    "preseason_pace": 70.31983329723127,
    "preseason_pred": -16.167518323401353,
    "preseason_predd": 109.92073846610707,
    "preseason_predo": 93.75322014270571,
    "schedule": [
        "alabama-birmingham",
        "southern-california",
        "pepperdine",
        "san-jose-state",
        "pittsburgh",
        "duquesne",
        "eastern-illinois",
        "ohio",
        "north-alabama",
        "georgia-tech",
        "arkansas-state",
        "memphis",
        "mississippi-valley-state",
        "arkansas-pine-bluff",
        "jackson-state",
        "alcorn-state",
        "alabama-am"
    ],