{
    "CompRank": 248,
    "CompositeDef": 107.99770001318569,
    "CompositeOff": 99.91179997440386,
    "CompositePace": 70.36643361274241,
    "CompositeRating": -8.085900038781817,
    "HA": [
        "A",
        "A",
        "N",
        "N",
        "A",
        "A",
        "A"
    ],
    "OAst": 112.0,
    "OAvgCompRat": 6.744507119471705,
    "OBlk": 19.0,
    "ODR": 197.0,
    "OFGA": 429.0,
    "OFGA3": 183.0,
    "OFGM": 195.0,
    "OFGM3": 65.0,
    "OFTA": 185.0,
    "OFTM": 129.0,
    "OOR": 82.0,
    "OPF": 121.0,
    "OScore": 584.0,
    "OStl": 40.0,
    "OTO": 70.0,
    "Oastr": 0.16175621028307338,
    "Ocomprank": 27,
    "Ocorrdastr": 0.14577508457158253,
    "Ocorrdeff": 99.79261267540335,
    "Ocorrdeffrank": 54,
    "Ocorrdefgp": 0.49305779642104425,
    "Ocorrdftr": 0.3069984232378537,
    "Ocorrdorbp": 0.2773230544935283,
    "Ocorrdtovr": 0.14791541114844173,
    "Ocorroastr": 0.15150079314015072,
    "Ocorroeff": 111.3006184048073,
    "Ocorroeffrank": 24,
    "Ocorroefgp": 0.5186259893703008,
    "Ocorroftr": 0.3517198613862237,
    "Ocorroorbp": 0.3258261542465993,
    "Ocorrotovr": 0.14573437474027948,
    "Oeff": 117.1749598715891,
    "Oefgp": 0.5303030303030303,
    "Oftr": 0.43123543123543123,
    "Oneteff": 11.508005729403948,
    "Oneteffrank": 26,
    "Oorbp": 0.35807860262008734,
    "Oposs": 498.4,
    "Otovr": 0.12060647829083392,
    "SoR": 0.24943876796997833,
    "SoRrank": 196,
    "TAst": 81.0,
    "TBlk": 19.0,
    "TDR": 147.0,
    "TFGA": 430.0,
    "TFGA3": 197.0,
    "TFGM": 170.0,
    "TFGM3": 66.0,
    "TFTA": 144.0,
    "TFTM": 105.0,
    "TOR": 53.0,
    "TPF": 147.0,
    "TScore": 511.0,
    "TStl": 41.0,
    "TTO": 69.0,
    "Tastr": 0.1259015170355633,
    "Tcorrdastr": 0.1536824495314035,
    "Tcorrdastrrank": 244,
    "Tcorrdeff": 109.67993178309887,
    "Tcorrdeffrank": 272,
    "Tcorrdefgp": 0.5149695356828123,
    "Tcorrdefgprank": 213,
    "Tcorrdftr": 0.41909988527406594,
    "Tcorrdftrrank": 313,
    "Tcorrdorbp": 0.30778418825800397,
    "Tcorrdorbprank": 270,
    "Tcorrdtovr": 0.12398260149904733,
    "Tcorrdtovrrank": 309,
    "Tcorroastr": 0.12435001649726078,
    "Tcorroastrrank": 280,
    "Tcorroeff": 104.79789190584488,
    "Tcorroeffrank": 162,
    "Tcorroefgp": 0.48252667260058324,
    "Tcorroefgprank": 231,
    "Tcorroftr": 0.37403462629254886,
    "Tcorroftrrank": 111,
    "Tcorroorbp": 0.2144696462688035,
    "Tcorroorbprank": 318,
    "Tcorrotovr": 0.12420484627276084,
    "Tcorrotovrrank": 50,
    "Teff": 100.32197267158787,
    "Tefgp": 0.4720930232558139,
    "Tftr": 0.33488372093023255,
    "Tneteff": -4.8820398772539875,
    "Tneteffrank": 214,
    "Torbp": 0.212,
    "Tposs": 509.36,
    "Ttovr": 0.12269720463759869,
    "closses": 0,
    "confplace": 1,
    "cwins": 0,
    "dates": [
        [
            11,
            4
        ],
        [
            11,
            10
        ],
        [
            11,
            22
        ],
        [
            11,
            23
        ],
        [
            11,
            24
        ],
        [
            11,
            27
        ],
        [
            12,
            3
        ]
    ],
    "geff": [
        [
            110.02785515320335,
            138.14616755793227
        ],
        [
            84.2076200993926,
            102.83490828237909
        ],
        [
            120.12436404748445,
            92.4903368304804
        ],
        [
            107.60201229737282,
            111.40819964349377
        ],
        [
            103.17460317460318,
            132.65864332603937
        ],
        [
            81.76274944567628,
            111.14318706697459
        ],
        [
            95.94882729211086,
            131.23700623700623
        ]
    ],
    "losses": 5,
    "nOT": [
        0,
        0,
        0,
        0,
        0,
        0,
        0
    ],
    "pace": 71.9591668477291,
    "poss": [
        [
            71.8,
            67.32
        ],
        [
            72.44,
            71.96000000000001
        ],
        [
            70.76,
            72.44
        ],
        [
            71.56,
            67.32
        ],
        [
            75.6,
            73.12
        ],
        [
            72.16,
            69.28
        ],
        [
            75.04,
            76.96000000000001
        ]
    ],
    "preseason_pace": 68.2253107454078,
    "preseason_pred": -12.392872546734182,
    "preseason_predd": 105.73626361467417,
    "preseason_predo": 93.34339106793999,
    "schedule": [
        "nevada-las-vegas",
        "louisiana-state",
        "nebraska-omaha",
        "lamar",
        "akron",
        "cincinnati",
        "southern-methodist"
    ],
    "scores": [
        [
            79,
            93
        ],
        [
            61,
            74
        ],
        [
            85,
            67
        ],
        [
            77,
            75
        ],
        [
            78,
            97
        ],
        [
            59,
            77
        ],
        [
            72,
            101
        ]
    ],
    "wins": 2
}