{
    "CompRank": 356,
    "CompositeDef": 109.96705897398442,
    "CompositeOff": 88.44133600442834,
    "CompositePace": 70.15960453150542,
    "CompositeRating": -21.52572296955607,
    "HA": [
        "A",
        "A",
        "A",
        "A",
        "A",
        "A",
        "N",
        "A"
    ],
    "OAst": 127.0,
    "OAvgCompRat": 5.421367823000624,
    "OBlk": 54.0,
    "ODR": 226.0,
    "OFGA": 479.0,
    "OFGA3": 189.0,
    "OFGM": 228.0,
    "OFGM3": 72.0,
    "OFTA": 177.0,
    "OFTM": 118.0,
    "OOR": 89.0,
    "OPF": 121.0,
    "OScore": 646.0,
    "OStl": 51.0,
    "OTO": 96.0,
    "Oastr": 0.16284556598451044,
    "Ocomprank": 44,
    "Ocorrdastr": 0.14130137348046892,
    "Ocorrdeff": 98.75626170764973,
    "Ocorrdeffrank": 131,
    "Ocorrdefgp": 0.48911798164449716,
    "Ocorrdftr": 0.3431386799396864,
    "Ocorrdorbp": 0.2827002697621815,
    "Ocorrdtovr": 0.16027172899740566,
    "Ocorroastr": 0.14764597108611915,
    "Ocorroeff": 104.51762831077342,
    "Ocorroeffrank": 66,
    "Ocorroefgp": 0.5042337498513887,
    "Ocorroftr": 0.29051300031739674,
    "Ocorroorbp": 0.288448993998617,
    "Ocorrotovr": 0.1586572841484314,
    "Oeff": 114.56338227991772,
    "Oefgp": 0.5511482254697286,
    "Oftr": 0.3695198329853862,
    "Oneteff": 5.76136660312369,
    "Oneteffrank": 85,
    "Oorbp": 0.34901960784313724,
    "Oposs": 563.88,
    "Otovr": 0.1470408038230609,
    "SoR": 0.0,
    "SoRrank": 284,
    "TAst": 76.0,
    "TBlk": 24.0,
    "TDR": 166.0,
    "TFGA": 522.0,
    "TFGA3": 143.0,
    "TFGM": 178.0,
    "TFGM3": 48.0,
    "TFTA": 120.0,
    "TFTM": 79.0,
    "TOR": 96.0,
    "TPF": 155.0,
    "TScore": 483.0,
    "TStl": 41.0,
    "TTO": 96.0,
    "Tastr": 0.10176754151044456,
    "Tcorrdastr": 0.15425391973511715,
    "Tcorrdastrrank": 280,
    "Tcorrdeff": 109.99343995073643,
    "Tcorrdeffrank": 315,
    "Tcorrdefgp": 0.5444344911336739,
    "Tcorrdefgprank": 297,
    "Tcorrdftr": 0.4081561568462126,
    "Tcorrdftrrank": 310,
    "Tcorrdorbp": 0.327464881745306,
    "Tcorrdorbprank": 307,
    "Tcorrdtovr": 0.15239959410651238,
    "Tcorrdtovrrank": 223,
    "Tcorroastr": 0.1007111350573936,
    "Tcorroastrrank": 347,
    "Tcorroeff": 85.41605199130005,
    "Tcorroeffrank": 348,
    "Tcorroefgp": 0.3942765079920395,
    "Tcorroefgprank": 358,
    "Tcorroftr": 0.21558069711819705,
    "Tcorroftrrank": 343,
    "Tcorroorbp": 0.2861554252332608,
    "Tcorroorbprank": 146,
    "Tcorrotovr": 0.1467134066862965,
    "Tcorrotovrrank": 98,
    "Teff": 84.02922755741128,
    "Tefgp": 0.38697318007662834,
    "Tftr": 0.22988505747126436,
    "Tneteff": -24.57738795943638,
    "Tneteffrank": 347,
    "Torbp": 0.2981366459627329,
    "Tposs": 574.8,
    "Ttovr": 0.14311270125223616,
    "closses": 0,
    "confplace": 1,
    "cwins": 0,
    "dates": [
        [
            11,
            7
        ],
        [
            11,
            10
        ],
        [
            11,
            13
        ],
        [
            11,
            15
        ],
        [
            11,
            20
        ],
        [
            11,
            23
        ],
        [
            11,
            26
        ],
        [
            11,
            27
        ]
    ],
    "geff": [
        [
            82.31420507996236,
            129.3706293706294
        ],
        [
            74.20675537359263,
            119.64107676969094
        ],
        [
            77.46126936531734,
            124.04580152671755
        ],
        [
            88.0716934487021,
            113.93229166666667
        ],
        [
            78.3062645011601,
            105.55234239444766
        ],
        [
            87.6923076923077,
            117.77638190954772
        ],
        [
            99.64306960142773,
            87.56038647342996
        ],
        [
            88.36075563680683,
            112.57035647279551
        ]
    ],
    "losses": 7,
    "nOT": [
        0,
        0,
        0,
        0,
        0,
        0,
        0,
        0
    ],
    "pace": 70.06834924227563,
    "poss": [
        [
            85.04,
            85.8
        ],
        [
            78.16,
            80.24
        ],
        [
            80.04,
            73.36
        ],
        [
            64.72,
            61.44
        ],
        [
            68.96,
            69.16
        ],
        [
            65.0,
            63.68000000000001
        ],
        [
            67.24,
            66.24
        ],
        [
            65.64,
            63.959999999999994
        ]
    ],
    "preseason_pace": 70.31983329723127,
    "preseason_pred": -16.167518323401353,
    "preseason_predd": 109.92073846610707,
    "preseason_predo": 93.75322014270571,
    "schedule": [
        "alabama-birmingham",
        "southern-california",
        "pepperdine",
        "san-jose-state",
        "pittsburgh",
        "duquesne",
        "eastern-illinois",
        "ohio"
    ],
    "scores": [
        [
            70,
            111
        ],
        [
            58,
            96
        ],
        [
            62,
            91
        ],
        [
            57,
            70
        ],
        [
            54,
            73
        ],
        [
            57,
            75
        ],
        [
            67,
            58
        ],
        [
            58,
            72
        ]
    ],
    "wins": 1
}