{
    "CompRank": 219,
    "CompositeDef": 104.94393651304152,
    "CompositeOff": 100.8806240035664,
    "CompositePace": 68.32481139848049,
    "CompositeRating": -4.063312509471735,
    "HA": [
        "H",
        "H",
        "H",
        "H",
        "A",
        "H",
        "H",
        "A",
        "A",
        "H",
        "A",
        "H",
        "H",
        "H",
        "A",
        "A",
        "H",
        "H",
        "A",
        "A",
        "H",
        "H",
        "H",
        "A"
    ],
    "Name": "california-baptist",
    "OAst": 312.0,
    "OAvgCompRat": -3.364158349784438,
    "OBlk": 52.0,
    "ODR": 580.0,
    "OFGA": 1412.0,
    "OFGA3": 477.0,
    "OFGM": 600.0,
    "OFGM3": 157.0,
    "OFTA": 477.0,
    "OFTM": 331.0,
    "OOR": 246.0,
    "OPFwins": 476.0,
    "OScore": 1688.0,
    "OStl": 155.0,
    "OTO": 282.0,
    "Oastr": 0.14080184847554922,
    "Ocomprank": 265,
    "Ocorrdastr": 0.14148763083038227,
    "Ocorrdeff": 103.96822149474731,
    "Ocorrdeffrank": 237,
    "Ocorrdefgp": 0.5010150746265679,
    "Ocorrdftr": 0.3422713553770999,
    "Ocorrdorbp": 0.28264790811910095,
    "Ocorrdtovr": 0.16466529961626175,
    "Ocorroastr": 0.139814212965681,
    "Ocorroeff": 99.66981061590309,
    "Ocorroeffrank": 312,
    "Ocorroefgp": 0.4900808087267507,
    "Ocorroftr": 0.2949607323512157,
    "Ocorroorbp": 0.2882276540168145,
    "Ocorrotovr": 0.168419320385931,
    "Oeff": 101.81677805390015,
    "Oefgp": 0.4805240793201133,
    "Oftr": 0.3378186968838527,
    "Oneteff": -4.298410878844223,
    "Oneteffrank": 272,
    "Oorbp": 0.27796610169491526,
    "Oposs": 1657.88,
    "Otovr": 0.14811857890203164,
    "SoR": 0.0,
    "SoRrank": 168,
    "TAst": 379.0,
    "TBlk": 63.0,
    "TDR": 639.0,
    "TFGA": 1328.0,
    "TFGA3": 541.0,
    "TFGM": 581.0,
    "TFGM3": 184.0,
    "TFTA": 506.0,
    "TFTM": 349.0,
    "TOR": 239.0,
    "TPF": 457.0,
    "TScore": 1695.0,
    "TStl": 121.0,
    "TTO": 349.0,
    "Tastr": 0.16632728294070145,
    "Tcorrdastr": 0.14207594051362427,
    "Tcorrdastrrank": 191,
    "Tcorrdeff": 104.89337558662696,
    "Tcorrdeffrank": 214,
    "Tcorrdefgp": 0.4906722256891089,
    "Tcorrdefgprank": 135,
    "Tcorrdftr": 0.3504741305221158,
    "Tcorrdftrrank": 280,
    "Tcorrdorbp": 0.27217010039110645,
    "Tcorrdorbprank": 130,
    "Tcorrdtovr": 0.1446906439211183,
    "Tcorrdtovrrank": 296,
    "Tcorroastr": 0.1657932126120483,
    "Tcorroastrrank": 45,
    "Tcorroeff": 100.7913730137213,
    "Tcorroeffrank": 210,
    "Tcorroefgp": 0.5061160225678295,
    "Tcorroefgprank": 155,
    "Tcorroftr": 0.34153034575661617,
    "Tcorroftrrank": 76,
    "Tcorroorbp": 0.2918937869450719,
    "Tcorroorbprank": 137,
    "Tcorrotovr": 0.1835116983898524,
    "Tcorrotovrrank": 305,
    "Teff": 102.06908179978802,
    "Tefgp": 0.5067771084337349,
    "Tftr": 0.3810240963855422,
    "Tneteff": -4.102002572905661,
    "Tneteffrank": 219,
    "Torbp": 0.29181929181929184,
    "Tposs": 1660.64,
    "Ttovr": 0.18371902044597924,
    "closses": 10,
    "confplace": 10,
    "cwins": 4,
    "dates": [
        [
            11,
            13
        ],
        [
            11,
            16
        ],
        [
            11,
            18
        ],
        [
            11,
            21
        ],
        [
            11,
            24
        ],
        [
            12,
            2
        ],
        [
            12,
            7
        ],
        [
            12,
            12
        ],
        [
            12,
            18
        ],
        [
            12,
            21
        ],
        [
            1,
            8
        ],
        [
            1,
            12
        ],
        [
            1,
            15
        ],
        [
            1,
            17
        ],
        [
            1,
            20
        ],
        [
            1,
            22
        ],
        [
            1,
            26
        ],
        [
            1,
            29
        ],
        [
            2,
            3
        ],
        [
            2,
            5
        ],
        [
            2,
            10
        ],
        [
            2,
            12
        ],
        [
            2,
            16
        ],
        [
            2,
            19
        ]
    ],
    "geff": [
        [
            121.48337595907928,
            85.62532433834977
        ],
        [
            119.63952765692977,
            101.26582278481013
        ],
        [
            102.25885225885224,
            100.36496350364965
        ],
        [
            107.55813953488372,
            102.88065843621398
        ],
        [
            72.46376811594203,
            111.03853690398432
        ],
        [
            105.82010582010581,
            90.40105193951348
        ],
        [
            131.4235085646781,
            105.78069129916567
        ],
        [
            76.61748013620885,
            104.04280618311533
        ],
        [
            79.32310946589106,
            117.12214166201896
        ],
        [
            110.8179419525066,
            90.81196581196582
        ],
        [
            92.53139458030402,
            100.27662517289073
        ],
        [
            103.20478001086366,
            103.94736842105263
        ],
        [
            110.35903472630959,
            109.67548076923076
        ],
        [
            97.38771769019249,
            109.99521759923482
        ],
        [
            124.85811577752553,
            116.73151750972761
        ],
        [
            91.94159004867495,
            101.74418604651162
        ],
        [
            101.1302795954789,
            112.3076923076923
        ],
        [
            110.75949367088609,
            110.77680525164114
        ],
        [
            83.18739054290717,
            98.55072463768116
        ],
        [
            76.49938800489596,
            84.54106280193237
        ],
        [
            128.5625774473358,
            94.60297766749379
        ],
        [
            112.99435028248588,
            99.06439185470555
        ],
        [
            92.87925696594428,
            96.95704057279238
        ],
        [
            93.45794392523364,
            93.73251259093452
        ]
    ],
    "losses": 13,
    "nOT": [
        0,
        0,
        0,
        0,
        0,
        0,
        0,
        0,
        0,
        0,
        0,
        0,
        0,
        1,
        0,
        0,
        0,
        0,
        0,
        0,
        0,
        0,
        0,
        0
    ],
    "pace": 68.29409117347367,