{
    "CompRank": 111,
    "CompositeDef": 103.26343338532413,
    "CompositeOff": 109.4419067247031,
    "CompositePace": 66.36185480157748,
    "CompositeRating": 6.178473339378983,
    "HA": [
        "H",
        "A",
        "H",
        "H",
        "H",
        "N",
        "A",
        "A",
        "N",
        "A",
        "A",
        "H",
        "H",
        "A",
        "A",
        "A",
        "H",
        "H",
        "A",
        "H",
        "H",
        "A"
    ],
    "OAst": 245.0,
    "OAvgCompRat": -1.1232322003050088,
    "OBlk": 86.0,
    "ODR": 484.0,
    "OFGA": 1257.0,
    "OFGA3": 425.0,
    "OFGM": 526.0,
    "OFGM3": 130.0,
    "OFTA": 473.0,
    "OFTM": 350.0,
    "OOR": 206.0,
    "OPF": 328.0,
    "OScore": 1532.0,
    "OStl": 153.0,
    "OTO": 249.0,
    "Oastr": 0.12505614765813222,
    "Ocomprank": 204,
    "Ocorrdastr": 0.14716929959463607,
    "Ocorrdeff": 108.46621278987095,
    "Ocorrdeffrank": 153,
    "Ocorrdefgp": 0.5185921675029068,
    "Ocorrdftr": 0.38048842337374666,
    "Ocorrdorbp": 0.3069520402651041,
    "Ocorrdtovr": 0.15306797522368584,
    "Ocorroastr": 0.14506113416947033,
    "Ocorroeff": 107.15734112198244,
    "Ocorroeffrank": 264,
    "Ocorroefgp": 0.5058012347112207,
    "Ocorroftr": 0.35772029440719205,
    "Ocorroorbp": 0.3108199445372329,
    "Ocorrotovr": 0.15706358574269833,
    "Oeff": 101.58342837439993,
    "Oefgp": 0.4701670644391408,
    "Oftr": 0.37629276054097055,
    "Oneteff": -1.3088716678885106,
    "Oneteffrank": 206,
    "Oorbp": 0.2685788787483703,
    "Oposs": 1508.12,
    "Otovr": 0.14526404219074512,
    "SoR": 2.2533594421371816,
    "SoRrank": 72,
    "TAst": 238.0,
    "TBlk": 62.0,
    "TDR": 561.0,
    "TFGA": 1298.0,
    "TFGA3": 406.0,
    "TFGM": 571.0,
    "TFGM3": 128.0,
    "TFTA": 494.0,
    "TFTM": 355.0,
    "TOR": 298.0,
    "TPF": 323.0,
    "TScore": 1627.0,
    "TStl": 127.0,
    "TTO": 273.0,
    "Tastr": 0.11745198286582838,
    "Tcorrdastr": 0.12740349564795367,
    "Tcorrdastrrank": 45,
    "Tcorrdeff": 103.18834914944357,
    "Tcorrdeffrank": 79,
    "Tcorrdefgp": 0.47732902530701216,
    "Tcorrdefgprank": 60,
    "Tcorrdftr": 0.37507786802594456,
    "Tcorrdftrrank": 225,
    "Tcorrdorbp": 0.26298315397549216,
    "Tcorrdorbprank": 50,
    "Tcorrdtovr": 0.1370985915538898,
    "Tcorrdtovrrank": 247,
    "Tcorroastr": 0.11804108000511898,
    "Tcorroastrrank": 342,
    "Tcorroeff": 109.60811482586843,
    "Tcorroeffrank": 153,
    "Tcorroefgp": 0.4848111365842366,
    "Tcorroefgprank": 271,
    "Tcorroftr": 0.3576470908356514,
    "Tcorroftrrank": 181,
    "Tcorroorbp": 0.37890054680288454,
    "Tcorroorbprank": 28,
    "Tcorrotovr": 0.1477183897515386,
    "Tcorrotovrrank": 180,
    "Teff": 109.16825464988324,
    "Tefgp": 0.48921417565485364,
    "Tftr": 0.38058551617873654,
    "Tneteff": 6.419765676424859,
    "Tneteffrank": 111,
    "Torbp": 0.38107416879795397,
    "Tposs": 1490.3600000000001,
    "Ttovr": 0.15265382808830436,
    "closses": 3,
    "confplace": 1,
    "cwins": 6,
    "dates": [
        [
            11,
            3
        ],
        [
            11,
            7
        ],
        [
            11,
            14
        ],
        [
            11,
            18
        ],
        [
            11,
            21
        ],
        [
            11,
            25
        ],
        [
            11,
            29
        ],
        [
            12,
            1
        ],
        [
            12,
            3
        ],
        [
            12,
            6
        ],
        [
            12,
            12
        ],
        [
            12,
            16
        ],
        [
            12,
            20
        ],
        [
            12,
            29
        ],
        [
            1,
            1
        ],
        [
            1,
            3
        ],
        [
            1,
            8
        ],
        [
            1,
            10
        ],
        [
            1,
            15
        ],
        [
            1,
            21
        ],
        [
            1,
            24
        ],
        [
            1,
            31
        ]
    ],
    "geff": [
        [
            127.49120750293085,
            104.51505016722408
        ],
        [
            99.13793103448276,
            84.5812534664448
        ],
        [
            113.48684210526316,
            93.29538266919671
        ],
        [
            103.7344398340249,
            71.50025087807326
        ],
        [
            115.01597444089457,
            93.47275031685679
        ],
        [
            109.63646855164455,
            86.2556561085973
        ],
        [
            110.61946902654867,
            100.75934579439252
        ],
        [
            100.63254744105808,
            120.66831683168317
        ],
        [
            85.27572484366117,
            134.37684583579446
        ],
        [
            122.54901960784314,
            129.4820717131474
        ],
        [
            128.80562060889932,
            117.09932279909707
        ],
        [
            109.58503798947984,
            97.38372093023256
        ],
        [
            111.78247734138972,
            99.05381431105855
        ],
        [
            94.55587392550143,
            104.58452722063038
        ],
        [
            80.74730842305257,
            99.80988593155892
        ],
        [
            105.67296996662958,
            107.77009047365621
        ],
        [
            136.71875,
            116.27906976744185
        ],
        [
            96.09012591119946,
            91.24087591240875
        ],
        [
            115.19302615193027,
            90.625
        ],
        [
            117.28791773778921,
            105.96026490066224
        ],
        [
            105.92069527430743,
            93.32281808622503
        ],
        [
            114.71518987341771,
            98.41513292433538
        ]
    ],
    "losses": 6,
    "nOT": [
        0,
        0,
        0,
        0,
        0,
        0,
        0,
        0,
        0,
        0,
        0,
        0,
        0,
        0,
        0,
        1,
        0,
        0,
        0,
        0,
        1,
        1
    ],
    "pace": 66.34721848750934,
    "poss": [
        [
            68.24,
            71.76
        ],
        [
            69.6,
            72.12
        ],
        [
            60.8,
            63.24
        ],
        [
            77.12,
            79.72
        ],
        [
            62.6,
            63.12
        ],
        [
            69.32,
            70.72
        ],
        [
            67.8,
            68.48
        ],
        [
            69.56,
            64.64
        ],
        [
            70.36,
            67.72
        ],
        [
            69.36,
            70.28
        ],
        [
            68.32,
            70.88
        ],
        [
            68.44,
            68.8
        ],
        [
            66.2,
            67.64
        ],
        [
            69.8,
            69.8
        ],
        [
            63.16,
            63.120000000000005
        ],
        [
            71.92,
            75.16
        ],
        [
            61.44,
            61.92
        ],
        [
            60.36,
            60.28
        ],
        [
            64.24,
            64.0
        ],
        [
            62.239999999999995,
            60.400000000000006
        ],
        [
            73.64,
            76.08
        ],
        [
            75.84,
            78.24
        ]
    ],
    "preseason_pace": 66.85504979796049,
    "preseason_pred": -1.9522741112769042,
    "preseason_predd": 105.79352185371275,
    "preseason_predo": 103.84124774243584,