{
    "CompRank": 339,
    "CompositeDef": 110.23412160787345,
    "CompositeOff": 93.09951018216486,
    "CompositePace": 69.01435517516458,
    "CompositeRating": -17.134611425708588,
    "HA": [
        "A",
        "A",
        "A",
        "H",
        "A",
        "A",
        "A",
        "N",
        "N",
        "A",
        "A"
    ],
    "OAst": 156.0,
    "OAvgCompRat": 1.4951457524971115,
    "OBlk": 65.0,
    "ODR": 269.0,
    "OFGA": 573.0,
    "OFGA3": 234.0,
    "OFGM": 270.0,
    "OFGM3": 81.0,
    "OFTA": 306.0,
    "OFTM": 223.0,
    "OOR": 87.0,
    "OPF": 179.0,
    "OScore": 844.0,
    "OStl": 88.0,
    "OTO": 127.0,
    "Oastr": 0.15747395623031576,
    "Ocomprank": 97,
    "Ocorrdastr": 0.15093713073921183,
    "Ocorrdeff": 105.48921756059266,
    "Ocorrdeffrank": 211,
    "Ocorrdefgp": 0.5116654106944677,
    "Ocorrdftr": 0.34454034794990174,
    "Ocorrdorbp": 0.30204493916834063,
    "Ocorrdtovr": 0.14600680824090542,
    "Ocorroastr": 0.14585688597177757,
    "Ocorroeff": 107.90400675870937,
    "Ocorroeffrank": 76,
    "Ocorroefgp": 0.5104578415417848,
    "Ocorroftr": 0.38033483302731547,
    "Ocorroorbp": 0.2611094852039139,
    "Ocorrotovr": 0.14566470196180636,
    "Oeff": 112.88855598951368,
    "Oefgp": 0.5418848167539267,
    "Oftr": 0.5340314136125655,
    "Oneteff": 2.414789198116708,
    "Oneteffrank": 119,
    "Oorbp": 0.2824675324675325,
    "Oposs": 747.64,
    "Otovr": 0.15216141090769672,
    "SoR": 0.0,
    "SoRrank": 206,
    "TAst": 110.0,
    "TBlk": 24.0,
    "TDR": 221.0,
    "TFGA": 648.0,
    "TFGA3": 220.0,
    "TFGM": 262.0,
    "TFGM3": 66.0,
    "TFTA": 182.0,
    "TFTM": 127.0,
    "TOR": 96.0,
    "TPF": 237.0,
    "TScore": 717.0,
    "TStl": 70.0,
    "TTO": 132.0,
    "Tastr": 0.11339270987959756,
    "Tcorrdastr": 0.15665199681734399,
    "Tcorrdastrrank": 262,
    "Tcorrdeff": 109.66285306125825,
    "Tcorrdeffrank": 259,
    "Tcorrdefgp": 0.5375982519865986,
    "Tcorrdefgprank": 276,
    "Tcorrdftr": 0.4730932600146359,
    "Tcorrdftrrank": 352,
    "Tcorrdorbp": 0.3065934031677908,
    "Tcorrdorbprank": 263,
    "Tcorrdtovr": 0.1575805747741237,
    "Tcorrdtovrrank": 130,
    "Tcorroastr": 0.10902046441921211,
    "Tcorroastrrank": 350,
    "Tcorroeff": 93.28869467285945,
    "Tcorroeffrank": 338,
    "Tcorroefgp": 0.4508157383494431,
    "Tcorroefgprank": 323,
    "Tcorroftr": 0.27543312790889934,
    "Tcorroftrrank": 306,
    "Tcorroorbp": 0.24741828702076657,
    "Tcorroorbprank": 267,
    "Tcorrotovr": 0.15848205246304267,
    "Tcorrotovrrank": 236,
    "Teff": 93.8383415349178,
    "Tefgp": 0.45524691358024694,
    "Tftr": 0.2808641975308642,
    "Tneteff": -16.374158388398797,
    "Tneteffrank": 322,
    "Torbp": 0.26301369863013696,
    "Tposs": 764.08,
    "Ttovr": 0.15347409543298296,
    "closses": 0,
    "confplace": 1,
    "cwins": 0,
    "dates": [
        [
            11,
            4
        ],
        [
            11,
            11
        ],
        [
            11,
            15
        ],
        [
            11,
            20
        ],
        [
            11,
            23
        ],
        [
            11,
            25
        ],
        [
            11,
            29
        ],
        [
            11,
            30
        ],
        [
            12,
            1
        ],
        [
            12,
            11
        ],
        [
            12,
            14
        ]
    ],
    "geff": [
        [
            79.40709370037057,
            118.29652996845427
        ],
        [
            102.67275097783572,
            95.88068181818181
        ],
        [
            114.44708680142688,
            131.81019332161688
        ],
        [
            100.5586592178771,
            117.43981209630064
        ],
        [
            116.79479597871082,
            112.89364230540703
        ],
        [
            86.39021796916535,
            114.35331230283911
        ],
        [
            81.6326530612245,
            112.14114832535886
        ],
        [
            91.96006305832896,
            106.05203619909503
        ],
        [
            85.13425016371971,
            99.2063492063492
        ],
        [
            87.37316798196167,
            100.0
        ],
        [
            88.86946386946387,
            128.73025160912815
        ]
    ],
    "losses": 9,
    "nOT": [
        0,
        0,
        0,
        0,
        0,
        0,
        0,
        1,
        0,
        0,
        0
    ],
    "pace": 68.5695602481703,
    "poss": [
        [
            75.56,
            76.08
        ],
        [
            61.36,
            56.32
        ],
        [
            67.28,
            68.28
        ],
        [
            71.6,
            68.12
        ],
        [
            67.64,
            67.32
        ],
        [
            75.24,
            76.08
        ],
        [
            68.6,
            66.88
        ],
        [
            76.12,
            70.72
        ],
        [
            61.08,
            60.480000000000004
        ],
        [
            70.96,
            69.0
        ],
        [
            68.64,
            68.36
        ]
    ],
    "preseason_pace": 70.49090349248442,
    "preseason_pred": -19.65902342884946,
    "preseason_predd": 112.13051376536153,
    "preseason_predo": 92.47149033651206,
    "schedule": [
        "mississippi",
        "air-force",
        "california-baptist",
        "columbia",
        "charlotte",
        "winthrop",
        "lafayette",
        "binghamton",
        "niagara",
        "massachusetts-lowell",
        "missouri"
    ],
    "scores": [
        [
            60,
            90
        ],
        [
            63,
            54
        ],
        [
            77,
            90
        ],
        [
            72,
            80
        ],
        [
            79,
            76
        ],
        [
            65,
            87
        ],
        [
            56,
            75
        ],
        [
            70,
            75
        ],
        [
            52,
            60
        ],
        [
            62,
            69
        ],
        [
            61,
            88
        ]
    ],
    "wins": 2
}