{
    "CompRank": 354,
    "CompositeDef": 108.6602073370999,
    "CompositeOff": 87.32245827990636,
    "CompositePace": 68.49156025080222,
    "CompositeRating": -21.33774905719356,
    "HA": [
        "A",
        "A",
        "A",
        "A",
        "A"
    ],
    "OAst": 82.0,
    "OAvgCompRat": 13.86464035297426,
    "OBlk": 23.0,
    "ODR": 129.0,
    "OFGA": 301.0,
    "OFGA3": 115.0,
    "OFGM": 156.0,
    "OFGM3": 41.0,
    "OFTA": 102.0,
    "OFTM": 67.0,
    "OOR": 53.0,
    "OPF": 76.0,
    "OScore": 420.0,
    "OStl": 51.0,
    "OTO": 57.0,
    "Oastr": 0.16911400758950668,
    "Ocomprank": 5,
    "Ocorrdastr": 0.13677066912683905,
    "Ocorrdeff": 96.01970431556158,
    "Ocorrdeffrank": 51,
    "Ocorrdefgp": 0.4874740587688272,
    "Ocorrdftr": 0.2511228248976306,
    "Ocorrdorbp": 0.25653232863965275,
    "Ocorrdtovr": 0.1507707543291119,
    "Ocorroastr": 0.1504000176631866,
    "Ocorroeff": 110.58152242086207,
    "Ocorroeffrank": 3,
    "Ocorroefgp": 0.542549137428128,
    "Ocorroftr": 0.34606156171824565,
    "Ocorroorbp": 0.28968108211958465,
    "Ocorrotovr": 0.16257463460008387,
    "Oeff": 120.04115696810335,
    "Oefgp": 0.5863787375415282,
    "Oftr": 0.3388704318936877,
    "Oneteff": 14.561818105300489,
    "Oneteffrank": 9,
    "Oorbp": 0.3464052287581699,
    "Oposs": 349.88,
    "Otovr": 0.1414813343923749,
    "SoR": 0.0,
    "SoRrank": 277,
    "TAst": 42.0,
    "TBlk": 10.0,
    "TDR": 100.0,
    "TFGA": 262.0,
    "TFGA3": 79.0,
    "TFGM": 96.0,
    "TFGM3": 23.0,
    "TFTA": 71.0,
    "TFTM": 50.0,
    "TOR": 38.0,
    "TPF": 93.0,
    "TScore": 265.0,
    "TStl": 29.0,
    "TTO": 92.0,
    "Tastr": 0.09830540211590674,
    "Tcorrdastr": 0.15813944974863164,
    "Tcorrdastrrank": 291,
    "Tcorrdeff": 109.21037327886593,
    "Tcorrdeffrank": 309,
    "Tcorrdefgp": 0.5398488980884463,
    "Tcorrdefgprank": 293,
    "Tcorrdftr": 0.3129548213490154,
    "Tcorrdftrrank": 191,
    "Tcorrdorbp": 0.3249359604000659,
    "Tcorrdorbprank": 306,
    "Tcorrdtovr": 0.14346759138306345,
    "Tcorrdtovrrank": 271,
    "Tcorroastr": 0.10102838141151524,
    "Tcorroastrrank": 350,
    "Tcorroeff": 79.98560310732148,
    "Tcorroeffrank": 361,
    "Tcorroefgp": 0.4206642083545491,
    "Tcorroefgprank": 347,
    "Tcorroftr": 0.3457654469463629,
    "Tcorroftrrank": 130,
    "Tcorroorbp": 0.24168130565597584,
    "Tcorroorbprank": 248,
    "Tcorrotovr": 0.26096624999186163,
    "Tcorrotovrrank": 363,
    "Teff": 76.31609261605806,
    "Tefgp": 0.41030534351145037,
    "Tftr": 0.27099236641221375,
    "Tneteff": -29.22477017154445,
    "Tneteffrank": 358,
    "Torbp": 0.2275449101796407,
    "Tposs": 347.24,
    "Ttovr": 0.23881216903748312,
    "closses": 0,
    "confplace": 1,
    "cwins": 0,
    "dates": [
        [
            11,
            7
        ],
        [
            11,
            9
        ],
        [
            11,
            11
        ],
        [
            11,
            15
        ],
        [
            11,
            30
        ]
    ],
    "geff": [
        [
            68.68131868131867,
            117.096018735363
        ],
        [
            71.35306553911204,
            122.8401727861771
        ],
        [
            68.21065989847716,
            94.5179584120983
        ],
        [
            85.96392333709132,
            118.91744122471296
        ],
        [
            86.06329816768461,
            143.98644833427443
        ]
    ],
    "losses": 5,
    "nOT": [
        0,
        0,
        0,
        0,
        0
    ],
    "pace": 69.89576239603409,
    "poss": [
        [
            65.52000000000001,
            68.32
        ],
        [
            75.68,
            74.08
        ],
        [
            63.04,
            63.480000000000004
        ],
        [
            70.96000000000001,
            73.16
        ],
        [
            72.04,
            70.84
        ]
    ],
    "preseason_pace": 67.52845864227558,
    "preseason_pred": -15.92826955489528,
    "preseason_predd": 108.28286444151279,
    "preseason_predo": 92.3545948866175,
    "schedule": [
        "oregon",
        "portland",
        "oregon-state",
        "miami-fl",
        "florida"
    ],
    "scores": [
        [
            45,
            80
        ],
        [
            54,
            91
        ],
        [
            43,
            60
        ],
        [
            61,
            87
        ],
        [
            62,
            102
        ]
    ],
    "wins": 0
}