{
    "CompRank": 297,
    "CompositeDef": 109.7087371237607,
    "CompositeOff": 97.69008228939359,
    "CompositePace": 67.20623765416178,
    "CompositeRating": -12.01865483436529,
    "HA": [
        "N",
        "N",
        "A",
        "A",
        "H",
        "A",
        "H",
        "A",
        "A",
        "A",
        "H",
        "H",
        "A",
        "H",
        "H",
        "A",
        "H",
        "A",
        "A",
        "A",
        "H",
        "A",
        "H",
        "A",
        "H"
    ],
    "Name": "tennessee-state",
    "OAst": 327.0,
    "OAvgCompRat": -5.436779607731907,
    "OBlk": 99.0,
    "ODR": 593.0,
    "OFGA": 1363.0,
    "OFGA3": 508.0,
    "OFGM": 604.0,
    "OFGM3": 174.0,
    "OFTA": 563.0,
    "OFTM": 407.0,
    "OOR": 236.0,
    "OPFwins": 404.0,
    "OScore": 1791.0,
    "OStl": 163.0,
    "OTO": 329.0,
    "Oastr": 0.14426131149855295,
    "Ocomprank": 334,
    "Ocorrdastr": 0.14775588282499408,
    "Ocorrdeff": 105.25676143675597,
    "Ocorrdeffrank": 295,
    "Ocorrdefgp": 0.5149844804284143,
    "Ocorrdftr": 0.34025202695156376,
    "Ocorrdorbp": 0.3036597285288238,
    "Ocorrdtovr": 0.16383598521516493,
    "Ocorroastr": 0.13453170502026518,
    "Ocorroeff": 98.2374256971379,
    "Ocorroeffrank": 346,
    "Ocorroefgp": 0.4782566678946252,
    "Ocorroftr": 0.2888200871953471,
    "Ocorroorbp": 0.27728886742319814,
    "Ocorrotovr": 0.17553546075009804,
    "Oeff": 105.12290752001502,
    "Oefgp": 0.5069699192956714,
    "Oftr": 0.413059427732942,
    "Oneteff": -7.019335739618072,
    "Oneteffrank": 336,
    "Oorbp": 0.28399518652226236,
    "Oposs": 1703.72,
    "Otovr": 0.16961210896418039,
    "SoR": 0.0,
    "SoRrank": 160,
    "TAst": 283.0,
    "TBlk": 73.0,
    "TDR": 595.0,
    "TFGA": 1419.0,
    "TFGA3": 464.0,
    "TFGM": 615.0,
    "TFGM3": 162.0,
    "TFTA": 445.0,
    "TFTM": 315.0,
    "TOR": 258.0,
    "TPF": 497.0,
    "TScore": 1709.0,
    "TStl": 148.0,
    "TTO": 347.0,
    "Tastr": 0.12606913756236635,
    "Tcorrdastr": 0.15115906022758752,
    "Tcorrdastrrank": 258,
    "Tcorrdeff": 109.7609634558779,
    "Tcorrdeffrank": 302,
    "Tcorrdefgp": 0.5301082301525007,
    "Tcorrdefgprank": 287,
    "Tcorrdftr": 0.4369982703084123,
    "Tcorrdftrrank": 348,
    "Tcorrdorbp": 0.289389063674314,
    "Tcorrdorbprank": 215,
    "Tcorrdtovr": 0.1592852719526737,
    "Tcorrdtovrrank": 207,
    "Tcorroastr": 0.12024029394412573,
    "Tcorroastrrank": 306,
    "Tcorroeff": 97.73569561637737,
    "Tcorroeffrank": 262,
    "Tcorroefgp": 0.4762405308059542,
    "Tcorroefgprank": 265,
    "Tcorroftr": 0.2823465090595906,
    "Tcorroftrrank": 242,
    "Tcorroorbp": 0.2826293436687108,
    "Tcorroorbprank": 172,
    "Tcorrotovr": 0.17791280271599724,
    "Tcorrotovrrank": 272,
    "Teff": 100.3052001408616,
    "Tefgp": 0.4904862579281184,
    "Tftr": 0.31360112755461594,
    "Tneteff": -12.025267839500529,
    "Tneteffrank": 296,
    "Torbp": 0.30317273795534666,
    "Tposs": 1703.8,
    "Ttovr": 0.17687837700071363,
    "closses": 9,
    "confplace": 5,
    "cwins": 6,
    "dates": [
        [
            11,
            9
        ],
        [
            11,
            13
        ],
        [
            11,
            21
        ],
        [
            11,
            23
        ],
        [
            11,
            28
        ],
        [
            12,
            4
        ],
        [
            12,
            10
        ],
        [
            12,
            12
        ],
        [
            12,
            16
        ],
        [
            12,
            18
        ],
        [
            1,
            6
        ],
        [
            1,
            8
        ],
        [
            1,
            13
        ],
        [
            1,
            15
        ],
        [
            1,
            17
        ],
        [
            1,
            20
        ],
        [
            1,
            22
        ],
        [
            1,
            24
        ],
        [
            1,
            27
        ],
        [
            1,
            29
        ],
        [
            2,
            3
        ],
        [
            2,
            5
        ],
        [
            2,
            10
        ],
        [
            2,
            12
        ],
        [
            2,
            17
        ]
    ],
    "geff": [
        [
            103.98860398860398,
            111.9606772255598
        ],
        [
            73.93483709273183,
            84.65879938429963
        ],
        [
            92.80089988751405,
            117.63038548752834
        ],
        [
            101.95530726256985,
            114.69221835075494
        ],
        [
            108.8139281828074,
            111.9606772255598
        ],
        [
            79.1343669250646,
            94.91634491634493
        ],
        [
            118.32319134550373,
            73.3822548365577
        ],
        [
            98.59535386277688,
            86.52822151224707
        ],
        [
            112.9125651418645,
            106.05203619909503
        ],
        [
            107.79029887310142,
            111.77347242921014
        ],
        [
            112.32718894009217,
            135.13513513513513
        ],
        [
            130.85399449035813,
            115.13157894736841
        ],
        [
            65.39833531510106,
            101.94765672550213
        ],
        [
            97.68009768009766,
            106.99216395418927
        ],
        [
            117.16461628588166,
            93.62200117027501
        ],
        [
            87.89062499999999,
            121.42857142857143
        ],
        [
            100.61919504643964,
            93.78843788437885
        ],
        [
            90.97035040431267,
            113.71350984385607
        ],
        [
            106.1120543293718,
            103.48905972797161
        ],
        [
            87.63837638376386,
            89.59537572254335
        ],
        [
            86.94412770809579,
            127.24117987275882
        ],
        [
            107.40971357409714,
            95.13412351840299
        ],
        [
            103.6096256684492,
            120.70105820105819
        ],
        [
            87.07300736771602,
            90.78681909885675
        ],
        [
            128.0025284450063,
            100.99440646364201
        ]
    ],
    "losses": 16,
    "nOT": [
        0,
        0,
        0,
        0,
        0,
        0,
        0,
        0,
        0,
        1,
        0,
        0,
        0,
        0,
        0,
        0,
        0,
        0,
        0,
        0,
        0,
        0,
        0,
        0,
        0
    ],
    "pace": 67.17271787748312,