{
    "CompRank": 58,
    "CompositeDef": 92.96819874333252,
    "CompositeOff": 108.77410199319381,
    "CompositePace": 70.14105713023133,
    "CompositeRating": 15.805903249861293,
    "HA": [
        "A",
        "A",
        "H",
        "A",
        "N",
        "N",
        "N",
        "H"
    ],
    "OAst": 81.0,
    "OAvgCompRat": -0.4769533302281154,
    "OBlk": 21.0,
    "ODR": 164.0,
    "OFGA": 485.0,
    "OFGA3": 158.0,
    "OFGM": 182.0,
    "OFGM3": 45.0,
    "OFTA": 107.0,
    "OFTM": 75.0,
    "OOR": 60.0,
    "OPF": 144.0,
    "OScore": 484.0,
    "OStl": 59.0,
    "OTO": 86.0,
    "Oastr": 0.11586656748869943,
    "Ocomprank": 165,
    "Ocorrdastr": 0.13923505203301367,
    "Ocorrdeff": 103.5925218663574,
    "Ocorrdeffrank": 127,
    "Ocorrdefgp": 0.4813688180262484,
    "Ocorrdftr": 0.3798445742683786,
    "Ocorrdorbp": 0.26999250891553805,
    "Ocorrdtovr": 0.1357784300043065,
    "Ocorroastr": 0.13282201833323318,
    "Ocorroeff": 103.09961169502368,
    "Ocorroeffrank": 249,
    "Ocorroefgp": 0.4934682170177558,
    "Ocorroftr": 0.32234437006152916,
    "Ocorroorbp": 0.3000694129843538,
    "Ocorrotovr": 0.15607366766709416,
    "Oeff": 86.72591743119266,
    "Oefgp": 0.4216494845360825,
    "Oftr": 0.22061855670103092,
    "Oneteff": -0.49291017133371895,
    "Oneteffrank": 196,
    "Oorbp": 0.20408163265306123,
    "Oposs": 558.08,
    "Otovr": 0.1391405643282423,
    "SoR": 82.374340552822,
    "SoRrank": 18,
    "TAst": 131.0,
    "TBlk": 26.0,
    "TDR": 234.0,
    "TFGA": 448.0,
    "TFGA3": 144.0,
    "TFGM": 207.0,
    "TFGM3": 50.0,
    "TFTA": 155.0,
    "TFTM": 131.0,
    "TOR": 66.0,
    "TPF": 120.0,
    "TScore": 595.0,
    "TStl": 49.0,
    "TTO": 100.0,
    "Tastr": 0.17532119914346894,
    "Tcorrdastr": 0.12600744150520338,
    "Tcorrdastrrank": 70,
    "Tcorrdeff": 88.00707553763708,
    "Tcorrdeffrank": 8,
    "Tcorrdefgp": 0.43156325137769713,
    "Tcorrdefgprank": 18,
    "Tcorrdftr": 0.23183236010301655,
    "Tcorrdftrrank": 18,
    "Tcorrdorbp": 0.19255159211409617,
    "Tcorrdorbprank": 4,
    "Tcorrdtovr": 0.1343330259559024,
    "Tcorrdtovrrank": 263,
    "Tcorroastr": 0.18192056449649965,
    "Tcorroastrrank": 23,
    "Tcorroeff": 109.2712092401298,
    "Tcorroeffrank": 104,
    "Tcorroefgp": 0.5436757341381354,
    "Tcorroefgprank": 81,
    "Tcorroftr": 0.30945003791637593,
    "Tcorroftrrank": 237,
    "Tcorroorbp": 0.3015453573482495,
    "Tcorroorbprank": 133,
    "Tcorrotovr": 0.17997353063768182,
    "Tcorrotovrrank": 334,
    "Teff": 108.14249363867684,
    "Tefgp": 0.5178571428571429,
    "Tftr": 0.34598214285714285,
    "Tneteff": 21.264133702492728,
    "Tneteffrank": 36,
    "Torbp": 0.28695652173913044,
    "Tposs": 550.2,
    "Ttovr": 0.16228497241155468,
    "closses": 0,
    "confplace": 1,
    "cwins": 1,
    "dates": [
        [
            11,
            8
        ],
        [
            11,
            10
        ],
        [
            11,
            16
        ],
        [
            11,
            22
        ],
        [
            11,
            28
        ],
        [
            11,
            29
        ],
        [
            11,
            30
        ],
        [
            12,
            5
        ]
    ],
    "geff": [
        [
            97.8067575577949,
            75.39917208752217
        ],
        [
            112.2334455667789,
            87.31082654249127
        ],
        [
            117.37089201877934,
            92.92565947242207
        ],
        [
            122.56193990511335,
            114.77572559366754
        ],
        [
            98.75259875259876,
            77.91864764923402
        ],
        [
            82.68482490272373,
            61.63084702907712
        ],
        [
            106.07979734008867,
            89.76660682226212
        ],
        [
            125.00000000000001,
            89.96728462377317
        ]
    ],
    "losses": 0,
    "nOT": [
        0,
        0,
        0,
        0,
        0,
        0,
        0,
        0
    ],
    "pace": 70.82712783097449,
    "poss": [
        [
            67.48,
            67.64
        ],
        [
            71.28,
            68.72
        ],
        [
            68.16,
            66.72
        ],
        [
            75.88,
            75.8
        ],
        [
            76.96,
            75.72
        ],
        [
            61.68,
            63.28
        ],
        [
            63.16,
            66.84
        ],
        [
            65.6,
            73.36
        ]
    ],
    "preseason_pace": 68.9364336776233,
    "preseason_pred": 6.222178998327363,
    "preseason_predd": 101.67908722521203,
    "preseason_predo": 107.9012662235394,
    "schedule": [
        "loyola-marymount",
        "northern-iowa",
        "pepperdine",
        "weber-state",
        "kennesaw-state",
        "kent-state",
        "towson",
        "cal-state-bakersfield"
    ],
    "scores": [
        [
            66,
            51
        ],
        [
            80,
            60
        ],
        [
            80,
            62
        ],
        [
            93,
            87
        ],
        [
            76,
            59
        ],
        [
            51,
            39
        ],
        [
            67,
            60
        ],
        [
            82,
            66
        ]
    ],
    "wins": 8
}