{
    "CompRank": 62,
    "CompositeDef": 93.15617842286878,
    "CompositeOff": 107.80032357967727,
    "CompositePace": 70.06355830599406,
    "CompositeRating": 14.64414515680849,
    "HA": [
        "A",
        "A",
        "H",
        "A",
        "N",
        "N",
        "N",
        "H",
        "A",
        "A",
        "A",
        "A",
        "A",
        "H"
    ],
    "OAst": 178.0,
    "OAvgCompRat": 1.6408122377152021,
    "OBlk": 35.0,
    "ODR": 316.0,
    "OFGA": 867.0,
    "OFGA3": 334.0,
    "OFGM": 343.0,
    "OFGM3": 108.0,
    "OFTA": 169.0,
    "OFTM": 120.0,
    "OOR": 121.0,
    "OPF": 241.0,
    "OScore": 914.0,
    "OStl": 103.0,
    "OTO": 168.0,
    "Oastr": 0.13826746209296545,
    "Ocomprank": 95,
    "Ocorrdastr": 0.14288273923730352,
    "Ocorrdeff": 103.99674832332889,
    "Ocorrdeffrank": 124,
    "Ocorrdefgp": 0.5031169130415524,
    "Ocorrdftr": 0.34639026726643296,
    "Ocorrdorbp": 0.27202089854420863,
    "Ocorrdtovr": 0.14509633463860008,
    "Ocorroastr": 0.14253669448299316,
    "Ocorroeff": 106.27705117991839,
    "Ocorroeffrank": 129,
    "Ocorroefgp": 0.5026183609318399,
    "Ocorroftr": 0.3152721639537677,
    "Ocorroorbp": 0.3094389416763487,
    "Ocorrotovr": 0.1523354783632786,
    "Oeff": 92.47642559391315,
    "Oefgp": 0.45790080738177624,
    "Oftr": 0.19492502883506344,
    "Oneteff": 2.2803028565895005,
    "Oneteffrank": 116,
    "Oorbp": 0.23180076628352492,
    "Oposs": 988.36,
    "Otovr": 0.15143866733972738,
    "SoR": 62.07765692315057,
    "SoRrank": 43,
    "TAst": 211.0,
    "TBlk": 47.0,
    "TDR": 401.0,
    "TFGA": 800.0,
    "TFGA3": 251.0,
    "TFGM": 364.0,
    "TFGM3": 81.0,
    "TFTA": 287.0,
    "TFTM": 237.0,
    "TOR": 124.0,
    "TPF": 205.0,
    "TScore": 1046.0,
    "TStl": 89.0,
    "TTO": 180.0,
    "Tastr": 0.16017854973885584,
    "Tcorrdastr": 0.14128198795002564,
    "Tcorrdastrrank": 144,
    "Tcorrdeff": 91.57117829100443,
    "Tcorrdeffrank": 19,
    "Tcorrdefgp": 0.4614087816295118,
    "Tcorrdefgprank": 53,
    "Tcorrdftr": 0.2071576624022493,
    "Tcorrdftrrank": 4,
    "Tcorrdorbp": 0.21457732882543443,
    "Tcorrdorbprank": 5,
    "Tcorrdtovr": 0.15013777040761467,
    "Tcorrdtovrrank": 173,
    "Tcorroastr": 0.16328901460870074,
    "Tcorroastrrank": 81,
    "Tcorroeff": 107.78155133799984,
    "Tcorroeffrank": 133,
    "Tcorroefgp": 0.5092779847084316,
    "Tcorroefgprank": 162,
    "Tcorroftr": 0.3480688097488466,
    "Tcorroftrrank": 143,
    "Tcorroorbp": 0.2975088914982281,
    "Tcorroorbprank": 153,
    "Tcorrotovr": 0.1693129358608798,
    "Tcorrotovrrank": 306,
    "Teff": 106.48694873152259,
    "Tefgp": 0.505625,
    "Tftr": 0.35875,
    "Tneteff": 16.210373046995414,
    "Tneteffrank": 58,
    "Torbp": 0.2818181818181818,
    "Tposs": 982.28,
    "Ttovr": 0.16270745200130166,
    "closses": 0,
    "confplace": 1,
    "cwins": 3,
    "dates": [
        [
            11,
            8
        ],
        [
            11,
            10
        ],
        [
            11,
            16
        ],
        [
            11,
            22
        ],
        [
            11,
            28
        ],
        [
            11,
            29
        ],
        [
            11,
            30
        ],
        [
            12,
            5
        ],
        [
            12,
            14
        ],
        [
            12,
            19
        ],
        [
            12,
            21
        ],
        [
            12,
            30
        ],
        [
            1,
            2
        ],
        [
            1,
            4
        ]
    ],
    "geff": [
        [
            97.8067575577949,
            75.39917208752217
        ],
        [
            112.2334455667789,
            87.31082654249127
        ],
        [
            117.37089201877934,
            92.92565947242207
        ],
        [
            122.56193990511335,
            114.77572559366754
        ],
        [
            98.75259875259876,
            77.91864764923402
        ],
        [
            82.68482490272373,
            61.63084702907712
        ],
        [
            106.07979734008867,
            89.76660682226212
        ],
        [
            125.00000000000001,
            89.96728462377317
        ],
        [
            78.25839499146272,
            95.06242905788876
        ],
        [
            117.2870984191739,
            109.7752221641401
        ],
        [
            89.64143426294821,
            119.1286589516678
        ],
        [
            107.31559854897219,
            93.91771019677996
        ],
        [
            109.32619366354307,
            99.06500445235974
        ],
        [
            120.32085561497327,
            84.31952662721895
        ]
    ],
    "losses": 2,
    "nOT": [
        0,
        0,
        0,
        0,
        0,
        0,
        0,
        0,
        0,
        0,
        0,
        0,
        1,
        0
    ],
    "pace": 70.27316898305587,
    "poss": [
        [
            67.48,
            67.64
        ],
        [
            71.28,
            68.72
        ],
        [
            68.16,
            66.72
        ],
        [
            75.88,
            75.8
        ],
        [
            76.96,
            75.72
        ],
        [
            61.68,
            63.28
        ],
        [
            63.16,
            66.84
        ],
        [
            65.6,
            73.36
        ],
        [
            70.28,
            70.48
        ],
        [
            78.44,
            76.52
        ],
        [
            60.24,
            58.76
        ],
        [
            66.16,
            67.08
        ],
        [
            89.64,
            89.84
        ],
        [
            67.32,
            67.6
        ]
    ],
    "preseason_pace": 68.9364336776233,
    "preseason_pred": 6.222178998327363,
    "preseason_predd": 101.67908722521203,
    "preseason_predo": 107.9012662235394,
    "schedule": [
        "loyola-marymount",
        "northern-iowa",
        "pepperdine",
        "weber-state",
        "kennesaw-state",
        "kent-state",
        "towson",
        "cal-state-bakersfield",
        "oregon-state",
        "belmont",
        "duquesne",
        "california-baptist",
        "cal-poly",
        "california-riverside"
    ],
    "scores": [
        [
            66,
            51
        ],
        [
            80,
            60
        ],
        [
            80,
            62
        ],
        [
            93,
            87
        ],
        [
            76,
            59
        ],
        [
            51,
            39
        ],
        [
            67,
            60
        ],
        [
            82,
            66
        ],
        [
            55,
            67
        ],
        [
            92,
            84
        ],
        [
            54,
            70
        ],
        [
            71,
            63
        ],
        [
            98,
            89
        ],
        [
            81,
            57
        ]
    ],
    "wins": 12
}