{
    "CompRank": 273,
    "CompositeDef": 104.86358251922383,
    "CompositeOff": 95.81490305702722,
    "CompositePace": 72.50958280162686,
    "CompositeRating": -9.048679462196612,
    "HA": [
        "H",
        "A",
        "A",
        "A",
        "A",
        "H",
        "A",
        "A",
        "A",
        "A",
        "A",
        "H",
        "H",
        "A",
        "H",
        "A",
        "A"
    ],
    "OAst": 210.0,
    "OAvgCompRat": -1.9134011431605138,
    "OBlk": 52.0,
    "ODR": 470.0,
    "OFGA": 997.0,
    "OFGA3": 372.0,
    "OFGM": 460.0,
    "OFGM3": 137.0,
    "OFTA": 331.0,
    "OFTM": 231.0,
    "OOR": 125.0,
    "OPF": 253.0,
    "OScore": 1288.0,
    "OStl": 120.0,
    "OTO": 215.0,
    "Oastr": 0.13395932739659616,
    "Ocomprank": 249,
    "Ocorrdastr": 0.1449845928148076,
    "Ocorrdeff": 106.50583719088134,
    "Ocorrdeffrank": 307,
    "Ocorrdefgp": 0.5212400725637969,
    "Ocorrdftr": 0.3302328103107055,
    "Ocorrdorbp": 0.2850379508339296,
    "Ocorrdtovr": 0.1442667882081273,
    "Ocorroastr": 0.14375006365999243,
    "Ocorroeff": 104.03310443774099,
    "Ocorroeffrank": 208,
    "Ocorroefgp": 0.5042931323934482,
    "Ocorroftr": 0.30290816216838523,
    "Ocorroorbp": 0.26101324433798867,
    "Ocorrotovr": 0.154008510464839,
    "Oeff": 104.49117341640705,
    "Oefgp": 0.5300902708124373,
    "Oftr": 0.3319959879638917,
    "Oneteff": -2.472732753140349,
    "Oneteffrank": 262,
    "Oorbp": 0.22893772893772893,
    "Oposs": 1232.64,
    "Otovr": 0.15836304174891722,
    "SoR": 0.0,
    "SoRrank": 177,
    "TAst": 215.0,
    "TBlk": 32.0,
    "TDR": 421.0,
    "TFGA": 1000.0,
    "TFGA3": 366.0,
    "TFGM": 431.0,
    "TFGM3": 110.0,
    "TFTA": 330.0,
    "TFTM": 238.0,
    "TOR": 111.0,
    "TPF": 281.0,
    "TScore": 1210.0,
    "TStl": 119.0,
    "TTO": 205.0,
    "Tastr": 0.13736263736263735,
    "Tcorrdastr": 0.13237480997132733,
    "Tcorrdastrrank": 108,
    "Tcorrdeff": 104.89925082413606,
    "Tcorrdeffrank": 184,
    "Tcorrdefgp": 0.5293371539683941,
    "Tcorrdefgprank": 275,
    "Tcorrdftr": 0.3633579267488899,
    "Tcorrdftrrank": 262,
    "Tcorrdorbp": 0.2432340972731361,
    "Tcorrdorbprank": 60,
    "Tcorrdtovr": 0.15341331545525905,
    "Tcorrdtovrrank": 135,
    "Tcorroastr": 0.1346929461410855,
    "Tcorroastrrank": 210,
    "Tcorroeff": 95.74577072654343,
    "Tcorroeffrank": 316,
    "Tcorroefgp": 0.4696997544828009,
    "Tcorroefgprank": 285,
    "Tcorroftr": 0.3322992008434364,
    "Tcorroftrrank": 175,
    "Tcorroorbp": 0.1863502547296431,
    "Tcorroorbprank": 355,
    "Tcorrotovr": 0.15701871974246284,
    "Tcorrotovrrank": 241,
    "Teff": 97.64364105874758,
    "Tefgp": 0.486,
    "Tftr": 0.33,
    "Tneteff": -9.153480097592634,
    "Tneteffrank": 276,
    "Torbp": 0.19104991394148021,
    "Tposs": 1239.2,
    "Ttovr": 0.15182935861353872,
    "closses": 5,
    "confplace": 6,
    "cwins": 3,
    "dates": [
        [
            11,
            6
        ],
        [
            11,
            10
        ],
        [
            11,
            12
        ],
        [
            11,
            21
        ],
        [
            11,
            24
        ],
        [
            11,
            29
        ],
        [
            12,
            2
        ],
        [
            12,
            21
        ],
        [
            12,
            30
        ],
        [
            1,
            3
        ],
        [
            1,
            6
        ],
        [
            1,
            10
        ],
        [
            1,
            13
        ],
        [
            1,
            17
        ],
        [
            1,
            20
        ],
        [
            1,
            22
        ],
        [
            1,
            27
        ]
    ],
    "geff": [
        [
            97.45127436281858,
            106.81586978636825
        ],
        [
            85.12310110005238,
            93.34006054490413
        ],
        [
            88.58780614903596,
            121.09795479009689
        ],
        [
            107.86455488803934,
            119.82570806100219
        ],
        [
            94.61856889414547,
            108.75627440044619
        ],
        [
            81.46367521367522,
            83.51293103448276
        ],
        [
            106.04583130180399,
            119.9791340636411
        ],
        [
            95.35655058043118,
            121.77650429799428
        ],
        [
            90.02770083102493,
            79.75797579757976
        ],
        [
            95.26558891454965,
            108.44418739155581
        ],
        [
            123.52610892756879,
            110.27278003482299
        ],
        [
            102.88065843621399,
            114.66666666666667
        ],
        [
            88.47184986595175,
            94.78021978021978
        ],
        [
            102.13143872113676,
            106.35110844817255
        ],
        [
            106.38297872340426,
            98.60788863109049
        ],
        [
            85.63701923076923,
            88.44339622641509
        ],
        [
            110.04514672686231,
            99.50248756218906
        ]
    ],
    "losses": 13,
    "nOT": [
        0,
        0,
        0,
        0,
        0,
        0,
        0,
        0,
        0,
        0,
        0,
        0,
        1,
        0,
        0,
        0,
        0
    ],
    "pace": 72.7921351883676,
    "poss": [
        [
            80.04,
            78.64
        ],
        [
            76.36,
            79.28
        ],
        [
            76.76,
            74.32
        ],
        [
            73.24,
            73.44
        ],
        [
            67.64,
            71.72
        ],
        [
            74.88,
            74.24
        ],
        [
            82.04,
            76.68
        ],
        [
            72.36,
            69.8
        ],
        [
            72.2,
            72.72
        ],
        [
            69.28,
            69.16
        ],
        [
            71.24,
            68.92
        ],
        [
            77.76,
            75.0
        ],
        [
            74.6,
            72.8
        ],
        [
            67.56,
            66.76
        ],
        [
            65.8,
            68.96
        ],
        [
            66.56,
            67.84
        ],
        [
            70.88,
            72.36
        ]
    ],
    "preseason_pace": 69.72691271287516,
    "preseason_pred": -8.01656787127144,
    "preseason_predd": 104.5123091630133,
    "preseason_predo": 96.49574129174185,
    "schedule": [
        "cornell",
        "penn-state",
        "north-carolina",
        "monmouth",
        "providence",
        "saint-francis-pa",
        "maryland-baltimore-county",
        "boston-college",
        "marist",
        "american",
        "loyola-md",
        "bucknell",
        "holy-cross",
        "navy",
        "american",
        "colgate",
        "holy-cross"
    ],
    "scores": [
        [
            78,
            84
        ],
        [
            65,
            74
        ],
        [
            68,
            90
        ],
        [
            79,
            88
        ],
        [
            64,
            78
        ],
        [
            61,
            62
        ],
        [
            87,
            92
        ],
        [
            69,
            85
        ],
        [
            65,
            58
        ],
        [
            66,
            75
        ],
        [
            88,
            76
        ],
        [
            80,
            86
        ],
        [
            66,
            69
        ],
        [
            69,
            71
        ],
        [
            70,
            68
        ],
        [
            57,
            60
        ],
        [
            78,
            72
        ]
    ],
    "wins": 4
}