{
    "CompRank": 60,
    "CompositeDef": 89.74649472104713,
    "CompositeOff": 103.4222119627029,
    "CompositePace": 70.02155227411771,
    "CompositeRating": 13.675717241655782,
    "HA": [
        "H",
        "H",
        "H",
        "H",
        "N",
        "N",
        "H",
        "H",
        "N",
        "H"
    ],
    "OAst": 112.0,
    "OAvgCompRat": -10.296264529970804,
    "OBlk": 40.0,
    "ODR": 220.0,
    "OFGA": 579.0,
    "OFGA3": 182.0,
    "OFGM": 226.0,
    "OFGM3": 50.0,
    "OFTA": 161.0,
    "OFTM": 105.0,
    "OOR": 89.0,
    "OPF": 176.0,
    "OScore": 607.0,
    "OStl": 67.0,
    "OTO": 163.0,
    "Oastr": 0.12110202845897669,
    "Ocomprank": 363,
    "Ocorrdastr": 0.15979724595236272,
    "Ocorrdeff": 109.02593493477488,
    "Ocorrdeffrank": 363,
    "Ocorrdefgp": 0.533993782172481,
    "Ocorrdftr": 0.31072704254467254,
    "Ocorrdorbp": 0.2850410681357428,
    "Ocorrdtovr": 0.1610452108236376,
    "Ocorroastr": 0.13231143529722658,
    "Ocorroeff": 94.05829328654957,
    "Ocorroeffrank": 359,
    "Ocorroefgp": 0.46614320322588415,
    "Ocorroftr": 0.2945131768072602,
    "Ocorroorbp": 0.27738072262731894,
    "Ocorrotovr": 0.15967287656383872,
    "Oeff": 83.85831122900088,
    "Oefgp": 0.43350604490500866,
    "Oftr": 0.27806563039723664,
    "Oneteff": -14.96764164822531,
    "Oneteffrank": 363,
    "Oorbp": 0.26409495548961426,
    "Oposs": 723.84,
    "Otovr": 0.20053146990797696,
    "SoR": 50.38400990288915,
    "SoRrank": 56,
    "TAst": 166.0,
    "TBlk": 50.0,
    "TDR": 248.0,
    "TFGA": 611.0,
    "TFGA3": 193.0,
    "TFGM": 276.0,
    "TFGM3": 59.0,
    "TFTA": 228.0,
    "TFTM": 159.0,
    "TOR": 121.0,
    "TPF": 151.0,
    "TScore": 770.0,
    "TStl": 81.0,
    "TTO": 115.0,
    "Tastr": 0.16728474685585296,
    "Tcorrdastr": 0.12990799700953234,
    "Tcorrdastrrank": 96,
    "Tcorrdeff": 90.05791104368178,
    "Tcorrdeffrank": 35,
    "Tcorrdefgp": 0.4658443892693927,
    "Tcorrdefgprank": 72,
    "Tcorrdftr": 0.2983043148402396,
    "Tcorrdftrrank": 155,
    "Tcorrdorbp": 0.25701296921470757,
    "Tcorrdorbprank": 146,
    "Tcorrdtovr": 0.20496793191528265,
    "Tcorrdtovrrank": 30,
    "Tcorroastr": 0.1484685384120415,
    "Tcorroastrrank": 128,
    "Tcorroeff": 101.15367935602274,
    "Tcorroeffrank": 181,
    "Tcorroefgp": 0.4691183888362456,
    "Tcorroefgprank": 285,
    "Tcorroftr": 0.3802818670799066,
    "Tcorroftrrank": 51,
    "Tcorroorbp": 0.33719617571840027,
    "Tcorroorbprank": 32,
    "Tcorrotovr": 0.14092147837624028,
    "Tcorrotovrrank": 58,
    "Teff": 109.17030567685589,
    "Tefgp": 0.5,
    "Tftr": 0.37315875613747956,
    "Tneteff": 11.095768312340951,
    "Tneteffrank": 75,
    "Torbp": 0.3548387096774194,
    "Tposs": 705.32,
    "Ttovr": 0.13917126536934843,
    "closses": 0,
    "confplace": 1,
    "cwins": 0,
    "dates": [
        [
            11,
            7
        ],
        [
            11,
            11
        ],
        [
            11,
            14
        ],
        [
            11,
            17
        ],
        [
            11,
            25
        ],
        [
            11,
            26
        ],
        [
            11,
            30
        ],
        [
            12,
            6
        ],
        [
            12,
            10
        ],
        [
            12,
            18
        ]
    ],
    "geff": [
        [
            100.38503850385038,
            96.77419354838709
        ],
        [
            106.70731707317074,
            86.9336143308746
        ],
        [
            92.81084266352387,
            96.2116656644618
        ],
        [
            119.70766129032258,
            75.07507507507508
        ],
        [
            96.53141361256544,
            81.46639511201629
        ],
        [
            116.65682220909628,
            89.67391304347827
        ],
        [
            113.56753482737736,
            89.13168487636572
        ],
        [
            102.4697845507094,
            65.25076765609008
        ],
        [
            109.55649419218584,
            98.06485355648535
        ],
        [
            132.45033112582783,
            61.114269471290505
        ]
    ],
    "losses": 1,
    "nOT": [
        0,
        0,
        0,
        0,
        0,
        0,
        0,
        0,
        0,
        0
    ],
    "pace": 71.00245823570128,
    "poss": [
        [
            72.72,
            74.4
        ],
        [
            72.16,
            75.92
        ],
        [
            67.88,
            66.52000000000001
        ],
        [
            79.36,
            79.92
        ],
        [
            61.120000000000005,
            58.92
        ],
        [
            67.72,
            73.6
        ],
        [
            66.03999999999999,
            69.56
        ],
        [
            76.12,
            78.16
        ],
        [
            75.76,
            76.48
        ],
        [
            66.44,
            70.36
        ]
    ],
    "preseason_pace": 67.33045224233837,
    "preseason_pred": 20.75376643044818,
    "preseason_predd": 88.89212895250209,
    "preseason_predo": 109.64589538295027,
    "schedule": [
        "arkansas-pine-bluff",
        "lamar",
        "northwestern-state",
        "louisiana-monroe",
        "california",
        "iowa",
        "providence",
        "jackson-state",
        "southern-methodist",
        "mississippi-valley-state"
    ],
    "scores": [
        [
            73,
            72
        ],
        [
            77,
            66
        ],
        [
            63,
            64
        ],
        [
            95,
            60
        ],
        [
            59,
            48
        ],
        [
            79,
            66
        ],
        [
            75,
            62
        ],
        [
            78,
            51
        ],
        [
            83,
            75
        ],
        [
            88,
            43
        ]
    ],
    "wins": 9
}