{
    "CompRank": 301,
    "CompositeDef": 107.68076507628385,
    "CompositeOff": 95.30678442679667,
    "CompositePace": 67.38021557688822,
    "CompositeRating": -12.373980649487173,
    "HA": [
        "A",
        "A",
        "H",
        "A",
        "H"
    ],
    "OAst": 73.0,
    "OAvgCompRat": 2.671749721046963,
    "OBlk": 17.0,
    "ODR": 109.0,
    "OFGA": 272.0,
    "OFGA3": 140.0,
    "OFGM": 116.0,
    "OFGM3": 49.0,
    "OFTA": 110.0,
    "OFTM": 80.0,
    "OOR": 53.0,
    "OPF": 90.0,
    "OScore": 361.0,
    "OStl": 38.0,
    "OTO": 62.0,
    "Oastr": 0.16029863855950813,
    "Ocomprank": 89,
    "Ocorrdastr": 0.1350585431227398,
    "Ocorrdeff": 95.65134459683946,
    "Ocorrdeffrank": 8,
    "Ocorrdefgp": 0.45994902427449774,
    "Ocorrdftr": 0.36541792867395817,
    "Ocorrdorbp": 0.2840468162197648,
    "Ocorrdtovr": 0.1682405708949614,
    "Ocorroastr": 0.13136700696832032,
    "Ocorroeff": 103.66836723254262,
    "Ocorroeffrank": 159,
    "Ocorroefgp": 0.48533400690655437,
    "Ocorroftr": 0.3420576682402583,
    "Ocorroorbp": 0.32503858150443243,
    "Ocorrotovr": 0.14330794348927853,
    "Oeff": 109.59319975713419,
    "Oefgp": 0.5165441176470589,
    "Oftr": 0.40441176470588236,
    "Oneteff": 8.017022635703157,
    "Oneteffrank": 32,
    "Oorbp": 0.33544303797468356,
    "Oposs": 329.4,
    "Otovr": 0.16213389121338914,
    "SoR": 2.0128654577882488,
    "SoRrank": 158,
    "TAst": 61.0,
    "TBlk": 16.0,
    "TDR": 105.0,
    "TFGA": 289.0,
    "TFGA3": 103.0,
    "TFGM": 109.0,
    "TFGM3": 25.0,
    "TFTA": 94.0,
    "TFTM": 56.0,
    "TOR": 70.0,
    "TPF": 96.0,
    "TScore": 299.0,
    "TStl": 36.0,
    "TTO": 66.0,
    "Tastr": 0.133374147280042,
    "Tcorrdastr": 0.17017082033913367,
    "Tcorrdastrrank": 332,
    "Tcorrdeff": 108.86021243712361,
    "Tcorrdeffrank": 280,
    "Tcorrdefgp": 0.5315358987389829,
    "Tcorrdefgprank": 279,
    "Tcorrdftr": 0.399744110120802,
    "Tcorrdftrrank": 287,
    "Tcorrdorbp": 0.28499901714084713,
    "Tcorrdorbprank": 216,
    "Tcorrdtovr": 0.1710088295350141,
    "Tcorrdtovrrank": 69,
    "Tcorroastr": 0.1378443378329031,
    "Tcorroastrrank": 179,
    "Tcorroeff": 98.6474983527843,
    "Tcorroeffrank": 240,
    "Tcorroefgp": 0.4568163591294198,
    "Tcorroefgprank": 297,
    "Tcorroftr": 0.30230031956334025,
    "Tcorroftrrank": 245,
    "Tcorroorbp": 0.3815306777365669,
    "Tcorroorbprank": 15,
    "Tcorrotovr": 0.1495637260367436,
    "Tcorrotovrrank": 177,
    "Teff": 91.61661968378478,
    "Tefgp": 0.4204152249134948,
    "Tftr": 0.32525951557093424,
    "Tneteff": -10.21271408433931,
    "Tneteffrank": 275,
    "Torbp": 0.39106145251396646,
    "Tposs": 326.36,
    "Ttovr": 0.16651528913109295,
    "closses": 0,
    "confplace": 1,
    "cwins": 0,
    "dates": [
        [
            11,
            6
        ],
        [
            11,
            11
        ],
        [
            11,
            16
        ],
        [
            11,
            26
        ],
        [
            11,
            28
        ]
    ],
    "geff": [
        [
            51.25661375661375,
            131.74404015056462
        ],
        [
            113.91625615763546,
            96.73518742442565
        ],
        [
            93.69422962522309,
            105.30871321407965
        ],
        [
            91.52215799614643,
            112.90322580645162
        ],
        [
            103.64145658263304,
            102.69953051643193
        ]
    ],
    "losses": 3,
    "nOT": [
        0,
        0,
        0,
        0,
        0
    ],
    "pace": 66.91688826610434,
    "poss": [
        [
            60.480000000000004,
            63.760000000000005
        ],
        [
            64.96000000000001,
            66.16
        ],
        [
            67.24,
            69.32
        ],
        [
            62.28,
            62.0
        ],
        [
            71.4,
            68.16
        ]
    ],
    "preseason_pace": 67.69799836892105,
    "preseason_pred": -13.856330831344419,
    "preseason_predd": 106.8718162691235,
    "preseason_predo": 93.01548543777908,
    "schedule": [
        "houston",
        "central-michigan",
        "louisiana-tech",
        "southern-methodist",
        "northwestern-state"
    ],
    "scores": [
        [
            31,
            84
        ],
        [
            74,
            64
        ],
        [
            63,
            73
        ],
        [
            57,
            70
        ],
        [
            74,
            70
        ]
    ],
    "wins": 2
}