{
    "CompRank": 353,
    "CompositeDef": 118.59938192559586,
    "CompositeOff": 94.5101209100466,
    "CompositePace": 71.27350129005183,
    "CompositeRating": -24.089261015549262,
    "HA": [
        "A",
        "A",
        "A",
        "H",
        "N",
        "A",
        "H",
        "A"
    ],
    "OAst": 152.0,
    "OAvgCompRat": -3.05935679315252,
    "OBlk": 37.0,
    "ODR": 210.0,
    "OFGA": 520.0,
    "OFGA3": 201.0,
    "OFGM": 251.0,
    "OFGM3": 74.0,
    "OFTA": 130.0,
    "OFTM": 91.0,
    "OOR": 97.0,
    "OPF": 128.0,
    "OScore": 667.0,
    "OStl": 57.0,
    "OTO": 86.0,
    "Oastr": 0.18645731108930322,
    "Ocomprank": 262,
    "Ocorrdastr": 0.15857163911827918,
    "Ocorrdeff": 109.20445201296393,
    "Ocorrdeffrank": 277,
    "Ocorrdefgp": 0.5320193267020921,
    "Ocorrdftr": 0.3876693488892345,
    "Ocorrdorbp": 0.31773756053332713,
    "Ocorrdtovr": 0.1550700389762073,
    "Ocorroastr": 0.13684088609918776,
    "Ocorroeff": 104.61571548342359,
    "Ocorroeffrank": 278,
    "Ocorroefgp": 0.4863930044811522,
    "Ocorroftr": 0.3142438600579084,
    "Ocorroorbp": 0.31162974800078985,
    "Ocorrotovr": 0.1503116856597183,
    "Oeff": 117.80289650300246,
    "Oefgp": 0.5538461538461539,
    "Oftr": 0.25,
    "Oneteff": -4.588736529540341,
    "Oneteffrank": 282,
    "Oorbp": 0.36742424242424243,
    "Oposs": 566.2,
    "Otovr": 0.12967430639324487,
    "SoR": 0.0,
    "SoRrank": 210,
    "TAst": 99.0,
    "TBlk": 20.0,
    "TDR": 167.0,
    "TFGA": 467.0,
    "TFGA3": 191.0,
    "TFGM": 192.0,
    "TFGM3": 58.0,
    "TFTA": 156.0,
    "TFTM": 109.0,
    "TOR": 60.0,
    "TPF": 108.0,
    "TScore": 551.0,
    "TStl": 48.0,
    "TTO": 96.0,
    "Tastr": 0.13549764589948537,
    "Tcorrdastr": 0.19919171415651968,
    "Tcorrdastrrank": 364,
    "Tcorrdeff": 120.5900842602257,
    "Tcorrdeffrank": 347,
    "Tcorrdefgp": 0.5810134927696747,
    "Tcorrdefgprank": 347,
    "Tcorrdftr": 0.28705184717798643,
    "Tcorrdftrrank": 51,
    "Tcorrdorbp": 0.3545178841447336,
    "Tcorrdorbprank": 320,
    "Tcorrdtovr": 0.13031240410187803,
    "Tcorrdtovrrank": 282,
    "Tcorroastr": 0.12504368648404096,
    "Tcorroastrrank": 293,
    "Tcorroeff": 94.59889564323312,
    "Tcorroeffrank": 332,
    "Tcorroefgp": 0.45431669736641406,
    "Tcorroefgprank": 318,
    "Tcorroftr": 0.3117957031605466,
    "Tcorroftrrank": 275,
    "Tcorroorbp": 0.21084042841538098,
    "Tcorroorbprank": 353,
    "Tcorrotovr": 0.1478829048679989,
    "Tcorrotovrrank": 172,
    "Teff": 96.3893359457001,
    "Tefgp": 0.4732334047109208,
    "Tftr": 0.3340471092077088,
    "Tneteff": -25.991188616992574,
    "Tneteffrank": 350,
    "Torbp": 0.2222222222222222,
    "Tposs": 571.64,
    "Ttovr": 0.15198530808688493,
    "closses": 0,
    "confplace": 1,
    "cwins": 0,
    "dates": [
        [
            11,
            3
        ],
        [
            11,
            7
        ],
        [
            11,
            13
        ],
        [
            11,
            17
        ],
        [
            11,
            22
        ],
        [
            11,
            23
        ],
        [
            12,
            3
        ],
        [
            12,
            7
        ]
    ],
    "geff": [
        [
            114.39732142857142,
            135.20678685047722
        ],
        [
            83.89261744966443,
            112.09593326381648
        ],
        [
            87.0433789954338,
            105.26315789473684
        ],
        [
            91.10988404196577,
            109.66129927817877
        ],
        [
            105.98834128245892,
            122.49114521841794
        ],
        [
            80.6924882629108,
            139.76945244956772
        ],
        [
            103.51317440401506,
            80.34610630407911
        ],
        [
            104.74090407938257,
            133.85387618516452
        ]
    ],
    "losses": 7,
    "nOT": [
        0,
        0,
        0,
        0,
        0,
        0,
        0,
        0
    ],
    "pace": 72.93312396261373,
    "poss": [
        [
            71.68,
            75.44
        ],
        [
            77.48,
            76.72
        ],
        [
            70.08,
            68.4
        ],
        [
            72.44,
            72.04
        ],
        [
            75.48,
            67.76
        ],
        [
            68.16,
            69.4
        ],
        [
            63.76,
            64.72
        ],
        [
            72.56,
            71.72
        ]
    ],
    "preseason_pace": 68.35948617224764,
    "preseason_pred": -20.749799657733845,
    "preseason_predd": 115.10404723653389,
    "preseason_predo": 94.35424757880004,
    "schedule": [
        "northern-illinois",
        "mississippi",
        "houston-baptist",
        "lamar",
        "morehead-state",
        "east-tennessee-state",
        "mississippi-valley-state",
        "stephen-f-austin"
    ],
    "scores": [
        [
            82,
            102
        ],
        [
            65,
            86
        ],
        [
            61,
            72
        ],
        [
            66,
            79
        ],
        [
            80,
            83
        ],
        [
            55,
            97
        ],
        [
            66,
            52
        ],
        [
            76,
            96
        ]
    ],
    "wins": 1
}