{
    "CompRank": 322,
    "CompositeDef": 107.50982357578602,
    "CompositeOff": 92.08299771863516,
    "CompositePace": 67.78595207166545,
    "CompositeRating": -15.42682585715086,
    "HA": [
        "A",
        "A",
        "H",
        "A",
        "H",
        "A",
        "A",
        "A",
        "A",
        "H"
    ],
    "OAst": 151.0,
    "OAvgCompRat": 0.5170520804280796,
    "OBlk": 41.0,
    "ODR": 240.0,
    "OFGA": 549.0,
    "OFGA3": 254.0,
    "OFGM": 237.0,
    "OFGM3": 86.0,
    "OFTA": 240.0,
    "OFTM": 171.0,
    "OOR": 95.0,
    "OPF": 174.0,
    "OScore": 731.0,
    "OStl": 74.0,
    "OTO": 119.0,
    "Oastr": 0.16331386545533202,
    "Ocomprank": 144,
    "Ocorrdastr": 0.14856261030504347,
    "Ocorrdeff": 100.9042976815,
    "Ocorrdeffrank": 64,
    "Ocorrdefgp": 0.498862732511285,
    "Ocorrdftr": 0.3434841859379383,
    "Ocorrdorbp": 0.2851179083295524,
    "Ocorrdtovr": 0.162213255855744,
    "Ocorroastr": 0.1351432121060128,
    "Ocorroeff": 103.4145464987183,
    "Ocorroeffrank": 183,
    "Ocorroefgp": 0.4829290784908295,
    "Ocorroftr": 0.31789497345110523,
    "Ocorroorbp": 0.30389410708745546,
    "Ocorrotovr": 0.1457138250353747,
    "Oeff": 107.72178013557324,
    "Oefgp": 0.5100182149362478,
    "Oftr": 0.4371584699453552,
    "Oneteff": 2.5102488172182973,
    "Oneteffrank": 105,
    "Oorbp": 0.2996845425867508,
    "Oposs": 678.6,
    "Otovr": 0.15382626680455014,
    "SoR": 0.0,
    "SoRrank": 207,
    "TAst": 127.0,
    "TBlk": 27.0,
    "TDR": 222.0,
    "TFGA": 582.0,
    "TFGA3": 189.0,
    "TFGM": 221.0,
    "TFGM3": 48.0,
    "TFTA": 195.0,
    "TFTM": 121.0,
    "TOR": 118.0,
    "TPF": 197.0,
    "TScore": 611.0,
    "TStl": 64.0,
    "TTO": 133.0,
    "Tastr": 0.13688294891140332,
    "Tcorrdastr": 0.17063396571592737,
    "Tcorrdastrrank": 339,
    "Tcorrdeff": 107.74237723906451,
    "Tcorrdeffrank": 262,
    "Tcorrdefgp": 0.5286322616178976,
    "Tcorrdefgprank": 276,
    "Tcorrdftr": 0.4566086939944336,
    "Tcorrdftrrank": 345,
    "Tcorrdorbp": 0.2727726871946798,
    "Tcorrdorbprank": 170,
    "Tcorrdtovr": 0.15852171420675432,
    "Tcorrdtovrrank": 120,
    "Tcorroastr": 0.13025105796302697,
    "Tcorroastrrank": 231,
    "Tcorroeff": 91.7431059450072,
    "Tcorroeffrank": 335,
    "Tcorroefgp": 0.4226024611990672,
    "Tcorroefgprank": 355,
    "Tcorroftr": 0.3251577457184926,
    "Tcorroftrrank": 195,
    "Tcorroorbp": 0.3206257993658955,
    "Tcorroorbprank": 63,
    "Tcorrotovr": 0.15369978082737082,
    "Tcorrotovrrank": 213,
    "Teff": 89.48447568834213,
    "Tefgp": 0.4209621993127148,
    "Tftr": 0.33505154639175255,
    "Tneteff": -15.999271294057309,
    "Tneteffrank": 322,
    "Torbp": 0.329608938547486,
    "Tposs": 682.8,
    "Ttovr": 0.1660839160839161,
    "closses": 2,
    "confplace": 11,
    "cwins": 0,
    "dates": [
        [
            11,
            6
        ],
        [
            11,
            11
        ],
        [
            11,
            16
        ],
        [
            11,
            26
        ],
        [
            11,
            28
        ],
        [
            12,
            12
        ],
        [
            12,
            14
        ],
        [
            12,
            18
        ],
        [
            12,
            30
        ],
        [
            1,
            3
        ]
    ],
    "geff": [
        [
            51.25661375661375,
            131.74404015056462
        ],
        [
            113.91625615763546,
            96.73518742442565
        ],
        [
            93.69422962522309,
            105.30871321407965
        ],
        [
            91.52215799614643,
            112.90322580645162
        ],
        [
            103.64145658263304,
            102.69953051643193
        ],
        [
            93.54254677127338,
            91.94395796847637
        ],
        [
            104.10724472333142,
            131.50759219088937
        ],
        [
            83.46173600410889,
            106.35280771412366
        ],
        [
            80.034924330617,
            103.01353013530134
        ],
        [
            77.61437908496733,
            95.2914798206278
        ]
    ],
    "losses": 8,
    "nOT": [
        0,
        0,
        0,
        0,
        0,
        0,
        0,
        0,
        0,
        0
    ],
    "pace": 67.81801119631578,
    "poss": [
        [
            60.480000000000004,
            63.760000000000005
        ],
        [
            64.96000000000001,
            66.16
        ],
        [
            67.24,
            69.32
        ],
        [
            62.28,
            62.0
        ],
        [
            71.4,
            68.16
        ],
        [
            66.28,
            68.52
        ],
        [
            70.12,
            73.76
        ],
        [
            77.88,
            70.52
        ],
        [
            68.72,
            65.04
        ],
        [
            73.44,
            71.36
        ]
    ],
    "preseason_pace": 67.69799836892105,
    "preseason_pred": -13.856330831344419,
    "preseason_predd": 106.8718162691235,
    "preseason_predo": 93.01548543777908,
    "schedule": [
        "houston",
        "central-michigan",
        "louisiana-tech",
        "southern-methodist",
        "northwestern-state",
        "sam-houston-state",
        "lamar",
        "jacksonville",
        "appalachian-state",
        "marshall"
    ],
    "scores": [
        [
            31,
            84
        ],
        [
            74,
            64
        ],
        [
            63,
            73
        ],
        [
            57,
            70
        ],
        [
            74,
            70
        ],
        [
            62,
            63
        ],
        [
            73,
            97
        ],
        [
            65,
            75
        ],
        [
            55,
            67
        ],
        [
            57,
            68
        ]
    ],
    "wins": 2
}