{
    "CompRank": 287,
    "CompositeDef": 110.2362501952531,
    "CompositeOff": 99.20539460105091,
    "CompositePace": 67.66100110224406,
    "CompositeRating": -11.030855594202192,
    "HA": [
        "A",
        "A",
        "A",
        "A",
        "A",
        "A",
        "A",
        "H",
        "H",
        "A",
        "A",
        "H",
        "A",
        "H",
        "A",
        "H",
        "A",
        "A",
        "H",
        "A",
        "H",
        "A",
        "H"
    ],
    "OAst": 280.0,
    "OAvgCompRat": -0.30252478990746734,
    "OBlk": 76.0,
    "ODR": 611.0,
    "OFGA": 1251.0,
    "OFGA3": 453.0,
    "OFGM": 588.0,
    "OFGM3": 159.0,
    "OFTA": 566.0,
    "OFTM": 400.0,
    "OOR": 232.0,
    "OPF": 367.0,
    "OScore": 1735.0,
    "OStl": 135.0,
    "OTO": 292.0,
    "Oastr": 0.13513252639910428,
    "Ocomprank": 160,
    "Ocorrdastr": 0.14170832765889987,
    "Ocorrdeff": 105.83433118372736,
    "Ocorrdeffrank": 205,
    "Ocorrdefgp": 0.506831945527949,
    "Ocorrdftr": 0.3430098255737259,
    "Ocorrdorbp": 0.28047710042218205,
    "Ocorrdtovr": 0.13979440971299448,
    "Ocorroastr": 0.13324469294612615,
    "Ocorroeff": 105.75890899841174,
    "Ocorroeffrank": 127,
    "Ocorroefgp": 0.4969590411324673,
    "Ocorroftr": 0.3570522932658161,
    "Ocorroorbp": 0.287772220421362,
    "Ocorrotovr": 0.14708875670762533,
    "Oeff": 111.21509704879362,
    "Oefgp": 0.5335731414868106,
    "Oftr": 0.4524380495603517,
    "Oneteff": -0.07542218531561673,
    "Oneteffrank": 155,
    "Oorbp": 0.32907801418439714,
    "Oposs": 1560.04,
    "Otovr": 0.16294279145554788,
    "SoR": 0.0,
    "SoRrank": 148,
    "TAst": 269.0,
    "TBlk": 73.0,
    "TDR": 473.0,
    "TFGA": 1343.0,
    "TFGA3": 534.0,
    "TFGM": 577.0,
    "TFGM3": 174.0,
    "TFTA": 389.0,
    "TFTM": 253.0,
    "TOR": 185.0,
    "TPF": 384.0,
    "TScore": 1581.0,
    "TStl": 155.0,
    "TTO": 251.0,
    "Tastr": 0.13224131828371416,
    "Tcorrdastr": 0.1443562384884772,
    "Tcorrdastrrank": 196,
    "Tcorrdeff": 110.36836277020453,
    "Tcorrdeffrank": 284,
    "Tcorrdefgp": 0.5417266543192869,
    "Tcorrdefgprank": 313,
    "Tcorrdftr": 0.4198817867832033,
    "Tcorrdftrrank": 333,
    "Tcorrdorbp": 0.3189376804610228,
    "Tcorrdorbprank": 317,
    "Tcorrdtovr": 0.16443621628354319,
    "Tcorrdtovrrank": 69,
    "Tcorroastr": 0.1329337729022544,
    "Tcorroastrrank": 230,
    "Tcorroeff": 99.21831218739175,
    "Tcorroeffrank": 272,
    "Tcorroefgp": 0.49232300142029983,
    "Tcorroefgprank": 224,
    "Tcorroftr": 0.28066566337723325,
    "Tcorroftrrank": 305,
    "Tcorroorbp": 0.23166407116070717,
    "Tcorroorbprank": 315,
    "Tcorrotovr": 0.15099552703351848,
    "Tcorrotovrrank": 201,
    "Teff": 100.05315917375455,
    "Tefgp": 0.49441548771407295,
    "Tftr": 0.2896500372300819,
    "Tneteff": -11.150050582812781,
    "Tneteffrank": 288,
    "Torbp": 0.23241206030150754,
    "Tposs": 1580.16,
    "Ttovr": 0.14219674137188695,
    "closses": 9,
    "confplace": 7,
    "cwins": 4,
    "dates": [
        [
            11,
            6
        ],
        [
            11,
            10
        ],
        [
            11,
            15
        ],
        [
            11,
            18
        ],
        [
            11,
            21
        ],
        [
            11,
            29
        ],
        [
            12,
            2
        ],
        [
            12,
            9
        ],
        [
            12,
            16
        ],
        [
            12,
            21
        ],
        [
            1,
            3
        ],
        [
            1,
            6
        ],
        [
            1,
            13
        ],
        [
            1,
            17
        ],
        [
            1,
            20
        ],
        [
            1,
            24
        ],
        [
            1,
            27
        ],
        [
            1,
            31
        ],
        [
            2,
            3
        ],
        [
            2,
            7
        ],
        [
            2,
            10
        ],
        [
            2,
            14
        ],
        [
            2,
            17
        ]
    ],
    "geff": [
        [
            74.48004496908376,
            118.2237600922722
        ],
        [
            108.5547634478289,
            116.42542479546884
        ],
        [
            116.31165919282512,
            119.75162625665287
        ],
        [
            75.8877434135166,
            93.89013452914799
        ],
        [
            90.51186017478153,
            119.19898283534647
        ],
        [
            89.97429305912597,
            99.11894273127753
        ],
        [
            117.27373068432671,
            114.3335192414947
        ],
        [
            94.45534838076546,
            108.92116182572613
        ],
        [
            78.40236686390533,
            107.6260762607626
        ],
        [
            103.00279329608938,
            105.4421768707483
        ],
        [
            94.04828747894442,
            130.92613009922823
        ],
        [
            108.40108401084011,
            116.67615253272623
        ],
        [
            113.71020142949968,
            128.76254180602007
        ],
        [
            118.27608554763448,
            113.12938177182919
        ],
        [
            96.94850603941512,
            105.4713249835201
        ],
        [
            105.87863463969659,
            117.39915713425647
        ],
        [
            98.42519685039369,
            110.09982384028184
        ],
        [
            109.93975903614457,
            125.86532410320956
        ],
        [
            115.04424778761063,
            100.58309037900875
        ],
        [
            100.40745052386497,
            89.03728436282694
        ],
        [
            90.49773755656109,
            110.37844036697247
        ],
        [
            112.97950604308986,
            105.1948051948052
        ],
        [
            92.96338672768879,
            106.66277030976038
        ]
    ],
    "losses": 17,
    "nOT": [
        0,
        0,
        0,
        0,
        0,
        1,
        0,
        0,
        0,
        0,
        0,
        1,
        0,
        0,
        0,
        0,
        0,
        0,
        0,
        0,
        0,
        1,
        0
    ],
    "pace": 67.64606108872788,
    "poss": [
        [
            71.16,
            69.36
        ],
        [
            61.72,
            63.56
        ],
        [
            71.36,
            67.64
        ],
        [
            69.84,
            71.36
        ],
        [
            64.08,
            62.92
        ],
        [
            77.8,
            72.64
        ],
        [
            72.48,
            71.72
        ],
        [
            81.52,
            77.12
        ],
        [
            67.6,
            65.04
        ],
        [
            57.28,
            58.8
        ],
        [
            71.24,
            72.56
        ],
        [
            73.8,
            70.28
        ],
        [
            61.56,
            59.8
        ],
        [
            61.72,
            62.76
        ],
        [
            62.92,
            60.68
        ],
        [
            63.28,
            66.44
        ],
        [
            71.12,
            68.12
        ],
        [
            66.4,
            63.56
        ],
        [
            67.8,
            68.6
        ],
        [
            68.72,
            71.88
        ],
        [
            70.72,
            69.76
        ],
        [
            76.12,
            77.0
        ],
        [
            69.92,
            68.44
        ]
    ],
    "preseason_pace": 68.35004697562113,
    "preseason_pred": -5.533483390324603,
    "preseason_predd": 104.14310814468082,
    "preseason_predo": 98.60962475435623,