{
    "CompRank": 178,
    "CompositeDef": 103.10354513454419,
    "CompositeOff": 102.26699298086567,
    "CompositePace": 67.10160339067295,
    "CompositeRating": -0.8365521536785367,
    "HA": [
        "A",
        "A",
        "A",
        "A",
        "A",
        "A",
        "A",
        "H",
        "H",
        "A",
        "A",
        "A",
        "A",
        "H",
        "H",
        "A",
        "H",
        "H",
        "H",
        "A",
        "A",
        "H"
    ],
    "OAst": 259.0,
    "OAvgCompRat": 0.48421444172034583,
    "OBlk": 103.0,
    "ODR": 536.0,
    "OFGA": 1144.0,
    "OFGA3": 401.0,
    "OFGM": 513.0,
    "OFGM3": 127.0,
    "OFTA": 544.0,
    "OFTM": 392.0,
    "OOR": 198.0,
    "OPF": 310.0,
    "OScore": 1545.0,
    "OStl": 153.0,
    "OTO": 300.0,
    "Oastr": 0.13334294363557733,
    "Ocomprank": 141,
    "Ocorrdastr": 0.15594934278055567,
    "Ocorrdeff": 108.33144112339286,
    "Ocorrdeffrank": 144,
    "Ocorrdefgp": 0.5254849995345495,
    "Ocorrdftr": 0.3930385150176582,
    "Ocorrdorbp": 0.31127851308324633,
    "Ocorrdtovr": 0.15820141275637417,
    "Ocorroastr": 0.1485859817943645,
    "Ocorroeff": 110.11217804914914,
    "Ocorroeffrank": 126,
    "Ocorroefgp": 0.5078171025556399,
    "Ocorroftr": 0.3241140393366621,
    "Ocorroorbp": 0.30620075647054357,
    "Ocorrotovr": 0.14190952554730238,
    "Oeff": 104.01518823719502,
    "Oefgp": 0.5039335664335665,
    "Oftr": 0.4755244755244755,
    "Oneteff": 1.7807369257562726,
    "Oneteffrank": 130,
    "Oorbp": 0.2836676217765043,
    "Oposs": 1485.3600000000001,
    "Otovr": 0.17821499857428,
    "SoR": 0.0,
    "SoRrank": 108,
    "TAst": 261.0,
    "TBlk": 59.0,
    "TDR": 500.0,
    "TFGA": 1200.0,
    "TFGA3": 359.0,
    "TFGM": 512.0,
    "TFGM3": 118.0,
    "TFTA": 543.0,
    "TFTM": 363.0,
    "TOR": 233.0,
    "TPF": 357.0,
    "TScore": 1505.0,
    "TStl": 165.0,
    "TTO": 273.0,
    "Tastr": 0.13229122316160816,
    "Tcorrdastr": 0.13271688395234235,
    "Tcorrdastrrank": 70,
    "Tcorrdeff": 103.0166223857266,
    "Tcorrdeffrank": 76,
    "Tcorrdefgp": 0.510320071730301,
    "Tcorrdefgprank": 164,
    "Tcorrdftr": 0.5210988588222041,
    "Tcorrdftrrank": 363,
    "Tcorrdorbp": 0.2811378785235103,
    "Tcorrdorbprank": 92,
    "Tcorrdtovr": 0.18538298721347793,
    "Tcorrdtovrrank": 15,
    "Tcorroastr": 0.12556543730655156,
    "Tcorroastrrank": 303,
    "Tcorroeff": 102.49267349769107,
    "Tcorroeffrank": 278,
    "Tcorroefgp": 0.46602829182817795,
    "Tcorroefgprank": 325,
    "Tcorroftr": 0.4099265479314893,
    "Tcorroftrrank": 56,
    "Tcorroorbp": 0.29628224403477443,
    "Tcorroorbprank": 194,
    "Tcorrotovr": 0.14869032292879628,
    "Tcorrotovrrank": 198,
    "Teff": 101.76344900332674,
    "Tefgp": 0.47583333333333333,
    "Tftr": 0.4525,
    "Tneteff": -0.5239488880355339,
    "Tneteffrank": 171,
    "Torbp": 0.30299089726918077,
    "Tposs": 1478.92,
    "Ttovr": 0.15947006869479882,
    "closses": 7,
    "confplace": 3,
    "cwins": 10,
    "dates": [
        [
            11,
            6
        ],
        [
            11,
            8
        ],
        [
            11,
            11
        ],
        [
            11,
            16
        ],
        [
            11,
            28
        ],
        [
            12,
            6
        ],
        [
            12,
            17
        ],
        [
            12,
            29
        ],
        [
            12,
            31
        ],
        [
            1,
            3
        ],
        [
            1,
            5
        ],
        [
            1,
            10
        ],
        [
            1,
            12
        ],
        [
            1,
            17
        ],
        [
            1,
            19
        ],
        [
            1,
            24
        ],
        [
            1,
            26
        ],
        [
            1,
            31
        ],
        [
            2,
            2
        ],
        [
            2,
            7
        ],
        [
            2,
            9
        ],
        [
            2,
            14
        ]
    ],
    "geff": [
        [
            82.95194508009153,
            96.7470555243971
        ],
        [
            107.30211817168338,
            124.48740480374927
        ],
        [
            63.25632563256326,
            107.42187499999999
        ],
        [
            89.10123966942149,
            110.56191467221645
        ],
        [
            89.57219251336899,
            119.63023382272974
        ],
        [
            94.43339960238569,
            83.10719131614654
        ],
        [
            96.7741935483871,
            108.28625235404897
        ],
        [
            113.2015306122449,
            121.63892445582586
        ],
        [
            122.05882352941177,
            101.82998819362457
        ],
        [
            102.3391812865497,
            94.12890874282067
        ],
        [
            119.8224852071006,
            93.71395617070358
        ],
        [
            117.61158021712909,
            116.93309650680875
        ],
        [
            93.04453935326418,
            74.98500299940011
        ],
        [
            99.18319719953325,
            79.18552036199095
        ],
        [
            90.50546448087431,
            120.12534818941505
        ],
        [
            119.98784933171324,
            102.01149425287358
        ],
        [
            87.24619289340103,
            103.2258064516129
        ],
        [
            121.18193891102257,
            118.72909698996656
        ],
        [
            105.95823095823096,
            109.97521685254027
        ],
        [
            125.52934059286146,
            112.09439528023599
        ],
        [
            91.46341463414635,
            98.08500700607193
        ],
        [
            116.20795107033638,
            94.19856459330144
        ]
    ],
    "losses": 12,
    "nOT": [
        0,
        0,
        0,
        0,
        0,
        0,
        0,
        0,
        0,
        0,
        0,
        0,
        0,
        0,
        0,
        0,
        0,
        0,
        0,
        0,
        1,
        0
    ],
    "pace": 67.06589205347395,
    "poss": [
        [
            69.92,
            71.32
        ],
        [
            71.76,
            68.28
        ],
        [
            72.72,
            71.68
        ],
        [
            77.44,
            76.88
        ],
        [
            74.8,
            73.56
        ],
        [
            60.36,
            58.96
        ],
        [
            62.0,
            63.72
        ],
        [
            62.72,
            62.480000000000004
        ],
        [
            68.0,
            67.75999999999999
        ],
        [
            61.56,
            62.68
        ],
        [
            67.6,
            69.36
        ],
        [
            66.32,
            67.56
        ],
        [
            65.56,
            66.68
        ],
        [
            68.56,
            70.72
        ],
        [
            58.56,
            57.44
        ],
        [
            65.84,
            69.6
        ],
        [
            63.03999999999999,
            62.0
        ],
        [
            60.24,
            59.8
        ],
        [
            65.12,
            64.56
        ],
        [
            66.12,
            67.8
        ],
        [
            85.28,
            85.64
        ],
        [
            65.4,
            66.88
        ]
    ],
    "preseason_pace": 68.3049564164887,
    "preseason_pred": -11.370240194962252,
    "preseason_predd": 106.03255202720095,
    "preseason_predo": 94.6623118322387,