{
    "CompRank": 59,
    "CompositeDef": 99.71230682198909,
    "CompositeOff": 115.09086881724352,
    "CompositePace": 65.6165740384832,
    "CompositeRating": 15.37856199525443,
    "HA": [
        "N",
        "A",
        "H",
        "N",
        "N",
        "N",
        "H",
        "N",
        "A",
        "H",
        "H",
        "A",
        "A",
        "H",
        "A",
        "H",
        "H",
        "A",
        "A",
        "A",
        "H",
        "H",
        "H",
        "A",
        "A",
        "H",
        "H",
        "A",
        "A"
    ],
    "OAst": 354.0,
    "OAvgCompRat": -1.8867879166403774,
    "OBlk": 94.0,
    "ODR": 618.0,
    "OFGA": 1572.0,
    "OFGA3": 740.0,
    "OFGM": 635.0,
    "OFGM3": 240.0,
    "OFTA": 504.0,
    "OFTM": 359.0,
    "OOR": 293.0,
    "OPF": 381.0,
    "OScore": 1869.0,
    "OStl": 183.0,
    "OTO": 401.0,
    "Oastr": 0.13889106859806336,
    "Ocomprank": 190,
    "Ocorrdastr": 0.14843856399392197,
    "Ocorrdeff": 106.6474311909783,
    "Ocorrdeffrank": 151,
    "Ocorrdefgp": 0.514857186258167,
    "Ocorrdftr": 0.35242154487197014,
    "Ocorrdorbp": 0.2909430733535464,
    "Ocorrdtovr": 0.15368039219925733,
    "Ocorroastr": 0.14264281449995497,
    "Ocorroeff": 104.94657852504851,
    "Ocorroeffrank": 221,
    "Ocorroefgp": 0.5028014431731139,
    "Ocorroftr": 0.3099387958063594,
    "Ocorroorbp": 0.29727833388422836,
    "Ocorrotovr": 0.14992969568221395,
    "Oeff": 98.2773851590106,
    "Oefgp": 0.4802798982188295,
    "Oftr": 0.32061068702290074,
    "Oneteff": -1.7008526659297871,
    "Oneteffrank": 176,
    "Oorbp": 0.3029989658738366,
    "Oposs": 1901.76,
    "Otovr": 0.1827079042811059,
    "SoR": 9.885111071342967,
    "SoRrank": 62,
    "TAst": 392.0,
    "TBlk": 96.0,
    "TDR": 674.0,
    "TFGA": 1674.0,
    "TFGA3": 615.0,
    "TFGM": 781.0,
    "TFGM3": 218.0,
    "TFTA": 584.0,
    "TFTM": 409.0,
    "TOR": 334.0,
    "TPF": 509.0,
    "TScore": 2189.0,
    "TStl": 256.0,
    "TTO": 302.0,
    "Tastr": 0.14933560892356454,
    "Tcorrdastr": 0.14271241093862908,
    "Tcorrdastrrank": 144,
    "Tcorrdeff": 99.71230682198909,
    "Tcorrdeffrank": 71,
    "Tcorrdefgp": 0.48721609246493347,
    "Tcorrdefgprank": 95,
    "Tcorrdftr": 0.343442645452444,
    "Tcorrdftrrank": 212,
    "Tcorrdorbp": 0.29319501932999353,
    "Tcorrdorbprank": 206,
    "Tcorrdtovr": 0.1810627489831827,
    "Tcorrdtovrrank": 30,
    "Tcorroastr": 0.14746465204402026,
    "Tcorroastrrank": 168,
    "Tcorroeff": 115.09086881724352,
    "Tcorroeffrank": 58,
    "Tcorroefgp": 0.5268200499159438,
    "Tcorroefgprank": 117,
    "Tcorroftr": 0.3295362059995933,
    "Tcorroftrrank": 176,
    "Tcorroorbp": 0.34769161760945133,
    "Tcorroorbprank": 36,
    "Tcorrotovr": 0.1307685939008632,
    "Tcorrotovrrank": 58,
    "Teff": 115.27362345705018,
    "Tefgp": 0.5316606929510155,
    "Tftr": 0.34886499402628435,
    "Tneteff": 15.37856199525443,
    "Tneteffrank": 60,
    "Torbp": 0.35084033613445376,
    "Tposs": 1898.96,
    "Ttovr": 0.13524648896531957,
    "closses": 1,
    "confplace": 1,
    "cwins": 19,
    "dates": [
        [
            11,
            4
        ],
        [
            11,
            11
        ],
        [
            11,
            18
        ],
        [
            11,
            22
        ],
        [
            11,
            24
        ],
        [
            11,
            25
        ],
        [
            12,
            3
        ],
        [
            12,
            14
        ],
        [
            12,
            22
        ],
        [
            12,
            28
        ],
        [
            12,
            30
        ],
        [
            1,
            4
        ],
        [
            1,
            6
        ],
        [
            1,
            11
        ],
        [
            1,
            13
        ],
        [
            1,
            18
        ],
        [
            1,
            20
        ],
        [
            1,
            25
        ],
        [
            1,
            27
        ],
        [
            2,
            1
        ],
        [
            2,
            3
        ],
        [
            2,
            8
        ],
        [
            2,
            10
        ],
        [
            2,
            15
        ],
        [
            2,
            17
        ],
        [
            2,
            22
        ],
        [
            2,
            24
        ],
        [
            3,
            1
        ],
        [
            3,
            3
        ]
    ],
    "geff": [
        [
            98.80887926367082,
            111.04941699056079
        ],
        [
            91.63802978235968,
            111.52416356877323
        ],
        [
            109.3951093951094,
            93.67321867321867
        ],
        [
            125.74454003970881,
            111.03853690398432
        ],
        [
            122.66355140186916,
            100.17421602787456
        ],
        [
            96.79572763684914,
            103.05851063829788
        ],
        [
            105.54505356017643,
            114.97824735860783
        ],
        [
            99.2438563327032,
            102.2938623682579
        ],
        [
            102.43277848911652,
            89.39974457215837
        ],
        [
            134.9654739485248,
            95.9119496855346
        ],
        [
            118.47630473905218,
            74.95590828924163
        ],
        [
            110.61946902654867,
            81.72796263864565
        ],
        [
            143.9299123904881,
            108.35427135678393
        ],
        [
            112.42270938729624,
            99.38409854423293
        ],
        [
            109.71328262141603,
            84.5272206303725
        ],
        [
            114.81935088793632,
            103.55987055016182
        ],
        [
            121.0913549969344,
            90.65765212046712
        ],
        [
            141.08009708737865,
            93.80583680762359
        ],
        [
            106.99826489300175,
            108.76042908224076
        ],
        [
            95.74468085106383,
            108.96255371393494
        ],
        [
            115.19944979367263,
            111.53054221002058
        ],
        [
            102.7830487033523,
            80.02560819462228
        ],
        [
            118.79432624113475,
            84.88681757656458
        ],
        [
            116.48745519713263,
            97.02850212249847
        ],
        [
            134.47432762836186,
            124.39320388349515
        ],
        [
            124.82900136798905,
            98.95833333333333
        ],
        [
            126.32642748863063,
            80.60515873015873
        ],
        [
            107.7996195307546,
            103.77358490566039
        ],
        [
            134.180790960452,
            88.54454897620366
        ]
    ],
    "losses": 6,
    "nOT": [
        0,
        0,
        0,
        0,
        0,
        0,
        0,
        0,
        0,
        0,
        0,
        0,
        0,
        0,
        0,
        0,
        0,
        0,
        0,
        0,
        0,
        0,
        0,
        0,
        0,
        0,
        0,
        0,
        0
    ],
    "pace": 65.6165740384832,