{
    "CompRank": 168,
    "CompositeDef": 99.55240663646049,
    "CompositeOff": 99.4955156431558,
    "CompositePace": 71.37161610977901,
    "CompositeRating": -0.056890993304683724,
    "HA": [
        "A",
        "A",
        "A",
        "H",
        "N",
        "N",
        "N",
        "H",
        "A",
        "H",
        "A",
        "A"
    ],
    "OAst": 146.0,
    "OAvgCompRat": -4.427679294786683,
    "OBlk": 49.0,
    "ODR": 268.0,
    "OFGA": 711.0,
    "OFGA3": 297.0,
    "OFGM": 284.0,
    "OFGM3": 88.0,
    "OFTA": 211.0,
    "OFTM": 150.0,
    "OOR": 98.0,
    "OPF": 203.0,
    "OScore": 806.0,
    "OStl": 78.0,
    "OTO": 143.0,
    "Oastr": 0.13359686687895755,
    "Ocomprank": 323,
    "Ocorrdastr": 0.14081490999533142,
    "Ocorrdeff": 103.48516412144295,
    "Ocorrdeffrank": 307,
    "Ocorrdefgp": 0.5098477413473989,
    "Ocorrdftr": 0.33743619976423767,
    "Ocorrdorbp": 0.2789171705345852,
    "Ocorrdtovr": 0.15133671642168928,
    "Ocorroastr": 0.14101978252431413,
    "Ocorroeff": 98.11743158769669,
    "Ocorroeffrank": 319,
    "Ocorroefgp": 0.4898564474324764,
    "Ocorroftr": 0.2860097139874805,
    "Ocorroorbp": 0.2429274584550394,
    "Ocorrotovr": 0.1729079852813041,
    "Oeff": 94.95311248291786,
    "Oefgp": 0.4613220815752461,
    "Oftr": 0.2967651195499297,
    "Oneteff": -5.367732533746263,
    "Oneteffrank": 321,
    "Oorbp": 0.23671497584541062,
    "Oposs": 848.84,
    "Otovr": 0.15102868488868235,
    "SoR": 2.82624300356924,
    "SoRrank": 138,
    "TAst": 148.0,
    "TBlk": 29.0,
    "TDR": 316.0,
    "TFGA": 712.0,
    "TFGA3": 260.0,
    "TFGM": 307.0,
    "TFGM3": 91.0,
    "TFTA": 246.0,
    "TFTM": 150.0,
    "TOR": 136.0,
    "TPF": 207.0,
    "TScore": 855.0,
    "TStl": 82.0,
    "TTO": 158.0,
    "Tastr": 0.13141071174882796,
    "Tcorrdastr": 0.13471056884055077,
    "Tcorrdastrrank": 136,
    "Tcorrdeff": 97.74421838818925,
    "Tcorrdeffrank": 118,
    "Tcorrdefgp": 0.4716268537618969,
    "Tcorrdefgprank": 89,
    "Tcorrdftr": 0.3262131932951242,
    "Tcorrdftrrank": 220,
    "Tcorrdorbp": 0.26210283216235836,
    "Tcorrdorbprank": 158,
    "Tcorrdtovr": 0.14191110185659944,
    "Tcorrdtovrrank": 295,
    "Tcorroastr": 0.13260939314982256,
    "Tcorroastrrank": 238,
    "Tcorroeff": 99.08636544761322,
    "Tcorroeffrank": 216,
    "Tcorroefgp": 0.48638978350369505,
    "Tcorroefgprank": 236,
    "Tcorroftr": 0.32261397402840003,
    "Tcorroftrrank": 149,
    "Tcorroorbp": 0.32587699859936037,
    "Tcorroorbprank": 46,
    "Tcorrotovr": 0.17322950774897647,
    "Tcorrotovrrank": 266,
    "Teff": 101.5150075987842,
    "Tefgp": 0.49508426966292135,
    "Tftr": 0.3455056179775281,
    "Tneteff": 1.342147059423965,
    "Tneteffrank": 155,
    "Torbp": 0.33663366336633666,
    "Tposs": 842.24,
    "Ttovr": 0.16151455675498855,
    "closses": 2,
    "confplace": 9,
    "cwins": 0,
    "dates": [
        [
            11,
            7
        ],
        [
            11,
            10
        ],
        [
            11,
            13
        ],
        [
            11,
            15
        ],
        [
            11,
            25
        ],
        [
            11,
            26
        ],
        [
            11,
            27
        ],
        [
            12,
            4
        ],
        [
            12,
            7
        ],
        [
            12,
            10
        ],
        [
            12,
            18
        ],
        [
            12,
            22
        ]
    ],
    "geff": [
        [
            91.78082191780823,
            80.77123501823866
        ],
        [
            131.91929643041905,
            126.06157112526539
        ],
        [
            100.78387458006719,
            99.65831435079727
        ],
        [
            106.69125395152793,
            92.11873080859775
        ],
        [
            82.4332006822058,
            59.685295713510584
        ],
        [
            96.84560044272274,
            74.14661443760492
        ],
        [
            94.39050701186623,
            97.93253536452667
        ],
        [
            104.16666666666666,
            108.18120351588912
        ],
        [
            108.8850174216028,
            102.24654377880185
        ],
        [
            115.08176862507572,
            99.0566037735849
        ],
        [
            87.99497171590195,
            97.04251386321626
        ],
        [
            94.97206703910615,
            106.23620309050771
        ]
    ],
    "losses": 4,
    "nOT": [
        0,
        0,
        0,
        0,
        0,
        0,
        0,
        0,
        0,
        0,
        0,
        0
    ],
    "pace": 71.7160355472728,
    "poss": [
        [
            73.0,
            76.76
        ],
        [
            77.32,
            75.36
        ],
        [
            71.44,
            70.24
        ],
        [
            75.92,
            78.16
        ],
        [
            70.36,
            73.72
        ],
        [
            72.28,
            71.48
        ],
        [
            74.16,
            73.52
        ],
        [
            57.6,
            59.16
        ],
        [
            68.88,
            69.44
        ],
        [
            66.03999999999999,
            63.6
        ],
        [
            63.64,
            64.92
        ],
        [
            71.6,
            72.48
        ]
    ],
    "preseason_pace": 70.01094672708749,
    "preseason_pred": -5.583954905319098,
    "preseason_predd": 106.69586638271721,
    "preseason_predo": 101.11191147739811,
    "schedule": [
        "rhode-island",
        "stonehill",
        "central-connecticut-state",
        "dartmouth",
        "stephen-f-austin",
        "montana-state",
        "hofstra",
        "niagara",
        "holy-cross",
        "lafayette",
        "saint-peters",
        "penn-state"
    ],
    "scores": [
        [
            67,
            62
        ],
        [
            102,
            95
        ],
        [
            72,
            70
        ],
        [
            81,
            72
        ],
        [
            58,
            44
        ],
        [
            70,
            53
        ],
        [
            70,
            72
        ],
        [
            60,
            64
        ],
        [
            75,
            71
        ],
        [
            76,
            63
        ],
        [
            56,
            63
        ],
        [
            68,
            77
        ]
    ],
    "wins": 8
}