{
    "CompRank": 151,
    "CompositeDef": 99.02324513651389,
    "CompositeOff": 100.19694541361467,
    "CompositePace": 75.87408311419549,
    "CompositeRating": 1.1737002771007832,
    "HA": [
        "H",
        "A",
        "A",
        "A",
        "H",
        "A",
        "A",
        "A",
        "A",
        "A",
        "N",
        "H",
        "A",
        "A",
        "H",
        "A",
        "A",
        "A",
        "H",
        "H",
        "A"
    ],
    "OAst": 265.0,
    "OAvgCompRat": -0.612284847167379,
    "OBlk": 73.0,
    "ODR": 632.0,
    "OFGA": 1388.0,
    "OFGA3": 482.0,
    "OFGM": 553.0,
    "OFGM3": 143.0,
    "OFTA": 500.0,
    "OFTM": 343.0,
    "OOR": 248.0,
    "OPF": 322.0,
    "OScore": 1592.0,
    "OStl": 146.0,
    "OTO": 269.0,
    "Oastr": 0.12371615312791784,
    "Ocomprank": 183,
    "Ocorrdastr": 0.14229204195192377,
    "Ocorrdeff": 103.99663504157958,
    "Ocorrdeffrank": 136,
    "Ocorrdefgp": 0.5027997424594881,
    "Ocorrdftr": 0.3149848447742077,
    "Ocorrdorbp": 0.2841977357039162,
    "Ocorrdtovr": 0.13952612268573278,
    "Ocorroastr": 0.1396904376915825,
    "Ocorroeff": 103.61889163617921,
    "Ocorroeffrank": 237,
    "Ocorroefgp": 0.49295542782358065,
    "Ocorroftr": 0.31166181741835475,
    "Ocorroorbp": 0.2813385827066488,
    "Ocorrotovr": 0.15263038110227806,
    "Oeff": 97.72866789441375,
    "Oefgp": 0.4499279538904899,
    "Oftr": 0.36023054755043227,
    "Oneteff": -0.3777434054003663,
    "Oneteffrank": 181,
    "Oorbp": 0.29594272076372313,
    "Oposs": 1629.0,
    "Otovr": 0.14331379861481086,
    "SoR": 0.24943876796997833,
    "SoRrank": 140,
    "TAst": 300.0,
    "TBlk": 131.0,
    "TDR": 590.0,
    "TFGA": 1323.0,
    "TFGA3": 515.0,
    "TFGM": 580.0,
    "TFGM3": 168.0,
    "TFTA": 401.0,
    "TFTM": 260.0,
    "TOR": 148.0,
    "TPF": 344.0,
    "TScore": 1588.0,
    "TStl": 155.0,
    "TTO": 246.0,
    "Tastr": 0.1466677096370463,
    "Tcorrdastr": 0.12594924356861795,
    "Tcorrdastrrank": 63,
    "Tcorrdeff": 98.74832506496787,
    "Tcorrdeffrank": 72,
    "Tcorrdefgp": 0.460014029384563,
    "Tcorrdefgprank": 40,
    "Tcorrdftr": 0.3829430990398637,
    "Tcorrdftrrank": 292,
    "Tcorrdorbp": 0.293090834620606,
    "Tcorrdorbprank": 233,
    "Tcorrdtovr": 0.13977783938614569,
    "Tcorrdtovrrank": 245,
    "Tcorroastr": 0.14671636582599418,
    "Tcorroastrrank": 130,
    "Tcorroeff": 100.08102253451393,
    "Tcorroeffrank": 253,
    "Tcorroefgp": 0.5032651506543863,
    "Tcorroefgprank": 184,
    "Tcorroftr": 0.3197768950696274,
    "Tcorroftrrank": 200,
    "Tcorroorbp": 0.1865032668611982,
    "Tcorroorbprank": 358,
    "Tcorrotovr": 0.15037904942316024,
    "Tcorrotovrrank": 196,
    "Teff": 99.40905448717949,
    "Tefgp": 0.5018896447467877,
    "Tftr": 0.30309901738473166,
    "Tneteff": 1.332697469546062,
    "Tneteffrank": 149,
    "Torbp": 0.18974358974358974,
    "Tposs": 1597.44,
    "Ttovr": 0.14093867448895406,
    "closses": 2,
    "confplace": 2,
    "cwins": 6,
    "dates": [
        [
            11,
            6
        ],
        [
            11,
            12
        ],
        [
            11,
            16
        ],
        [
            11,
            18
        ],
        [
            11,
            20
        ],
        [
            11,
            24
        ],
        [
            12,
            1
        ],
        [
            12,
            6
        ],
        [
            12,
            9
        ],
        [
            12,
            12
        ],
        [
            12,
            16
        ],
        [
            12,
            22
        ],
        [
            12,
            31
        ],
        [
            1,
            6
        ],
        [
            1,
            11
        ],
        [
            1,
            13
        ],
        [
            1,
            20
        ],
        [
            1,
            25
        ],
        [
            1,
            27
        ],
        [
            2,
            1
        ],
        [
            2,
            3
        ]
    ],
    "geff": [
        [
            84.5272206303725,
            84.02203856749313
        ],
        [
            81.61512027491409,
            91.71762090050026
        ],
        [
            107.86455488803934,
            125.0
        ],
        [
            86.2556561085973,
            67.70833333333334
        ],
        [
            98.47148736037626,
            84.958217270195
        ],
        [
            88.73639375295788,
            121.59533073929961
        ],
        [
            94.62424574876577,
            90.36144578313252
        ],
        [
            89.57219251336899,
            64.81952211489578
        ],
        [
            99.52229299363057,
            114.17950079660118
        ],
        [
            68.86694386694387,
            107.21493440968719
        ],
        [
            106.63006756756756,
            99.02044293015332
        ],
        [
            136.77012098895318,
            107.17846460618146
        ],
        [
            98.13789632611977,
            121.29724208375895
        ],
        [
            109.2233009708738,
            87.83429470372312
        ],
        [
            98.21428571428571,
            87.60792280345352
        ],
        [
            117.53829899630217,
            95.90461378952826
        ],
        [
            115.02347417840375,
            102.81885397412199
        ],
        [
            98.42519685039369,
            75.92490336830481
        ],
        [
            86.3113264688068,
            98.29812206572771
        ],
        [
            119.27710843373494,
            112.77302943969612
        ],
        [
            93.07135470527405,
            105.0531914893617
        ]
    ],
    "losses": 9,
    "nOT": [
        0,
        0,
        0,
        0,
        0,
        0,
        0,
        0,
        0,
        0,
        1,
        0,
        0,
        0,
        0,
        0,
        0,
        0,
        0,
        0,
        0
    ],
    "pace": 76.04371509902633,
    "poss": [
        [
            69.8,
            72.6
        ],
        [
            69.84,
            71.96000000000001
        ],
        [
            73.24,
            76.0
        ],
        [
            70.72,
            76.8
        ],
        [
            68.03999999999999,
            71.8
        ],
        [
            84.52,
            82.24
        ],
        [
            72.92,
            73.04
        ],
        [
            74.8,
            78.68
        ],
        [
            75.36,
            75.32
        ],
        [
            76.96,
            79.28
        ],
        [
            94.72,
            93.92
        ],
        [
            76.04,
            80.24
        ],
        [
            79.48,
            78.32
        ],
        [
            74.16,
            76.28
        ],
        [
            78.4,
            78.76
        ],
        [
            75.72,
            77.16
        ],
        [
            85.2,
            86.56
        ],
        [
            71.12,
            72.44
        ],
        [
            66.03999999999999,
            68.16
        ],
        [
            83.0,
            84.24
        ],
        [
            77.36,
            75.2
        ]
    ],
    "preseason_pace": 71.54422670138835,
    "preseason_pred": -2.8847030600649575,
    "preseason_predd": 106.04057996272606,
    "preseason_predo": 103.1558769026611,