{
    "CompRank": 139,
    "CompositeDef": 102.89718977239626,
    "CompositeOff": 105.23614084411506,
    "CompositePace": 74.07747438507774,
    "CompositeRating": 2.3389510717188013,
    "HA": [
        "A",
        "A",
        "A",
        "N",
        "A"
    ],
    "OAst": 81.0,
    "OAvgCompRat": 2.3670275978263904,
    "OBlk": 15.0,
    "ODR": 120.0,
    "OFGA": 295.0,
    "OFGA3": 134.0,
    "OFGM": 134.0,
    "OFGM3": 51.0,
    "OFTA": 122.0,
    "OFTM": 81.0,
    "OOR": 39.0,
    "OPF": 107.0,
    "OScore": 400.0,
    "OStl": 38.0,
    "OTO": 76.0,
    "Oastr": 0.16018035121025154,
    "Ocomprank": 97,
    "Ocorrdastr": 0.13706056418451798,
    "Ocorrdeff": 99.81172404828145,
    "Ocorrdeffrank": 163,
    "Ocorrdefgp": 0.5014256319897089,
    "Ocorrdftr": 0.2666217270071157,
    "Ocorrdorbp": 0.3024285985196606,
    "Ocorrdtovr": 0.1573128937601974,
    "Ocorroastr": 0.1360608089050195,
    "Ocorroeff": 102.60462596762348,
    "Ocorroeffrank": 114,
    "Ocorroefgp": 0.5084104457649555,
    "Ocorroftr": 0.28487896815477576,
    "Ocorroorbp": 0.26685202085687454,
    "Ocorrotovr": 0.17477289683310454,
    "Oeff": 103.71292263015971,
    "Oefgp": 0.5406779661016949,
    "Oftr": 0.4135593220338983,
    "Oneteff": 2.792901919342029,
    "Oneteffrank": 128,
    "Oorbp": 0.23493975903614459,
    "Oposs": 385.68,
    "Otovr": 0.17895827446547988,
    "SoR": 60.37724146780331,
    "SoRrank": 48,
    "TAst": 77.0,
    "TBlk": 17.0,
    "TDR": 127.0,
    "TFGA": 323.0,
    "TFGA3": 125.0,
    "TFGM": 146.0,
    "TFGM3": 47.0,
    "TFTA": 115.0,
    "TFTM": 86.0,
    "TOR": 57.0,
    "TPF": 94.0,
    "TScore": 425.0,
    "TStl": 36.0,
    "TTO": 67.0,
    "Tastr": 0.14876352395672332,
    "Tcorrdastr": 0.16554149876155072,
    "Tcorrdastrrank": 314,
    "Tcorrdeff": 101.71147860827104,
    "Tcorrdeffrank": 194,
    "Tcorrdefgp": 0.5311517710110986,
    "Tcorrdefgprank": 273,
    "Tcorrdftr": 0.46374557290423535,
    "Tcorrdftrrank": 340,
    "Tcorrdorbp": 0.23901404187498015,
    "Tcorrdorbprank": 95,
    "Tcorrdtovr": 0.1686426240600943,
    "Tcorrdtovrrank": 146,
    "Tcorroastr": 0.1525303627644269,
    "Tcorroastrrank": 104,
    "Tcorroeff": 111.7278477245037,
    "Tcorroeffrank": 35,
    "Tcorroefgp": 0.5230098042110425,
    "Tcorroefgprank": 113,
    "Tcorroftr": 0.4276516021699502,
    "Tcorroftrrank": 21,
    "Tcorroorbp": 0.28978599980663367,
    "Tcorroorbprank": 132,
    "Tcorrotovr": 0.15910429202268134,
    "Tcorrotovrrank": 157,
    "Teff": 110.79249217935349,
    "Tefgp": 0.5247678018575851,
    "Tftr": 0.3560371517027864,
    "Tneteff": 10.016369116232667,
    "Tneteffrank": 83,
    "Torbp": 0.3220338983050847,
    "Tposs": 383.6,
    "Ttovr": 0.15206536541080345,
    "closses": 0,
    "confplace": 1,
    "cwins": 0,
    "dates": [
        [
            11,
            11
        ],
        [
            11,
            17
        ],
        [
            11,
            19
        ],
        [
            11,
            21
        ],
        [
            11,
            26
        ]
    ],
    "geff": [
        [
            114.80908152734779,
            90.25270758122744
        ],
        [
            87.26415094339623,
            102.45901639344261
        ],
        [
            104.69397146801657,
            98.69948908499767
        ],
        [
            147.94685990338166,
            128.50467289719626
        ],
        [
            107.16382853787434,
            102.0408163265306
        ]
    ],
    "losses": 1,
    "nOT": [
        0,
        0,
        0,
        0,
        0
    ],
    "pace": 76.01590212396164,
    "poss": [
        [
            77.52,
            77.56
        ],
        [
            84.8,
            82.96000000000001
        ],
        [
            86.92,
            86.12
        ],
        [
            66.24,
            68.48
        ],
        [
            68.12,
            70.56
        ]
    ],
    "preseason_pace": 72.74796290436174,
    "preseason_pred": -2.926767751678911,
    "preseason_predd": 103.71043474093207,
    "preseason_predo": 100.78366698925316,
    "schedule": [
        "dartmouth",
        "florida-atlantic",
        "florida-international",
        "detroit-mercy",
        "syracuse"
    ],
    "scores": [
        [
            89,
            70
        ],
        [
            74,
            85
        ],
        [
            91,
            85
        ],
        [
            98,
            88
        ],
        [
            73,
            72
        ]
    ],
    "wins": 4
}