{
    "CompRank": 19,
    "CompositeDef": 98.79662422036728,
    "CompositeOff": 125.3113198243734,
    "CompositePace": 65.44996220213056,
    "CompositeRating": 26.514695604006103,
    "HA": [
        "H",
        "H",
        "H",
        "H",
        "N",
        "N",
        "N",
        "H",
        "H",
        "A",
        "N",
        "H",
        "A",
        "A",
        "H",
        "A",
        "A"
    ],
    "OAst": 166.0,
    "OAvgCompRat": 4.448369046951422,
    "OBlk": 42.0,
    "ODR": 326.0,
    "OFGA": 906.0,
    "OFGA3": 284.0,
    "OFGM": 381.0,
    "OFGM3": 109.0,
    "OFTA": 389.0,
    "OFTM": 286.0,
    "OOR": 132.0,
    "OPF": 229.0,
    "OScore": 1157.0,
    "OStl": 85.0,
    "OTO": 187.0,
    "Oastr": 0.11607092912681098,
    "Ocomprank": 32,
    "Ocorrdastr": 0.14404129438766114,
    "Ocorrdeff": 103.66418934261495,
    "Ocorrdeffrank": 98,
    "Ocorrdefgp": 0.4903847828327064,
    "Ocorrdftr": 0.3204935720578158,
    "Ocorrdorbp": 0.282795958658951,
    "Ocorrdtovr": 0.14964382754225125,
    "Ocorroastr": 0.15936078099175302,
    "Ocorroeff": 108.55566032529208,
    "Ocorroeffrank": 57,
    "Ocorroefgp": 0.5323869982308777,
    "Ocorroftr": 0.34432974958164364,
    "Ocorroorbp": 0.29630922127528747,
    "Ocorrotovr": 0.15206327445101692,
    "Oeff": 102.19403617863199,
    "Oefgp": 0.4806843267108168,
    "Oftr": 0.42935982339955847,
    "Oneteff": 4.891470982677134,
    "Oneteffrank": 65,
    "Oorbp": 0.25,
    "Oposs": 1132.16,
    "Otovr": 0.1479243133780534,
    "SoR": 77.13035637183539,
    "SoRrank": 26,
    "TAst": 332.0,
    "TBlk": 114.0,
    "TDR": 396.0,
    "TFGA": 989.0,
    "TFGA3": 445.0,
    "TFGM": 492.0,
    "TFGM3": 165.0,
    "TFTA": 311.0,
    "TFTM": 244.0,
    "TOR": 163.0,
    "TPF": 278.0,
    "TScore": 1393.0,
    "TStl": 100.0,
    "TTO": 165.0,
    "Tastr": 0.20457962584111805,
    "Tcorrdastr": 0.10612498603911098,
    "Tcorrdastrrank": 10,
    "Tcorrdeff": 99.23663145654122,
    "Tcorrdeffrank": 82,
    "Tcorrdefgp": 0.4577885883855821,
    "Tcorrdefgprank": 43,
    "Tcorrdftr": 0.4172159003008775,
    "Tcorrdftrrank": 326,
    "Tcorrdorbp": 0.24265359378701723,
    "Tcorrdorbprank": 41,
    "Tcorrdtovr": 0.14676382517179445,
    "Tcorrdtovrrank": 196,
    "Tcorroastr": 0.20698457114541857,
    "Tcorroastrrank": 4,
    "Tcorroeff": 125.62129733277729,
    "Tcorroeffrank": 4,
    "Tcorroefgp": 0.6009460836909775,
    "Tcorroefgprank": 5,
    "Tcorroftr": 0.32925374738212193,
    "Tcorroftrrank": 183,
    "Tcorroorbp": 0.3398979955437405,
    "Tcorroorbprank": 52,
    "Tcorrotovr": 0.1288346919104087,
    "Tcorrotovrrank": 54,
    "Teff": 123.51042701092355,
    "Tefgp": 0.5808897876643074,
    "Tftr": 0.31445904954499493,
    "Tneteff": 26.38466587623607,
    "Tneteffrank": 21,
    "Torbp": 0.3333333333333333,
    "Tposs": 1127.84,
    "Ttovr": 0.12782374267918564,
    "closses": 1,
    "confplace": 2,
    "cwins": 5,
    "dates": [
        [
            11,
            6
        ],
        [
            11,
            9
        ],
        [
            11,
            13
        ],
        [
            11,
            19
        ],
        [
            11,
            25
        ],
        [
            11,
            26
        ],
        [
            11,
            27
        ],
        [
            11,
            30
        ],
        [
            12,
            4
        ],
        [
            12,
            8
        ],
        [
            12,
            14
        ],
        [
            12,
            18
        ],
        [
            12,
            21
        ],
        [
            1,
            1
        ],
        [
            1,
            5
        ],
        [
            1,
            8
        ],
        [
            1,
            11
        ]
    ],
    "geff": [
        [
            127.56516916250692,
            74.74639615589962
        ],
        [
            131.42857142857142,
            75.93123209169055
        ],
        [
            140.97744360902254,
            74.78632478632477
        ],
        [
            109.2233009708738,
            61.596143545795385
        ],
        [
            137.4716553287982,
            134.5108695652174
        ],
        [
            116.65586519766688,
            119.04761904761905
        ],
        [
            104.94987468671678,
            132.39875389408098
        ],
        [
            141.6714367487121,
            68.18181818181819
        ],
        [
            129.8701298701299,
            119.28429423459245
        ],
        [
            122.501611863314,
            103.9002557544757
        ],
        [
            112.83704572098476,
            102.36447520184545
        ],
        [
            131.94834362717575,
            126.70842824601368
        ],
        [
            114.63844797178129,
            109.92275698158052
        ],
        [
            120.1780415430267,
            105.72139303482588
        ],
        [
            135.7677902621723,
            128.992628992629
        ],
        [
            114.26592797783934,
            115.80381471389646
        ],
        [
            105.59006211180123,
            93.57454772301934
        ]
    ],
    "losses": 4,
    "nOT": [
        0,
        0,
        0,
        0,
        1,
        0,
        0,
        0,
        0,
        0,
        0,
        1,
        0,
        0,
        0,
        0,
        0
    ],
    "pace": 65.33122781279943,
    "poss": [
        [
            72.12,
            74.92
        ],
        [
            70.0,
            69.8
        ],
        [
            63.84,
            65.52000000000001
        ],
        [
            74.16,
            74.68
        ],
        [
            70.56,
            73.6
        ],
        [
            61.72,
            61.32
        ],
        [
            63.84,
            64.2
        ],
        [
            69.88,
            66.0
        ],
        [
            58.519999999999996,
            60.36
        ],
        [
            62.04,
            62.56
        ],
        [
            68.24,
            69.36
        ],
        [
            71.24,
            70.24
        ],
        [
            68.04,
            67.32
        ],
        [
            67.4,
            64.32
        ],
        [
            64.08,
            65.12
        ],
        [
            57.76,
            58.72
        ],
        [
            64.4,
            64.12
        ]
    ],
    "preseason_pace": 66.61929804639334,
    "preseason_pred": 27.795271706328013,
    "preseason_predd": 94.4632862894477,
    "preseason_predo": 122.2585579957757,
    "schedule": [
        "sacred-heart",
        "new-hampshire",
        "le-moyne",
        "texas-am-commerce",
        "memphis",
        "colorado",
        "dayton",
        "maryland-eastern-shore",
        "baylor",
        "texas",
        "gonzaga",
        "xavier",
        "butler",
        "depaul",
        "providence",
        "villanova",
        "georgetown"
    ],
    "scores": [
        [
            92,
            56
        ],
        [
            92,
            53
        ],
        [
            90,
            49
        ],
        [
            81,
            46
        ],
        [
            97,
            99
        ],
        [
            72,
            73
        ],
        [
            67,
            85
        ],
        [
            99,
            45
        ],
        [
            76,
            72
        ],
        [
            76,
            65
        ],
        [
            77,
            71
        ],
        [
            94,
            89
        ],
        [
            78,
            74
        ],
        [
            81,
            68
        ],
        [
            87,
            84
        ],
        [
            66,
            68
        ],
        [
            68,
            60
        ]
    ],