{
    "CompRank": 150,
    "CompositeDef": 113.67394136755378,
    "CompositeOff": 115.3754032207318,
    "CompositePace": 72.1729321631372,
    "CompositeRating": 1.7014618531780237,
    "HA": [
        "A",
        "H",
        "A",
        "N",
        "N",
        "N",
        "H",
        "A",
        "H",
        "H",
        "A",
        "A",
        "H",
        "A",
        "A",
        "A",
        "H",
        "H",
        "A"
    ],
    "OAst": 273.0,
    "OAvgCompRat": -0.8039762667347062,
    "OBlk": 53.0,
    "ODR": 404.0,
    "OFGA": 1184.0,
    "OFGA3": 458.0,
    "OFGM": 579.0,
    "OFGM3": 173.0,
    "OFTA": 369.0,
    "OFTM": 261.0,
    "OOR": 176.0,
    "OPF": 314.0,
    "OScore": 1592.0,
    "OStl": 131.0,
    "OTO": 216.0,
    "Oastr": 0.14874466044808646,
    "Ocomprank": 200,
    "Ocorrdastr": 0.15047749279694303,
    "Ocorrdeff": 105.76377063641641,
    "Ocorrdeffrank": 275,
    "Ocorrdefgp": 0.5115888048534745,
    "Ocorrdftr": 0.3357935673388432,
    "Ocorrdorbp": 0.2958703069986149,
    "Ocorrdtovr": 0.15005809768618336,
    "Ocorroastr": 0.13959354170692462,
    "Ocorroeff": 104.77123635975194,
    "Ocorroeffrank": 156,
    "Ocorroefgp": 0.5069534895870063,
    "Ocorroftr": 0.3209838593188688,
    "Ocorroorbp": 0.26769007872904077,
    "Ocorrotovr": 0.14988210292652782,
    "Oeff": 114.83308808678841,
    "Oefgp": 0.5620777027027027,
    "Oftr": 0.31165540540540543,
    "Oneteff": -0.9925342766644718,
    "Oneteffrank": 215,
    "Oorbp": 0.2913907284768212,
    "Oposs": 1386.3600000000001,
    "Otovr": 0.13825238741391227,
    "SoR": 0.0,
    "SoRrank": 178,
    "TAst": 301.0,
    "TBlk": 54.0,
    "TDR": 428.0,
    "TFGA": 1151.0,
    "TFGA3": 314.0,
    "TFGM": 616.0,
    "TFGM3": 121.0,
    "TFTA": 361.0,
    "TFTM": 277.0,
    "TOR": 147.0,
    "TPF": 308.0,
    "TScore": 1630.0,
    "TStl": 110.0,
    "TTO": 221.0,
    "Tastr": 0.16431566075639795,
    "Tcorrdastr": 0.15145785873446913,
    "Tcorrdastrrank": 258,
    "Tcorrdeff": 114.33865590640418,
    "Tcorrdeffrank": 340,
    "Tcorrdefgp": 0.5581218634358065,
    "Tcorrdefgprank": 341,
    "Tcorrdftr": 0.32146808025178314,
    "Tcorrdftrrank": 169,
    "Tcorrdorbp": 0.3018323247412384,
    "Tcorrdorbprank": 273,
    "Tcorrdtovr": 0.13779874688019733,
    "Tcorrdtovrrank": 263,
    "Tcorroastr": 0.15534546611847883,
    "Tcorroastrrank": 93,
    "Tcorroeff": 116.17671719928074,
    "Tcorroeffrank": 26,
    "Tcorroefgp": 0.5785258766407434,
    "Tcorroefgprank": 14,
    "Tcorroftr": 0.31021257808689984,
    "Tcorroftrrank": 231,
    "Tcorroorbp": 0.25068721616596085,
    "Tcorroorbprank": 262,
    "Tcorrotovr": 0.14372619375710255,
    "Tcorrotovrrank": 144,
    "Teff": 117.78818360504106,
    "Tefgp": 0.5877497827975673,
    "Tftr": 0.31364031277150306,
    "Tneteff": 1.83806129287656,
    "Tneteffrank": 150,
    "Torbp": 0.26678765880217786,
    "Tposs": 1383.84,
    "Ttovr": 0.14436518512711977,
    "closses": 4,
    "confplace": 4,
    "cwins": 6,
    "dates": [
        [
            11,
            10
        ],
        [
            11,
            14
        ],
        [
            11,
            16
        ],
        [
            11,
            20
        ],
        [
            11,
            21
        ],
        [
            11,
            22
        ],
        [
            11,
            29
        ],
        [
            12,
            2
        ],
        [
            12,
            12
        ],
        [
            12,
            19
        ],
        [
            12,
            29
        ],
        [
            12,
            31
        ],
        [
            1,
            4
        ],
        [
            1,
            6
        ],
        [
            1,
            10
        ],
        [
            1,
            12
        ],
        [
            1,
            18
        ],
        [
            1,
            20
        ],
        [
            1,
            25
        ]
    ],
    "geff": [
        [
            102.77629471436198,
            138.4493670886076
        ],
        [
            115.20047875523638,
            116.14055985705778
        ],
        [
            107.41138560687432,
            116.98212407991588
        ],
        [
            119.23480083857443,
            115.48913043478262
        ],
        [
            109.38399539435808,
            121.01366742596812
        ],
        [
            102.43632336655592,
            69.64184195565663
        ],
        [
            144.33856502242153,
            103.00668151447661
        ],
        [
            110.8748481166464,
            125.45899632802937
        ],
        [
            99.71509971509973,
            107.8710289236605
        ],
        [
            125.20413718018507,
            109.56707642971672
        ],
        [
            114.85680190930786,
            124.85811577752553
        ],
        [
            121.62954279015239,
            135.25564803804994
        ],
        [
            114.84593837535013,
            97.60178471834914
        ],
        [
            131.05835806132544,
            118.7590887057683
        ],
        [
            142.41398759165256,
            105.49694614103275
        ],
        [
            97.20700985761226,
            115.31890660592256
        ],
        [
            117.86961583236321,
            135.05217925107428
        ],
        [
            130.7099614749587,
            110.89813800657173
        ],
        [
            130.93489965736663,
            117.5771971496437
        ]
    ],
    "losses": 10,
    "nOT": [
        0,
        0,
        0,
        0,
        0,
        0,
        0,
        0,
        0,
        0,
        0,
        0,
        0,
        0,
        0,
        0,
        0,
        0,
        1
    ],
    "pace": 72.27632088690962,
    "poss": [
        [
            74.92,
            75.84
        ],
        [
            66.84,
            67.16
        ],
        [
            74.48,
            76.08
        ],
        [
            76.32,
            73.6
        ],
        [
            69.48,
            70.24
        ],
        [
            72.24,
            70.36
        ],
        [
            71.36,
            71.84
        ],
        [
            65.84,
            65.36
        ],
        [
            84.24,
            84.36
        ],
        [
            73.48,
            74.84
        ],
        [
            67.04,
            70.48
        ],
        [
            68.24000000000001,
            67.28
        ],
        [
            71.4,
            71.72
        ],
        [
            80.88,
            82.52
        ],
        [
            70.92,
            72.04
        ],
        [
            73.04,
            70.24
        ],
        [
            68.72,
            65.16
        ],
        [
            72.68,
            73.04
        ],
        [
            81.72,
            84.2
        ]
    ],
    "preseason_pace": 70.56416054260353,
    "preseason_pred": -0.4240823449644102,
    "preseason_predd": 103.33070617865023,
    "preseason_predo": 102.90662383368581,
    "schedule": [
        "colorado-state",
        "toledo",
        "indiana",
        "louisiana-lafayette",
        "hofstra",
        "illinois-state",
        "iupui",
        "davidson",
        "western-kentucky",
        "miami-oh",
        "green-bay",
        "milwaukee",
        "cleveland-state",
        "ipfw",
        "robert-morris",
        "youngstown-state",
        "green-bay",
        "milwaukee",
        "cleveland-state"
    ],