{
    "CompRank": 123,
    "CompositeDef": 107.91181787542848,
    "CompositeOff": 112.70466597231686,
    "CompositePace": 69.4033808193538,
    "CompositeRating": 4.792848096888371,
    "HA": [
        "A",
        "A",
        "A",
        "A",
        "A",
        "A",
        "N",
        "N",
        "H",
        "A",
        "H",
        "H",
        "H",
        "A",
        "A",
        "H"
    ],
    "OAst": 227.0,
    "OAvgCompRat": -0.8744931268331432,
    "OBlk": 69.0,
    "ODR": 385.0,
    "OFGA": 1015.0,
    "OFGA3": 377.0,
    "OFGM": 452.0,
    "OFGM3": 128.0,
    "OFTA": 343.0,
    "OFTM": 238.0,
    "OOR": 195.0,
    "OPF": 236.0,
    "OScore": 1270.0,
    "OStl": 114.0,
    "OTO": 217.0,
    "Oastr": 0.1410007950705625,
    "Ocomprank": 194,
    "Ocorrdastr": 0.15330848843334705,
    "Ocorrdeff": 108.13243726486657,
    "Ocorrdeffrank": 173,
    "Ocorrdefgp": 0.5176728181444528,
    "Ocorrdftr": 0.3480059524353339,
    "Ocorrdorbp": 0.3011818949811523,
    "Ocorrdtovr": 0.1479022575923253,
    "Ocorroastr": 0.14392266939111115,
    "Ocorroeff": 107.06380772745209,
    "Ocorroeffrank": 261,
    "Ocorroefgp": 0.5032977151076642,
    "Ocorroftr": 0.35164657994562615,
    "Ocorroorbp": 0.3051015365697588,
    "Ocorrotovr": 0.15273191711510545,
    "Oeff": 106.90955619907064,
    "Oefgp": 0.5083743842364532,
    "Oftr": 0.33793103448275863,
    "Oneteff": -1.0686295374144805,
    "Oneteffrank": 219,
    "Oorbp": 0.32608695652173914,
    "Oposs": 1187.92,
    "Otovr": 0.15691435513261792,
    "SoR": 0.24943876796997833,
    "SoRrank": 117,
    "TAst": 247.0,
    "TBlk": 53.0,
    "TDR": 403.0,
    "TFGA": 1009.0,
    "TFGA3": 451.0,
    "TFGM": 455.0,
    "TFGM3": 163.0,
    "TFTA": 363.0,
    "TFTM": 257.0,
    "TOR": 196.0,
    "TPF": 263.0,
    "TScore": 1330.0,
    "TStl": 131.0,
    "TTO": 202.0,
    "Tastr": 0.1526840244294439,
    "Tcorrdastr": 0.14454103258863804,
    "Tcorrdastrrank": 157,
    "Tcorrdeff": 108.23453012723063,
    "Tcorrdeffrank": 163,
    "Tcorrdefgp": 0.5175392207182963,
    "Tcorrdefgprank": 200,
    "Tcorrdftr": 0.344351917863327,
    "Tcorrdftrrank": 161,
    "Tcorrdorbp": 0.32532483429650194,
    "Tcorrdorbprank": 266,
    "Tcorrdtovr": 0.1532849961139494,
    "Tcorrdtovrrank": 148,
    "Tcorroastr": 0.14712530316946057,
    "Tcorroastrrank": 173,
    "Tcorroeff": 113.56705319408572,
    "Tcorroeffrank": 101,
    "Tcorroefgp": 0.526802986957185,
    "Tcorroefgprank": 130,
    "Tcorroftr": 0.37151570560578595,
    "Tcorroftrrank": 151,
    "Tcorroorbp": 0.3418991979395931,
    "Tcorroorbprank": 74,
    "Tcorrotovr": 0.14849874235255855,
    "Tcorrotovrrank": 184,
    "Teff": 113.218469081994,
    "Tefgp": 0.5317145688800793,
    "Tftr": 0.3597621407333994,
    "Tneteff": 5.332523066855089,
    "Tneteffrank": 127,
    "Torbp": 0.3373493975903614,
    "Tposs": 1174.72,
    "Ttovr": 0.1473678067001284,
    "closses": 1,
    "confplace": 1,
    "cwins": 5,
    "dates": [
        [
            11,
            3
        ],
        [
            11,
            7
        ],
        [
            11,
            14
        ],
        [
            11,
            16
        ],
        [
            11,
            18
        ],
        [
            11,
            20
        ],
        [
            11,
            24
        ],
        [
            11,
            26
        ],
        [
            12,
            1
        ],
        [
            12,
            14
        ],
        [
            12,
            20
        ],
        [
            12,
            31
        ],
        [
            1,
            3
        ],
        [
            1,
            7
        ],
        [
            1,
            10
        ],
        [
            1,
            14
        ]
    ],
    "geff": [
        [
            124.81822588463403,
            112.11280628756357
        ],
        [
            94.50679267572357,
            88.04849884526558
        ],
        [
            91.56976744186046,
            107.49564206856478
        ],
        [
            118.58258928571428,
            128.69660460021905
        ],
        [
            122.83894449499545,
            118.7305814469596
        ],
        [
            108.82956878850102,
            105.68945080995654
        ],
        [
            92.94696555494806,
            106.41316685584562
        ],
        [
            102.49307479224376,
            87.62322015334064
        ],
        [
            103.77798507462686,
            109.8252243741143
        ],
        [
            128.2816229116945,
            125.51683402244537
        ],
        [
            99.82886480319452,
            92.42957746478874
        ],
        [
            151.3317191283293,
            117.37089201877934
        ],
        [
            101.5840220385675,
            84.13461538461539
        ],
        [
            98.77202349172451,
            116.59436008676789
        ],
        [
            143.22087842138765,
            109.8556183301946
        ],
        [
            132.8855140186916,
            91.6525662718556
        ]
    ],
    "losses": 6,
    "nOT": [
        1,
        0,
        0,
        0,
        2,
        1,
        0,
        0,
        1,
        0,
        0,
        0,
        0,
        0,
        0,
        0
    ],
    "pace": 69.59605903036129,
    "poss": [
        [
            82.52,
            86.52
        ],
        [
            67.72,
            69.28
        ],
        [
            68.8,
            68.84
        ],
        [
            71.68,
            73.04
        ],
        [
            87.92,
            90.12
        ],
        [
            97.4,
            101.24
        ],
        [
            73.16,
            70.48
        ],
        [
            72.2,
            73.03999999999999
        ],
        [
            85.76,
            84.68
        ],
        [
            67.04,
            67.72
        ],
        [
            70.12,
            68.16
        ],
        [
            66.08,
            68.16
        ],
        [
            58.08,
            58.24
        ],
        [
            74.92,
            73.76
        ],
        [
            62.84,
            63.72
        ],
        [
            68.48,
            70.92
        ]
    ],
    "preseason_pace": 67.8885213694783,
    "preseason_pred": 0.5498580678621652,
    "preseason_predd": 105.37461503512347,
    "preseason_predo": 105.92447310298564,
    "schedule": [
        "kent-state",
        "furman",
        "loyola-marymount",
        "cal-state-northridge",
        "san-diego-state",
        "southern-california",
        "toledo",
        "saint-francis-pa",
        "west-georgia",
        "alabama-birmingham",
        "marshall",
        "texas-state",
        "south-alabama",
        "arkansas-state",
        "louisiana-lafayette",
        "southern-mississippi"
    ],
    "scores": [
        [
            103,
            97
        ],
        [
            64,
            61
        ],
        [
            63,
            74
        ],
        [
            85,
            94
        ],
        [
            108,
            107
        ],
        [
            106,
            107
        ],
        [
            68,
            75
        ],
        [
            74,
            64
        ],
        [
            89,
            93
        ],
        [
            86,
            85
        ],
        [
            70,
            63
        ],
        [
            100,
            80
        ],
        [
            59,
            49
        ],
        [
            74,
            86
        ],
        [
            90,
            70
        ],
        [
            91,
            65
        ]
    ],
    "wins": 10
}