{
    "CompRank": 171,
    "CompositeDef": 101.82440920545228,
    "CompositeOff": 101.01406833162744,
    "CompositePace": 66.37512495670117,
    "CompositeRating": -0.8103408738248367,
    "HA": [
        "A",
        "A",
        "N",
        "A",
        "H",
        "H",
        "A",
        "A",
        "A",
        "A",
        "H",
        "A",
        "A",
        "H",
        "H",
        "A",
        "A",
        "H",
        "A",
        "A",
        "H",
        "H",
        "H",
        "A",
        "H"
    ],
    "OAst": 319.0,
    "OAvgCompRat": -9.18545578566489,
    "OBlk": 52.0,
    "ODR": 558.0,
    "OFGA": 1456.0,
    "OFGA3": 619.0,
    "OFGM": 601.0,
    "OFGM3": 195.0,
    "OFTA": 268.0,
    "OFTM": 188.0,
    "OOR": 207.0,
    "OPF": 298.0,
    "OScore": 1585.0,
    "OStl": 157.0,
    "OTO": 289.0,
    "Oastr": 0.14620151059617217,
    "Ocomprank": 363,
    "Ocorrdastr": 0.1528636736845783,
    "Ocorrdeff": 111.20815661905164,
    "Ocorrdeffrank": 362,
    "Ocorrdefgp": 0.5286585337533356,
    "Ocorrdftr": 0.36450000457350057,
    "Ocorrdorbp": 0.31618528010985364,
    "Ocorrdtovr": 0.1372419672805637,
    "Ocorroastr": 0.14105816786540545,
    "Ocorroeff": 100.00659543566546,
    "Ocorroeffrank": 360,
    "Ocorroefgp": 0.48576668975146753,
    "Ocorroftr": 0.2953212588382616,
    "Ocorroorbp": 0.25078716516871774,
    "Ocorrotovr": 0.16111283699097284,
    "Oeff": 95.71718440504372,
    "Oefgp": 0.479739010989011,
    "Oftr": 0.18406593406593408,
    "Oneteff": -11.201561183386175,
    "Oneteffrank": 361,
    "Oorbp": 0.24267291910902697,
    "Oposs": 1655.92,
    "Otovr": 0.15513280226740814,
    "SoR": 0.049977510162069194,
    "SoRrank": 105,
    "TAst": 338.0,
    "TBlk": 101.0,
    "TDR": 646.0,
    "TFGA": 1417.0,
    "TFGA3": 481.0,
    "TFGM": 662.0,
    "TFGM3": 153.0,
    "TFTA": 374.0,
    "TFTM": 274.0,
    "TOR": 191.0,
    "TPF": 323.0,
    "TScore": 1751.0,
    "TStl": 180.0,
    "TTO": 266.0,
    "Tastr": 0.15465143944801332,
    "Tcorrdastr": 0.15174570955946542,
    "Tcorrdastrrank": 229,
    "Tcorrdeff": 101.75133664760396,
    "Tcorrdeffrank": 93,
    "Tcorrdefgp": 0.5033741591607603,
    "Tcorrdefgprank": 150,
    "Tcorrdftr": 0.20732836231691482,
    "Tcorrdftrrank": 2,
    "Tcorrdorbp": 0.2780237859480138,
    "Tcorrdorbprank": 152,
    "Tcorrdtovr": 0.1432035774551888,
    "Tcorrdtovrrank": 205,
    "Tcorroastr": 0.14813406078393576,
    "Tcorroastrrank": 164,
    "Tcorroeff": 101.04196787115288,
    "Tcorroeffrank": 257,
    "Tcorroefgp": 0.5026048899392913,
    "Tcorroefgprank": 188,
    "Tcorroftr": 0.24149079827537978,
    "Tcorroftrrank": 356,
    "Tcorroorbp": 0.2322379068126158,
    "Tcorroorbprank": 312,
    "Tcorrotovr": 0.15603576217751555,
    "Tcorrotovrrank": 237,
    "Teff": 105.70097068624138,
    "Tefgp": 0.5211714890613973,
    "Tftr": 0.2639378969654199,
    "Tneteff": -0.7093687764510861,
    "Tneteffrank": 171,
    "Torbp": 0.25500667556742324,
    "Tposs": 1656.56,
    "Ttovr": 0.1439736733854381,
    "closses": 2,
    "confplace": 1,
    "cwins": 12,
    "dates": [
        [
            11,
            4
        ],
        [
            11,
            8
        ],
        [
            11,
            16
        ],
        [
            11,
            21
        ],
        [
            11,
            24
        ],
        [
            12,
            1
        ],
        [
            12,
            4
        ],
        [
            12,
            7
        ],
        [
            12,
            15
        ],
        [
            12,
            18
        ],
        [
            12,
            21
        ],
        [
            1,
            3
        ],
        [
            1,
            5
        ],
        [
            1,
            10
        ],
        [
            1,
            12
        ],
        [
            1,
            18
        ],
        [
            1,
            24
        ],
        [
            1,
            26
        ],
        [
            1,
            30
        ],
        [
            2,
            1
        ],
        [
            2,
            6
        ],
        [
            2,
            13
        ],
        [
            2,
            15
        ],
        [
            2,
            20
        ],
        [
            2,
            22
        ]
    ],
    "geff": [
        [
            85.35071384233396,
            95.77922077922078
        ],
        [
            104.0478905359179,
            95.06242905788876
        ],
        [
            92.75882704967086,
            114.15525114155251
        ],
        [
            81.62031438935914,
            99.70238095238095
        ],
        [
            110.42097998619738,
            97.90209790209789
        ],
        [
            97.90011350737798,
            95.98853868194843
        ],
        [
            107.60613207547169,
            100.75934579439252
        ],
        [
            112.59791122715404,
            90.03215434083602
        ],
        [
            98.62778730703258,
            109.49943117178613
        ],
        [
            102.49839846252402,
            98.62241703193487
        ],
        [
            117.77902411665733,
            110.5583195135434
        ],
        [
            112.39368165249088,
            92.07240948813983
        ],
        [
            100.9771986970684,
            87.10801393728224
        ],
        [
            94.62151394422311,
            98.3502538071066
        ],
        [
            85.52631578947368,
            92.78350515463917
        ],
        [
            101.66093928980527,
            85.5188141391106
        ],
        [
            140.06024096385542,
            106.12492419648272
        ],
        [
            114.27765237020317,
            96.2116656644618
        ],
        [
            92.59259259259258,
            72.84382284382285
        ],
        [
            99.32848349188583,
            88.48314606741573
        ],
        [
            124.07301768397033,
            94.66437177280551
        ],
        [
            109.41247002398082,
            94.70835838845458
        ],
        [
            126.29336579427876,
            100.17942583732058
        ],
        [
            123.5509456985967,
            105.39629005059022
        ],
        [
            103.6509900990099,
            65.24506683640993
        ]
    ],
    "losses": 6,
    "nOT": [
        0,
        0,
        0,
        0,
        0,
        0,
        0,
        0,
        0,
        0,
        0,
        0,
        0,
        0,
        0,
        0,
        0,
        0,
        0,
        0,
        0,
        0,
        0,
        0,
        0
    ],
    "pace": 66.36712380082929,