{
    "CompRank": 343,
    "CompositeDef": 108.40316018857075,
    "CompositeOff": 90.19773563657171,
    "CompositePace": 71.6999890486962,
    "CompositeRating": -18.205424551999045,
    "HA": [
        "A",
        "A",
        "H",
        "H",
        "N",
        "A",
        "A",
        "A"
    ],
    "OAst": 112.0,
    "OAvgCompRat": 1.515600000229057,
    "OBlk": 31.0,
    "ODR": 237.0,
    "OFGA": 456.0,
    "OFGA3": 131.0,
    "OFGM": 228.0,
    "OFGM3": 48.0,
    "OFTA": 224.0,
    "OFTM": 147.0,
    "OOR": 66.0,
    "OPF": 146.0,
    "OScore": 651.0,
    "OStl": 64.0,
    "OTO": 89.0,
    "Oastr": 0.14823442215045796,
    "Ocomprank": 120,
    "Ocorrdastr": 0.14134953637272657,
    "Ocorrdeff": 103.78295885743462,
    "Ocorrdeffrank": 211,
    "Ocorrdefgp": 0.5130996016375308,
    "Ocorrdftr": 0.31236731008262497,
    "Ocorrdorbp": 0.2835820016299346,
    "Ocorrdtovr": 0.14773630036653407,
    "Ocorroastr": 0.14761263197510455,
    "Ocorroeff": 108.10295832734114,
    "Ocorroeffrank": 35,
    "Ocorroefgp": 0.5158964124283674,
    "Ocorroftr": 0.33581730984760816,
    "Ocorroorbp": 0.2764215226634963,
    "Ocorrotovr": 0.14728760178078704,
    "Oeff": 112.71556201953045,
    "Oefgp": 0.5526315789473685,
    "Oftr": 0.49122807017543857,
    "Oneteff": 4.31999946990652,
    "Oneteffrank": 80,
    "Oorbp": 0.2716049382716049,
    "Oposs": 577.56,
    "Otovr": 0.13829324383118902,
    "SoR": 0.0,
    "SoRrank": 243,
    "TAst": 89.0,
    "TBlk": 26.0,
    "TDR": 177.0,
    "TFGA": 476.0,
    "TFGA3": 183.0,
    "TFGM": 185.0,
    "TFGM3": 52.0,
    "TFTA": 136.0,
    "TFTM": 82.0,
    "TOR": 67.0,
    "TPF": 167.0,
    "TScore": 504.0,
    "TStl": 41.0,
    "TTO": 114.0,
    "Tastr": 0.12045909804558497,
    "Tcorrdastr": 0.14157247604535894,
    "Tcorrdastrrank": 197,
    "Tcorrdeff": 107.71245840315282,
    "Tcorrdeffrank": 262,
    "Tcorrdefgp": 0.5364044832980145,
    "Tcorrdefgprank": 291,
    "Tcorrdftr": 0.4892489883221816,
    "Tcorrdftrrank": 355,
    "Tcorrdorbp": 0.27229130826046694,
    "Tcorrdorbprank": 170,
    "Tcorrdtovr": 0.14186959211539218,
    "Tcorrdtovrrank": 238,
    "Tcorroastr": 0.12028039668830964,
    "Tcorroastrrank": 292,
    "Tcorroeff": 86.09481382827641,
    "Tcorroeffrank": 358,
    "Tcorroefgp": 0.43289263653482546,
    "Tcorroefgprank": 342,
    "Tcorroftr": 0.3072392382936874,
    "Tcorroftrrank": 238,
    "Tcorroorbp": 0.21608907567893304,
    "Tcorroorbprank": 318,
    "Tcorrotovr": 0.17940630950460817,
    "Tcorrotovrrank": 328,
    "Teff": 86.47313156269301,
    "Tefgp": 0.4432773109243697,
    "Tftr": 0.2857142857142857,
    "Tneteff": -21.617644574876408,
    "Tneteffrank": 350,
    "Torbp": 0.22039473684210525,
    "Tposs": 582.84,
    "Ttovr": 0.1754277976117198,
    "closses": 0,
    "confplace": 1,
    "cwins": 0,
    "dates": [
        [
            11,
            6
        ],
        [
            11,
            10
        ],
        [
            11,
            15
        ],
        [
            11,
            20
        ],
        [
            11,
            25
        ],
        [
            11,
            26
        ],
        [
            11,
            30
        ],
        [
            12,
            9
        ]
    ],
    "geff": [
        [
            87.46736292428199,
            114.46409989594173
        ],
        [
            71.35575942915392,
            115.24822695035459
        ],
        [
            81.75559380378658,
            105.14665190924184
        ],
        [
            98.2594048287479,
            97.5889781859931
        ],
        [
            103.52546166759932,
            127.81748213304012
        ],
        [
            81.91925102399064,
            110.42944785276073
        ],
        [
            62.821245002855505,
            107.62070971495055
        ],
        [
            104.00416016640665,
            121.85104052573934
        ]
    ],
    "losses": 7,
    "nOT": [
        0,
        0,
        0,
        0,
        0,
        0,
        0,
        0
    ],
    "pace": 71.91555040314665,
    "poss": [
        [
            76.6,
            76.88
        ],
        [
            78.48,
            78.96000000000001
        ],
        [
            69.72,
            72.28
        ],
        [
            71.24,
            69.68
        ],
        [
            71.48,
            72.76
        ],
        [
            68.36,
            65.2
        ],
        [
            70.04,
            68.76
        ],
        [
            76.92,
            73.03999999999999
        ]
    ],
    "preseason_pace": 71.32149997641005,
    "preseason_pred": -12.214146596878294,
    "preseason_predd": 109.61591503813855,
    "preseason_predo": 97.40176844126026,
    "schedule": [
        "grand-canyon",
        "butler",
        "evansville",
        "central-arkansas",
        "evansville",
        "chattanooga",
        "missouri-kansas-city",
        "ipfw"
    ],
    "scores": [
        [
            67,
            88
        ],
        [
            56,
            91
        ],
        [
            57,
            76
        ],
        [
            70,
            68
        ],
        [
            74,
            93
        ],
        [
            56,
            72
        ],
        [
            44,
            74
        ],
        [
            80,
            89
        ]
    ],
    "wins": 1
}