{
    "CompRank": 230,
    "CompositeDef": 103.68999046133527,
    "CompositeOff": 97.65779499082029,
    "CompositePace": 71.24492685397618,
    "CompositeRating": -6.032195470514986,
    "HA": [
        "N",
        "H",
        "H",
        "N",
        "N"
    ],
    "OAst": 67.0,
    "OAvgCompRat": -2.571650454960262,
    "OBlk": 18.0,
    "ODR": 119.0,
    "OFGA": 288.0,
    "OFGA3": 134.0,
    "OFGM": 123.0,
    "OFGM3": 43.0,
    "OFTA": 98.0,
    "OFTM": 71.0,
    "OOR": 47.0,
    "OPF": 108.0,
    "OScore": 360.0,
    "OStl": 37.0,
    "OTO": 58.0,
    "Oastr": 0.1468911689906165,
    "Ocomprank": 258,
    "Ocorrdastr": 0.12855099583838808,
    "Ocorrdeff": 97.21954633948003,
    "Ocorrdeffrank": 94,
    "Ocorrdefgp": 0.47064291520642476,
    "Ocorrdftr": 0.35272005029375053,
    "Ocorrdorbp": 0.2589103468858476,
    "Ocorrdtovr": 0.17155851336231784,
    "Ocorroastr": 0.13419057517672808,
    "Ocorroeff": 96.57764212807011,
    "Ocorroeffrank": 299,
    "Ocorroefgp": 0.4709880617222882,
    "Ocorroftr": 0.3085726636310361,
    "Ocorroorbp": 0.3073046972678767,
    "Ocorrotovr": 0.161098432514236,
    "Oeff": 105.2262364082778,
    "Oefgp": 0.5017361111111112,
    "Oftr": 0.3402777777777778,
    "Oneteff": -0.6419042114099227,
    "Oneteffrank": 208,
    "Oorbp": 0.2919254658385093,
    "Oposs": 342.12,
    "Otovr": 0.14905427631578946,
    "SoR": 0.24943876796997833,
    "SoRrank": 237,
    "TAst": 48.0,
    "TBlk": 9.0,
    "TDR": 114.0,
    "TFGA": 267.0,
    "TFGA3": 123.0,
    "TFGM": 105.0,
    "TFGM3": 38.0,
    "TFTA": 127.0,
    "TFTM": 84.0,
    "TOR": 47.0,
    "TPF": 99.0,
    "TScore": 332.0,
    "TStl": 34.0,
    "TTO": 74.0,
    "Tastr": 0.10789426362165078,
    "Tcorrdastr": 0.15295394178518043,
    "Tcorrdastrrank": 273,
    "Tcorrdeff": 109.29699712907725,
    "Tcorrdeffrank": 309,
    "Tcorrdefgp": 0.5305361973059558,
    "Tcorrdefgprank": 278,
    "Tcorrdftr": 0.35389754962136744,
    "Tcorrdftrrank": 244,
    "Tcorrdorbp": 0.25693723794993123,
    "Tcorrdorbprank": 158,
    "Tcorrdtovr": 0.15230656091549422,
    "Tcorrdtovrrank": 224,
    "Tcorroastr": 0.11725448869635642,
    "Tcorroastrrank": 303,
    "Tcorroeff": 97.9448499141485,
    "Tcorroeffrank": 221,
    "Tcorroefgp": 0.49168917332969375,
    "Tcorroefgprank": 198,
    "Tcorroftr": 0.4339022665892588,
    "Tcorroftrrank": 24,
    "Tcorroorbp": 0.29654651457643993,
    "Tcorroorbprank": 120,
    "Tcorrotovr": 0.17875322282023443,
    "Tcorrotovrrank": 265,
    "Teff": 94.88967646050074,
    "Tefgp": 0.46441947565543074,
    "Tftr": 0.4756554307116105,
    "Tneteff": -11.352147214928749,
    "Tneteffrank": 278,
    "Torbp": 0.28313253012048195,
    "Tposs": 349.88,
    "Ttovr": 0.1864543438822818,
    "closses": 0,
    "confplace": 1,
    "cwins": 0,
    "dates": [
        [
            11,
            11
        ],
        [
            11,
            14
        ],
        [
            11,
            17
        ],
        [
            11,
            21
        ],
        [
            11,
            22
        ]
    ],
    "geff": [
        [
            78.70635374928449,
            117.32329084588643
        ],
        [
            93.47181008902076,
            95.03865979381443
        ],
        [
            128.70514820592823,
            105.67148207597646
        ],
        [
            75.67104511707595,
            93.53741496598639
        ],
        [
            94.45460085313833,
            114.19001218026796
        ]
    ],
    "losses": 3,
    "nOT": [
        0,
        0,
        0,
        0,
        0
    ],
    "pace": 73.23433163993273,
    "poss": [
        [
            69.88,
            69.04
        ],
        [
            67.4,
            62.08
        ],
        [
            76.92,
            74.76
        ],
        [
            70.04,
            70.56
        ],
        [
            65.64,
            65.68
        ]
    ],
    "preseason_pace": 69.88045169214041,
    "preseason_pred": -2.3833945484204992,
    "preseason_predd": 99.84430687577837,
    "preseason_predo": 97.46091232735787,
    "schedule": [
        "houston",
        "lafayette",
        "albany-ny",
        "georgia",
        "south-florida"
    ],
    "scores": [
        [
            55,
            81
        ],
        [
            63,
            59
        ],
        [
            99,
            79
        ],
        [
            53,
            66
        ],
        [
            62,
            75
        ]
    ],
    "wins": 2
}