{
    "CompRank": 122,
    "CompositeDef": 100.5376383062073,
    "CompositeOff": 103.62270258421296,
    "CompositePace": 70.71251385976917,
    "CompositeRating": 3.0850642780056496,
    "HA": [
        "H",
        "H",
        "H",
        "A",
        "N",
        "N",
        "H",
        "H"
    ],
    "OAst": 104.0,
    "OAvgCompRat": -2.122477173547601,
    "OBlk": 21.0,
    "ODR": 189.0,
    "OFGA": 485.0,
    "OFGA3": 170.0,
    "OFGM": 205.0,
    "OFGM3": 56.0,
    "OFTA": 119.0,
    "OFTM": 90.0,
    "OOR": 69.0,
    "OPF": 133.0,
    "OScore": 556.0,
    "OStl": 47.0,
    "OTO": 93.0,
    "Oastr": 0.14161991393866769,
    "Ocomprank": 241,
    "Ocorrdastr": 0.15307745395840844,
    "Ocorrdeff": 109.94254478789836,
    "Ocorrdeffrank": 344,
    "Ocorrdefgp": 0.5291364484222448,
    "Ocorrdftr": 0.3317162786682459,
    "Ocorrdorbp": 0.2960013069969893,
    "Ocorrdtovr": 0.15369783549818342,
    "Ocorroastr": 0.14089237126891554,
    "Ocorroeff": 103.64864491802712,
    "Ocorroeffrank": 207,
    "Ocorroefgp": 0.5083115734661672,
    "Ocorroftr": 0.3336894428032876,
    "Ocorroorbp": 0.2778226063531203,
    "Ocorrotovr": 0.14340652587072147,
    "Oeff": 99.04517600114009,
    "Oefgp": 0.48041237113402063,
    "Oftr": 0.24536082474226803,
    "Oneteff": -6.29389986987124,
    "Oneteffrank": 309,
    "Oorbp": 0.2623574144486692,
    "Oposs": 561.36,
    "Otovr": 0.14753474205216066,
    "SoR": 4.186139171021852,
    "SoRrank": 121,
    "TAst": 122.0,
    "TBlk": 44.0,
    "TDR": 194.0,
    "TFGA": 475.0,
    "TFGA3": 218.0,
    "TFGM": 202.0,
    "TFGM3": 73.0,
    "TFTA": 158.0,
    "TFTM": 117.0,
    "TOR": 75.0,
    "TPF": 108.0,
    "TScore": 594.0,
    "TStl": 58.0,
    "TTO": 93.0,
    "Tastr": 0.16062776490414998,
    "Tcorrdastr": 0.14476368433012474,
    "Tcorrdastrrank": 182,
    "Tcorrdeff": 99.72093960920199,
    "Tcorrdeffrank": 110,
    "Tcorrdefgp": 0.47635265977608177,
    "Tcorrdefgprank": 105,
    "Tcorrdftr": 0.2507008748141386,
    "Tcorrdftrrank": 38,
    "Tcorrdorbp": 0.2658577726399482,
    "Tcorrdorbprank": 129,
    "Tcorrdtovr": 0.15430923531238136,
    "Tcorrdtovrrank": 148,
    "Tcorroastr": 0.1511543622851459,
    "Tcorroastrrank": 140,
    "Tcorroeff": 100.28293689128151,
    "Tcorroeffrank": 224,
    "Tcorroefgp": 0.47854842354289834,
    "Tcorroefgprank": 242,
    "Tcorroftr": 0.34302537896847146,
    "Tcorroftrrank": 173,
    "Tcorroorbp": 0.27065614756041423,
    "Tcorroorbprank": 209,
    "Tcorrotovr": 0.1422838502109244,
    "Tcorrotovrrank": 135,
    "Teff": 105.59624546682785,
    "Tefgp": 0.5021052631578947,
    "Tftr": 0.33263157894736844,
    "Tneteff": 0.5619972820795169,
    "Tneteffrank": 156,
    "Torbp": 0.2840909090909091,
    "Tposs": 562.52,
    "Ttovr": 0.145877776383486,
    "closses": 0,
    "confplace": 1,
    "cwins": 0,
    "dates": [
        [
            11,
            4
        ],
        [
            11,
            8
        ],
        [
            11,
            12
        ],
        [
            11,
            15
        ],
        [
            11,
            21
        ],
        [
            11,
            22
        ],
        [
            11,
            26
        ],
        [
            12,
            3
        ]
    ],
    "geff": [
        [
            96.20670698185818,
            84.17958311063602
        ],
        [
            95.06242905788876,
            104.0478905359179
        ],
        [
            112.16216216216216,
            102.64721772015126
        ],
        [
            129.98790810157195,
            103.04659498207884
        ],
        [
            108.69565217391306,
            110.31518624641835
        ],
        [
            84.69626168224299,
            100.78219013237063
        ],
        [
            122.563496751329,
            79.36507936507935
        ],
        [
            96.964586846543,
            108.38963963963963
        ]
    ],
    "losses": 3,
    "nOT": [
        0,
        0,
        0,
        0,
        0,
        0,
        0,
        0
    ],
    "pace": 71.74060312789204,
    "poss": [
        [
            72.75999999999999,
            74.84
        ],
        [
            70.48,
            70.16
        ],
        [
            74.0,
            74.04
        ],
        [
            66.16,
            66.96000000000001
        ],
        [
            71.75999999999999,
            69.8
        ],
        [
            68.48,
            66.48
        ],
        [
            67.72,
            68.04
        ],
        [
            71.16,
            71.04
        ]
    ],
    "preseason_pace": 68.90736397884012,
    "preseason_pred": 7.515140759192823,
    "preseason_predd": 101.97162230094914,
    "preseason_predo": 109.48676306014197,
    "schedule": [
        "navy",
        "central-connecticut-state",
        "villanova",
        "pennsylvania",
        "texas-tech",
        "texas",
        "coppin-state",
        "princeton"
    ],
    "scores": [
        [
            70,
            63
        ],
        [
            67,
            73
        ],
        [
            83,
            76
        ],
        [
            86,
            69
        ],
        [
            78,
            77
        ],
        [
            58,
            67
        ],
        [
            83,
            54
        ],
        [
            69,
            77
        ]
    ],
    "wins": 5
}