{
    "CompRank": 94,
    "CompositeDef": 101.08292043616433,
    "CompositeOff": 109.47492073816208,
    "CompositePace": 72.87174455809651,
    "CompositeRating": 8.392000301997754,
    "HA": [
        "A",
        "A",
        "N",
        "N",
        "H",
        "A",
        "N",
        "H",
        "A",
        "A",
        "H",
        "A",
        "A",
        "H",
        "H",
        "H",
        "A",
        "H",
        "A",
        "A",
        "H",
        "A",
        "H",
        "A",
        "A",
        "H",
        "H"
    ],
    "OAst": 348.0,
    "OAvgCompRat": 3.2539223685313527,
    "OBlk": 92.0,
    "ODR": 640.0,
    "OFGA": 1630.0,
    "OFGA3": 577.0,
    "OFGM": 735.0,
    "OFGM3": 203.0,
    "OFTA": 535.0,
    "OFTM": 388.0,
    "OOR": 202.0,
    "OPF": 578.0,
    "OScore": 2061.0,
    "OStl": 194.0,
    "OTO": 348.0,
    "Oastr": 0.13586319981260248,
    "Ocomprank": 96,
    "Ocorrdastr": 0.13791711778468374,
    "Ocorrdeff": 100.23038214508995,
    "Ocorrdeffrank": 77,
    "Ocorrdefgp": 0.5023659054739776,
    "Ocorrdftr": 0.3366384827639833,
    "Ocorrdorbp": 0.24902416576311326,
    "Ocorrdtovr": 0.16633841910442074,
    "Ocorroastr": 0.142510871639696,
    "Ocorroeff": 104.55304240819257,
    "Ocorroeffrank": 118,
    "Ocorroefgp": 0.5049304669660856,
    "Ocorroftr": 0.3505123841306822,
    "Ocorroorbp": 0.287315072785585,
    "Ocorrotovr": 0.1560229983567657,
    "Oeff": 102.4659441185244,
    "Oefgp": 0.5131901840490798,
    "Oftr": 0.3282208588957055,
    "Oneteff": 4.32266026310262,
    "Oneteffrank": 96,
    "Oorbp": 0.22519509476031216,
    "Oposs": 2011.4,
    "Otovr": 0.15722417999457847,
    "SoR": 1.625857494117633,
    "SoRrank": 105,
    "TAst": 304.0,
    "TBlk": 91.0,
    "TDR": 695.0,
    "TFGA": 1573.0,
    "TFGA3": 598.0,
    "TFGM": 715.0,
    "TFGM3": 210.0,
    "TFTA": 652.0,
    "TFTM": 480.0,
    "TOR": 237.0,
    "TPF": 528.0,
    "TScore": 2120.0,
    "TStl": 169.0,
    "TTO": 370.0,
    "Tastr": 0.11997411084976399,
    "Tcorrdastr": 0.13639792145595997,
    "Tcorrdastrrank": 134,
    "Tcorrdeff": 101.08292043616433,
    "Tcorrdeffrank": 133,
    "Tcorrdefgp": 0.5139824901337284,
    "Tcorrdefgprank": 204,
    "Tcorrdftr": 0.2981700694462419,
    "Tcorrdftrrank": 138,
    "Tcorrdorbp": 0.21119939290300807,
    "Tcorrdorbprank": 10,
    "Tcorrdtovr": 0.1575328123561453,
    "Tcorrdtovrrank": 153,
    "Tcorroastr": 0.12437178558609645,
    "Tcorroastrrank": 314,
    "Tcorroeff": 109.47492073816208,
    "Tcorroeffrank": 73,
    "Tcorroefgp": 0.524825103973166,
    "Tcorroefgprank": 108,
    "Tcorroftr": 0.39313877167950045,
    "Tcorroftrrank": 28,
    "Tcorroorbp": 0.2930796766888978,
    "Tcorroorbprank": 102,
    "Tcorrotovr": 0.15589506806666123,
    "Tcorrotovrrank": 188,
    "Teff": 106.37870820119625,
    "Tefgp": 0.5212968849332485,
    "Tftr": 0.41449459631277813,
    "Tneteff": 8.392000301997754,
    "Tneteffrank": 94,
    "Torbp": 0.2702394526795895,
    "Tposs": 1992.88,
    "Ttovr": 0.1659282113835722,
    "closses": 6,
    "confplace": 3,
    "cwins": 12,
    "dates": [
        [
            11,
            7
        ],
        [
            11,
            18
        ],
        [
            11,
            25
        ],
        [
            11,
            26
        ],
        [
            11,
            30
        ],
        [
            12,
            3
        ],
        [
            12,
            10
        ],
        [
            12,
            17
        ],
        [
            12,
            21
        ],
        [
            12,
            28
        ],
        [
            12,
            31
        ],
        [
            1,
            5
        ],
        [
            1,
            7
        ],
        [
            1,
            12
        ],
        [
            1,
            14
        ],
        [
            1,
            19
        ],
        [
            1,
            21
        ],
        [
            1,
            26
        ],
        [
            2,
            1
        ],
        [
            2,
            4
        ],
        [
            2,
            9
        ],
        [
            2,
            11
        ],
        [
            2,
            17
        ],
        [
            2,
            23
        ],
        [
            2,
            25
        ],
        [
            3,
            1
        ],
        [
            3,
            3
        ]
    ],
    "geff": [
        [
            102.89634146341463,
            115.82509109838625
        ],
        [
            96.15384615384615,
            101.18460019743335
        ],
        [
            93.28358208955223,
            110.66969353007944
        ],
        [
            108.07600950118764,
            101.82584269662921
        ],
        [
            105.5442522889115,
            108.80566801619432
        ],
        [
            97.67836919592298,
            81.8989450305386
        ],
        [
            97.953216374269,
            91.6310323762981
        ],
        [
            119.85526910900046,
            111.92375886524823
        ],
        [
            100.36026762738034,
            111.57239231966788
        ],
        [
            105.50213675213676,
            103.36273428886439
        ],
        [
            111.5329852871381,
            95.86056644880175
        ],
        [
            94.14831981460024,
            104.55104551045511
        ],
        [
            103.64145658263304,
            98.14612868047982
        ],
        [
            130.06654567453114,
            107.49564206856478
        ],
        [
            96.09868043602984,
            84.7953216374269
        ],
        [
            152.47252747252747,
            98.14049586776859
        ],
        [
            78.45188284518828,
            108.23089257081774
        ],
        [
            106.75675675675676,
            90.88442756375476
        ],
        [
            104.28736964078794,
            97.31359649122808
        ],
        [
            106.58391797085807,
            118.52260198456449
        ],
        [
            112.5703564727955,
            95.85652442795299
        ],
        [
            108.58189429618001,
            116.82242990654207
        ],
        [
            112.8133704735376,
            96.46739130434783
        ],
        [
            113.63636363636363,
            100.95642933049946
        ],
        [
            80.01122964626614,
            89.03728436282694
        ],
        [
            109.12143256855063,
            116.31165919282512
        ],
        [
            124.76894639556377,
            103.86190754827385
        ]
    ],
    "losses": 11,
    "nOT": [
        0,
        0,
        0,
        2,
        0,
        0,
        0,
        1,
        0,
        0,
        1,
        0,
        0,
        0,
        0,
        0,
        0,
        0,
        0,
        0,
        0,
        0,
        0,
        0,
        0,
        0,
        0
    ],
    "pace": 72.87174455809651,