{
    "CompRank": 252,
    "CompositeDef": 107.92332043791144,
    "CompositeOff": 100.07320881066948,
    "CompositePace": 70.42246081398058,
    "CompositeRating": -7.850111627241969,
    "HA": [
        "H",
        "H",
        "A",
        "A",
        "N",
        "A",
        "H",
        "A",
        "A",
        "A",
        "H",
        "A",
        "H",
        "H",
        "A"
    ],
    "OAst": 214.0,
    "OAvgCompRat": -0.585334690129965,
    "OBlk": 46.0,
    "ODR": 328.0,
    "OFGA": 957.0,
    "OFGA3": 269.0,
    "OFGM": 427.0,
    "OFGM3": 87.0,
    "OFTA": 285.0,
    "OFTM": 203.0,
    "OOR": 176.0,
    "OPF": 296.0,
    "OScore": 1144.0,
    "OStl": 136.0,
    "OTO": 156.0,
    "Oastr": 0.14734232993665655,
    "Ocomprank": 182,
    "Ocorrdastr": 0.14621754248131238,
    "Ocorrdeff": 104.82348327319849,
    "Ocorrdeffrank": 139,
    "Ocorrdefgp": 0.5070996320278752,
    "Ocorrdftr": 0.3865223155824214,
    "Ocorrdorbp": 0.2823243646632073,
    "Ocorrdtovr": 0.15748942725771486,
    "Ocorroastr": 0.14056185422363887,
    "Ocorroeff": 105.57025704423693,
    "Ocorroeffrank": 184,
    "Ocorroefgp": 0.5045084453172358,
    "Ocorroftr": 0.34811531469442586,
    "Ocorroorbp": 0.3090588557529513,
    "Ocorrotovr": 0.15749647188344068,
    "Oeff": 107.68072289156626,
    "Oefgp": 0.49164054336468127,
    "Oftr": 0.29780564263322884,
    "Oneteff": 0.7467737710384341,
    "Oneteffrank": 155,
    "Oorbp": 0.3333333333333333,
    "Oposs": 1062.4,
    "Otovr": 0.12596899224806202,
    "SoR": 0.0,
    "SoRrank": 157,
    "TAst": 185.0,
    "TBlk": 64.0,
    "TDR": 352.0,
    "TFGA": 830.0,
    "TFGA3": 304.0,
    "TFGM": 368.0,
    "TFGM3": 95.0,
    "TFTA": 296.0,
    "TFTM": 216.0,
    "TOR": 129.0,
    "TPF": 223.0,
    "TScore": 1047.0,
    "TStl": 75.0,
    "TTO": 230.0,
    "Tastr": 0.13452197434629592,
    "Tcorrdastr": 0.152672405139121,
    "Tcorrdastrrank": 234,
    "Tcorrdeff": 107.64621669425256,
    "Tcorrdeffrank": 214,
    "Tcorrdefgp": 0.49426407218859436,
    "Tcorrdefgprank": 126,
    "Tcorrdftr": 0.2870368742343102,
    "Tcorrdftrrank": 79,
    "Tcorrdorbp": 0.3100337572283352,
    "Tcorrdorbprank": 263,
    "Tcorrdtovr": 0.12035037173202014,
    "Tcorrdtovrrank": 342,
    "Tcorroastr": 0.13402571372112013,
    "Tcorroastrrank": 243,
    "Tcorroeff": 99.3480545559511,
    "Tcorroeffrank": 272,
    "Tcorroefgp": 0.5009478855248926,
    "Tcorroefgprank": 194,
    "Tcorroftr": 0.31054690229659027,
    "Tcorroftrrank": 237,
    "Tcorroorbp": 0.28813535437681487,
    "Tcorroorbprank": 182,
    "Tcorrotovr": 0.18458863797117783,
    "Tcorrotovrrank": 348,
    "Teff": 98.65817345746486,
    "Tefgp": 0.5006024096385542,
    "Tftr": 0.3566265060240964,
    "Tneteff": -8.298162138301464,
    "Tneteffrank": 257,
    "Torbp": 0.28227571115973743,
    "Tposs": 1061.24,
    "Ttovr": 0.1932383384863557,
    "closses": 3,
    "confplace": 7,
    "cwins": 1,
    "dates": [
        [
            11,
            9
        ],
        [
            11,
            16
        ],
        [
            11,
            19
        ],
        [
            11,
            22
        ],
        [
            11,
            23
        ],
        [
            11,
            26
        ],
        [
            11,
            30
        ],
        [
            12,
            7
        ],
        [
            12,
            16
        ],
        [
            12,
            18
        ],
        [
            12,
            21
        ],
        [
            1,
            4
        ],
        [
            1,
            9
        ],
        [
            1,
            11
        ],
        [
            1,
            18
        ]
    ],
    "geff": [
        [
            95.83133684714902,
            91.82174338883446
        ],
        [
            110.39686975964226,
            102.759009009009
        ],
        [
            106.0695344725987,
            117.50154607297463
        ],
        [
            99.94447529150472,
            90.39395574743658
        ],
        [
            140.990371389271,
            114.96225120109814
        ],
        [
            59.22865013774105,
            115.85044760400211
        ],
        [
            109.92275698158052,
            95.80838323353294
        ],
        [
            87.3015873015873,
            132.7433628318584
        ],
        [
            96.207473508087,
            101.35135135135134
        ],
        [
            99.94523548740415,
            108.153078202995
        ],
        [
            105.75296108291032,
            115.72783045175683
        ],
        [
            97.90402647545505,
            114.39732142857142
        ],
        [
            96.26604434072345,
            106.5668202764977
        ],
        [
            105.98141695702672,
            95.7207207207207
        ],
        [
            77.65830346475506,
            113.70527592480292
        ]
    ],
    "losses": 9,
    "nOT": [
        0,
        0,
        0,
        0,
        0,
        0,
        0,
        0,
        0,
        0,
        0,
        0,
        0,
        0,
        0
    ],
    "pace": 70.48061289671269,
    "poss": [
        [
            83.48,
            81.68
        ],
        [
            71.56,
            71.04
        ],
        [
            67.88,
            64.68
        ],
        [
            72.04,
            74.12
        ],
        [
            58.16,
            58.28
        ],
        [
            72.6,
            75.96
        ],
        [
            67.32,
            66.8
        ],
        [
            75.6,
            76.84
        ],
        [
            71.72,
            71.04
        ],
        [
            73.04,
            72.12
        ],
        [
            70.92,
            71.72
        ],
        [
            72.52,
            71.68
        ],
        [
            68.56,
            69.44
        ],
        [
            68.88,
            71.04
        ],
        [
            66.96000000000001,
            65.96
        ]
    ],
    "preseason_pace": 70.05828339587082,
    "preseason_pred": -5.0441953017318815,
    "preseason_predd": 109.65868263257522,
    "preseason_predo": 104.61448733084335,
    "schedule": [
        "florida-international",
        "nebraska-omaha",
        "loyola-il",
        "san-diego",
        "idaho",
        "ucla",
        "cal-state-bakersfield",
        "arizona",
        "new-mexico-state",
        "texas-pan-american",
        "northern-arizona",
        "grand-canyon",
        "tarleton-state",
        "texas-arlington",
        "seattle"
    ],
    "scores": [
        [
            80,
            75
        ],
        [
            79,
            73
        ],
        [
            72,
            76
        ],
        [
            72,
            67
        ],
        [
            82,
            67
        ],
        [
            43,
            88
        ],
        [
            74,
            64
        ],
        [
            66,
            102
        ],
        [
            69,
            72
        ],
        [
            73,
            78
        ],
        [
            75,
            83
        ],
        [
            71,
            82
        ],
        [
            66,
            74
        ],
        [
            73,
            68
        ],
        [
            52,
            75
        ]
    ],
    "wins": 6
}