{
    "CompRank": 219,
    "CompositeDef": 110.95384155453777,
    "CompositeOff": 105.84649517577115,
    "CompositePace": 71.24565806112776,
    "CompositeRating": -5.107346378766619,
    "HA": [
        "A",
        "A",
        "A",
        "N",
        "H",
        "A",
        "A",
        "H",
        "A",
        "A",
        "H",
        "H",
        "A",
        "H",
        "H",
        "A",
        "A",
        "A"
    ],
    "OAst": 237.0,
    "OAvgCompRat": 0.8199471021822593,
    "OBlk": 62.0,
    "ODR": 449.0,
    "OFGA": 1077.0,
    "OFGA3": 293.0,
    "OFGM": 528.0,
    "OFGM3": 91.0,
    "OFTA": 352.0,
    "OFTM": 252.0,
    "OOR": 173.0,
    "OPF": 312.0,
    "OScore": 1399.0,
    "OStl": 110.0,
    "OTO": 213.0,
    "Oastr": 0.14091373938687657,
    "Ocomprank": 129,
    "Ocorrdastr": 0.1357526252476928,
    "Ocorrdeff": 101.51570762500856,
    "Ocorrdeffrank": 44,
    "Ocorrdefgp": 0.5003305788717207,
    "Ocorrdftr": 0.35703651044735,
    "Ocorrdorbp": 0.2708280616093167,
    "Ocorrdtovr": 0.15665365144200719,
    "Ocorroastr": 0.13623646576402026,
    "Ocorroeff": 103.05389243266775,
    "Ocorroeffrank": 267,
    "Ocorroefgp": 0.48918645881852896,
    "Ocorroftr": 0.3454245282638717,
    "Ocorroorbp": 0.29129781035675867,
    "Ocorrotovr": 0.15488622429635768,
    "Oeff": 109.99465358367141,
    "Oefgp": 0.5324976787372331,
    "Oftr": 0.3268337975858867,
    "Oneteff": 1.5381848076591922,
    "Oneteffrank": 124,
    "Oorbp": 0.31684981684981683,
    "Oposs": 1271.88,
    "Otovr": 0.14741708654005867,
    "SoR": 0.0,
    "SoRrank": 177,
    "TAst": 197.0,
    "TBlk": 45.0,
    "TDR": 373.0,
    "TFGA": 1063.0,
    "TFGA3": 380.0,
    "TFGM": 460.0,
    "TFGM3": 112.0,
    "TFTA": 408.0,
    "TFTM": 304.0,
    "TOR": 155.0,
    "TPF": 291.0,
    "TScore": 1336.0,
    "TStl": 106.0,
    "TTO": 199.0,
    "Tastr": 0.12023045187120084,
    "Tcorrdastr": 0.14692659303306857,
    "Tcorrdastrrank": 223,
    "Tcorrdeff": 111.47346861754333,
    "Tcorrdeffrank": 306,
    "Tcorrdefgp": 0.5481619556110082,
    "Tcorrdefgprank": 326,
    "Tcorrdftr": 0.3136798101440738,
    "Tcorrdftrrank": 152,
    "Tcorrdorbp": 0.3016378735103377,
    "Tcorrdorbprank": 268,
    "Tcorrdtovr": 0.14200020526441173,
    "Tcorrdtovrrank": 227,
    "Tcorroastr": 0.1259111896418658,
    "Tcorroastrrank": 276,
    "Tcorroeff": 106.8330713680642,
    "Tcorroeffrank": 137,
    "Tcorroefgp": 0.4887437885338907,
    "Tcorroefgprank": 232,
    "Tcorroftr": 0.35747843399247725,
    "Tcorroftrrank": 113,
    "Tcorroorbp": 0.2634431615696237,
    "Tcorroorbprank": 213,
    "Tcorrotovr": 0.13147825144686165,
    "Tcorrotovrrank": 75,
    "Teff": 103.84603426297298,
    "Tefgp": 0.4854186265286924,
    "Tftr": 0.38381937911571024,
    "Tneteff": -4.640397249479136,
    "Tneteffrank": 217,
    "Torbp": 0.25662251655629137,
    "Tposs": 1286.52,
    "Ttovr": 0.13804872634441423,
    "closses": 6,
    "confplace": 8,
    "cwins": 3,
    "dates": [
        [
            11,
            6
        ],
        [
            11,
            14
        ],
        [
            11,
            21
        ],
        [
            11,
            22
        ],
        [
            11,
            29
        ],
        [
            12,
            2
        ],
        [
            12,
            5
        ],
        [
            12,
            9
        ],
        [
            12,
            16
        ],
        [
            12,
            19
        ],
        [
            12,
            22
        ],
        [
            1,
            4
        ],
        [
            1,
            6
        ],
        [
            1,
            13
        ],
        [
            1,
            18
        ],
        [
            1,
            20
        ],
        [
            1,
            25
        ],
        [
            1,
            27
        ]
    ],
    "geff": [
        [
            101.23734533183351,
            112.79357231149568
        ],
        [
            113.45218800648297,
            127.25779967159278
        ],
        [
            80.10882708585248,
            103.77942998760842
        ],
        [
            108.1239041496201,
            96.59746251441753
        ],
        [
            95.15570934256056,
            123.10606060606061
        ],
        [
            86.96852567642186,
            102.18365061590146
        ],
        [
            114.11889596602973,
            116.9590643274854
        ],
        [
            114.71740346950195,
            105.29311326124075
        ],
        [
            102.37963475373547,
            105.79064587973274
        ],
        [
            109.78043912175649,
            111.25
        ],
        [
            100.75934579439252,
            97.76536312849163
        ],
        [
            102.57111597374178,
            128.686327077748
        ],
        [
            89.95937318630295,
            115.20737327188941
        ],
        [
            114.9747616376893,
            124.70308788598575
        ],
        [
            94.45843828715364,
            84.76786645800729
        ],
        [
            108.75787063537494,
            121.70087976539588
        ],
        [
            113.2836747361887,
            101.39049826187717
        ],
        [
            116.94238448374215,
            98.99527186761229
        ]
    ],
    "losses": 12,
    "nOT": [
        0,
        0,
        0,
        0,
        0,
        0,
        0,
        0,
        0,
        1,
        0,
        0,
        0,
        0,
        0,
        0,
        0,
        0
    ],
    "pace": 71.28433049629902,
    "poss": [
        [
            71.12,
            64.72
        ],
        [
            74.04,
            73.08
        ],
        [
            66.16,
            64.56
        ],
        [
            68.44,
            69.36
        ],
        [
            69.36,
            73.92
        ],
        [
            72.44,
            71.44
        ],
        [
            75.36,
            75.24
        ],
        [
            71.48,
            70.28
        ],
        [
            72.28,
            71.84
        ],
        [
            80.16,
            80.0
        ],
        [
            68.48,
            64.44
        ],
        [
            73.12,
            74.6
        ],
        [
            68.92,
            69.44
        ],
        [
            71.32,
            67.36
        ],
        [
            79.4,
            76.68
        ],
        [
            69.88,
            68.2
        ],
        [
            64.44,
            69.04
        ],
        [
            70.12,
            67.68
        ]
    ],
    "preseason_pace": 70.76805348676251,
    "preseason_pred": -10.874168125467026,
    "preseason_predd": 104.53644732641907,
    "preseason_predo": 93.66227920095204,
    "schedule": [
        "cal-state-bakersfield",
        "utah-state",
        "louisiana-tech",
        "texas-state",
        "california-baptist",
        "seattle",
        "utah",
        "idaho-state",
        "northern-arizona",
        "montana-state",
        "middle-tennessee",
        "grand-canyon",
        "utah-valley",
        "stephen-f-austin",
        "dixie-state",
        "california-baptist",
        "tarleton-state",
        "abilene-christian"
    ],