{
    "CompRank": 186,
    "CompositeDef": 108.19252379392893,
    "CompositeOff": 106.56126659233506,
    "CompositePace": 69.11310475831122,
    "CompositeRating": -1.631257201594325,
    "HA": [
        "H",
        "A",
        "H",
        "H",
        "N",
        "N",
        "H",
        "H",
        "A",
        "H",
        "H",
        "A",
        "A",
        "A",
        "H",
        "A",
        "H",
        "A",
        "H",
        "A",
        "A",
        "H",
        "H",
        "A",
        "H"
    ],
    "Name": "illinois-state",
    "OAst": 330.0,
    "OAvgCompRat": 0.18182471503173953,
    "OBlk": 66.0,
    "ODR": 611.0,
    "OFGA": 1528.0,
    "OFGA3": 545.0,
    "OFGM": 683.0,
    "OFGM3": 193.0,
    "OFTA": 470.0,
    "OFTM": 355.0,
    "OOR": 273.0,
    "OPFwins": 429.0,
    "OScore": 1914.0,
    "OStl": 176.0,
    "OTO": 305.0,
    "Oastr": 0.13925225757447884,
    "Ocomprank": 159,
    "Ocorrdastr": 0.1328781462833047,
    "Ocorrdeff": 102.47973319484304,
    "Ocorrdeffrank": 162,
    "Ocorrdefgp": 0.49847347796106717,
    "Ocorrdftr": 0.2979045556170364,
    "Ocorrdorbp": 0.2642476726896998,
    "Ocorrdtovr": 0.15970606877643712,
    "Ocorroastr": 0.13734586263629572,
    "Ocorroeff": 102.59677091376052,
    "Ocorroeffrank": 170,
    "Ocorroefgp": 0.504048218445943,
    "Ocorroftr": 0.29943434352692666,
    "Ocorroorbp": 0.26381585186536205,
    "Ocorrotovr": 0.15964213128514107,
    "Oeff": 108.33144668326919,
    "Oefgp": 0.5101439790575916,
    "Oftr": 0.3075916230366492,
    "Oneteff": 0.11703771891748715,
    "Oneteffrank": 166,
    "Oorbp": 0.3046875,
    "Oposs": 1766.8,
    "Otovr": 0.14952446318266496,
    "SoR": 0.0,
    "SoRrank": 168,
    "TAst": 302.0,
    "TBlk": 115.0,
    "TDR": 623.0,
    "TFGA": 1476.0,
    "TFGA3": 541.0,
    "TFGM": 665.0,
    "TFGM3": 197.0,
    "TFTA": 489.0,
    "TFTM": 365.0,
    "TOR": 255.0,
    "TPF": 445.0,
    "TScore": 1892.0,
    "TStl": 160.0,
    "TTO": 339.0,
    "Tastr": 0.1294936882546652,
    "Tcorrdastr": 0.1428472571069146,
    "Tcorrdastrrank": 196,
    "Tcorrdeff": 108.27607270458878,
    "Tcorrdeffrank": 282,
    "Tcorrdefgp": 0.506071242843557,
    "Tcorrdefgprank": 198,
    "Tcorrdftr": 0.3137795819356893,
    "Tcorrdftrrank": 216,
    "Tcorrdorbp": 0.3263996582745028,
    "Tcorrdorbprank": 325,
    "Tcorrdtovr": 0.15450778494397369,
    "Tcorrdtovrrank": 241,
    "Tcorroastr": 0.13726181754786473,
    "Tcorroastrrank": 185,
    "Tcorroeff": 106.63666203429405,
    "Tcorroeffrank": 105,
    "Tcorroefgp": 0.5188316480232276,
    "Tcorroefgprank": 111,
    "Tcorroftr": 0.3405954920918635,
    "Tcorroftrrank": 75,
    "Tcorroorbp": 0.3155272605232566,
    "Tcorroorbprank": 86,
    "Tcorrotovr": 0.17241879001798197,
    "Tcorrotovrrank": 236,
    "Teff": 106.58194190946168,
    "Tefgp": 0.5172764227642277,
    "Tftr": 0.3313008130081301,
    "Tneteff": -1.6394106702947369,
    "Tneteffrank": 185,
    "Torbp": 0.29445727482678985,
    "Tposs": 1775.16,
    "Ttovr": 0.16698191275564486,
    "closses": 10,
    "confplace": 7,
    "cwins": 4,
    "dates": [
        [
            11,
            9
        ],
        [
            11,
            12
        ],
        [
            11,
            16
        ],
        [
            11,
            20
        ],
        [
            11,
            23
        ],
        [
            11,
            24
        ],
        [
            12,
            1
        ],
        [
            12,
            4
        ],
        [
            12,
            11
        ],
        [
            12,
            18
        ],
        [
            12,
            21
        ],
        [
            12,
            29
        ],
        [
            1,
            2
        ],
        [
            1,
            12
        ],
        [
            1,
            16
        ],
        [
            1,
            19
        ],
        [
            1,
            21
        ],
        [
            1,
            23
        ],
        [
            1,
            26
        ],
        [
            1,
            29
        ],
        [
            2,
            2
        ],
        [
            2,
            5
        ],
        [
            2,
            9
        ],
        [
            2,
            12
        ],
        [
            2,
            15
        ]
    ],
    "geff": [
        [
            98.43659525188188,
            93.52731591448931
        ],
        [
            103.90161153519932,
            110.84804132587172
        ],
        [
            96.61117717003567,
            112.17948717948718
        ],
        [
            118.24324324324324,
            112.66336187471833
        ],
        [
            107.5268817204301,
            113.88888888888889
        ],
        [
            118.85895404120444,
            136.5979381443299
        ],
        [
            104.49735449735451,
            95.31169500257599
        ],
        [
            81.69934640522877,
            95.25296689569021
        ],
        [
            120.77294685990337,
            114.07455012853471
        ],
        [
            122.54901960784314,
            90.96077316657191
        ],
        [
            116.91685912240185,
            95.01187648456057
        ],
        [
            121.98622273249137,
            128.8361320208454
        ],
        [
            99.78991596638656,
            107.94243070362472
        ],
        [
            116.74968866749687,
            129.98790810157195
        ],
        [
            112.87370347773032,
            99.57107843137254
        ],
        [
            93.6385255648038,
            131.10846245530394
        ],
        [
            155.32055518836748,
            93.02325581395348
        ],
        [
            74.22969187675069,
            80.45977011494253
        ],
        [
            109.39830929885629,
            111.0833749375936
        ],
        [
            97.26443768996961,
            121.53846153846153
        ],
        [
            93.0232558139535,
            117.68255884127942
        ],
        [
            102.80095351609057,
            109.71328262141603
        ],
        [
            104.27807486631016,
            99.20634920634922
        ],
        [
            83.8728663919953,
            88.96797153024912
        ],
        [
            113.41542449773169,
            115.01597444089458
        ]
    ],
    "losses": 16,
    "nOT": [
        0,
        1,
        0,
        1,
        0,
        0,
        1,
        0,
        0,
        0,
        0,
        0,
        1,
        0,
        0,
        0,
        0,
        0,
        1,
        0,
        0,
        0,
        1,
        0,
        0
    ],
    "pace": 69.10107891795721,