{
    "CompRank": 110,
    "CompositeDef": 109.26658841527785,
    "CompositeOff": 114.73868497769465,
    "CompositePace": 65.65512012107162,
    "CompositeRating": 5.4720965624167945,
    "HA": [
        "H",
        "A",
        "H",
        "N",
        "N",
        "N",
        "A",
        "H",
        "H",
        "H",
        "A",
        "H",
        "A",
        "H",
        "A",
        "H",
        "A",
        "H",
        "H",
        "A",
        "H",
        "H",
        "A",
        "A",
        "H",
        "A",
        "H",
        "A"
    ],
    "OAst": 359.0,
    "OAvgCompRat": 0.5741684566296161,
    "OBlk": 68.0,
    "ODR": 622.0,
    "OFGA": 1552.0,
    "OFGA3": 689.0,
    "OFGM": 719.0,
    "OFGM3": 250.0,
    "OFTA": 481.0,
    "OFTM": 363.0,
    "OOR": 206.0,
    "OPF": 446.0,
    "OScore": 2051.0,
    "OStl": 149.0,
    "OTO": 297.0,
    "Oastr": 0.14836917888611528,
    "Ocomprank": 129,
    "Ocorrdastr": 0.14325526630217153,
    "Ocorrdeff": 107.2340894783721,
    "Ocorrdeffrank": 193,
    "Ocorrdefgp": 0.5132242463461981,
    "Ocorrdftr": 0.33410619231200017,
    "Ocorrdorbp": 0.2779608178414729,
    "Ocorrdtovr": 0.1463798034491787,
    "Ocorroastr": 0.15498223035539907,
    "Ocorroeff": 107.58486017180587,
    "Ocorroeffrank": 114,
    "Ocorroefgp": 0.525531561515453,
    "Ocorroftr": 0.34229470956693187,
    "Ocorroorbp": 0.2856643523099531,
    "Ocorrotovr": 0.1537835401517537,
    "Oeff": 110.5874994608118,
    "Oefgp": 0.5438144329896907,
    "Oftr": 0.30992268041237114,
    "Oneteff": 0.3507706934337733,
    "Oneteffrank": 143,
    "Oorbp": 0.2409356725146199,
    "Oposs": 1854.64,
    "Otovr": 0.1441299790356394,
    "SoR": 0.0,
    "SoRrank": 118,
    "TAst": 396.0,
    "TBlk": 44.0,
    "TDR": 649.0,
    "TFGA": 1525.0,
    "TFGA3": 724.0,
    "TFGM": 735.0,
    "TFGM3": 276.0,
    "TFTA": 488.0,
    "TFTM": 365.0,
    "TOR": 198.0,
    "TPF": 405.0,
    "TScore": 2111.0,
    "TStl": 156.0,
    "TTO": 282.0,
    "Tastr": 0.16379067882136888,
    "Tcorrdastr": 0.1401236237021605,
    "Tcorrdastrrank": 117,
    "Tcorrdeff": 109.26658841527785,
    "Tcorrdeffrank": 227,
    "Tcorrdefgp": 0.5274024434946052,
    "Tcorrdefgprank": 239,
    "Tcorrdftr": 0.3013222565686108,
    "Tcorrdftrrank": 114,
    "Tcorrdorbp": 0.24227578821915252,
    "Tcorrdorbprank": 31,
    "Tcorrdtovr": 0.13932028479322123,
    "Tcorrdtovrrank": 241,
    "Tcorroastr": 0.16736696814515034,
    "Tcorroastrrank": 60,
    "Tcorroeff": 114.73868497769465,
    "Tcorroeffrank": 59,
    "Tcorroefgp": 0.5686339981744304,
    "Tcorroefgprank": 33,
    "Tcorroftr": 0.31955474442743104,
    "Tcorroftrrank": 213,
    "Tcorroorbp": 0.2501004087104649,
    "Tcorroorbprank": 278,
    "Tcorrotovr": 0.14166848730123477,
    "Tcorrotovrrank": 135,
    "Teff": 115.75241813436273,
    "Tefgp": 0.5724590163934427,
    "Tftr": 0.32,
    "Tneteff": 5.4720965624167945,
    "Tneteffrank": 110,
    "Torbp": 0.24146341463414633,
    "Tposs": 1823.72,
    "Ttovr": 0.13948519082761213,
    "closses": 9,
    "confplace": 5,
    "cwins": 9,
    "dates": [
        [
            11,
            4
        ],
        [
            11,
            7
        ],
        [
            11,
            12
        ],
        [
            11,
            22
        ],
        [
            11,
            23
        ],
        [
            11,
            25
        ],
        [
            12,
            4
        ],
        [
            12,
            7
        ],
        [
            12,
            15
        ],
        [
            12,
            18
        ],
        [
            12,
            22
        ],
        [
            12,
            29
        ],
        [
            1,
            2
        ],
        [
            1,
            5
        ],
        [
            1,
            8
        ],
        [
            1,
            11
        ],
        [
            1,
            15
        ],
        [
            1,
            18
        ],
        [
            1,
            21
        ],
        [
            1,
            25
        ],
        [
            1,
            29
        ],
        [
            2,
            1
        ],
        [
            2,
            5
        ],
        [
            2,
            8
        ],
        [
            2,
            12
        ],
        [
            2,
            15
        ],
        [
            2,
            19
        ],
        [
            2,
            22
        ]
    ],
    "geff": [
        [
            86.29845990440786,
            85.98562628336755
        ],
        [
            123.87387387387388,
            97.64503159103963
        ],
        [
            132.72954403497815,
            117.11430356027485
        ],
        [
            111.03853690398432,
            125.74454003970881
        ],
        [
            117.51538891997761,
            110.1380042462845
        ],
        [
            101.20177103099304,
            107.14285714285714
        ],
        [
            122.16624685138538,
            122.16189536031588
        ],
        [
            117.34028683181225,
            95.37210756722952
        ],
        [
            130.14138817480722,
            125.89928057553958
        ],
        [
            117.11972238288028,
            85.37279453614114
        ],
        [
            123.22858903265558,
            115.8243080625752
        ],
        [
            104.2963885429639,
            116.46458200382898
        ],
        [
            117.38578680203045,
            112.50827266710787
        ],
        [
            125.51683402244537,
            79.27187316500293
        ],
        [
            81.88824662813101,
            112.37785016286645
        ],
        [
            131.49655604257984,
            130.20833333333334
        ],
        [
            115.1560178306092,
            129.81904012588512
        ],
        [
            122.84196547144754,
            108.69565217391305
        ],
        [
            114.9891774891775,
            105.74412532637076
        ],
        [
            91.22919334186939,
            100.85978835978835
        ],
        [
            122.4304715840387,
            113.50407450523865
        ],
        [
            138.08606294155427,
            124.36224489795919
        ],
        [
            126.08966376089661,
            114.4927536231884
        ],
        [
            99.69325153374233,
            102.59505129752564
        ],
        [
            117.66503667481663,
            130.7596513075965
        ],
        [
            111.69900058788949,
            126.4128494943486
        ],
        [
            130.40712468193385,
            106.22381807301016
        ],
        [
            110.61946902654867,
            106.78391959798995
        ]
    ],
    "losses": 12,
    "nOT": [
        0,
        0,
        0,
        0,
        0,
        0,
        1,
        0,
        0,
        0,
        0,
        0,
        0,
        0,
        0,
        0,
        0,
        0,
        0,
        0,
        0,
        0,
        0,
        0,
        0,
        0,
        0,
        0
    ],
    "pace": 65.65512012107162,