{
    "CompRank": 115,
    "CompositeDef": 100.73815705087293,
    "CompositeOff": 105.48327431016298,
    "CompositePace": 70.31777831449567,
    "CompositeRating": 4.745117259290053,
    "HA": [
        "N",
        "H",
        "N",
        "H",
        "N",
        "N",
        "N",
        "A",
        "H",
        "A"
    ],
    "OAst": 128.0,
    "OAvgCompRat": 0.15540469699106454,
    "OBlk": 19.0,
    "ODR": 221.0,
    "OFGA": 590.0,
    "OFGA3": 286.0,
    "OFGM": 244.0,
    "OFGM3": 89.0,
    "OFTA": 175.0,
    "OFTM": 128.0,
    "OOR": 65.0,
    "OPF": 173.0,
    "OScore": 705.0,
    "OStl": 79.0,
    "OTO": 99.0,
    "Oastr": 0.14317673378076062,
    "Ocomprank": 150,
    "Ocorrdastr": 0.1372211527798574,
    "Ocorrdeff": 105.07330422644168,
    "Ocorrdeffrank": 200,
    "Ocorrdefgp": 0.5084828965529462,
    "Ocorrdftr": 0.35364432356580455,
    "Ocorrdorbp": 0.2744593972996874,
    "Ocorrdtovr": 0.15474800550319667,
    "Ocorroastr": 0.14893627995829622,
    "Ocorroeff": 106.31648172636054,
    "Ocorroeffrank": 111,
    "Ocorroefgp": 0.5149787782619178,
    "Ocorroftr": 0.3721258209582502,
    "Ocorroorbp": 0.2936879519046646,
    "Ocorrotovr": 0.15577193684445856,
    "Oeff": 100.57061340941512,
    "Oefgp": 0.48898305084745763,
    "Oftr": 0.2966101694915254,
    "Oneteff": 1.2431774999188576,
    "Oneteffrank": 145,
    "Oorbp": 0.18413597733711048,
    "Oposs": 701.0,
    "Otovr": 0.12924281984334204,
    "SoR": 2.39714770126761,
    "SoRrank": 128,
    "TAst": 139.0,
    "TBlk": 25.0,
    "TDR": 288.0,
    "TFGA": 594.0,
    "TFGA3": 245.0,
    "TFGM": 272.0,
    "TFGM3": 78.0,
    "TFTA": 179.0,
    "TFTM": 140.0,
    "TOR": 96.0,
    "TPF": 151.0,
    "TScore": 762.0,
    "TStl": 47.0,
    "TTO": 125.0,
    "Tastr": 0.14838379093898116,
    "Tcorrdastr": 0.13902614249872888,
    "Tcorrdastrrank": 136,
    "Tcorrdeff": 98.9892905870691,
    "Tcorrdeffrank": 91,
    "Tcorrdefgp": 0.4796646545805924,
    "Tcorrdefgprank": 102,
    "Tcorrdftr": 0.26922942063387806,
    "Tcorrdftrrank": 62,
    "Tcorrdorbp": 0.17762723907808595,
    "Tcorrdorbprank": 2,
    "Tcorrdtovr": 0.12509378528249657,
    "Tcorrdtovrrank": 310,
    "Tcorroastr": 0.1564235930257736,
    "Tcorroastrrank": 107,
    "Tcorroeff": 108.19443938729844,
    "Tcorroeffrank": 120,
    "Tcorroefgp": 0.5204652069289566,
    "Tcorroefgprank": 137,
    "Tcorroftr": 0.28866146127671716,
    "Tcorroftrrank": 282,
    "Tcorroorbp": 0.31339958485337477,
    "Tcorroorbprank": 108,
    "Tcorrotovr": 0.15254689325760773,
    "Tcorrotovrrank": 180,
    "Teff": 108.58413132694939,
    "Tefgp": 0.5235690235690236,
    "Tftr": 0.30134680134680136,
    "Tneteff": 9.205148800229338,
    "Tneteffrank": 87,
    "Torbp": 0.3028391167192429,
    "Tposs": 701.76,
    "Ttovr": 0.15668872843963097,
    "closses": 0,
    "confplace": 1,
    "cwins": 0,
    "dates": [
        [
            11,
            4
        ],
        [
            11,
            8
        ],
        [
            11,
            14
        ],
        [
            11,
            20
        ],
        [
            11,
            24
        ],
        [
            11,
            25
        ],
        [
            11,
            26
        ],
        [
            12,
            4
        ],
        [
            12,
            7
        ],
        [
            12,
            11
        ]
    ],
    "geff": [
        [
            111.04941699056079,
            98.80887926367082
        ],
        [
            111.79429849077697,
            113.050944476245
        ],
        [
            91.02902374670185,
            112.19792865362486
        ],
        [
            122.03963267278878,
            87.5979714153988
        ],
        [
            109.36537276648183,
            85.91065292096219
        ],
        [
            115.49295774647888,
            120.01156737998843
        ],
        [
            116.89526184538654,
            85.8838226108682
        ],
        [
            91.43013100436681,
            99.94369369369369
        ],
        [
            108.75955320399764,
            80.69427527405603
        ],
        [
            108.24742268041237,
            125.81699346405229
        ]
    ],
    "losses": 4,
    "nOT": [
        0,
        0,
        0,
        0,
        0,
        0,
        0,
        0,
        0,
        0
    ],
    "pace": 71.0866802814677,
    "poss": [
        [
            72.04,
            73.88
        ],
        [
            71.56,
            69.88
        ],
        [
            75.8,
            69.52
        ],
        [
            82.76,
            86.76
        ],
        [
            64.92,
            69.84
        ],
        [
            71.0,
            69.16
        ],
        [
            64.16,
            64.04
        ],
        [
            73.28,
            71.04
        ],
        [
            68.04,
            65.68
        ],
        [
            58.2,
            61.2
        ]
    ],
    "preseason_pace": 68.2083078975628,
    "preseason_pred": -7.490908916126368,
    "preseason_predd": 105.53614460589027,
    "preseason_predo": 98.0452356897639,
    "schedule": [
        "mcneese-state",
        "long-beach-state",
        "northern-colorado",
        "southern-mississippi",
        "duquesne",
        "boise-state",
        "missouri-state",
        "montana",
        "eastern-washington",
        "nevada"
    ],
    "scores": [
        [
            80,
            73
        ],
        [
            80,
            79
        ],
        [
            69,
            78
        ],
        [
            101,
            76
        ],
        [
            71,
            60
        ],
        [
            82,
            83
        ],
        [
            75,
            55
        ],
        [
            67,
            71
        ],
        [
            74,
            53
        ],
        [
            63,
            77
        ]
    ],
    "wins": 6
}