{
    "CompRank": 86,
    "CompositeDef": 104.02355093741592,
    "CompositeOff": 114.3750267711981,
    "CompositePace": 70.7855250321684,
    "CompositeRating": 10.351475833782175,
    "HA": [
        "H",
        "A",
        "A",
        "H",
        "N",
        "N",
        "N",
        "H",
        "A",
        "N",
        "A",
        "H",
        "H",
        "A",
        "H",
        "A",
        "H",
        "A",
        "A",
        "H",
        "H",
        "A",
        "A",
        "A",
        "H",
        "H",
        "H"
    ],
    "Name": "south-dakota-state",
    "OAst": 340.0,
    "OAvgCompRat": -3.4567204197159285,
    "OBlk": 73.0,
    "ODR": 619.0,
    "OFGA": 1702.0,
    "OFGA3": 728.0,
    "OFGM": 739.0,
    "OFGM3": 255.0,
    "OFTA": 356.0,
    "OFTM": 268.0,
    "OOR": 241.0,
    "OPFwins": 493.0,
    "OScore": 2001.0,
    "OStl": 133.0,
    "OTO": 310.0,
    "Oastr": 0.13553160278078957,
    "Ocomprank": 271,
    "Ocorrdastr": 0.1351496891564677,
    "Ocorrdeff": 106.7635705889444,
    "Ocorrdeffrank": 338,
    "Ocorrdefgp": 0.5151915694147512,
    "Ocorrdftr": 0.32756788735152553,
    "Ocorrdorbp": 0.28088120255755405,
    "Ocorrdtovr": 0.15326037449052313,
    "Ocorroastr": 0.1340867969168974,
    "Ocorroeff": 102.45240172735083,
    "Ocorroeffrank": 183,
    "Ocorroefgp": 0.49937953186374806,
    "Ocorroftr": 0.3095295423708652,
    "Ocorroorbp": 0.27421856393021354,
    "Ocorrotovr": 0.16451711972833175,
    "Oeff": 103.80568985910232,
    "Oefgp": 0.5091069330199764,
    "Oftr": 0.209165687426557,
    "Oneteff": -4.311168861593572,
    "Oneteffrank": 275,
    "Oorbp": 0.24075924075924077,
    "Oposs": 1927.64,
    "Otovr": 0.1429467315921499,
    "SoR": 68.80576459742893,
    "SoRrank": 49,
    "TAst": 406.0,
    "TBlk": 65.0,
    "TDR": 760.0,
    "TFGA": 1567.0,
    "TFGA3": 556.0,
    "TFGM": 820.0,
    "TFGM3": 247.0,
    "TFTA": 542.0,
    "TFTM": 413.0,
    "TOR": 185.0,
    "TPF": 427.0,
    "TScore": 2300.0,
    "TStl": 155.0,
    "TTO": 313.0,
    "Tastr": 0.1608251996450754,
    "Tcorrdastr": 0.14255287092423338,
    "Tcorrdastrrank": 196,
    "Tcorrdeff": 104.02355093741592,
    "Tcorrdeffrank": 202,
    "Tcorrdefgp": 0.5101234696660998,
    "Tcorrdefgprank": 210,
    "Tcorrdftr": 0.20686435829877922,
    "Tcorrdftrrank": 8,
    "Tcorrdorbp": 0.24779581832852238,
    "Tcorrdorbprank": 56,
    "Tcorrdtovr": 0.14298176126668316,
    "Tcorrdtovrrank": 303,
    "Tcorroastr": 0.16777440731973958,
    "Tcorroastrrank": 35,
    "Tcorroeff": 114.3750267711981,
    "Tcorroeffrank": 21,
    "Tcorroefgp": 0.5847044797994102,
    "Tcorroefgprank": 6,
    "Tcorroftr": 0.32406456235613745,
    "Tcorroftrrank": 119,
    "Tcorroorbp": 0.23161475028149806,
    "Tcorroorbprank": 313,
    "Tcorrotovr": 0.15859711704437082,
    "Tcorrotovrrank": 134,
    "Teff": 118.9564929557068,
    "Tefgp": 0.6021059349074664,
    "Tftr": 0.34588385449904274,
    "Tneteff": 10.351475833782175,
    "Tneteffrank": 86,
    "Torbp": 0.2300995024875622,
    "Tposs": 1933.48,
    "Ttovr": 0.14774744156187455,
    "closses": 0,
    "confplace": 1,
    "cwins": 16,
    "dates": [
        [
            11,
            9
        ],
        [
            11,
            12
        ],
        [
            11,
            14
        ],
        [
            11,
            17
        ],
        [
            11,
            22
        ],
        [
            11,
            23
        ],
        [
            11,
            24
        ],
        [
            11,
            30
        ],
        [
            12,
            8
        ],
        [
            12,
            11
        ],
        [
            12,
            15
        ],
        [
            12,
            20
        ],
        [
            12,
            22
        ],
        [
            12,
            30
        ],
        [
            1,
            8
        ],
        [
            1,
            13
        ],
        [
            1,
            15
        ],
        [
            1,
            20
        ],
        [
            1,
            22
        ],
        [
            1,
            27
        ],
        [
            1,
            29
        ],
        [
            1,
            31
        ],
        [
            2,
            5
        ],
        [
            2,
            10
        ],
        [
            2,
            12
        ],
        [
            2,
            17
        ],
        [
            2,
            19
        ]
    ],
    "geff": [
        [
            100.29717682020802,
            81.65829145728644
        ],
        [
            110.11011011011011,
            129.74051896207587
        ],
        [
            110.60767590618336,
            94.16445623342175
        ],
        [
            125.76008844665562,
            104.28410372040587
        ],
        [
            126.73956262425446,
            93.33001493280238
        ],
        [
            103.42950462710941,
            117.82231852654387
        ],
        [
            120.99213551119176,
            115.99511599511598
        ],
        [
            130.33175355450237,
            113.12217194570135
        ],
        [
            110.9936575052854,
            136.18677042801554
        ],
        [
            112.24489795918369,
            108.95170789163721
        ],
        [
            87.89062499999999,
            103.76314333148865
        ],
        [
            118.35106382978724,
            78.16785518376302
        ],
        [
            115.81920903954803,
            107.89324247586599
        ],
        [
            137.44654856444714,
            132.2263222632226
        ],
        [
            121.66859791425262,
            95.92680047225502
        ],
        [
            133.72747747747746,
            118.78453038674033
        ],
        [
            112.99435028248588,
            88.62206975414523
        ],
        [
            135.05578391074573,
            109.8744292237443
        ],
        [
            126.2214983713355,
            103.36273428886439
        ],
        [
            136.830102622577,
            87.19268153230418
        ],
        [
            106.49627263045792,
            103.42950462710941
        ],
        [
            103.91923990498812,
            94.22850412249706
        ],
        [
            128.61271676300578,
            111.7081447963801
        ],
        [
            137.2549019607843,
            97.25765306122449
        ],
        [
            122.53436939629408,
            96.03274559193954
        ],
        [
            126.74094707520892,
            91.71762090050026
        ],
        [
            117.07172495554238,
            87.41258741258741
        ]
    ],
    "losses": 4,
    "nOT": [
        0,
        0,
        0,
        0,
        0,
        0,
        0,
        0,
        0,
        0,
        0,
        0,
        0,
        0,
        0,
        0,
        0,
        0,
        0,
        0,
        0,
        0,
        0,
        0,
        0,
        0,
        0
    ],
    "pace": 70.7855250321684,