{
    "CompRank": 157,
    "CompositeDef": 108.46535385998115,
    "CompositeOff": 109.22886347804956,
    "CompositePace": 69.34555685729995,
    "CompositeRating": 0.7635096180684042,
    "HA": [
        "N",
        "A",
        "A",
        "H",
        "N",
        "N",
        "A",
        "H",
        "A",
        "N",
        "N",
        "A",
        "H",
        "A",
        "H"
    ],
    "OAst": 209.0,
    "OAvgCompRat": -0.6568688562492788,
    "OBlk": 48.0,
    "ODR": 362.0,
    "OFGA": 884.0,
    "OFGA3": 406.0,
    "OFGM": 384.0,
    "OFGM3": 132.0,
    "OFTA": 315.0,
    "OFTM": 233.0,
    "OOR": 144.0,
    "OPF": 216.0,
    "OScore": 1133.0,
    "OStl": 112.0,
    "OTO": 162.0,
    "Oastr": 0.14997129735935708,
    "Ocomprank": 192,
    "Ocorrdastr": 0.14434483160441136,
    "Ocorrdeff": 107.1514521186807,
    "Ocorrdeffrank": 118,
    "Ocorrdefgp": 0.5084865155268781,
    "Ocorrdftr": 0.35510749424738997,
    "Ocorrdorbp": 0.31068382697839764,
    "Ocorrdtovr": 0.15024360357546915,
    "Ocorroastr": 0.14925466799323767,
    "Ocorroeff": 108.29765066779761,
    "Ocorroeffrank": 190,
    "Ocorroefgp": 0.5083619557808634,
    "Ocorroftr": 0.3556994715979418,
    "Ocorroorbp": 0.29900515435867986,
    "Ocorrotovr": 0.14566738403419963,
    "Oeff": 108.87949260042284,
    "Oefgp": 0.5090497737556561,
    "Oftr": 0.3563348416289593,
    "Oneteff": 1.1461985491169173,
    "Oneteffrank": 156,
    "Oorbp": 0.2807017543859649,
    "Oposs": 1040.6,
    "Otovr": 0.13675502279250382,
    "SoR": 0.0,
    "SoRrank": 154,
    "TAst": 209.0,
    "TBlk": 33.0,
    "TDR": 369.0,
    "TFGA": 882.0,
    "TFGA3": 354.0,
    "TFGM": 394.0,
    "TFGM3": 119.0,
    "TFTA": 303.0,
    "TFTM": 216.0,
    "TOR": 157.0,
    "TPF": 214.0,
    "TScore": 1123.0,
    "TStl": 82.0,
    "TTO": 175.0,
    "Tastr": 0.14935825972615271,
    "Tcorrdastr": 0.1481547302925686,
    "Tcorrdastrrank": 193,
    "Tcorrdeff": 108.86953689652493,
    "Tcorrdeffrank": 183,
    "Tcorrdefgp": 0.5128437890093818,
    "Tcorrdefgprank": 184,
    "Tcorrdftr": 0.35926078483292206,
    "Tcorrdftrrank": 197,
    "Tcorrdorbp": 0.28596944095025906,
    "Tcorrdorbprank": 110,
    "Tcorrdtovr": 0.14061013272509537,
    "Tcorrdtovrrank": 233,
    "Tcorroastr": 0.1527535176037534,
    "Tcorroastrrank": 138,
    "Tcorroeff": 109.91291899549208,
    "Tcorroeffrank": 149,
    "Tcorroefgp": 0.5184397181681786,
    "Tcorroefgprank": 159,
    "Tcorroftr": 0.3479883590744557,
    "Tcorroftrrank": 209,
    "Tcorroorbp": 0.2974098452112426,
    "Tcorroorbprank": 199,
    "Tcorrotovr": 0.14640316987015764,
    "Tcorrotovrrank": 162,
    "Teff": 108.678821662215,
    "Tefgp": 0.514172335600907,
    "Tftr": 0.3435374149659864,
    "Tneteff": 1.0433820989671432,
    "Tneteffrank": 159,
    "Torbp": 0.302504816955684,
    "Tposs": 1033.32,
    "Ttovr": 0.1470192889307077,
    "closses": 1,
    "confplace": 4,
    "cwins": 2,
    "dates": [
        [
            11,
            3
        ],
        [
            11,
            9
        ],
        [
            11,
            12
        ],
        [
            11,
            21
        ],
        [
            11,
            25
        ],
        [
            11,
            26
        ],
        [
            12,
            3
        ],
        [
            12,
            6
        ],
        [
            12,
            9
        ],
        [
            12,
            15
        ],
        [
            12,
            19
        ],
        [
            12,
            29
        ],
        [
            1,
            1
        ],
        [
            1,
            3
        ],
        [
            1,
            8
        ]
    ],
    "geff": [
        [
            106.47359454855196,
            86.97944122298367
        ],
        [
            94.83322432962721,
            103.5031847133758
        ],
        [
            96.964586846543,
            118.50371216447743
        ],
        [
            144.46890478811227,
            79.582875960483
        ],
        [
            75.31865585168019,
            107.38831615120274
        ],
        [
            70.76755579749592,
            89.73639932697701
        ],
        [
            111.94029850746269,
            90.69631363370392
        ],
        [
            119.96445497630333,
            123.96694214876032
        ],
        [
            109.96119016817593,
            100.31347962382445
        ],
        [
            109.82306284319706,
            130.23952095808383
        ],
        [
            125.00000000000001,
            132.13213213213214
        ],
        [
            92.8347280334728,
            127.51159196290571
        ],
        [
            121.31715771230503,
            99.48096885813149
        ],
        [
            124.07301768397033,
            132.5088339222615
        ],
        [
            127.94117647058823,
            113.50574712643679
        ]
    ],
    "losses": 9,
    "nOT": [
        0,
        0,
        0,
        0,
        0,
        0,
        0,
        0,
        0,
        0,
        0,
        0,
        0,
        1,
        0
    ],
    "pace": 69.36436731988768,
    "poss": [
        [
            70.44,
            75.88
        ],
        [
            61.16,
            62.8
        ],
        [
            71.16,
            70.04
        ],
        [
            72.68,
            72.88
        ],
        [
            69.03999999999999,
            69.84
        ],
        [
            73.48,
            71.32
        ],
        [
            67.0,
            68.36
        ],
        [
            67.52,
            67.76
        ],
        [
            61.84,
            63.8
        ],
        [
            65.56,
            66.8
        ],
        [
            69.6,
            66.6
        ],
        [
            76.48,
            77.64
        ],
        [
            69.24,
            69.36
        ],
        [
            70.12,
            67.92
        ],
        [
            68.0,
            69.6
        ]
    ],
    "preseason_pace": 69.2277563353443,
    "preseason_pred": -0.9891917935599484,
    "preseason_predd": 105.9341575936258,
    "preseason_predo": 104.94496580006586,
    "schedule": [
        "merrimack",
        "northern-iowa",
        "oregon",
        "georgia-state",
        "utah-valley",
        "california-irvine",
        "northern-arizona",
        "idaho",
        "ball-state",
        "wyoming",
        "milwaukee",
        "arizona",
        "nebraska-omaha",
        "north-dakota",
        "denver"
    ],
    "scores": [
        [
            75,
            66
        ],
        [
            58,
            65
        ],
        [
            69,
            83
        ],
        [
            105,
            58
        ],
        [
            52,
            75
        ],
        [
            52,
            64
        ],
        [
            75,
            62
        ],
        [
            81,
            84
        ],
        [
            68,
            64
        ],
        [
            72,
            87
        ],
        [
            87,
            88
        ],
        [
            71,
            99
        ],
        [
            84,
            69
        ],
        [
            87,
            90
        ],
        [
            87,
            79
        ]
    ],
    "wins": 6
}