{
    "CompRank": 187,
    "CompositeDef": 109.54210712223033,
    "CompositeOff": 106.78457483141577,
    "CompositePace": 70.39574228230912,
    "CompositeRating": -2.7575322908145594,
    "HA": [
        "A",
        "A",
        "H",
        "A",
        "H",
        "H",
        "H",
        "A",
        "A",
        "H",
        "H",
        "A",
        "A"
    ],
    "OAst": 190.0,
    "OAvgCompRat": 1.1391254825750845,
    "OBlk": 43.0,
    "ODR": 313.0,
    "OFGA": 848.0,
    "OFGA3": 303.0,
    "OFGM": 381.0,
    "OFGM3": 95.0,
    "OFTA": 262.0,
    "OFTM": 190.0,
    "OOR": 164.0,
    "OPF": 214.0,
    "OScore": 1047.0,
    "OStl": 110.0,
    "OTO": 134.0,
    "Oastr": 0.14759803616928718,
    "Ocomprank": 114,
    "Ocorrdastr": 0.14591783193918537,
    "Ocorrdeff": 108.0498905620159,
    "Ocorrdeffrank": 172,
    "Ocorrdefgp": 0.5180778672597982,
    "Ocorrdftr": 0.3747351283265556,
    "Ocorrdorbp": 0.30254956375100467,
    "Ocorrdtovr": 0.1562173277568748,
    "Ocorroastr": 0.14718497399099714,
    "Ocorroeff": 111.23487449879757,
    "Ocorroeffrank": 59,
    "Ocorroefgp": 0.5187554185296738,
    "Ocorroftr": 0.37222952973270035,
    "Ocorroorbp": 0.3153587693911508,
    "Ocorrotovr": 0.14506466523743827,
    "Oeff": 112.18498199897137,
    "Oefgp": 0.5053066037735849,
    "Oftr": 0.3089622641509434,
    "Oneteff": 3.184983936781663,
    "Oneteffrank": 101,
    "Oorbp": 0.3319838056680162,
    "Oposs": 933.28,
    "Otovr": 0.1221201516477107,
    "SoR": 0.0,
    "SoRrank": 163,
    "TAst": 197.0,
    "TBlk": 39.0,
    "TDR": 330.0,
    "TFGA": 716.0,
    "TFGA3": 301.0,
    "TFGM": 339.0,
    "TFGM3": 107.0,
    "TFTA": 284.0,
    "TFTM": 221.0,
    "TOR": 88.0,
    "TPF": 157.0,
    "TScore": 1006.0,
    "TStl": 68.0,
    "TTO": 189.0,
    "Tastr": 0.16055943144030774,
    "Tcorrdastr": 0.14775727830006719,
    "Tcorrdastrrank": 192,
    "Tcorrdeff": 109.13902270856026,
    "Tcorrdeffrank": 187,
    "Tcorrdefgp": 0.49854332150672964,
    "Tcorrdefgprank": 131,
    "Tcorrdftr": 0.29776468841041887,
    "Tcorrdftrrank": 56,
    "Tcorrdorbp": 0.32073709563464287,
    "Tcorrdorbprank": 245,
    "Tcorrdtovr": 0.12617125815996086,
    "Tcorrdtovrrank": 317,
    "Tcorroastr": 0.16233025942067975,
    "Tcorroastrrank": 84,
    "Tcorroeff": 107.04343782380634,
    "Tcorroeffrank": 189,
    "Tcorroefgp": 0.5421527187516182,
    "Tcorroefgprank": 88,
    "Tcorroftr": 0.3808803483872496,
    "Tcorroftrrank": 128,
    "Tcorroorbp": 0.22160584422758836,
    "Tcorroorbprank": 352,
    "Tcorrotovr": 0.17586648004143496,
    "Tcorrotovrrank": 334,
    "Teff": 106.79859017368041,
    "Tefgp": 0.5481843575418994,
    "Tftr": 0.39664804469273746,
    "Tneteff": -2.0955848847539187,
    "Tneteffrank": 188,
    "Torbp": 0.2194513715710723,
    "Tposs": 941.96,
    "Ttovr": 0.1835022719328906,
    "closses": 1,
    "confplace": 2,
    "cwins": 3,
    "dates": [
        [
            11,
            8
        ],
        [
            11,
            11
        ],
        [
            11,
            14
        ],
        [
            11,
            18
        ],
        [
            11,
            23
        ],
        [
            11,
            25
        ],
        [
            12,
            3
        ],
        [
            12,
            6
        ],
        [
            12,
            20
        ],
        [
            1,
            1
        ],
        [
            1,
            3
        ],
        [
            1,
            8
        ],
        [
            1,
            10
        ]
    ],
    "geff": [
        [
            92.54218835057158,
            121.98391420911528
        ],
        [
            124.57254518808013,
            117.90060851926978
        ],
        [
            112.83851554663991,
            102.19341974077767
        ],
        [
            117.86961583236321,
            123.27981651376146
        ],
        [
            85.04319654427646,
            93.76723662437949
        ],
        [
            113.45852895148668,
            123.95615866388309
        ],
        [
            103.27022375215147,
            117.93826441467675
        ],
        [
            115.22753792298717,
            110.42402826855124
        ],
        [
            72.38605898123325,
            128.1352235550709
        ],
        [
            117.89600967351875,
            100.62893081761005
        ],
        [
            117.77301927194861,
            103.62014690451207
        ],
        [
            111.77136389360497,
            107.73317591499409
        ],
        [
            103.30578512396694,
            104.62904248573241
        ]
    ],
    "losses": 7,
    "nOT": [
        0,
        0,
        0,
        0,
        0,
        0,
        0,
        0,
        0,
        0,
        0,
        0,
        0
    ],
    "pace": 70.92950344954282,
    "poss": [
        [
            73.48,
            74.6
        ],
        [
            81.88,
            78.88
        ],
        [
            79.76,
            80.24
        ],
        [
            68.72,
            69.76
        ],
        [
            74.08,
            72.52
        ],
        [
            76.68,
            76.64
        ],
        [
            69.72,
            68.68
        ],
        [
            68.56,
            67.92
        ],
        [
            74.6,
            73.36
        ],
        [
            66.16,
            63.6
        ],
        [
            74.72,
            76.24
        ],
        [
            70.68,
            67.76
        ],
        [
            62.92,
            63.08
        ]
    ],
    "preseason_pace": 67.9209648539827,
    "preseason_pred": -5.8266437208350865,
    "preseason_predd": 111.41100330632472,
    "preseason_predo": 105.58435958548964,
    "schedule": [
        "stanford",
        "nevada-las-vegas",
        "cal-poly",
        "texas-am",
        "lamar",
        "oakland",
        "north-dakota-state",
        "north-dakota",
        "louisville",
        "northern-arizona",
        "northern-colorado",
        "idaho",
        "eastern-washington"
    ],
    "scores": [
        [
            68,
            91
        ],
        [
            102,
            93
        ],
        [
            90,
            82
        ],
        [
            81,
            86
        ],
        [
            63,
            68
        ],
        [
            87,
            95
        ],
        [
            72,
            81
        ],
        [
            79,
            75
        ],
        [
            54,
            94
        ],
        [
            78,
            64
        ],
        [
            88,
            79
        ],
        [
            79,
            73
        ],
        [
            65,
            66
        ]
    ],
    "wins": 6
}