{
    "CompRank": 22,
    "CompositeDef": 83.84177167244664,
    "CompositeOff": 104.9006401336695,
    "CompositePace": 69.0649059761492,
    "CompositeRating": 21.05886846122285,
    "HA": [
        "N",
        "H",
        "H",
        "N",
        "N",
        "H"
    ],
    "OAst": 58.0,
    "OAvgCompRat": -0.8932744318162726,
    "OBlk": 16.0,
    "ODR": 132.0,
    "OFGA": 352.0,
    "OFGA3": 129.0,
    "OFGM": 127.0,
    "OFGM3": 31.0,
    "OFTA": 103.0,
    "OFTM": 70.0,
    "OOR": 45.0,
    "OPF": 108.0,
    "OScore": 355.0,
    "OStl": 52.0,
    "OTO": 74.0,
    "Oastr": 0.10957454847729163,
    "Ocomprank": 207,
    "Ocorrdastr": 0.14794486439534527,
    "Ocorrdeff": 102.12924845633565,
    "Ocorrdeffrank": 177,
    "Ocorrdefgp": 0.4926757922614055,
    "Ocorrdftr": 0.3067883037657459,
    "Ocorrdorbp": 0.27728223748579944,
    "Ocorrdtovr": 0.16061613764509466,
    "Ocorroastr": 0.13544182390899812,
    "Ocorroeff": 102.87457968744962,
    "Ocorroeffrank": 178,
    "Ocorroefgp": 0.5012033340550209,
    "Ocorroftr": 0.34945897323917124,
    "Ocorroorbp": 0.26373469794636933,
    "Ocorrotovr": 0.14299290936983686,
    "Oeff": 83.27078251079001,
    "Oefgp": 0.40482954545454547,
    "Oftr": 0.29261363636363635,
    "Oneteff": 0.7453312311139797,
    "Oneteffrank": 190,
    "Oorbp": 0.20270270270270271,
    "Oposs": 426.32,
    "Otovr": 0.1570058558940847,
    "SoR": 85.55090961220006,
    "SoRrank": 10,
    "TAst": 82.0,
    "TBlk": 25.0,
    "TDR": 177.0,
    "TFGA": 356.0,
    "TFGA3": 155.0,
    "TFGM": 155.0,
    "TFGM3": 48.0,
    "TFTA": 132.0,
    "TFTM": 97.0,
    "TOR": 58.0,
    "TPF": 94.0,
    "TScore": 455.0,
    "TStl": 48.0,
    "TTO": 78.0,
    "Tastr": 0.14283723522853958,
    "Tcorrdastr": 0.1118747739861739,
    "Tcorrdastrrank": 47,
    "Tcorrdeff": 83.08343033708,
    "Tcorrdeffrank": 6,
    "Tcorrdefgp": 0.4024889136112632,
    "Tcorrdefgprank": 13,
    "Tcorrdftr": 0.28551050240064174,
    "Tcorrdftrrank": 105,
    "Tcorrdorbp": 0.21402787435475254,
    "Tcorrdorbprank": 41,
    "Tcorrdtovr": 0.16710210528974256,
    "Tcorrdtovrrank": 105,
    "Tcorroastr": 0.13382380518242648,
    "Tcorroastrrank": 194,
    "Tcorroeff": 105.36734260213294,
    "Tcorroeffrank": 129,
    "Tcorroefgp": 0.5089954890232745,
    "Tcorroefgprank": 149,
    "Tcorroftr": 0.4126350969190824,
    "Tcorroftrrank": 66,
    "Tcorroorbp": 0.30781225636548887,
    "Tcorroorbprank": 109,
    "Tcorrotovr": 0.15036433703886654,
    "Tcorrotovrrank": 178,
    "Teff": 104.81938813122005,
    "Tefgp": 0.5028089887640449,
    "Tftr": 0.3707865168539326,
    "Tneteff": 22.283912265052933,
    "Tneteffrank": 33,
    "Torbp": 0.30526315789473685,
    "Tposs": 434.08,
    "Ttovr": 0.15851081125020322,
    "closses": 0,
    "confplace": 1,
    "cwins": 0,
    "dates": [
        [
            11,
            8
        ],
        [
            11,
            11
        ],
        [
            11,
            14
        ],
        [
            11,
            18
        ],
        [
            11,
            19
        ],
        [
            11,
            24
        ]
    ],
    "geff": [
        [
            103.37798485730924,
            81.82349503214495
        ],
        [
            115.32343584305409,
            86.3013698630137
        ],
        [
            99.26470588235294,
            66.07929515418502
        ],
        [
            107.04225352112677,
            92.37875288683603
        ],
        [
            102.35732009925557,
            87.58451137062077
        ],
        [
            101.53677277716795,
            88.66279069767442
        ]
    ],
    "losses": 0,
    "nOT": [
        0,
        0,
        0,
        0,
        0,
        0
    ],
    "pace": 72.51989358497508,
    "poss": [
        [
            68.68,
            68.44
        ],
        [
            75.44,
            73.0
        ],
        [
            81.6,
            81.72
        ],
        [
            71.0,
            69.28
        ],
        [
            64.48,
            65.08
        ],
        [
            72.88,
            68.8
        ]
    ],
    "preseason_pace": 65.65257253533352,
    "preseason_pred": 19.84894865497092,
    "preseason_predd": 84.59075076910506,
    "preseason_predo": 104.43969942407598,
    "schedule": [
        "arizona-state",
        "tennessee-martin",
        "north-alabama",
        "washington-state",
        "northwestern",
        "nicholls-state"
    ],
    "scores": [
        [
            71,
            56
        ],
        [
            87,
            63
        ],
        [
            81,
            54
        ],
        [
            76,
            64
        ],
        [
            66,
            57
        ],
        [
            74,
            61
        ]
    ],
    "wins": 6
}