{
    "CompRank": 94,
    "CompositeDef": 99.38684109333343,
    "CompositeOff": 107.51151720090583,
    "CompositePace": 67.80568552741785,
    "CompositeRating": 8.124676107572398,
    "HA": [
        "H",
        "A",
        "A",
        "A",
        "N",
        "N",
        "A",
        "H",
        "H",
        "N",
        "H",
        "H",
        "A",
        "A",
        "A",
        "A",
        "H",
        "A",
        "H",
        "H",
        "A",
        "H",
        "H",
        "A",
        "H",
        "N",
        "N",
        "N",
        "N"
    ],
    "OAst": 315.0,
    "OAvgCompRat": 0.18229865961923913,
    "OBlk": 97.0,
    "ODR": 681.0,
    "OFGA": 1719.0,
    "OFGA3": 560.0,
    "OFGM": 731.0,
    "OFGM3": 182.0,
    "OFTA": 483.0,
    "OFTM": 334.0,
    "OOR": 221.0,
    "OPF": 530.0,
    "OScore": 1978.0,
    "OStl": 170.0,
    "OTO": 282.0,
    "Oastr": 0.12457880499264391,
    "Ocomprank": 147,
    "Ocorrdastr": 0.14173106832724086,
    "Ocorrdeff": 102.94076506384906,
    "Ocorrdeffrank": 159,
    "Ocorrdefgp": 0.5060549614532467,
    "Ocorrdftr": 0.3113862314826318,
    "Ocorrdorbp": 0.2641998340720922,
    "Ocorrdtovr": 0.15012229545133393,
    "Ocorroastr": 0.15140238560021413,
    "Ocorroeff": 103.01355854415031,
    "Ocorroeffrank": 168,
    "Ocorroefgp": 0.5093411593888804,
    "Ocorroftr": 0.29731656065140705,
    "Ocorroorbp": 0.26604675439523756,
    "Ocorrotovr": 0.16138178524577224,
    "Oeff": 99.27127456688014,
    "Oefgp": 0.4781849912739965,
    "Oftr": 0.28097731239092494,
    "Oneteff": 0.07279348030125732,
    "Oneteffrank": 156,
    "Oorbp": 0.2188118811881188,
    "Oposs": 1992.52,
    "Otovr": 0.1273988940691749,
    "SoR": 20.64449622876422,
    "SoRrank": 66,
    "TAst": 372.0,
    "TBlk": 98.0,
    "TDR": 789.0,
    "TFGA": 1709.0,
    "TFGA3": 703.0,
    "TFGM": 774.0,
    "TFGM3": 235.0,
    "TFTA": 529.0,
    "TFTM": 378.0,
    "TOR": 254.0,
    "TPF": 457.0,
    "TScore": 2161.0,
    "TStl": 135.0,
    "TTO": 326.0,
    "Tastr": 0.1409219019910901,
    "Tcorrdastr": 0.11769375066011963,
    "Tcorrdastrrank": 29,
    "Tcorrdeff": 99.38684109333343,
    "Tcorrdeffrank": 106,
    "Tcorrdefgp": 0.4742660913736093,
    "Tcorrdefgprank": 77,
    "Tcorrdftr": 0.30053624385090144,
    "Tcorrdftrrank": 143,
    "Tcorrdorbp": 0.22173990077257816,
    "Tcorrdorbprank": 32,
    "Tcorrdtovr": 0.12302899674927474,
    "Tcorrdtovrrank": 349,
    "Tcorroastr": 0.1421017759864869,
    "Tcorroastrrank": 171,
    "Tcorroeff": 107.51151720090583,
    "Tcorroeffrank": 100,
    "Tcorroefgp": 0.520799036768589,
    "Tcorroefgprank": 121,
    "Tcorroftr": 0.31700778904346305,
    "Tcorroftrrank": 173,
    "Tcorroorbp": 0.2778366879971558,
    "Tcorroorbprank": 150,
    "Tcorrotovr": 0.14919815386289337,
    "Tcorrotovrrank": 131,
    "Teff": 107.31169553472112,
    "Tefgp": 0.521650087770626,
    "Tftr": 0.30953774136922174,
    "Tneteff": 8.124676107572398,
    "Tneteffrank": 94,
    "Torbp": 0.2716577540106952,
    "Tposs": 2013.76,
    "Ttovr": 0.14375418915581895,
    "closses": 4,
    "confplace": 1,
    "cwins": 10,
    "dates": [
        [
            11,
            7
        ],
        [
            11,
            11
        ],
        [
            11,
            14
        ],
        [
            11,
            19
        ],
        [
            11,
            24
        ],
        [
            11,
            26
        ],
        [
            12,
            3
        ],
        [
            12,
            6
        ],
        [
            12,
            10
        ],
        [
            12,
            13
        ],
        [
            12,
            16
        ],
        [
            12,
            31
        ],
        [
            1,
            6
        ],
        [
            1,
            7
        ],
        [
            1,
            14
        ],
        [
            1,
            16
        ],
        [
            1,
            21
        ],
        [
            1,
            28
        ],
        [
            2,
            3
        ],
        [
            2,
            4
        ],
        [
            2,
            11
        ],
        [
            2,
            17
        ],
        [
            2,
            18
        ],
        [
            2,
            25
        ],
        [
            3,
            4
        ],
        [
            3,
            11
        ],
        [
            3,
            12
        ],
        [
            3,
            16
        ],
        [
            3,
            18
        ]
    ],
    "geff": [
        [
            110.31518624641835,
            115.857063093244
        ],
        [
            106.60046728971962,
            111.7149758454106
        ],
        [
            133.75071143995447,
            90.6515580736544
        ],
        [
            96.63341645885288,
            82.28605625374027
        ],
        [
            104.99432463110101,
            95.15570934256056
        ],
        [
            81.25362739408008,
            79.31844888366628
        ],
        [
            117.49716874292186,
            93.6385255648038
        ],
        [
            109.87261146496816,
            90.23024268823896
        ],
        [
            128.3860045146727,
            75.88532883642496
        ],
        [
            105.61056105610561,
            111.46496815286625
        ],
        [
            98.62778730703258,
            115.71254567600486
        ],
        [
            100.23242300987798,
            95.59675550405561
        ],
        [
            96.64582148948266,
            71.93188490898414
        ],
        [
            109.58503798947984,
            103.46926354230067
        ],
        [
            103.18396226415094,
            110.90573012939002
        ],
        [
            99.72299168975069,
            86.10792192881745
        ],
        [
            116.30815407703851,
            109.70258410531447
        ],
        [
            107.75862068965517,
            144.03973509933775
        ],
        [
            119.94609164420484,
            104.06091370558376
        ],
        [
            114.94252873563218,
            86.9336143308746
        ],
        [
            104.3956043956044,
            116.31165919282512
        ],
        [
            97.79338014042126,
            91.83114035087718
        ],
        [
            106.90365790829469,
            121.91924488725748
        ],
        [
            98.90859481582537,
            96.68508287292818
        ],
        [
            95.67594433399601,
            88.91752577319588
        ],
        [
            119.63952765692977,
            107.23039215686275
        ],
        [
            120.20792722547108,
            104.23348300192431
        ],
        [
            84.04558404558404,
            81.99165175909363
        ],
        [
            124.6006389776358,
            99.87317691819912
        ]
    ],
    "losses": 8,
    "nOT": [
        0,
        0,
        0,
        0,
        0,
        0,
        0,
        0,
        0,
        0,
        0,
        0,
        0,
        0,
        0,
        0,
        1,
        0,
        0,
        0,
        0,
        0,
        1,
        0,
        1,
        0,
        0,
        0,
        0
    ],
    "pace": 67.80568552741785,