{
    "CompRank": 66,
    "CompositeDef": 109.75571885091495,
    "CompositeOff": 123.94002324358915,
    "CompositePace": 72.34804503225342,
    "CompositeRating": 14.184304392674207,
    "HA": [
        "H",
        "N",
        "H",
        "A",
        "H",
        "N",
        "N",
        "N",
        "H",
        "H",
        "H",
        "A",
        "H",
        "A",
        "H",
        "A",
        "H",
        "H",
        "A",
        "H",
        "A",
        "A",
        "H",
        "H",
        "A",
        "H",
        "A",
        "H",
        "A"
    ],
    "OAst": 466.0,
    "OAvgCompRat": 7.454741339118837,
    "OBlk": 94.0,
    "ODR": 671.0,
    "OFGA": 1935.0,
    "OFGA3": 758.0,
    "OFGM": 858.0,
    "OFGM3": 272.0,
    "OFTA": 644.0,
    "OFTM": 460.0,
    "OOR": 354.0,
    "OPF": 442.0,
    "OScore": 2448.0,
    "OStl": 216.0,
    "OTO": 279.0,
    "Oastr": 0.15725392797365154,
    "Ocomprank": 46,
    "Ocorrdastr": 0.1362821234833637,
    "Ocorrdeff": 103.82131518575946,
    "Ocorrdeffrank": 24,
    "Ocorrdefgp": 0.49180790474749597,
    "Ocorrdftr": 0.321470137703903,
    "Ocorrdorbp": 0.2801690765473104,
    "Ocorrdtovr": 0.16056955754997695,
    "Ocorroastr": 0.16639413568775782,
    "Ocorroeff": 113.75958888615152,
    "Ocorroeffrank": 70,
    "Ocorroefgp": 0.5345792507530919,
    "Ocorroftr": 0.37011901518820245,
    "Ocorroorbp": 0.32594019818011843,
    "Ocorrotovr": 0.13424024606576618,
    "Oeff": 114.21319796954315,
    "Oefgp": 0.5136950904392765,
    "Oftr": 0.33281653746770024,
    "Oneteff": 9.93827370039206,
    "Oneteffrank": 55,
    "Oorbp": 0.3070251517779705,
    "Oposs": 2143.36,
    "Otovr": 0.11171797418073486,
    "SoR": 0.09991008125992407,
    "SoRrank": 94,
    "TAst": 417.0,
    "TBlk": 119.0,
    "TDR": 799.0,
    "TFGA": 1812.0,
    "TFGA3": 727.0,
    "TFGM": 870.0,
    "TFGM3": 262.0,
    "TFTA": 673.0,
    "TFTM": 515.0,
    "TOR": 314.0,
    "TPF": 354.0,
    "TScore": 2517.0,
    "TStl": 154.0,
    "TTO": 345.0,
    "Tastr": 0.14529009240031776,
    "Tcorrdastr": 0.14009621066073014,
    "Tcorrdastrrank": 124,
    "Tcorrdeff": 109.75571885091495,
    "Tcorrdeffrank": 180,
    "Tcorrdefgp": 0.49501780100439535,
    "Tcorrdefgprank": 111,
    "Tcorrdftr": 0.31783615065903437,
    "Tcorrdftrrank": 102,
    "Tcorrdorbp": 0.2848585241071634,
    "Tcorrdorbprank": 110,
    "Tcorrdtovr": 0.12206028842483675,
    "Tcorrdtovrrank": 331,
    "Tcorroastr": 0.15814000734180678,
    "Tcorroastrrank": 109,
    "Tcorroeff": 123.94002324358915,
    "Tcorroeffrank": 29,
    "Tcorroefgp": 0.5790039747782093,
    "Tcorroefgprank": 29,
    "Tcorroftr": 0.4092905572881055,
    "Tcorroftrrank": 51,
    "Tcorroorbp": 0.3450145956285217,
    "Tcorroorbprank": 68,
    "Tcorrotovr": 0.1283877568248002,
    "Tcorrotovrrank": 66,
    "Teff": 117.66520812296646,
    "Tefgp": 0.5524282560706402,
    "Tftr": 0.37141280353200884,
    "Tneteff": 14.184304392674207,
    "Tneteffrank": 66,
    "Torbp": 0.3187817258883249,
    "Tposs": 2139.12,
    "Ttovr": 0.14063722932428907,
    "closses": 11,
    "confplace": 7,
    "cwins": 7,
    "dates": [
        [
            11,
            3
        ],
        [
            11,
            8
        ],
        [
            11,
            11
        ],
        [
            11,
            14
        ],
        [
            11,
            18
        ],
        [
            11,
            22
        ],
        [
            11,
            27
        ],
        [
            11,
            28
        ],
        [
            12,
            2
        ],
        [
            12,
            6
        ],
        [
            12,
            9
        ],
        [
            12,
            13
        ],
        [
            12,
            19
        ],
        [
            1,
            3
        ],
        [
            1,
            7
        ],
        [
            1,
            10
        ],
        [
            1,
            13
        ],
        [
            1,
            16
        ],
        [
            1,
            19
        ],
        [
            1,
            24
        ],
        [
            1,
            27
        ],
        [
            1,
            30
        ],
        [
            2,
            4
        ],
        [
            2,
            7
        ],
        [
            2,
            11
        ],
        [
            2,
            14
        ],
        [
            2,
            21
        ],
        [
            2,
            25
        ],
        [
            2,
            28
        ]
    ],
    "geff": [
        [
            115.76482830385017,
            97.24273756770064
        ],
        [
            108.60215053763442,
            119.31311329170383
        ],
        [
            137.44813278008297,
            100.54617676266136
        ],
        [
            110.49723756906077,
            126.17065556711759
        ],
        [
            140.64293915040182,
            97.11595055915245
        ],
        [
            106.41238253178551,
            91.49774774774774
        ],
        [
            102.97766749379653,
            127.51348700343306
        ],
        [
            107.67531750414136,
            123.49066959385291
        ],
        [
            142.7703523693803,
            98.7045033929673
        ],
        [
            129.75778546712803,
            102.66049739733951
        ],
        [
            114.300903774588,
            104.22163588390502
        ],
        [
            128.02607076350094,
            134.97372193024367
        ],
        [
            98.24046920821114,
            104.52961672473869
        ],
        [
            105.01909438079652,
            95.58427571351642
        ],
        [
            118.24324324324326,
            127.2862086010875
        ],
        [
            106.00706713780919,
            121.85929648241206
        ],
        [
            118.01957397812319,
            129.56419316843343
        ],
        [
            123.34217506631299,
            117.71000535045478
        ],
        [
            127.57605495583907,
            132.57575757575756
        ],
        [
            123.33965844402277,
            124.92288710672423
        ],
        [
            116.31246410109132,
            120.29867256637169
        ],
        [
            108.69565217391305,
            126.67443214909726
        ],
        [
            125.7128045619492,
            111.59569009748589
        ],
        [
            126.7605633802817,
            101.63749294184076
        ],
        [
            118.55364552459987,
            127.94117647058823
        ],
        [
            92.54291845493562,
            105.0531914893617
        ],
        [
            108.8289393010423,
            100.65127294256956
        ],
        [
            138.23529411764707,
            120.68965517241381
        ],
        [
            117.00236966824646,
            112.62596324836989
        ]
    ],
    "losses": 15,
    "nOT": [
        0,
        1,
        0,
        0,
        0,
        0,
        0,
        0,
        0,
        0,
        0,
        1,
        0,
        0,
        1,
        0,
        0,
        0,
        1,
        0,
        0,
        0,
        1,
        0,
        0,
        0,
        0,
        0,
        0
    ],
    "pace": 72.34804503225342,