{
    "CompRank": 12,
    "CompositeDef": 98.95824938013055,
    "CompositeOff": 127.17576463228596,
    "CompositePace": 72.3281213287785,
    "CompositeRating": 28.217515252155394,
    "HA": [
        "H",
        "H",
        "N",
        "H",
        "H",
        "H",
        "H",
        "A",
        "N",
        "H",
        "H",
        "N",
        "H",
        "H",
        "A",
        "A",
        "H",
        "H"
    ],
    "OAst": 216.0,
    "OAvgCompRat": 5.949434741266504,
    "OBlk": 53.0,
    "ODR": 427.0,
    "OFGA": 1156.0,
    "OFGA3": 502.0,
    "OFGM": 483.0,
    "OFGM3": 144.0,
    "OFTA": 363.0,
    "OFTM": 260.0,
    "OOR": 180.0,
    "OPF": 285.0,
    "OScore": 1370.0,
    "OStl": 96.0,
    "OTO": 190.0,
    "Oastr": 0.12545593940942779,
    "Ocomprank": 17,
    "Ocorrdastr": 0.12984064771412562,
    "Ocorrdeff": 99.8942578403799,
    "Ocorrdeffrank": 9,
    "Ocorrdefgp": 0.4713489009258014,
    "Ocorrdftr": 0.29616372040408545,
    "Ocorrdorbp": 0.2691210820991625,
    "Ocorrdtovr": 0.1556137771716839,
    "Ocorroastr": 0.15675179800640182,
    "Ocorroeff": 110.4914477430799,
    "Ocorroeffrank": 21,
    "Ocorroefgp": 0.5359141517776932,
    "Ocorroftr": 0.34844886652620255,
    "Ocorroorbp": 0.3176619013270948,
    "Ocorrotovr": 0.14304846515430858,
    "Oeff": 103.3400718100353,
    "Oefgp": 0.4801038062283737,
    "Oftr": 0.3140138408304498,
    "Oneteff": 10.59718990270001,
    "Oneteffrank": 11,
    "Oorbp": 0.2706766917293233,
    "Oposs": 1325.72,
    "Otovr": 0.12618547937199479,
    "SoR": 89.53382111927364,
    "SoRrank": 13,
    "TAst": 336.0,
    "TBlk": 87.0,
    "TDR": 485.0,
    "TFGA": 1163.0,
    "TFGA3": 498.0,
    "TFGM": 563.0,
    "TFGM3": 183.0,
    "TFTA": 399.0,
    "TFTM": 296.0,
    "TOR": 184.0,
    "TPF": 285.0,
    "TScore": 1605.0,
    "TStl": 128.0,
    "TTO": 173.0,
    "Tastr": 0.1818614821710797,
    "Tcorrdastr": 0.11654675298417883,
    "Tcorrdastrrank": 27,
    "Tcorrdeff": 98.70713248763107,
    "Tcorrdeffrank": 74,
    "Tcorrdefgp": 0.45438050685448245,
    "Tcorrdefgprank": 37,
    "Tcorrdftr": 0.3024955833336153,
    "Tcorrdftrrank": 118,
    "Tcorrdorbp": 0.24485996623169112,
    "Tcorrdorbprank": 40,
    "Tcorrdtovr": 0.13270857428203114,
    "Tcorrdtovrrank": 297,
    "Tcorroastr": 0.20401486669485544,
    "Tcorroastrrank": 4,
    "Tcorroeff": 127.752610124409,
    "Tcorroeffrank": 2,
    "Tcorroefgp": 0.605875435186373,
    "Tcorroefgprank": 3,
    "Tcorroftr": 0.39005274365540105,
    "Tcorroftrrank": 60,
    "Tcorroorbp": 0.3223873775844807,
    "Tcorroorbprank": 86,
    "Tcorrotovr": 0.11062238935946245,
    "Tcorrotovrrank": 5,
    "Teff": 120.89849046370786,
    "Tefgp": 0.562768701633706,
    "Tftr": 0.34307824591573516,
    "Tneteff": 29.04547763677793,
    "Tneteffrank": 10,
    "Torbp": 0.3011456628477905,
    "Tposs": 1327.56,
    "Ttovr": 0.11445129535049883,
    "closses": 2,
    "confplace": 5,
    "cwins": 3,
    "dates": [
        [
            11,
            4
        ],
        [
            11,
            9
        ],
        [
            11,
            12
        ],
        [
            11,
            19
        ],
        [
            11,
            22
        ],
        [
            11,
            26
        ],
        [
            11,
            29
        ],
        [
            12,
            3
        ],
        [
            12,
            7
        ],
        [
            12,
            11
        ],
        [
            12,
            14
        ],
        [
            12,
            21
        ],
        [
            12,
            31
        ],
        [
            1,
            4
        ],
        [
            1,
            7
        ],
        [
            1,
            11
        ],
        [
            1,
            14
        ],
        [
            1,
            18
        ]
    ],
    "geff": [
        [
            140.40348964013086,
            82.35919234856536
        ],
        [
            123.39585389930897,
            90.40683073832245
        ],
        [
            101.90577024880889,
            95.38950715421304
        ],
        [
            138.0979498861048,
            92.7947598253275
        ],
        [
            132.67813267813267,
            71.15291847563917
        ],
        [
            112.28704181724315,
            87.44855967078189
        ],
        [
            133.45195729537366,
            97.68637532133677
        ],
        [
            90.51014810751508,
            105.48523206751055
        ],
        [
            121.75324675324676,
            122.65711135611907
        ],
        [
            115.1801535735381,
            98.06791569086651
        ],
        [
            130.39820527201348,
            116.18370694368508
        ],
        [
            95.475910693302,
            131.0110974106042
        ],
        [
            133.09134906231094,
            76.83551508252704
        ],
        [
            148.1274455002795,
            144.0922190201729
        ],
        [
            92.79182356105433,
            109.74304068522484
        ],
        [
            127.7568585260893,
            121.75324675324676
        ],
        [
            111.50881057268722,
            94.52054794520548
        ],
        [
            126.30208333333334,
            132.53638253638252
        ]
    ],
    "losses": 4,
    "nOT": [
        0,
        0,
        0,
        0,
        0,
        0,
        0,
        0,
        1,
        0,
        0,
        0,
        0,
        0,
        0,
        0,
        0,
        0
    ],
    "pace": 72.44960351146312,
    "poss": [
        [
            73.36,
            75.28
        ],
        [
            81.04,
            79.64
        ],
        [
            75.56,
            75.48
        ],
        [
            70.24,
            73.28
        ],
        [
            81.4,
            82.92
        ],
        [
            77.48,
            77.76
        ],
        [
            78.68,
            77.8
        ],
        [
            72.92,
            66.36
        ],
        [
            73.92,
            72.56
        ],
        [
            67.72,
            68.32
        ],
        [
            71.32,
            73.16
        ],
        [
            68.08,
            64.88
        ],
        [
            66.12,
            70.28
        ],
        [
            71.56,
            69.4
        ],
        [
            74.36,
            74.72
        ],
        [
            74.36,
            73.92
        ],
        [
            72.64,
            73.0
        ],
        [
            76.8,
            76.96000000000001
        ]
    ],
    "preseason_pace": 70.82781637262335,
    "preseason_pred": 17.99217980206705,
    "preseason_predd": 102.05954300249923,
    "preseason_predo": 120.05172280456627,
    "schedule": [
        "wright-state",
        "bucknell",
        "duke",
        "lipscomb",
        "jackson-state",
        "western-kentucky",
        "georgia-state",
        "clemson",
        "gonzaga",
        "colgate",
        "louisville",
        "ohio-state",
        "brown",
        "florida",
        "georgia",
        "mississippi-state",
        "texas-am",
        "alabama"
    ],