{
    "CompRank": 333,
    "CompositeDef": 112.53899621734858,
    "CompositeOff": 94.80607907415401,
    "CompositePace": 66.7316399361469,
    "CompositeRating": -17.73291714319457,
    "HA": [
        "A",
        "A",
        "H",
        "A",
        "A",
        "H",
        "A",
        "A",
        "H",
        "A",
        "H",
        "H",
        "A",
        "A",
        "H",
        "A",
        "A",
        "A",
        "H",
        "H",
        "A",
        "A",
        "H",
        "H",
        "H",
        "H",
        "A"
    ],
    "OAst": 398.0,
    "OAvgCompRat": -5.095916174781395,
    "OBlk": 91.0,
    "ODR": 705.0,
    "OFGA": 1611.0,
    "OFGA3": 614.0,
    "OFGM": 735.0,
    "OFGM3": 213.0,
    "OFTA": 385.0,
    "OFTM": 299.0,
    "OOR": 241.0,
    "OPF": 393.0,
    "OScore": 1982.0,
    "OStl": 176.0,
    "OTO": 278.0,
    "Oastr": 0.16202572870867937,
    "Ocomprank": 324,
    "Ocorrdastr": 0.14438970125205286,
    "Ocorrdeff": 107.83248743019254,
    "Ocorrdeffrank": 303,
    "Ocorrdefgp": 0.5148346163109964,
    "Ocorrdftr": 0.37997203352066605,
    "Ocorrdorbp": 0.2810341621616025,
    "Ocorrdtovr": 0.13745310692081944,
    "Ocorroastr": 0.12964380926657743,
    "Ocorroeff": 101.97300987701794,
    "Ocorroeffrank": 308,
    "Ocorroefgp": 0.4852886478443781,
    "Ocorroftr": 0.3084851507734519,
    "Ocorroorbp": 0.2670565179590042,
    "Ocorrotovr": 0.1531915915100681,
    "Oeff": 109.05689446461979,
    "Oefgp": 0.5223463687150838,
    "Oftr": 0.23898199875853507,
    "Oneteff": -5.8594775531745995,
    "Oneteffrank": 315,
    "Oorbp": 0.2754285714285714,
    "Oposs": 1817.4,
    "Otovr": 0.13505635445005829,
    "SoR": 0.0,
    "SoRrank": 138,
    "TAst": 299.0,
    "TBlk": 70.0,
    "TDR": 634.0,
    "TFGA": 1464.0,
    "TFGA3": 491.0,
    "TFGM": 643.0,
    "TFGM3": 159.0,
    "TFTA": 459.0,
    "TFTM": 330.0,
    "TOR": 151.0,
    "TPF": 381.0,
    "TScore": 1775.0,
    "TStl": 131.0,
    "TTO": 312.0,
    "Tastr": 0.13131543812803034,
    "Tcorrdastr": 0.17818809010847364,
    "Tcorrdastrrank": 356,
    "Tcorrdeff": 112.53899621734858,
    "Tcorrdeffrank": 320,
    "Tcorrdefgp": 0.5435496625728806,
    "Tcorrdefgprank": 317,
    "Tcorrdftr": 0.25693829904905124,
    "Tcorrdftrrank": 30,
    "Tcorrdorbp": 0.28805195689574603,
    "Tcorrdorbprank": 213,
    "Tcorrdtovr": 0.1305724757860112,
    "Tcorrdtovrrank": 301,
    "Tcorroastr": 0.12976211199532603,
    "Tcorroastrrank": 253,
    "Tcorroeff": 94.80607907415401,
    "Tcorroeffrank": 333,
    "Tcorroefgp": 0.4841674841246962,
    "Tcorroefgprank": 244,
    "Tcorroftr": 0.27450627626803265,
    "Tcorroftrrank": 318,
    "Tcorroorbp": 0.17572052401347882,
    "Tcorroorbprank": 361,
    "Tcorrotovr": 0.1699724493145255,
    "Tcorrotovrrank": 323,
    "Teff": 97.15593116433857,
    "Tefgp": 0.49351092896174864,
    "Tftr": 0.3135245901639344,
    "Tneteff": -17.73291714319457,
    "Tneteffrank": 332,
    "Torbp": 0.1764018691588785,
    "Tposs": 1826.96,
    "Ttovr": 0.15773827579930838,
    "closses": 12,
    "confplace": 8,
    "cwins": 5,
    "dates": [
        [
            11,
            6
        ],
        [
            11,
            10
        ],
        [
            11,
            14
        ],
        [
            11,
            19
        ],
        [
            11,
            22
        ],
        [
            11,
            28
        ],
        [
            11,
            30
        ],
        [
            12,
            10
        ],
        [
            12,
            16
        ],
        [
            12,
            20
        ],
        [
            12,
            28
        ],
        [
            12,
            30
        ],
        [
            1,
            4
        ],
        [
            1,
            6
        ],
        [
            1,
            13
        ],
        [
            1,
            18
        ],
        [
            1,
            25
        ],
        [
            1,
            27
        ],
        [
            2,
            1
        ],
        [
            2,
            3
        ],
        [
            2,
            8
        ],
        [
            2,
            10
        ],
        [
            2,
            13
        ],
        [
            2,
            15
        ],
        [
            2,
            22
        ],
        [
            2,
            24
        ],
        [
            2,
            29
        ]
    ],
    "geff": [
        [
            59.69300739056282,
            113.63636363636363
        ],
        [
            104.04624277456647,
            115.24822695035459
        ],
        [
            88.41131664853101,
            138.80855986119144
        ],
        [
            97.16224552745219,
            108.69565217391305
        ],
        [
            100.97137014314929,
            94.64916708732964
        ],
        [
            96.66864961332539,
            101.35135135135135
        ],
        [
            102.54188330444828,
            132.96227581941866
        ],
        [
            106.38297872340425,
            102.47052217855138
        ],
        [
            105.8681185722928,
            98.41363102232668
        ],
        [
            71.46860986547085,
            112.57550796265788
        ],
        [
            100.16025641025642,
            108.11532301121196
        ],
        [
            97.437266417512,
            104.86794407042984
        ],
        [
            85.278276481149,
            131.24199743918052
        ],
        [
            108.8252832438879,
            91.1619283065513
        ],
        [
            119.94516792323509,
            98.9268947015426
        ],
        [
            84.0736040609137,
            143.387314439946
        ],
        [
            89.61117861482381,
            105.32837670384139
        ],
        [
            81.47512864493996,
            105.41310541310541
        ],
        [
            111.21553884711778,
            114.62205700123916
        ],
        [
            106.83760683760684,
            117.87473610133708
        ],
        [
            102.31316725978648,
            132.05282112845137
        ],
        [
            86.98092031425365,
            74.14661443760492
        ],
        [
            106.25379477838494,
            75.80351728320193
        ],
        [
            90.40105193951348,
            102.44547257105089
        ],
        [
            115.06276150627615,
            117.68255884127942
        ],
        [
            114.12051125989045,
            100.23937761819269
        ],
        [
            98.3466362599772,
            112.2334455667789
        ]
    ],
    "losses": 20,
    "nOT": [
        0,
        0,
        0,
        0,
        1,
        0,
        0,
        0,
        0,
        0,
        0,
        0,
        0,
        0,
        0,
        0,
        0,
        0,
        0,
        0,
        0,
        1,
        0,
        0,
        0,
        0,
        0
    ],
    "pace": 66.7316399361469,