{
    "CompRank": 222,
    "CompositeDef": 110.69012562102516,
    "CompositeOff": 104.9693572211518,
    "CompositePace": 74.9368157896655,
    "CompositeRating": -5.720768399873356,
    "HA": [
        "A",
        "A",
        "H",
        "A",
        "A",
        "A",
        "H",
        "A",
        "A",
        "H",
        "A",
        "H",
        "A",
        "H",
        "A",
        "A"
    ],
    "OAst": 248.0,
    "OAvgCompRat": 4.464542338402463,
    "OBlk": 61.0,
    "ODR": 401.0,
    "OFGA": 1039.0,
    "OFGA3": 398.0,
    "OFGM": 491.0,
    "OFGM3": 140.0,
    "OFTA": 368.0,
    "OFTM": 273.0,
    "OOR": 183.0,
    "OPF": 270.0,
    "OScore": 1395.0,
    "OStl": 172.0,
    "OTO": 211.0,
    "Oastr": 0.1494047905923177,
    "Ocomprank": 36,
    "Ocorrdastr": 0.13922158806551382,
    "Ocorrdeff": 101.78732314302934,
    "Ocorrdeffrank": 40,
    "Ocorrdefgp": 0.49934436406676075,
    "Ocorrdftr": 0.3517163671927642,
    "Ocorrdorbp": 0.2674862840333053,
    "Ocorrdtovr": 0.15481090631499875,
    "Ocorroastr": 0.14335916872198085,
    "Ocorroeff": 108.0047338809775,
    "Ocorroeffrank": 67,
    "Ocorroefgp": 0.5107675555774175,
    "Ocorroftr": 0.370798196364339,
    "Ocorroorbp": 0.2933107437230912,
    "Ocorrotovr": 0.155266004817666,
    "Oeff": 113.51430524362854,
    "Oefgp": 0.5399422521655438,
    "Oftr": 0.35418671799807505,
    "Oneteff": 6.217410737948157,
    "Oneteffrank": 45,
    "Oorbp": 0.33212341197822143,
    "Oposs": 1228.92,
    "Otovr": 0.1494418947249136,
    "SoR": 0.0,
    "SoRrank": 175,
    "TAst": 252.0,
    "TBlk": 33.0,
    "TDR": 368.0,
    "TFGA": 1005.0,
    "TFGA3": 515.0,
    "TFGM": 454.0,
    "TFGM3": 177.0,
    "TFTA": 266.0,
    "TFTM": 203.0,
    "TOR": 139.0,
    "TPF": 279.0,
    "TScore": 1288.0,
    "TStl": 123.0,
    "TTO": 270.0,
    "Tastr": 0.15328094206953602,
    "Tcorrdastr": 0.15174292471916828,
    "Tcorrdastrrank": 226,
    "Tcorrdeff": 110.60852711437022,
    "Tcorrdeffrank": 273,
    "Tcorrdefgp": 0.5353329365891626,
    "Tcorrdefgprank": 276,
    "Tcorrdftr": 0.31970580117382713,
    "Tcorrdftrrank": 150,
    "Tcorrdorbp": 0.32460918614778755,
    "Tcorrdorbprank": 304,
    "Tcorrdtovr": 0.14533257955857712,
    "Tcorrdtovrrank": 200,
    "Tcorroastr": 0.16032969650564555,
    "Tcorroastrrank": 92,
    "Tcorroeff": 106.29900408596772,
    "Tcorroeffrank": 159,
    "Tcorroefgp": 0.5477154250590711,
    "Tcorroefgprank": 66,
    "Tcorroftr": 0.25256764328378545,
    "Tcorroftrrank": 343,
    "Tcorroorbp": 0.27659001359659063,
    "Tcorroorbprank": 214,
    "Tcorrotovr": 0.18912574675402344,
    "Tcorrotovrrank": 352,
    "Teff": 102.79001468428781,
    "Tefgp": 0.5398009950248757,
    "Tftr": 0.2646766169154229,
    "Tneteff": -4.309523028402495,
    "Tneteffrank": 208,
    "Torbp": 0.2574074074074074,
    "Tposs": 1253.04,
    "Ttovr": 0.1939599436797793,
    "closses": 5,
    "confplace": 10,
    "cwins": 0,
    "dates": [
        [
            11,
            5
        ],
        [
            11,
            7
        ],
        [
            11,
            14
        ],
        [
            11,
            17
        ],
        [
            11,
            20
        ],
        [
            11,
            23
        ],
        [
            11,
            26
        ],
        [
            11,
            30
        ],
        [
            12,
            5
        ],
        [
            12,
            7
        ],
        [
            12,
            14
        ],
        [
            12,
            17
        ],
        [
            12,
            21
        ],
        [
            1,
            2
        ],
        [
            1,
            4
        ],
        [
            1,
            9
        ]
    ],
    "geff": [
        [
            95.58823529411765,
            105.75504181013282
        ],
        [
            93.44598054275473,
            124.11347517730498
        ],
        [
            101.46103896103895,
            94.46514103246408
        ],
        [
            102.70541082164328,
            97.45127436281858
        ],
        [
            113.23155216284988,
            120.71651090342681
        ],
        [
            92.02453987730061,
            114.22044545973728
        ],
        [
            116.67615253272623,
            112.59977194982896
        ],
        [
            123.28418912048804,
            117.37089201877933
        ],
        [
            80.33106134371957,
            98.66735007688364
        ],
        [
            108.07600950118764,
            126.3001485884101
        ],
        [
            111.20996441281139,
            120.54979720594862
        ],
        [
            109.64912280701755,
            112.44019138755982
        ],
        [
            111.77753544165758,
            120.17887087758524
        ],
        [
            99.06500445235974,
            109.32619366354307
        ],
        [
            85.08663366336634,
            108.28025477707007
        ],
        [
            97.81357882623703,
            135.71428571428572
        ]
    ],
    "losses": 11,
    "nOT": [
        0,
        0,
        0,
        0,
        0,
        0,
        0,
        0,
        0,
        0,
        1,
        1,
        0,
        1,
        0,
        0
    ],
    "pace": 75.96611647552797,
    "poss": [
        [
            81.6,
            81.32
        ],
        [
            78.12,
            73.32
        ],
        [
            73.92,
            75.16
        ],
        [
            79.84,
            80.04
        ],
        [
            78.6,
            77.03999999999999
        ],
        [
            71.72,
            70.04
        ],
        [
            70.28,
            70.16
        ],
        [
            78.68,
            76.68
        ],
        [
            82.16,
            78.04
        ],
        [
            84.2,
            80.76
        ],
        [
            89.92,
            88.76
        ],
        [
            86.64,
            83.6
        ],
        [
            73.36,
            71.56
        ],
        [
            89.84,
            89.64
        ],
        [
            64.64,
            62.8
        ],
        [
            69.52000000000001,
            70.0
        ]
    ],
    "preseason_pace": 66.84432903369532,
    "preseason_pred": -16.816150570422295,
    "preseason_predd": 111.33166297107432,
    "preseason_predo": 94.51551240065203,
    "schedule": [
        "san-francisco",
        "california",
        "seattle",
        "eastern-washington",
        "arizona-state",
        "saint-marys-ca",
        "grambling",
        "stanford",
        "california-davis",
        "cal-state-northridge",
        "san-jose-state",
        "denver",
        "nebraska-omaha",
        "california-irvine",
        "hawaii",
        "california-san-diego"
    ],
    "scores": [
        [
            78,
            86
        ],
        [
            73,
            91
        ],
        [
            75,
            71
        ],
        [
            82,
            78
        ],
        [
            89,
            93
        ],
        [
            66,
            80
        ],
        [
            82,
            79
        ],
        [
            97,
            90
        ],
        [
            66,
            77
        ],
        [
            91,
            102
        ],
        [
            100,
            107
        ],
        [
            95,
            94
        ],
        [
            82,
            86
        ],
        [
            89,
            98
        ],
        [
            55,
            68
        ],
        [
            68,
            95
        ]
    ],
    "wins": 5
}