{
    "CompRank": 329,
    "CompositeDef": 106.96209411212212,
    "CompositeOff": 90.98900103281632,
    "CompositePace": 66.68260923227069,
    "CompositeRating": -15.973093079305798,
    "HA": [
        "A",
        "A",
        "N",
        "N",
        "A"
    ],
    "OAst": 63.0,
    "OAvgCompRat": -1.8868390928157885,
    "OBlk": 18.0,
    "ODR": 129.0,
    "OFGA": 254.0,
    "OFGA3": 91.0,
    "OFGM": 120.0,
    "OFGM3": 36.0,
    "OFTA": 138.0,
    "OFTM": 101.0,
    "OOR": 37.0,
    "OPF": 78.0,
    "OScore": 377.0,
    "OStl": 17.0,
    "OTO": 57.0,
    "Oastr": 0.14492086860507913,
    "Ocomprank": 235,
    "Ocorrdastr": 0.1459397556583632,
    "Ocorrdeff": 104.6285581960097,
    "Ocorrdeffrank": 234,
    "Ocorrdefgp": 0.5145905219908151,
    "Ocorrdftr": 0.31392872330159244,
    "Ocorrdorbp": 0.31013988946960935,
    "Ocorrdtovr": 0.142900344210055,
    "Ocorroastr": 0.11940938995786614,
    "Ocorroeff": 102.2952167629026,
    "Ocorroeffrank": 208,
    "Ocorroefgp": 0.47677691923533433,
    "Ocorroftr": 0.3446022081521829,
    "Ocorroorbp": 0.28674341917611773,
    "Ocorrotovr": 0.15445252982329383,
    "Oeff": 112.63145315487571,
    "Oefgp": 0.5433070866141733,
    "Oftr": 0.5433070866141733,
    "Oneteff": -2.3333414331071083,
    "Oneteffrank": 230,
    "Oorbp": 0.2781954887218045,
    "Oposs": 334.72,
    "Otovr": 0.15334122457763907,
    "SoR": 0.049977510162069194,
    "SoRrank": 257,
    "TAst": 44.0,
    "TBlk": 13.0,
    "TDR": 96.0,
    "TFGA": 304.0,
    "TFGA3": 82.0,
    "TFGM": 125.0,
    "TFGM3": 25.0,
    "TFTA": 63.0,
    "TFTM": 43.0,
    "TOR": 36.0,
    "TPF": 105.0,
    "TScore": 318.0,
    "TStl": 31.0,
    "TTO": 40.0,
    "Tastr": 0.10584046954681034,
    "Tcorrdastr": 0.1681978792916285,
    "Tcorrdastrrank": 322,
    "Tcorrdeff": 113.20146024956297,
    "Tcorrdeffrank": 319,
    "Tcorrdefgp": 0.5686225874589494,
    "Tcorrdefgprank": 330,
    "Tcorrdftr": 0.5319572463282067,
    "Tcorrdftrrank": 353,
    "Tcorrdorbp": 0.2680940134767418,
    "Tcorrdorbprank": 168,
    "Tcorrdtovr": 0.15063344280390523,
    "Tcorrdtovrrank": 182,
    "Tcorroastr": 0.10060928078280615,
    "Tcorroastrrank": 343,
    "Tcorroeff": 93.0891657679368,
    "Tcorroeffrank": 303,
    "Tcorroefgp": 0.439045593000961,
    "Tcorroefgprank": 317,
    "Tcorroftr": 0.22364193763650508,
    "Tcorroftrrank": 348,
    "Tcorroorbp": 0.1952491532513846,
    "Tcorroorbprank": 324,
    "Tcorrotovr": 0.11422389761765128,
    "Tcorrotovrrank": 23,
    "Teff": 94.72179196949838,
    "Tefgp": 0.45230263157894735,
    "Tftr": 0.20723684210526316,
    "Tneteff": -20.112294481626165,
    "Tneteffrank": 336,
    "Torbp": 0.21818181818181817,
    "Tposs": 335.72,
    "Ttovr": 0.10760787689658882,
    "closses": 0,
    "confplace": 1,
    "cwins": 0,
    "dates": [
        [
            11,
            9
        ],
        [
            11,
            11
        ],
        [
            11,
            17
        ],
        [
            11,
            18
        ],
        [
            11,
            19
        ]
    ],
    "geff": [
        [
            102.31556273559504,
            132.58611262985238
        ],
        [
            90.51014810751508,
            108.99182561307902
        ],
        [
            105.46334716459197,
            102.59917920656635
        ],
        [
            82.80069726902963,
            110.53906723198061
        ],
        [
            93.79042690815005,
            105.27969830295412
        ]
    ],
    "losses": 4,
    "nOT": [
        0,
        0,
        0,
        0,
        0
    ],
    "pace": 67.73294602616006,
    "poss": [
        [
            74.28,
            73.16
        ],
        [
            72.92,
            73.4
        ],
        [
            57.84,
            58.480000000000004
        ],
        [
            68.84,
            66.04
        ],
        [
            61.84,
            63.64
        ]
    ],
    "preseason_pace": 65.96221362603654,
    "preseason_pred": -13.134134641500335,
    "preseason_predd": 102.68269346915856,
    "preseason_predo": 89.54855882765824,
    "schedule": [
        "denver",
        "wyoming",
        "st-thomas-mn",
        "portland-state",
        "california-baptist"
    ],
    "scores": [
        [
            76,
            97
        ],
        [
            66,
            80
        ],
        [
            61,
            60
        ],
        [
            57,
            73
        ],
        [
            58,
            67
        ]
    ],
    "wins": 1
}