{
    "CompRank": 242,
    "CompositeDef": 105.62377277906185,
    "CompositeOff": 98.93978571207134,
    "CompositePace": 70.61632824501177,
    "CompositeRating": -6.683987066990515,
    "HA": [
        "A",
        "A",
        "H",
        "A",
        "A",
        "A"
    ],
    "OAst": 97.0,
    "OAvgCompRat": 7.414136312487731,
    "OBlk": 29.0,
    "ODR": 161.0,
    "OFGA": 421.0,
    "OFGA3": 99.0,
    "OFGM": 197.0,
    "OFGM3": 32.0,
    "OFTA": 121.0,
    "OFTM": 91.0,
    "OOR": 81.0,
    "OPF": 117.0,
    "OScore": 517.0,
    "OStl": 45.0,
    "OTO": 51.0,
    "Oastr": 0.15588840318848032,
    "Ocomprank": 18,
    "Ocorrdastr": 0.14042855782078825,
    "Ocorrdeff": 97.1048514154257,
    "Ocorrdeffrank": 56,
    "Ocorrdefgp": 0.48111011447514684,
    "Ocorrdftr": 0.31804960514505254,
    "Ocorrdorbp": 0.2855894208260652,
    "Ocorrdtovr": 0.162904563527187,
    "Ocorroastr": 0.14341101369483,
    "Ocorroeff": 107.50228084426907,
    "Ocorroeffrank": 11,
    "Ocorroefgp": 0.5203828879258008,
    "Ocorroftr": 0.3190023350718287,
    "Ocorroorbp": 0.31393949904276397,
    "Ocorrotovr": 0.15528715826923703,
    "Oeff": 116.37853412569783,
    "Oefgp": 0.505938242280285,
    "Oftr": 0.28741092636579574,
    "Oneteff": 10.397429428843367,
    "Oneteffrank": 23,
    "Oorbp": 0.3767441860465116,
    "Oposs": 444.24,
    "Otovr": 0.09709846927119031,
    "SoR": 0.049977510162069194,
    "SoRrank": 246,
    "TAst": 64.0,
    "TBlk": 15.0,
    "TDR": 134.0,
    "TFGA": 367.0,
    "TFGA3": 168.0,
    "TFGM": 147.0,
    "TFGM3": 49.0,
    "TFTA": 124.0,
    "TFTM": 85.0,
    "TOR": 54.0,
    "TPF": 99.0,
    "TScore": 428.0,
    "TStl": 25.0,
    "TTO": 79.0,
    "Tastr": 0.11336261867649144,
    "Tcorrdastr": 0.15323030763254544,
    "Tcorrdastrrank": 264,
    "Tcorrdeff": 109.14238585513363,
    "Tcorrdeffrank": 301,
    "Tcorrdefgp": 0.4863382451188884,
    "Tcorrdefgprank": 138,
    "Tcorrdftr": 0.28625249543750775,
    "Tcorrdftrrank": 135,
    "Tcorrdorbp": 0.32477098047759917,
    "Tcorrdorbprank": 314,
    "Tcorrdtovr": 0.10240157579207755,
    "Tcorrdtovrrank": 363,
    "Tcorroastr": 0.11373595245514345,
    "Tcorroastrrank": 330,
    "Tcorroeff": 99.53318165624233,
    "Tcorroeffrank": 214,
    "Tcorroefgp": 0.4860769388004074,
    "Tcorroefgprank": 226,
    "Tcorroftr": 0.3382604806953427,
    "Tcorroftrrank": 130,
    "Tcorroorbp": 0.2385227541619791,
    "Tcorroorbprank": 261,
    "Tcorrotovr": 0.15851962255313853,
    "Tcorrotovrrank": 160,
    "Teff": 95.84378359011107,
    "Tefgp": 0.4673024523160763,
    "Tftr": 0.33787465940054495,
    "Tneteff": -9.609204198891291,
    "Tneteffrank": 278,
    "Torbp": 0.25116279069767444,
    "Tposs": 446.56,
    "Ttovr": 0.15782323797346973,
    "closses": 0,
    "confplace": 1,
    "cwins": 0,
    "dates": [
        [
            11,
            7
        ],
        [
            11,
            11
        ],
        [
            11,
            19
        ],
        [
            11,
            21
        ],
        [
            11,
            23
        ],
        [
            12,
            3
        ]
    ],
    "geff": [
        [
            77.13026444662096,
            128.33168805528132
        ],
        [
            94.31306306306305,
            103.64842454394693
        ],
        [
            99.88901220865705,
            86.7964229352972
        ],
        [
            120.51734273956498,
            122.34669811320754
        ],
        [
            77.51937984496125,
            132.89036544850498
        ],
        [
            108.00196367206676,
            124.46466809421841
        ]
    ],
    "losses": 5,
    "nOT": [
        0,
        0,
        0,
        0,
        0,
        0
    ],
    "pace": 72.01936569035023,
    "poss": [
        [
            81.68,
            81.04
        ],
        [
            71.04,
            72.36
        ],
        [
            72.08,
            76.04
        ],
        [
            68.03999999999999,
            67.84
        ],
        [
            72.24,
            72.24
        ],
        [
            81.48,
            74.72
        ]
    ],
    "preseason_pace": 69.23061224961577,
    "preseason_pred": -3.7948837268416007,
    "preseason_predd": 102.1485993705959,
    "preseason_predo": 98.3537156437543,
    "schedule": [
        "gonzaga",
        "washington",
        "south-carolina-state",
        "duquesne",
        "kentucky",
        "high-point"
    ],
    "scores": [
        [
            63,
            104
        ],
        [
            67,
            75
        ],
        [
            72,
            66
        ],
        [
            82,
            83
        ],
        [
            56,
            96
        ],
        [
            88,
            93
        ]
    ],
    "wins": 1
}