{
    "CompRank": 352,
    "CompositeDef": 117.62299290051519,
    "CompositeOff": 94.2345329578462,
    "CompositePace": 67.4908634473041,
    "CompositeRating": -23.388459942668987,
    "HA": [
        "A",
        "A",
        "A",
        "A",
        "A",
        "A",
        "A",
        "A",
        "A",
        "H",
        "A",
        "H",
        "H",
        "A",
        "A",
        "H",
        "H",
        "A",
        "A",
        "A",
        "H",
        "H",
        "A",
        "A",
        "H",
        "H",
        "H"
    ],
    "Name": "arkansas-pine-bluff",
    "OAst": 412.0,
    "OAvgCompRat": -2.0732531782042236,
    "OBlk": 92.0,
    "ODR": 719.0,
    "OFGA": 1559.0,
    "OFGA3": 461.0,
    "OFGM": 770.0,
    "OFGM3": 165.0,
    "OFTA": 550.0,
    "OFTM": 408.0,
    "OOR": 302.0,
    "OPFwins": 455.0,
    "OScore": 2113.0,
    "OStl": 208.0,
    "OTO": 350.0,
    "Oastr": 0.1607491221225127,
    "Ocomprank": 226,
    "Ocorrdastr": 0.1455221167172487,
    "Ocorrdeff": 102.17075484866265,
    "Ocorrdeffrank": 140,
    "Ocorrdefgp": 0.5066859305646906,
    "Ocorrdftr": 0.3475505272487909,
    "Ocorrdorbp": 0.3004418920260259,
    "Ocorrdtovr": 0.17305689035142646,
    "Ocorroastr": 0.13121206431397245,
    "Ocorroeff": 99.92789416478152,
    "Ocorroeffrank": 299,
    "Ocorroefgp": 0.47922276008124753,
    "Ocorroftr": 0.2998456845215233,
    "Ocorroorbp": 0.27317401959827603,
    "Ocorrotovr": 0.16641668657229344,
    "Oeff": 114.27798810167658,
    "Oefgp": 0.5468248877485568,
    "Oftr": 0.3527902501603592,
    "Oneteff": -2.2428606838811334,
    "Oneteffrank": 218,
    "Oorbp": 0.35362997658079626,
    "Oposs": 1849.0,
    "Otovr": 0.16271501627150162,
    "SoR": 0.0,
    "SoRrank": 154,
    "TAst": 303.0,
    "TBlk": 71.0,
    "TDR": 552.0,
    "TFGA": 1496.0,
    "TFGA3": 605.0,
    "TFGM": 606.0,
    "TFGM3": 174.0,
    "TFTA": 490.0,
    "TFTM": 343.0,
    "TOR": 238.0,
    "TPF": 489.0,
    "TScore": 1727.0,
    "TStl": 182.0,
    "TTO": 371.0,
    "Tastr": 0.12701207243460766,
    "Tcorrdastr": 0.17282116276239598,
    "Tcorrdastrrank": 346,
    "Tcorrdeff": 117.62299290051519,
    "Tcorrdeffrank": 354,
    "Tcorrdefgp": 0.5718363883245459,
    "Tcorrdefgprank": 356,
    "Tcorrdftr": 0.3594194595528107,
    "Tcorrdftrrank": 302,
    "Tcorrdorbp": 0.3644007620017778,
    "Tcorrdorbprank": 356,
    "Tcorrdtovr": 0.16014624343180311,
    "Tcorrdtovrrank": 194,
    "Tcorroastr": 0.12306823733632263,
    "Tcorroastrrank": 292,
    "Tcorroeff": 94.2345329578462,
    "Tcorroeffrank": 313,
    "Tcorroefgp": 0.45809462729780764,
    "Tcorroefgprank": 312,
    "Tcorroftr": 0.288590941043371,
    "Tcorroftrrank": 223,
    "Tcorroorbp": 0.233411109929847,
    "Tcorroorbprank": 311,
    "Tcorrotovr": 0.16858327270877105,
    "Tcorrotovrrank": 219,
    "Teff": 93.6246340670064,
    "Tefgp": 0.4632352941176471,
    "Tftr": 0.32754010695187163,
    "Tneteff": -23.388459942668987,
    "Tneteffrank": 352,
    "Torbp": 0.24869383490073146,
    "Tposs": 1844.6,
    "Ttovr": 0.17814270623259387,
    "closses": 11,
    "confplace": 11,
    "cwins": 5,
    "dates": [
        [
            11,
            9
        ],
        [
            11,
            12
        ],
        [
            11,
            14
        ],
        [
            11,
            18
        ],
        [
            11,
            22
        ],
        [
            11,
            24
        ],
        [
            11,
            26
        ],
        [
            12,
            1
        ],
        [
            12,
            4
        ],
        [
            12,
            8
        ],
        [
            12,
            14
        ],
        [
            1,
            3
        ],
        [
            1,
            5
        ],
        [
            1,
            8
        ],
        [
            1,
            10
        ],
        [
            1,
            15
        ],
        [
            1,
            17
        ],
        [
            1,
            22
        ],
        [
            1,
            24
        ],
        [
            1,
            29
        ],
        [
            2,
            5
        ],
        [
            2,
            7
        ],
        [
            2,
            12
        ],
        [
            2,
            14
        ],
        [
            2,
            19
        ],
        [
            2,
            21
        ],
        [
            2,
            26
        ]
    ],
    "geff": [
        [
            101.85185185185186,
            116.45962732919254
        ],
        [
            95.43010752688171,
            125.96899224806202
        ],
        [
            65.14186450492183,
            123.83449883449883
        ],
        [
            98.93048128342247,
            119.24570160843038
        ],
        [
            78.47533632286995,
            109.06515580736544
        ],
        [
            83.33333333333334,
            125.80456407255706
        ],
        [
            79.82120051085569,
            115.91478696741854
        ],
        [
            93.34889148191365,
            122.4188790560472
        ],
        [
            77.1869639794168,
            138.5778275475924
        ],
        [
            102.93288212069938,
            115.5751238304898
        ],
        [
            52.18855218855219,
            110.062893081761
        ],
        [
            94.2684766214178,
            134.71901462663587
        ],
        [
            117.05685618729098,
            105.9850374064838
        ],
        [
            103.92271662763467,
            124.37810945273633
        ],
        [
            81.92090395480227,
            103.13531353135313
        ],
        [
            94.61009174311926,
            102.42354298903636
        ],
        [
            99.48096885813149,
            92.59259259259258
        ],
        [
            62.53065228052967,
            116.91072272083136
        ],
        [
            95.98346131128174,
            115.43134872417983
        ],
        [
            116.42542479546884,
            110.24643320363164
        ],
        [
            95.29481834425253,
            99.54493742889649
        ],
        [
            81.42758142758143,
            110.78286558345643
        ],
        [
            110.81560283687942,
            101.15606936416185
        ],
        [
            106.81114551083593,
            115.40860885839051
        ],
        [
            117.6470588235294,
            122.92891501870656
        ],
        [
            101.79640718562875,
            104.41527446300717
        ],
        [
            117.72151898734177,
            103.51153039832286
        ]
    ],
    "losses": 22,
    "nOT": [
        0,
        0,
        0,
        0,
        0,
        0,
        0,
        0,
        0,
        0,
        0,
        0,
        0,
        0,
        0,
        1,
        0,
        0,
        0,
        0,
        0,
        0,
        0,
        0,
        0,
        0,
        0
    ],
    "pace": 67.4908634473041,