{
    "CompRank": 282,
    "CompositeDef": 105.05704933331211,
    "CompositeOff": 94.26023798945437,
    "CompositePace": 70.58653559774115,
    "CompositeRating": -10.796811343857735,
    "HA": [
        "A",
        "A",
        "A",
        "H",
        "A",
        "N",
        "N",
        "A",
        "A",
        "A",
        "A",
        "A"
    ],
    "OAst": 169.0,
    "OAvgCompRat": 6.141086046918054,
    "OBlk": 54.0,
    "ODR": 313.0,
    "OFGA": 714.0,
    "OFGA3": 291.0,
    "OFGM": 311.0,
    "OFGM3": 102.0,
    "OFTA": 230.0,
    "OFTM": 171.0,
    "OOR": 137.0,
    "OPF": 183.0,
    "OScore": 895.0,
    "OStl": 81.0,
    "OTO": 149.0,
    "Oastr": 0.1491351923755736,
    "Ocomprank": 21,
    "Ocorrdastr": 0.1449748804147457,
    "Ocorrdeff": 101.31756166793349,
    "Ocorrdeffrank": 42,
    "Ocorrdefgp": 0.4959010888756161,
    "Ocorrdftr": 0.3143216474303176,
    "Ocorrdorbp": 0.2789810488775641,
    "Ocorrdtovr": 0.15174970677210878,
    "Ocorroastr": 0.15431002880869113,
    "Ocorroeff": 109.94890114339694,
    "Ocorroeffrank": 27,
    "Ocorroefgp": 0.5225097385788492,
    "Ocorroftr": 0.33046139503795213,
    "Ocorroorbp": 0.2817348283847567,
    "Ocorrotovr": 0.14733933328984736,
    "Oeff": 108.1963249516441,
    "Oefgp": 0.5070028011204482,
    "Oftr": 0.32212885154061627,
    "Oneteff": 8.631339475463449,
    "Oneteffrank": 28,
    "Oorbp": 0.33827160493827163,
    "Oposs": 827.2,
    "Otovr": 0.15453225471893797,
    "SoR": 0.0,
    "SoRrank": 193,
    "TAst": 116.0,
    "TBlk": 43.0,
    "TDR": 268.0,
    "TFGA": 698.0,
    "TFGA3": 237.0,
    "TFGM": 278.0,
    "TFGM3": 73.0,
    "TFTA": 201.0,
    "TFTM": 138.0,
    "TOR": 92.0,
    "TPF": 191.0,
    "TScore": 767.0,
    "TStl": 93.0,
    "TTO": 148.0,
    "Tastr": 0.11042991508320323,
    "Tcorrdastr": 0.14056812392452014,
    "Tcorrdastrrank": 141,
    "Tcorrdeff": 103.41966227994165,
    "Tcorrdeffrank": 137,
    "Tcorrdefgp": 0.49189806371051226,
    "Tcorrdefgprank": 127,
    "Tcorrdftr": 0.3264540531661137,
    "Tcorrdftrrank": 166,
    "Tcorrdorbp": 0.342480890551231,
    "Tcorrdorbprank": 340,
    "Tcorrdtovr": 0.15830383629242062,
    "Tcorrdtovrrank": 130,
    "Tcorroastr": 0.11078792932421369,
    "Tcorroastrrank": 352,
    "Tcorroeff": 94.4764693504187,
    "Tcorroeffrank": 333,
    "Tcorroefgp": 0.4608516414795834,
    "Tcorroefgprank": 307,
    "Tcorroftr": 0.30765379828826506,
    "Tcorroftrrank": 233,
    "Tcorroorbp": 0.23286393215324683,
    "Tcorroorbprank": 308,
    "Tcorrotovr": 0.15747655563868743,
    "Tcorrotovrrank": 226,
    "Teff": 91.04505958881344,
    "Tefgp": 0.4505730659025788,
    "Tftr": 0.28796561604584525,
    "Tneteff": -8.94319292952295,
    "Tneteffrank": 263,
    "Torbp": 0.2271604938271605,
    "Tposs": 842.44,
    "Ttovr": 0.15838363083772097,
    "closses": 0,
    "confplace": 1,
    "cwins": 0,
    "dates": [
        [
            11,
            5
        ],
        [
            11,
            9
        ],
        [
            11,
            12
        ],
        [
            11,
            16
        ],
        [
            11,
            19
        ],
        [
            11,
            26
        ],
        [
            11,
            27
        ],
        [
            12,
            1
        ],
        [
            12,
            12
        ],
        [
            12,
            14
        ],
        [
            12,
            18
        ],
        [
            12,
            21
        ]
    ],
    "geff": [
        [
            86.64772727272727,
            137.4269005847953
        ],
        [
            76.23554153522608,
            85.7843137254902
        ],
        [
            91.80415114422566,
            120.30671602326811
        ],
        [
            103.8781163434903,
            84.14766558089033
        ],
        [
            81.0119386014781,
            106.00706713780919
        ],
        [
            112.79268989149057,
            91.73055859802847
        ],
        [
            85.56149732620321,
            108.33790455293472
        ],
        [
            96.93558474046279,
            122.89981331673927
        ],
        [
            68.7458081824279,
            104.83297796730632
        ],
        [
            84.30071862907684,
            120.55109070034442
        ],
        [
            115.68509615384615,
            103.66586538461539
        ],
        [
            88.88261851015803,
            116.27906976744187
        ]
    ],
    "losses": 9,
    "nOT": [
        0,
        0,
        0,
        0,
        0,
        0,
        0,
        0,
        0,
        0,
        0,
        0
    ],
    "pace": 70.8617176880068,
    "poss": [
        [
            70.4,
            68.4
        ],
        [
            76.08,
            73.44
        ],
        [
            75.16,
            75.64
        ],
        [
            72.2,
            73.68
        ],
        [
            70.36,
            67.92
        ],
        [
            70.04,
            73.04
        ],
        [
            74.8,
            72.92
        ],
        [
            63.96,
            64.28
        ],
        [
            59.64,
            56.28
        ],
        [
            72.36,
            69.68
        ],
        [
            66.56,
            66.56
        ],
        [
            70.88,
            65.36
        ]
    ],
    "preseason_pace": 69.49939647570393,
    "preseason_pred": -18.119748289377863,
    "preseason_predd": 111.52573892687438,
    "preseason_predo": 93.40599063749653,
    "schedule": [
        "texas-tech",
        "nebraska",
        "ipfw",
        "south-carolina-state",
        "tulane",
        "north-dakota",
        "gardner-webb",
        "minnesota",
        "virginia",
        "west-virginia",
        "south-florida",
        "davidson"
    ],
    "scores": [
        [
            61,
            94
        ],
        [
            58,
            63
        ],
        [
            69,
            91
        ],
        [
            75,
            62
        ],
        [
            57,
            72
        ],
        [
            79,
            67
        ],
        [
            64,
            79
        ],
        [
            62,
            79
        ],
        [
            41,
            59
        ],
        [
            61,
            84
        ],
        [
            77,
            69
        ],
        [
            63,
            76
        ]
    ],
    "wins": 3
}