{
    "CompRank": 215,
    "CompositeDef": 109.59902430243808,
    "CompositeOff": 103.20506278462092,
    "CompositePace": 69.12295874550172,
    "CompositeRating": -6.393961517817154,
    "HA": [
        "A",
        "A",
        "A",
        "A",
        "N",
        "N",
        "A"
    ],
    "OAst": 118.0,
    "OAvgCompRat": 8.19851116145049,
    "OBlk": 25.0,
    "ODR": 190.0,
    "OFGA": 420.0,
    "OFGA3": 154.0,
    "OFGM": 205.0,
    "OFGM3": 53.0,
    "OFTA": 180.0,
    "OFTM": 127.0,
    "OOR": 76.0,
    "OPF": 103.0,
    "OScore": 590.0,
    "OStl": 44.0,
    "OTO": 66.0,
    "Oastr": 0.17271662763466042,
    "Ocomprank": 14,
    "Ocorrdastr": 0.13387078085036241,
    "Ocorrdeff": 100.50270896678649,
    "Ocorrdeffrank": 16,
    "Ocorrdefgp": 0.499726432823607,
    "Ocorrdftr": 0.3588232268289208,
    "Ocorrdorbp": 0.2921075127136992,
    "Ocorrdtovr": 0.17566850254515928,
    "Ocorroastr": 0.15283225294705988,
    "Ocorroeff": 115.45680192412108,
    "Ocorroeffrank": 13,
    "Ocorroefgp": 0.543158036538923,
    "Ocorroftr": 0.394505148899954,
    "Ocorroorbp": 0.3077795808722263,
    "Ocorrotovr": 0.14012334476973942,
    "Oeff": 120.6050695012265,
    "Oefgp": 0.5511904761904762,
    "Oftr": 0.42857142857142855,
    "Oneteff": 14.954092957334595,
    "Oneteffrank": 11,
    "Oorbp": 0.33480176211453744,
    "Oposs": 489.2,
    "Otovr": 0.1167728237791932,
    "SoR": 0.0,
    "SoRrank": 224,
    "TAst": 78.0,
    "TBlk": 26.0,
    "TDR": 151.0,
    "TFGA": 433.0,
    "TFGA3": 131.0,
    "TFGM": 179.0,
    "TFGM3": 42.0,
    "TFTA": 128.0,
    "TFTM": 83.0,
    "TOR": 71.0,
    "TPF": 120.0,
    "TScore": 483.0,
    "TStl": 45.0,
    "TTO": 72.0,
    "Tastr": 0.12200462991928926,
    "Tcorrdastr": 0.16491946975217883,
    "Tcorrdastrrank": 298,
    "Tcorrdeff": 111.7273173466622,
    "Tcorrdeffrank": 263,
    "Tcorrdefgp": 0.5178942334220219,
    "Tcorrdefgprank": 204,
    "Tcorrdftr": 0.39606897729197166,
    "Tcorrdftrrank": 256,
    "Tcorrdorbp": 0.3255337175582461,
    "Tcorrdorbprank": 259,
    "Tcorrdtovr": 0.12569768574259868,
    "Tcorrdtovrrank": 304,
    "Tcorroastr": 0.13313901926738597,
    "Tcorroastrrank": 246,
    "Tcorroeff": 104.9073848972149,
    "Tcorroeffrank": 203,
    "Tcorroefgp": 0.4720984345141221,
    "Tcorroefgprank": 274,
    "Tcorroftr": 0.3010683027736878,
    "Tcorroftrrank": 290,
    "Tcorroorbp": 0.2793773104343833,
    "Tcorroorbprank": 221,
    "Tcorrotovr": 0.11001690568616694,
    "Tcorrotovrrank": 9,
    "Teff": 98.50709740577582,
    "Tefgp": 0.4618937644341801,
    "Tftr": 0.2956120092378753,
    "Tneteff": -6.8199324494473075,
    "Tneteffrank": 234,
    "Torbp": 0.2720306513409962,
    "Tposs": 490.32,
    "Ttovr": 0.12826908002565382,
    "closses": 0,
    "confplace": 1,
    "cwins": 0,
    "dates": [
        [
            11,
            3
        ],
        [
            11,
            6
        ],
        [
            11,
            15
        ],
        [
            11,
            19
        ],
        [
            11,
            24
        ],
        [
            11,
            25
        ],
        [
            11,
            29
        ]
    ],
    "geff": [
        [
            115.4438173422268,
            113.47348303870044
        ],
        [
            80.9447983014862,
            140.90401785714283
        ],
        [
            111.41304347826087,
            139.8279041180086
        ],
        [
            114.87303506650545,
            108.43731431966727
        ],
        [
            96.15384615384615,
            106.15384615384616
        ],
        [
            87.890625,
            96.76395939086294
        ],
        [
            80.8781051415367,
            136.31406761177755
        ]
    ],
    "losses": 6,
    "nOT": [
        1,
        0,
        0,
        0,
        0,
        0,
        0
    ],
    "pace": 68.99652491073958,
    "poss": [
        [
            77.96,
            83.72
        ],
        [
            75.36,
            71.68
        ],
        [
            73.6,
            65.08
        ],
        [
            66.16,
            67.32
        ],
        [
            66.56,
            65.0
        ],
        [
            61.44,
            63.040000000000006
        ],
        [
            69.24,
            73.36
        ]
    ],
    "preseason_pace": 69.29292466877592,
    "preseason_pred": -5.821325697518732,
    "preseason_predd": 106.73794448990085,
    "preseason_predo": 100.91661879238212,
    "schedule": [
        "auburn",
        "miami-fl",
        "dayton",
        "ohio",
        "jacksonville",
        "stony-brook",
        "indiana"
    ],
    "scores": [
        [
            90,
            95
        ],
        [
            61,
            101
        ],
        [
            82,
            91
        ],
        [
            76,
            73
        ],
        [
            64,
            69
        ],
        [
            54,
            61
        ],
        [
            56,
            100
        ]
    ],
    "wins": 1
}