{
    "CompRank": 117,
    "CompositeDef": 105.2728473784831,
    "CompositeOff": 111.07317321106373,
    "CompositePace": 64.98347116677691,
    "CompositeRating": 5.800325832580631,
    "HA": [
        "H",
        "A",
        "H",
        "N",
        "N",
        "H",
        "H",
        "H",
        "H",
        "H",
        "A",
        "H",
        "A",
        "A",
        "H",
        "A",
        "H",
        "H",
        "A",
        "A"
    ],
    "OAst": 223.0,
    "OAvgCompRat": 1.207073672979204,
    "OBlk": 57.0,
    "ODR": 462.0,
    "OFGA": 1093.0,
    "OFGA3": 408.0,
    "OFGM": 496.0,
    "OFGM3": 130.0,
    "OFTA": 380.0,
    "OFTM": 254.0,
    "OOR": 192.0,
    "OPF": 272.0,
    "OScore": 1376.0,
    "OStl": 126.0,
    "OTO": 227.0,
    "Oastr": 0.13039410595252016,
    "Ocomprank": 122,
    "Ocorrdastr": 0.14409065610655625,
    "Ocorrdeff": 107.77315804248659,
    "Ocorrdeffrank": 134,
    "Ocorrdefgp": 0.4995721723724126,
    "Ocorrdftr": 0.3395284311551584,
    "Ocorrdorbp": 0.2883038947841577,
    "Ocorrdtovr": 0.14205945585058746,
    "Ocorroastr": 0.15175815318274055,
    "Ocorroeff": 110.07619402688859,
    "Ocorroeffrank": 124,
    "Ocorroefgp": 0.5231918057046154,
    "Ocorroftr": 0.3758798202110528,
    "Ocorroorbp": 0.31781432359135914,
    "Ocorrotovr": 0.14713205141224273,
    "Oeff": 106.23841877702284,
    "Oefgp": 0.5132662397072278,
    "Oftr": 0.34766697163769444,
    "Oneteff": 2.303035984402001,
    "Oneteffrank": 125,
    "Oorbp": 0.3052464228934817,
    "Oposs": 1295.2,
    "Otovr": 0.15263582571274878,
    "SoR": 0.049977510162069194,
    "SoRrank": 102,
    "TAst": 263.0,
    "TBlk": 73.0,
    "TDR": 437.0,
    "TFGA": 1109.0,
    "TFGA3": 479.0,
    "TFGM": 503.0,
    "TFGM3": 177.0,
    "TFTA": 351.0,
    "TFTM": 229.0,
    "TOR": 195.0,
    "TPF": 296.0,
    "TScore": 1412.0,
    "TStl": 135.0,
    "TTO": 214.0,
    "Tastr": 0.1511112132564179,
    "Tcorrdastr": 0.12697940709296615,
    "Tcorrdastrrank": 44,
    "Tcorrdeff": 105.0552887219354,
    "Tcorrdeffrank": 102,
    "Tcorrdefgp": 0.5037641888646768,
    "Tcorrdefgprank": 142,
    "Tcorrdftr": 0.3298022236141515,
    "Tcorrdftrrank": 127,
    "Tcorrdorbp": 0.29230892009811965,
    "Tcorrdorbprank": 128,
    "Tcorrdtovr": 0.15377989733430436,
    "Tcorrdtovrrank": 137,
    "Tcorroastr": 0.155113971620273,
    "Tcorroastrrank": 124,
    "Tcorroeff": 111.25712935311807,
    "Tcorroeffrank": 130,
    "Tcorroefgp": 0.5486867486800014,
    "Tcorroefgprank": 73,
    "Tcorroftr": 0.33330613799760717,
    "Tcorroftrrank": 239,
    "Tcorroorbp": 0.31419912971914193,
    "Tcorroorbprank": 146,
    "Tcorrotovr": 0.15102365491395028,
    "Tcorrotovrrank": 207,
    "Teff": 110.10261688655999,
    "Tefgp": 0.5333633904418394,
    "Tftr": 0.31650135256988277,
    "Tneteff": 6.201840631182677,
    "Tneteffrank": 114,
    "Torbp": 0.2968036529680365,
    "Tposs": 1282.44,
    "Ttovr": 0.144845137535196,
    "closses": 4,
    "confplace": 5,
    "cwins": 5,
    "dates": [
        [
            11,
            7
        ],
        [
            11,
            11
        ],
        [
            11,
            15
        ],
        [
            11,
            21
        ],
        [
            11,
            23
        ],
        [
            11,
            28
        ],
        [
            12,
            4
        ],
        [
            12,
            7
        ],
        [
            12,
            13
        ],
        [
            12,
            18
        ],
        [
            12,
            22
        ],
        [
            12,
            30
        ],
        [
            1,
            3
        ],
        [
            1,
            7
        ],
        [
            1,
            10
        ],
        [
            1,
            14
        ],
        [
            1,
            21
        ],
        [
            1,
            24
        ],
        [
            1,
            28
        ],
        [
            1,
            31
        ]
    ],
    "geff": [
        [
            126.41284949434859,
            97.01912260967379
        ],
        [
            106.38297872340425,
            95.15570934256056
        ],
        [
            118.61313868613139,
            108.2089552238806
        ],
        [
            99.1930060524546,
            84.25034387895461
        ],
        [
            86.35578583765111,
            132.09668353007308
        ],
        [
            137.61467889908255,
            115.26479750778816
        ],
        [
            126.92802056555271,
            98.19201995012469
        ],
        [
            94.42724458204336,
            112.03585147247118
        ],
        [
            139.178844815588,
            79.60704607046071
        ],
        [
            103.96039603960396,
            110.5331599479844
        ],
        [
            82.83541553503531,
            122.95081967213115
        ],
        [
            105.59796437659034,
            116.73662119622246
        ],
        [
            105.01355013550136,
            91.44350097975179
        ],
        [
            120.64752596212583,
            96.61835748792271
        ],
        [
            74.55268389662028,
            117.84511784511785
        ],
        [
            131.49655604257984,
            117.48958953004166
        ],
        [
            105.65568676196395,
            96.80393362015981
        ],
        [
            112.81883584041859,
            123.35526315789474
        ],
        [
            90.21512838306731,
            104.02219140083218
        ],
        [
            139.18252290345313,
            93.03928325292901
        ]
    ],
    "losses": 8,
    "nOT": [
        0,
        0,
        0,
        0,
        0,
        0,
        0,
        0,
        0,
        0,
        0,
        1,
        0,
        0,
        0,
        0,
        0,
        0,
        0,
        0
    ],
    "pace": 64.88617475907657,
    "poss": [
        [
            67.24000000000001,
            71.12
        ],
        [
            58.28,
            57.8
        ],
        [
            76.72,
            80.4
        ],
        [
            59.480000000000004,
            58.16
        ],
        [
            69.48,
            71.16
        ],
        [
            65.4,
            64.2
        ],
        [
            62.239999999999995,
            64.16
        ],
        [
            64.6,
            62.480000000000004
        ],
        [
            57.480000000000004,
            59.04
        ],
        [
            60.599999999999994,
            61.519999999999996
        ],
        [
            73.64,
            73.2
        ],
        [
            78.6,
            76.24
        ],
        [
            59.04,
            61.24
        ],
        [
            65.48,
            66.24
        ],
        [
            60.36,
            59.4
        ],
        [
            63.879999999999995,
            67.24
        ],
        [
            64.36,
            65.08
        ],
        [
            61.16,
            60.8
        ],
        [
            57.64,
            57.68
        ],
        [
            56.76,
            58.04
        ]
    ],
    "preseason_pace": 66.9083184324486,
    "preseason_pred": -2.14297526642983,
    "preseason_predd": 109.57688280051858,
    "preseason_predo": 107.43390753408875,
    "schedule": [
        "washington-state",
        "charlotte",
        "bowling-green-state",
        "boston-college",
        "utah-state",
        "north-carolina-at",
        "citadel",
        "saint-marys-ca",
        "mercyhurst",
        "temple",
        "kansas",
        "duquesne",
        "saint-josephs",
        "loyola-il",
        "rhode-island",
        "george-washington",
        "fordham",
        "virginia-commonwealth",
        "george-mason",
        "richmond"
    ],