{
    "CompRank": 211,
    "CompositeDef": 110.11229887539722,
    "CompositeOff": 106.0903871556807,
    "CompositePace": 71.66663366231577,
    "CompositeRating": -4.021911719716521,
    "HA": [
        "H",
        "A",
        "N",
        "N",
        "A",
        "H",
        "A",
        "A",
        "A",
        "H",
        "A",
        "H"
    ],
    "OAst": 168.0,
    "OAvgCompRat": -2.052389139037651,
    "OBlk": 38.0,
    "ODR": 301.0,
    "OFGA": 738.0,
    "OFGA3": 304.0,
    "OFGM": 343.0,
    "OFGM3": 119.0,
    "OFTA": 225.0,
    "OFTM": 171.0,
    "OOR": 93.0,
    "OPF": 196.0,
    "OScore": 976.0,
    "OStl": 90.0,
    "OTO": 148.0,
    "Oastr": 0.14570685169124023,
    "Ocomprank": 273,
    "Ocorrdastr": 0.138810445242576,
    "Ocorrdeff": 104.43102243607501,
    "Ocorrdeffrank": 247,
    "Ocorrdefgp": 0.504516518292898,
    "Ocorrdftr": 0.3699286994027488,
    "Ocorrdorbp": 0.2869565785594684,
    "Ocorrdtovr": 0.1508678392226892,
    "Ocorroastr": 0.14684301086131632,
    "Ocorroeff": 102.79406302778523,
    "Ocorroeffrank": 244,
    "Ocorroefgp": 0.5023472350511748,
    "Ocorroftr": 0.33753907037709335,
    "Ocorroorbp": 0.2681798395882408,
    "Ocorrotovr": 0.15953835869001812,
    "Oeff": 109.4170403587444,
    "Oefgp": 0.5453929539295393,
    "Oftr": 0.3048780487804878,
    "Oneteff": -1.6369594082897834,
    "Oneteffrank": 247,
    "Oorbp": 0.23484848484848486,
    "Oposs": 892.0,
    "Otovr": 0.150253807106599,
    "SoR": 0.09991008125992407,
    "SoRrank": 182,
    "TAst": 171.0,
    "TBlk": 20.0,
    "TDR": 303.0,
    "TFGA": 727.0,
    "TFGA3": 290.0,
    "TFGM": 347.0,
    "TFGM3": 103.0,
    "TFTA": 220.0,
    "TFTM": 156.0,
    "TOR": 88.0,
    "TPF": 185.0,
    "TScore": 953.0,
    "TStl": 76.0,
    "TTO": 151.0,
    "Tastr": 0.1492407051841508,
    "Tcorrdastr": 0.1405530276619465,
    "Tcorrdastrrank": 173,
    "Tcorrdeff": 110.30246037685939,
    "Tcorrdeffrank": 299,
    "Tcorrdefgp": 0.5443494757678273,
    "Tcorrdefgprank": 323,
    "Tcorrdftr": 0.2991884674424925,
    "Tcorrdftrrank": 123,
    "Tcorrdorbp": 0.2428216131194409,
    "Tcorrdorbprank": 65,
    "Tcorrdtovr": 0.14184361113648164,
    "Tcorrdtovrrank": 230,
    "Tcorroastr": 0.1524455776248554,
    "Tcorroastrrank": 104,
    "Tcorroeff": 106.64351378233144,
    "Tcorroeffrank": 123,
    "Tcorroefgp": 0.5449545705030409,
    "Tcorroefgprank": 53,
    "Tcorroftr": 0.27190401094189426,
    "Tcorroftrrank": 311,
    "Tcorroorbp": 0.21913013655120742,
    "Tcorroorbprank": 317,
    "Tcorrotovr": 0.15459951237855324,
    "Tcorrotovrrank": 220,
    "Teff": 107.46504285069915,
    "Tefgp": 0.548143053645117,
    "Tftr": 0.30261348005502064,
    "Tneteff": -3.658946594527947,
    "Tneteffrank": 215,
    "Torbp": 0.2262210796915167,
    "Tposs": 886.8,
    "Ttovr": 0.15490356996306937,
    "closses": 0,
    "confplace": 1,
    "cwins": 1,
    "dates": [
        [
            11,
            14
        ],
        [
            11,
            18
        ],
        [
            11,
            21
        ],
        [
            11,
            22
        ],
        [
            11,
            29
        ],
        [
            12,
            2
        ],
        [
            12,
            11
        ],
        [
            12,
            15
        ],
        [
            12,
            21
        ],
        [
            12,
            30
        ],
        [
            1,
            3
        ],
        [
            1,
            6
        ]
    ],
    "geff": [
        [
            87.76741634668129,
            115.59888579387187
        ],
        [
            94.26447158789168,
            100.05265929436544
        ],
        [
            102.09424083769633,
            104.9618320610687
        ],
        [
            95.5593029792018,
            112.08853575482405
        ],
        [
            97.82608695652175,
            100.2710027100271
        ],
        [
            91.3297613248904,
            85.37758537758538
        ],
        [
            119.6230062832286,
            115.5077767612077
        ],
        [
            88.54166666666667,
            115.80030880082347
        ],
        [
            125.453446191052,
            120.57387057387055
        ],
        [
            141.27764127764127,
            112.24489795918369
        ],
        [
            142.8150765606596,
            123.8610478359909
        ],
        [
            112.38891792995295,
            110.93073593073593
        ]
    ],
    "losses": 6,
    "nOT": [
        0,
        0,
        1,
        0,
        0,
        0,
        2,
        0,
        0,
        0,
        0,
        0
    ],
    "pace": 72.16322375864004,
    "poss": [
        [
            72.92,
            71.8
        ],
        [
            75.32,
            75.96000000000001
        ],
        [
            76.4,
            73.36
        ],
        [
            71.16,
            70.48
        ],
        [
            73.6,
            73.8
        ],
        [
            82.12,
            83.16
        ],
        [
            82.76,
            87.44
        ],
        [
            76.8,
            77.72
        ],
        [
            66.16,
            65.52000000000001
        ],
        [
            65.12,
            68.6
        ],
        [
            67.92,
            70.24
        ],
        [
            76.52,
            73.92
        ]
    ],
    "preseason_pace": 69.70479624473839,
    "preseason_pred": -5.4558480167578,
    "preseason_predd": 109.36104356097877,
    "preseason_predo": 103.90519554422096,
    "schedule": [
        "colorado-state",
        "new-mexico-state",
        "chicago-state",
        "radford",
        "san-diego",
        "cal-state-northridge",
        "texas-am-commerce",
        "colorado",
        "air-force",
        "northern-arizona",
        "north-dakota",
        "denver"
    ],
    "scores": [
        [
            64,
            83
        ],
        [
            71,
            76
        ],
        [
            78,
            77
        ],
        [
            68,
            79
        ],
        [
            72,
            74
        ],
        [
            75,
            71
        ],
        [
            99,
            101
        ],
        [
            68,
            90
        ],
        [
            83,
            79
        ],
        [
            92,
            77
        ],
        [
            97,
            87
        ],
        [
            86,
            82
        ]
    ],
    "wins": 6
}