{
    "CompRank": 81,
    "CompositeDef": 101.00680844755752,
    "CompositeOff": 110.8111076377455,
    "CompositePace": 68.60018855361432,
    "CompositeRating": 9.80429919018799,
    "HA": [
        "H",
        "H",
        "H",
        "H",
        "H",
        "A",
        "N",
        "H",
        "H"
    ],
    "OAst": 85.0,
    "OAvgCompRat": -5.433923187449433,
    "OBlk": 17.0,
    "ODR": 188.0,
    "OFGA": 484.0,
    "OFGA3": 161.0,
    "OFGM": 212.0,
    "OFGM3": 50.0,
    "OFTA": 185.0,
    "OFTM": 140.0,
    "OOR": 55.0,
    "OPF": 167.0,
    "OScore": 614.0,
    "OStl": 42.0,
    "OTO": 120.0,
    "Oastr": 0.11033229491173417,
    "Ocomprank": 317,
    "Ocorrdastr": 0.15370237949794205,
    "Ocorrdeff": 107.04942516123631,
    "Ocorrdeffrank": 291,
    "Ocorrdefgp": 0.5135807551609427,
    "Ocorrdftr": 0.3559791165682632,
    "Ocorrdorbp": 0.28826912151112605,
    "Ocorrdtovr": 0.1559743882362491,
    "Ocorroastr": 0.13566863663571593,
    "Ocorroeff": 101.36650388192568,
    "Ocorroeffrank": 282,
    "Ocorroefgp": 0.48923709429494255,
    "Ocorroftr": 0.3511830827888876,
    "Ocorroorbp": 0.30269466872201484,
    "Ocorrotovr": 0.15996608001696686,
    "Oeff": 97.3984771573604,
    "Oefgp": 0.4896694214876033,
    "Oftr": 0.3822314049586777,
    "Oneteff": -5.682921279310634,
    "Oneteffrank": 300,
    "Oorbp": 0.2140077821011673,
    "Oposs": 630.4,
    "Otovr": 0.17508024511234316,
    "SoR": 12.630948251636664,
    "SoRrank": 103,
    "TAst": 133.0,
    "TBlk": 31.0,
    "TDR": 202.0,
    "TFGA": 554.0,
    "TFGA3": 228.0,
    "TFGM": 245.0,
    "TFGM3": 71.0,
    "TFTA": 206.0,
    "TFTM": 152.0,
    "TOR": 104.0,
    "TPF": 162.0,
    "TScore": 713.0,
    "TStl": 78.0,
    "TTO": 82.0,
    "Tastr": 0.154715927597599,
    "Tcorrdastr": 0.11705808310092695,
    "Tcorrdastrrank": 47,
    "Tcorrdeff": 100.10312472714342,
    "Tcorrdeffrank": 111,
    "Tcorrdefgp": 0.504075177577027,
    "Tcorrdefgprank": 178,
    "Tcorrdftr": 0.3720426926743104,
    "Tcorrdftrrank": 249,
    "Tcorrdorbp": 0.1980061464756098,
    "Tcorrdorbprank": 9,
    "Tcorrdtovr": 0.16396885123509128,
    "Tcorrdtovrrank": 99,
    "Tcorroastr": 0.14492810734468195,
    "Tcorroastrrank": 172,
    "Tcorroeff": 111.51237080104913,
    "Tcorroeffrank": 84,
    "Tcorroefgp": 0.49682784969586213,
    "Tcorroefgprank": 197,
    "Tcorroftr": 0.35816805788647,
    "Tcorroftrrank": 141,
    "Tcorroorbp": 0.3466317284747671,
    "Tcorroorbprank": 44,
    "Tcorrotovr": 0.10833244835627194,
    "Tcorrotovrrank": 9,
    "Teff": 114.51239881793653,
    "Tefgp": 0.5063176895306859,
    "Tftr": 0.37184115523465705,
    "Tneteff": 11.409246073905706,
    "Tneteffrank": 81,
    "Torbp": 0.3561643835616438,
    "Tposs": 622.64,
    "Ttovr": 0.11284817791478587,
    "closses": 0,
    "confplace": 1,
    "cwins": 0,
    "dates": [
        [
            11,
            4
        ],
        [
            11,
            8
        ],
        [
            11,
            12
        ],
        [
            11,
            17
        ],
        [
            11,
            20
        ],
        [
            11,
            23
        ],
        [
            11,
            26
        ],
        [
            11,
            30
        ],
        [
            12,
            3
        ]
    ],
    "geff": [
        [
            121.56750572082379,
            87.17660292463441
        ],
        [
            126.10340479192939,
            82.14507129572226
        ],
        [
            147.4442988204456,
            104.03120936280884
        ],
        [
            111.26760563380282,
            89.67991169977924
        ],
        [
            116.12475116124752,
            94.25493716337522
        ],
        [
            101.08200455580867,
            97.9557069846678
        ],
        [
            93.96506087877184,
            108.69565217391303
        ],
        [
            117.37089201877933,
            123.28418912048804
        ],
        [
            103.38345864661653,
            86.25410733844468
        ]
    ],
    "losses": 2,
    "nOT": [
        0,
        0,
        0,
        0,
        0,
        0,
        0,
        0,
        0
    ],
    "pace": 68.3608658398704,
    "poss": [
        [
            69.92,
            71.12
        ],
        [
            63.44,
            64.52
        ],
        [
            61.040000000000006,
            61.52
        ],
        [
            71.0,
            72.48
        ],
        [
            60.28,
            66.84
        ],
        [
            70.24,
            70.44
        ],
        [
            75.56,
            71.76
        ],
        [
            76.68,
            78.68
        ],
        [
            74.48,
            73.04
        ]
    ],
    "preseason_pace": 69.13201680637854,
    "preseason_pred": 6.237750559704172,
    "preseason_predd": 103.01499449292214,
    "preseason_predo": 109.25274505262631,
    "schedule": [
        "denver",
        "cal-state-fullerton",
        "northern-arizona",
        "california-davis",
        "norfolk-state",
        "santa-clara",
        "grand-canyon",
        "cal-poly",
        "utah-valley"
    ],
    "scores": [
        [
            85,
            62
        ],
        [
            80,
            53
        ],
        [
            90,
            64
        ],
        [
            79,
            65
        ],
        [
            70,
            63
        ],
        [
            71,
            69
        ],
        [
            71,
            78
        ],
        [
            90,
            97
        ],
        [
            77,
            63
        ]
    ],
    "wins": 7
}