{
    "CompRank": 238,
    "CompositeDef": 109.26831635279501,
    "CompositeOff": 101.60553472519598,
    "CompositePace": 67.40636817678599,
    "CompositeRating": -7.662781627599032,
    "HA": [
        "A",
        "A",
        "A",
        "N",
        "N",
        "H"
    ],
    "OAst": 76.0,
    "OAvgCompRat": -0.21875082071563826,
    "OBlk": 21.0,
    "ODR": 131.0,
    "OFGA": 341.0,
    "OFGA3": 148.0,
    "OFGM": 139.0,
    "OFGM3": 41.0,
    "OFTA": 155.0,
    "OFTM": 110.0,
    "OOR": 67.0,
    "OPF": 135.0,
    "OScore": 429.0,
    "OStl": 60.0,
    "OTO": 71.0,
    "Oastr": 0.13664149586479682,
    "Ocomprank": 164,
    "Ocorrdastr": 0.15389006622705909,
    "Ocorrdeff": 106.44385202956478,
    "Ocorrdeffrank": 163,
    "Ocorrdefgp": 0.5171874161411171,
    "Ocorrdftr": 0.39364094076647177,
    "Ocorrdorbp": 0.31828544309880263,
    "Ocorrdtovr": 0.16217418716598767,
    "Ocorroastr": 0.1408557943401705,
    "Ocorroeff": 107.54440884898672,
    "Ocorroeffrank": 170,
    "Ocorroefgp": 0.4969705728895046,
    "Ocorroftr": 0.36289651094695063,
    "Ocorroorbp": 0.28228685916039714,
    "Ocorrotovr": 0.1398323153657094,
    "Oeff": 103.82381413359148,
    "Oefgp": 0.46774193548387094,
    "Oftr": 0.45454545454545453,
    "Oneteff": 1.1005568194219393,
    "Oneteffrank": 159,
    "Oorbp": 0.3073394495412844,
    "Oposs": 413.2,
    "Otovr": 0.14785506039150353,
    "SoR": 10.626719316120681,
    "SoRrank": 102,
    "TAst": 86.0,
    "TBlk": 23.0,
    "TDR": 151.0,
    "TFGA": 312.0,
    "TFGA3": 153.0,
    "TFGM": 138.0,
    "TFGM3": 52.0,
    "TFTA": 168.0,
    "TFTM": 111.0,
    "TOR": 59.0,
    "TPF": 104.0,
    "TScore": 439.0,
    "TStl": 44.0,
    "TTO": 93.0,
    "Tastr": 0.15223394462932802,
    "Tcorrdastr": 0.14187301265812224,
    "Tcorrdastrrank": 150,
    "Tcorrdeff": 103.39828361173485,
    "Tcorrdeffrank": 117,
    "Tcorrdefgp": 0.4804471704436201,
    "Tcorrdefgprank": 91,
    "Tcorrdftr": 0.4539899920685431,
    "Tcorrdftrrank": 323,
    "Tcorrdorbp": 0.32749815494417467,
    "Tcorrdorbprank": 264,
    "Tcorrdtovr": 0.15969777250637476,
    "Tcorrdtovrrank": 130,
    "Tcorroastr": 0.14482262319382025,
    "Tcorroastrrank": 182,
    "Tcorroeff": 105.26560727005466,
    "Tcorroeffrank": 198,
    "Tcorroefgp": 0.5192760681552298,
    "Tcorroefgprank": 153,
    "Tcorroftr": 0.4971899034907881,
    "Tcorroftrrank": 15,
    "Tcorroorbp": 0.2941360199280361,
    "Tcorroorbprank": 196,
    "Tcorrotovr": 0.180678899047945,
    "Tcorrotovrrank": 321,
    "Teff": 104.5437226138312,
    "Tefgp": 0.5256410256410257,
    "Tftr": 0.5384615384615384,
    "Tneteff": 1.8673236583198047,
    "Tneteffrank": 157,
    "Torbp": 0.3105263157894737,
    "Tposs": 419.92,
    "Ttovr": 0.1941869205712854,
    "closses": 0,
    "confplace": 2,
    "cwins": 0,
    "dates": [
        [
            11,
            4
        ],
        [
            11,
            12
        ],
        [
            11,
            18
        ],
        [
            11,
            22
        ],
        [
            11,
            23
        ],
        [
            12,
            2
        ]
    ],
    "geff": [
        [
            103.46487006737247,
            100.89686098654708
        ],
        [
            107.6158940397351,
            95.33295389869095
        ],
        [
            95.75026232948582,
            118.98249452954047
        ],
        [
            102.67857142857143,
            93.61233480176212
        ],
        [
            109.48905109489051,
            133.07984790874525
        ],
        [
            110.4721549636804,
            87.11885500933415
        ]
    ],
    "losses": 2,
    "nOT": [
        0,
        0,
        0,
        0,
        0,
        0
    ],
    "pace": 66.51149667895176,
    "poss": [
        [
            83.12,
            80.28
        ],
        [
            72.48,
            70.28
        ],
        [
            76.24000000000001,
            73.12
        ],
        [
            67.2,
            72.64
        ],
        [
            54.8,
            52.6
        ],
        [
            66.08,
            64.28
        ]
    ],
    "preseason_pace": 68.29019187835067,
    "preseason_pred": -17.075231292704053,
    "preseason_predd": 115.06587955384208,
    "preseason_predo": 97.99064826113803,
    "schedule": [
        "nevada-las-vegas",
        "bradley",
        "florida-state",
        "prairie-view",
        "southern-mississippi",
        "charleston-southern"
    ],
    "scores": [
        [
            86,
            81
        ],
        [
            78,
            67
        ],
        [
            73,
            87
        ],
        [
            69,
            68
        ],
        [
            60,
            70
        ],
        [
            73,
            56
        ]
    ],
    "wins": 4
}