{
    "CompRank": 249,
    "CompositeDef": 106.37515610802589,
    "CompositeOff": 98.96443031566633,
    "CompositePace": 72.21325063713842,
    "CompositeRating": -7.410725792359558,
    "HA": [
        "A",
        "A",
        "A",
        "H",
        "A",
        "H",
        "A",
        "H",
        "A",
        "A",
        "H",
        "H",
        "H",
        "A",
        "A",
        "A",
        "H",
        "H",
        "H",
        "A",
        "A",
        "A"
    ],
    "OAst": 318.0,
    "OAvgCompRat": -5.80430935627709,
    "OBlk": 78.0,
    "ODR": 565.0,
    "OFGA": 1374.0,
    "OFGA3": 550.0,
    "OFGM": 586.0,
    "OFGM3": 176.0,
    "OFTA": 480.0,
    "OFTM": 340.0,
    "OOR": 225.0,
    "OPF": 398.0,
    "OScore": 1688.0,
    "OStl": 155.0,
    "OTO": 279.0,
    "Oastr": 0.14572449821281278,
    "Ocomprank": 344,
    "Ocorrdastr": 0.15554602568334172,
    "Ocorrdeff": 106.04257926644776,
    "Ocorrdeffrank": 339,
    "Ocorrdefgp": 0.5280456366631135,
    "Ocorrdftr": 0.34348197724834945,
    "Ocorrdorbp": 0.28873165537573575,
    "Ocorrdtovr": 0.15765041170708868,
    "Ocorroastr": 0.1328286684867065,
    "Ocorroeff": 99.1094042649702,
    "Ocorroeffrank": 336,
    "Ocorroefgp": 0.4819621095956244,
    "Ocorroftr": 0.3093749865094818,
    "Ocorroorbp": 0.2526821878832753,
    "Ocorrotovr": 0.1591980593265719,
    "Oeff": 102.97706198145437,
    "Oefgp": 0.49053857350800584,
    "Oftr": 0.34934497816593885,
    "Oneteff": -6.933175001477565,
    "Oneteffrank": 341,
    "Oorbp": 0.28445006321112515,
    "Oposs": 1639.2,
    "Otovr": 0.1496620534277438,
    "SoR": 0.0,
    "SoRrank": 155,
    "TAst": 267.0,
    "TBlk": 72.0,
    "TDR": 566.0,
    "TFGA": 1326.0,
    "TFGA3": 498.0,
    "TFGM": 580.0,
    "TFGM3": 156.0,
    "TFTA": 483.0,
    "TFTM": 341.0,
    "TOR": 196.0,
    "TPF": 424.0,
    "TScore": 1657.0,
    "TStl": 167.0,
    "TTO": 274.0,
    "Tastr": 0.128395014234054,
    "Tcorrdastr": 0.15704058112041805,
    "Tcorrdastrrank": 285,
    "Tcorrdeff": 106.43313782775427,
    "Tcorrdeffrank": 252,
    "Tcorrdefgp": 0.5131646772134006,
    "Tcorrdefgprank": 209,
    "Tcorrdftr": 0.35816920632592547,
    "Tcorrdftrrank": 280,
    "Tcorrdorbp": 0.30263363641316265,
    "Tcorrdorbprank": 288,
    "Tcorrdtovr": 0.1486785583954365,
    "Tcorrdtovrrank": 231,
    "Tcorroastr": 0.11808116183307847,
    "Tcorroastrrank": 336,
    "Tcorroeff": 99.0340873356595,
    "Tcorroeffrank": 244,
    "Tcorroefgp": 0.47389418270165845,
    "Tcorroefgprank": 293,
    "Tcorroftr": 0.33735860697512304,
    "Tcorroftrrank": 109,
    "Tcorroorbp": 0.2404995938752952,
    "Tcorroorbprank": 261,
    "Tcorrotovr": 0.1515515684188131,
    "Tcorrotovrrank": 142,
    "Teff": 102.50414470591147,
    "Tefgp": 0.4962292609351433,
    "Tftr": 0.36425339366515835,
    "Tneteff": -7.399050492094759,
    "Tneteffrank": 249,
    "Torbp": 0.2575558475689882,
    "Tposs": 1616.52,
    "Ttovr": 0.1511707457021164,
    "closses": 6,
    "confplace": 5,
    "cwins": 7,
    "dates": [
        [
            11,
            7
        ],
        [
            11,
            9
        ],
        [
            11,
            18
        ],
        [
            11,
            20
        ],
        [
            11,
            22
        ],
        [
            11,
            28
        ],
        [
            12,
            3
        ],
        [
            12,
            11
        ],
        [
            12,
            17
        ],
        [
            12,
            29
        ],
        [
            12,
            31
        ],
        [
            1,
            5
        ],
        [
            1,
            7
        ],
        [
            1,
            12
        ],
        [
            1,
            14
        ],
        [
            1,
            19
        ],
        [
            1,
            21
        ],
        [
            1,
            26
        ],
        [
            1,
            28
        ],
        [
            2,
            2
        ],
        [
            2,
            4
        ],
        [
            2,
            9
        ]
    ],
    "geff": [
        [
            72.90095525389643,
            101.11223458038423
        ],
        [
            96.25668449197862,
            119.80830670926517
        ],
        [
            91.15281501340483,
            100.3904071388734
        ],
        [
            113.96011396011396,
            102.70410816432657
        ],
        [
            94.50679267572357,
            102.880658436214
        ],
        [
            123.27981651376146,
            118.77504293073842
        ],
        [
            113.94838001098297,
            124.03528114663726
        ],
        [
            105.75296108291032,
            98.29968119022317
        ],
        [
            105.75296108291032,
            91.63019693654266
        ],
        [
            95.01797637390858,
            110.38635223281486
        ],
        [
            93.62200117027501,
            83.67586611861421
        ],
        [
            118.01410743353229,
            101.73697270471465
        ],
        [
            102.61672652642382,
            109.66057441253264
        ],
        [
            106.58914728682171,
            93.27303561334087
        ],
        [
            85.22727272727273,
            108.22510822510823
        ],
        [
            108.04970286331714,
            74.07407407407408
        ],
        [
            122.37762237762237,
            102.9023746701847
        ],
        [
            94.33962264150942,
            82.2185061315496
        ],
        [
            106.64682539682539,
            102.72277227722773
        ],
        [
            96.99948266942577,
            113.46251912289648
        ],
        [
            109.32944606413994,
            118.13349084465446
        ],
        [
            103.19207484865161,
            106.64819944598338
        ]
    ],
    "losses": 11,
    "nOT": [
        0,
        0,
        0,
        0,
        0,
        0,
        0,
        1,
        0,
        0,
        0,
        0,
        1,
        0,
        0,
        0,
        0,
        0,
        1,
        0,
        0,
        0
    ],
    "pace": 72.28801008400495,
    "poss": [
        [
            79.56,
            79.12
        ],
        [
            74.8,
            75.12
        ],
        [
            74.6,
            71.72
        ],
        [
            70.2,
            76.92
        ],
        [
            67.72,
            68.03999999999999
        ],
        [
            69.76,
            69.88
        ],
        [
            72.84,
            72.56
        ],
        [
            70.92,
            75.28
        ],
        [
            70.92,
            73.12
        ],
        [
            77.88,
            79.72
        ],
        [
            68.36,
            68.12
        ],
        [
            73.72,
            80.6
        ],
        [
            77.96,
            76.6
        ],
        [
            72.24,
            70.76
        ],
        [
            77.44,
            73.92
        ],
        [
            74.03999999999999,
            81.0
        ],
        [
            74.36,
            75.8
        ],
        [
            69.96000000000001,
            71.76
        ],
        [
            80.64,
            80.8
        ],
        [
            77.32,
            78.44
        ],
        [
            68.6,
            67.72
        ],
        [
            72.68,
            72.2
        ]
    ],
    "preseason_pace": 69.69410647589228,
    "preseason_pred": -7.804144493615738,
    "preseason_predd": 104.42136542557898,
    "preseason_predo": 96.61722093196325,