{
    "CompRank": 294,
    "CompositeDef": 111.53301707273411,
    "CompositeOff": 99.74004256373262,
    "CompositePace": 68.40559968357657,
    "CompositeRating": -11.792974509001475,
    "HA": [
        "A",
        "A",
        "A"
    ],
    "OAst": 38.0,
    "OAvgCompRat": 0.687914119780096,
    "OBlk": 12.0,
    "ODR": 88.0,
    "OFGA": 163.0,
    "OFGA3": 51.0,
    "OFGM": 75.0,
    "OFGM3": 16.0,
    "OFTA": 68.0,
    "OFTM": 55.0,
    "OOR": 22.0,
    "OPF": 55.0,
    "OScore": 221.0,
    "OStl": 17.0,
    "OTO": 38.0,
    "Oastr": 0.14130596459913727,
    "Ocomprank": 160,
    "Ocorrdastr": 0.17664864544042105,
    "Ocorrdeff": 109.4894727692918,
    "Ocorrdeffrank": 288,
    "Ocorrdefgp": 0.5237872038962822,
    "Ocorrdftr": 0.3882246275343643,
    "Ocorrdorbp": 0.3552733642843062,
    "Ocorrdtovr": 0.16246960955022358,
    "Ocorroastr": 0.15167831630172032,
    "Ocorroeff": 108.38703894226343,
    "Ocorroeffrank": 115,
    "Ocorroefgp": 0.49841708974984233,
    "Ocorroftr": 0.4670564690730668,
    "Ocorroorbp": 0.2692330370336823,
    "Ocorrotovr": 0.14819792891898764,
    "Oeff": 105.78211755695959,
    "Oefgp": 0.50920245398773,
    "Oftr": 0.4171779141104294,
    "Oneteff": -1.1024338270283636,
    "Oneteffrank": 201,
    "Oorbp": 0.25287356321839083,
    "Oposs": 208.92000000000002,
    "Otovr": 0.1645591546856054,
    "SoR": 0.7942813439062668,
    "SoRrank": 228,
    "TAst": 34.0,
    "TBlk": 11.0,
    "TDR": 65.0,
    "TFGA": 194.0,
    "TFGA3": 67.0,
    "TFGM": 63.0,
    "TFGM3": 15.0,
    "TFTA": 52.0,
    "TFTM": 36.0,
    "TOR": 35.0,
    "TPF": 62.0,
    "TScore": 177.0,
    "TStl": 20.0,
    "TTO": 34.0,
    "Tastr": 0.11934849761303006,
    "Tcorrdastr": 0.1331009246467938,
    "Tcorrdastrrank": 149,
    "Tcorrdeff": 101.7118237684192,
    "Tcorrdeffrank": 137,
    "Tcorrdefgp": 0.513884730547835,
    "Tcorrdefgprank": 202,
    "Tcorrdftr": 0.3265073851290896,
    "Tcorrdftrrank": 148,
    "Tcorrdorbp": 0.2694722662740696,
    "Tcorrdorbprank": 143,
    "Tcorrdtovr": 0.17121769968285522,
    "Tcorrdtovrrank": 104,
    "Tcorroastr": 0.09719134627435513,
    "Tcorroastrrank": 342,
    "Tcorroeff": 78.1560365621339,
    "Tcorroeffrank": 357,
    "Tcorroefgp": 0.3500428166105195,
    "Tcorroefgprank": 360,
    "Tcorroftr": 0.2512557253385933,
    "Tcorroftrrank": 311,
    "Tcorroorbp": 0.23232793191241816,
    "Tcorroorbprank": 281,
    "Tcorrotovr": 0.1289469999325093,
    "Tcorrotovrrank": 76,
    "Teff": 81.98999444135632,
    "Tefgp": 0.3634020618556701,
    "Tftr": 0.26804123711340205,
    "Tneteff": -23.555787206285288,
    "Tneteffrank": 336,
    "Torbp": 0.2845528455284553,
    "Tposs": 215.88,
    "Ttovr": 0.13552295918367346,
    "closses": 0,
    "confplace": 1,
    "cwins": 0,
    "dates": [
        [
            11,
            4
        ],
        [
            11,
            9
        ],
        [
            11,
            12
        ]
    ],
    "geff": [
        [
            75.44224765868887,
            127.93176972281451
        ],
        [
            79.83193277310924,
            104.10380205190103
        ],
        [
            91.71597633136095,
            82.84023668639054
        ]
    ],
    "losses": 2,
    "nOT": [
        0,
        0,
        0
    ],
    "pace": 69.1898003002485,
    "poss": [
        [
            76.88,
            75.03999999999999
        ],
        [
            71.4,
            66.28
        ],
        [
            67.6,
            67.6
        ]
    ],
    "preseason_pace": 68.21196990168227,
    "preseason_pred": -8.888576312141275,
    "preseason_predd": 113.95800307379952,
    "preseason_predo": 105.06942676165824,
    "schedule": [
        "rhode-island",
        "georgetown",
        "new-hampshire"
    ],
    "scores": [
        [
            58,
            96
        ],
        [
            57,
            69
        ],
        [
            62,
            56
        ]
    ],
    "wins": 1
}