{
    "CompRank": 321,
    "CompositeDef": 111.04487252078268,
    "CompositeOff": 96.63202828761597,
    "CompositePace": 66.07313819486333,
    "CompositeRating": -14.412844233166709,
    "HA": [
        "A",
        "A",
        "H",
        "A",
        "N",
        "N",
        "A",
        "H",
        "A",
        "A",
        "H",
        "H",
        "A",
        "H",
        "A",
        "A",
        "H",
        "H",
        "A",
        "A",
        "H",
        "A",
        "H",
        "A",
        "A",
        "H",
        "A",
        "H",
        "H"
    ],
    "OAst": 407.0,
    "OAvgCompRat": -5.2143505955570895,
    "OBlk": 76.0,
    "ODR": 673.0,
    "OFGA": 1560.0,
    "OFGA3": 577.0,
    "OFGM": 758.0,
    "OFGM3": 214.0,
    "OFTA": 472.0,
    "OFTM": 334.0,
    "OOR": 231.0,
    "OPF": 482.0,
    "OScore": 2064.0,
    "OStl": 203.0,
    "OTO": 382.0,
    "Oastr": 0.15919082560195252,
    "Ocomprank": 323,
    "Ocorrdastr": 0.1477310711367401,
    "Ocorrdeff": 105.68255682427306,
    "Ocorrdeffrank": 298,
    "Ocorrdefgp": 0.5176944469035513,
    "Ocorrdftr": 0.32614271042313303,
    "Ocorrdorbp": 0.2788601735623232,
    "Ocorrdtovr": 0.14398093762953354,
    "Ocorroastr": 0.14621330147984657,
    "Ocorroeff": 99.78638682946604,
    "Ocorroeffrank": 323,
    "Ocorroefgp": 0.5001293539579333,
    "Ocorroftr": 0.2825041259555801,
    "Ocorroorbp": 0.22718924686299788,
    "Ocorrotovr": 0.16644541837262464,
    "Oeff": 107.57395709550316,
    "Oefgp": 0.5544871794871795,
    "Oftr": 0.30256410256410254,
    "Oneteff": -5.896169994807025,
    "Oneteffrank": 318,
    "Oorbp": 0.2817073170731707,
    "Oposs": 1918.68,
    "Otovr": 0.17770086710580177,
    "SoR": 0.0,
    "SoRrank": 147,
    "TAst": 377.0,
    "TBlk": 72.0,
    "TDR": 589.0,
    "TFGA": 1567.0,
    "TFGA3": 613.0,
    "TFGM": 695.0,
    "TFGM3": 219.0,
    "TFTA": 449.0,
    "TFTM": 287.0,
    "TOR": 231.0,
    "TPF": 468.0,
    "TScore": 1896.0,
    "TStl": 216.0,
    "TTO": 379.0,
    "Tastr": 0.1495699368394325,
    "Tcorrdastr": 0.15581158708983855,
    "Tcorrdastrrank": 277,
    "Tcorrdeff": 111.04487252078268,
    "Tcorrdeffrank": 323,
    "Tcorrdefgp": 0.5604567922025777,
    "Tcorrdefgprank": 349,
    "Tcorrdftr": 0.34094174089582463,
    "Tcorrdftrrank": 245,
    "Tcorrdorbp": 0.3346039888346648,
    "Tcorrdorbprank": 350,
    "Tcorrdtovr": 0.16781896644316768,
    "Tcorrdtovrrank": 106,
    "Tcorroastr": 0.14479277218541156,
    "Tcorroastrrank": 151,
    "Tcorroeff": 96.63202828761597,
    "Tcorroeffrank": 297,
    "Tcorroefgp": 0.5013955006409452,
    "Tcorroefgprank": 190,
    "Tcorroftr": 0.2804561255575813,
    "Tcorroftrrank": 288,
    "Tcorroorbp": 0.24783560265767696,
    "Tcorroorbprank": 241,
    "Tcorrotovr": 0.19295732047720285,
    "Tcorrotovrrank": 354,
    "Teff": 99.13414481114319,
    "Tefgp": 0.5134014039566049,
    "Tftr": 0.2865347798340779,
    "Tneteff": -14.412844233166709,
    "Tneteffrank": 321,
    "Torbp": 0.2555309734513274,
    "Tposs": 1912.56,
    "Ttovr": 0.17680867342178433,
    "closses": 11,
    "confplace": 6,
    "cwins": 7,
    "dates": [
        [
            11,
            7
        ],
        [
            11,
            10
        ],
        [
            11,
            13
        ],
        [
            11,
            21
        ],
        [
            11,
            25
        ],
        [
            11,
            26
        ],
        [
            11,
            30
        ],
        [
            12,
            3
        ],
        [
            12,
            7
        ],
        [
            12,
            10
        ],
        [
            12,
            13
        ],
        [
            12,
            30
        ],
        [
            1,
            2
        ],
        [
            1,
            5
        ],
        [
            1,
            8
        ],
        [
            1,
            11
        ],
        [
            1,
            14
        ],
        [
            1,
            16
        ],
        [
            1,
            21
        ],
        [
            1,
            25
        ],
        [
            1,
            28
        ],
        [
            1,
            30
        ],
        [
            2,
            4
        ],
        [
            2,
            8
        ],
        [
            2,
            11
        ],
        [
            2,
            15
        ],
        [
            2,
            18
        ],
        [
            2,
            22
        ],
        [
            2,
            25
        ]
    ],
    "geff": [
        [
            94.99136442141624,
            107.59115361625821
        ],
        [
            100.93167701863354,
            138.80320789636028
        ],
        [
            101.40616549486208,
            93.08510638297872
        ],
        [
            61.63559831629584,
            105.4481546572935
        ],
        [
            79.23497267759562,
            99.94739610731193
        ],
        [
            107.18997361477572,
            100.62893081761005
        ],
        [
            123.02284710017574,
            103.18396226415094
        ],
        [
            101.89437428243397,
            100.05408328826391
        ],
        [
            90.93619558735838,
            98.98020395920815
        ],
        [
            60.41222459132907,
            89.22323303009098
        ],
        [
            102.37388724035607,
            108.30324909747291
        ],
        [
            98.41363102232668,
            151.10712148414123
        ],
        [
            90.93915343915343,
            120.66621346023113
        ],
        [
            81.21677495569995,
            115.3846153846154
        ],
        [
            87.08043065231159,
            107.87671232876713
        ],
        [
            105.94560404807083,
            85.89511754068717
        ],
        [
            118.55670103092783,
            116.56228253305497
        ],
        [
            97.76536312849163,
            103.4097261039687
        ],
        [
            81.89122373300371,
            106.17760617760618
        ],
        [
            72.83090563647879,
            102.3102310231023
        ],
        [
            117.6470588235294,
            93.16770186335403
        ],
        [
            97.7047146401985,
            124.7537754432042
        ],
        [
            108.34411384217334,
            107.0528967254408
        ],
        [
            102.04081632653062,
            109.9537037037037
        ],
        [
            136.4727054589082,
            124.24242424242425
        ],
        [
            116.83738796414852,
            110.27095148078133
        ],
        [
            87.34344100197758,
            105.38261997405966
        ],
        [
            119.36339522546419,
            88.63399374348279
        ],
        [
            123.6591179976162,
            110.69580218516388
        ]
    ],
    "losses": 19,
    "nOT": [
        0,
        0,
        0,
        0,
        0,
        0,
        0,
        0,
        0,
        0,
        0,
        0,
        0,
        0,
        0,
        0,
        0,
        0,
        0,
        0,
        0,
        0,
        0,
        0,
        0,
        0,
        0,
        0,
        1
    ],
    "pace": 66.07313819486333,