{
    "CompRank": 281,
    "CompositeDef": 115.9178863031978,
    "CompositeOff": 104.80804759461145,
    "CompositePace": 71.48261200760427,
    "CompositeRating": -11.109838708586356,
    "HA": [
        "A",
        "H",
        "H",
        "H",
        "H",
        "H",
        "H",
        "A",
        "A",
        "A",
        "A",
        "A",
        "A",
        "A",
        "H",
        "H",
        "A",
        "A",
        "H",
        "H"
    ],
    "OAst": 267.0,
    "OAvgCompRat": -6.450308426954631,
    "OBlk": 56.0,
    "ODR": 514.0,
    "OFGA": 1280.0,
    "OFGA3": 425.0,
    "OFGM": 604.0,
    "OFGM3": 148.0,
    "OFTA": 353.0,
    "OFTM": 241.0,
    "OOR": 229.0,
    "OPF": 336.0,
    "OScore": 1597.0,
    "OStl": 137.0,
    "OTO": 247.0,
    "Oastr": 0.13697084111382432,
    "Ocomprank": 343,
    "Ocorrdastr": 0.14596923851528928,
    "Ocorrdeff": 109.11692765820405,
    "Ocorrdeffrank": 323,
    "Ocorrdefgp": 0.5220333432182559,
    "Ocorrdftr": 0.359334317516829,
    "Ocorrdorbp": 0.30629609319537054,
    "Ocorrdtovr": 0.1446360229669706,
    "Ocorroastr": 0.13742955714014463,
    "Ocorroeff": 100.16149985954603,
    "Ocorroeffrank": 359,
    "Ocorroefgp": 0.48509316410014813,
    "Ocorroftr": 0.31325000142961246,
    "Ocorroorbp": 0.2689912796674453,
    "Ocorrotovr": 0.16125710690342926,
    "Oeff": 109.88632923237829,
    "Oefgp": 0.5296875,
    "Oftr": 0.27578125,
    "Oneteff": -8.955427798658022,
    "Oneteffrank": 357,
    "Oorbp": 0.329971181556196,
    "Oposs": 1453.32,
    "Otovr": 0.146821056636074,
    "SoR": 0.0,
    "SoRrank": 129,
    "TAst": 290.0,
    "TBlk": 56.0,
    "TDR": 465.0,
    "TFGA": 1164.0,
    "TFGA3": 437.0,
    "TFGM": 558.0,
    "TFGM3": 167.0,
    "TFTA": 391.0,
    "TFTM": 279.0,
    "TOR": 125.0,
    "TPF": 340.0,
    "TScore": 1562.0,
    "TStl": 149.0,
    "TTO": 234.0,
    "Tastr": 0.15591062557794455,
    "Tcorrdastr": 0.14537440086670658,
    "Tcorrdastrrank": 166,
    "Tcorrdeff": 116.14360707770568,
    "Tcorrdeffrank": 337,
    "Tcorrdefgp": 0.5547129124139969,
    "Tcorrdefgprank": 328,
    "Tcorrdftr": 0.29479329372327673,
    "Tcorrdftrrank": 101,
    "Tcorrdorbp": 0.353284430156255,
    "Tcorrdorbprank": 350,
    "Tcorrdtovr": 0.13645174623839526,
    "Tcorrdtovrrank": 264,
    "Tcorroastr": 0.15582071270445771,
    "Tcorroastrrank": 115,
    "Tcorroeff": 104.8847733361806,
    "Tcorroeffrank": 190,
    "Tcorroefgp": 0.5365323789752021,
    "Tcorroefgprank": 96,
    "Tcorroftr": 0.3139057276079763,
    "Tcorroftrrank": 226,
    "Tcorroorbp": 0.1843805771352105,
    "Tcorroorbprank": 357,
    "Tcorrotovr": 0.1544313233044173,
    "Tcorrotovrrank": 221,
    "Teff": 108.09389359464099,
    "Tefgp": 0.5511168384879725,
    "Tftr": 0.33591065292096217,
    "Tneteff": -11.25883374152508,
    "Tneteffrank": 281,
    "Torbp": 0.19561815336463223,
    "Tposs": 1445.04,
    "Ttovr": 0.14904078876971288,
    "closses": 5,
    "confplace": 5,
    "cwins": 3,
    "dates": [
        [
            11,
            8
        ],
        [
            11,
            14
        ],
        [
            11,
            16
        ],
        [
            11,
            19
        ],
        [
            11,
            23
        ],
        [
            11,
            25
        ],
        [
            11,
            27
        ],
        [
            12,
            2
        ],
        [
            12,
            7
        ],
        [
            12,
            18
        ],
        [
            12,
            21
        ],
        [
            12,
            29
        ],
        [
            1,
            4
        ],
        [
            1,
            9
        ],
        [
            1,
            16
        ],
        [
            1,
            18
        ],
        [
            1,
            23
        ],
        [
            1,
            25
        ],
        [
            1,
            30
        ],
        [
            2,
            1
        ]
    ],
    "geff": [
        [
            66.5352390340069,
            127.53838533927686
        ],
        [
            130.38548752834467,
            90.78590785907859
        ],
        [
            98.89753566796367,
            108.08270676691728
        ],
        [
            104.16666666666667,
            126.4591439688716
        ],
        [
            100.79500283929586,
            101.90217391304348
        ],
        [
            139.87043580683155,
            110.82325849165227
        ],
        [
            119.85409067222511,
            86.59638554216866
        ],
        [
            78.52077001013171,
            112.15440792905581
        ],
        [
            115.00547645125957,
            97.31359649122808
        ],
        [
            110.27434104357181,
            123.37310195227765
        ],
        [
            99.94523548740415,
            105.84958217270196
        ],
        [
            115.77424023154848,
            111.99421965317919
        ],
        [
            121.51748666271487,
            127.49120750293085
        ],
        [
            121.37276785714285,
            86.81497558328812
        ],
        [
            111.37162954279016,
            115.70005858230815
        ],
        [
            86.15897720956086,
            120.49861495844875
        ],
        [
            115.9274193548387,
            108.15514669318748
        ],
        [
            124.68827930174564,
            98.19201995012469
        ],
        [
            112.03751954142781,
            120.10443864229767
        ],
        [
            96.70900692840647,
            120.99125364431488
        ]
    ],
    "losses": 12,
    "nOT": [
        0,
        0,
        0,
        0,
        0,
        0,
        0,
        0,
        0,
        0,
        1,
        2,
        0,
        0,
        0,
        0,
        1,
        0,
        0,
        0
    ],
    "pace": 71.47608088694136,
    "poss": [
        [
            81.16,
            80.76
        ],
        [
            70.56,
            73.8
        ],
        [
            61.68000000000001,
            63.84
        ],
        [
            65.28,
            61.68
        ],
        [
            70.44,
            73.6
        ],
        [
            67.92,
            69.48
        ],
        [
            76.76,
            79.68
        ],
        [
            78.96,
            76.68
        ],
        [
            73.04,
            72.96
        ],
        [
            74.36,
            73.76
        ],
        [
            73.04,
            71.8
        ],
        [
            82.92,
            83.04
        ],
        [
            67.48,
            68.24
        ],
        [
            71.68,
            73.72
        ],
        [
            68.24,
            68.28
        ],
        [
            71.96000000000001,
            72.2
        ],
        [
            79.36,
            80.44
        ],
        [
            64.16,
            64.16
        ],
        [
            76.76,
            76.6
        ],
        [
            69.28,
            68.6
        ]
    ],
    "preseason_pace": 71.61181934471898,
    "preseason_pred": -8.162220306948587,
    "preseason_predd": 111.45237698085042,
    "preseason_predo": 103.29015667390183,
    "schedule": [
        "penn-state",
        "coppin-state",
        "saint-peters",
        "hampton",
        "boston-university",
        "howard",
        "morgan-state",
        "georgetown",
        "towson",
        "georgia-tech",
        "marist",
        "american",
        "binghamton",
        "njit",
        "new-hampshire",
        "maine",
        "albany-ny",
        "vermont",
        "bryant",
        "massachusetts-lowell"
    ],