{
    "CompRank": 133,
    "CompositeDef": 100.01943232915261,
    "CompositeOff": 103.69375828449668,
    "CompositePace": 68.8379285503689,
    "CompositeRating": 3.67432595534407,
    "HA": [
        "A",
        "H",
        "N",
        "N",
        "N",
        "H",
        "H",
        "A",
        "A",
        "H",
        "A",
        "H",
        "A",
        "H",
        "A",
        "H",
        "A",
        "A",
        "H",
        "H",
        "A"
    ],
    "OAst": 244.0,
    "OAvgCompRat": -0.4089986884449061,
    "OBlk": 62.0,
    "ODR": 489.0,
    "OFGA": 1320.0,
    "OFGA3": 465.0,
    "OFGM": 540.0,
    "OFGM3": 144.0,
    "OFTA": 343.0,
    "OFTM": 249.0,
    "OOR": 183.0,
    "OPF": 325.0,
    "OScore": 1473.0,
    "OStl": 134.0,
    "OTO": 191.0,
    "Oastr": 0.1280221625251847,
    "Ocomprank": 182,
    "Ocorrdastr": 0.13792520143211445,
    "Ocorrdeff": 103.90197656808522,
    "Ocorrdeffrank": 142,
    "Ocorrdefgp": 0.5073378580481427,
    "Ocorrdftr": 0.3245155367956605,
    "Ocorrdorbp": 0.2672073470348492,
    "Ocorrdtovr": 0.15402715758598107,
    "Ocorroastr": 0.14188730601328692,
    "Ocorroeff": 104.0039299143109,
    "Ocorroeffrank": 211,
    "Ocorroefgp": 0.5039006895494595,
    "Ocorroftr": 0.3329625849591931,
    "Ocorroorbp": 0.26311468296969986,
    "Ocorrotovr": 0.14755286893275613,
    "Oeff": 99.59970789495037,
    "Oefgp": 0.4636363636363636,
    "Oftr": 0.25984848484848483,
    "Oneteff": 0.10195334622568453,
    "Oneteffrank": 166,
    "Oorbp": 0.24110671936758893,
    "Oposs": 1478.92,
    "Otovr": 0.11492731298738808,
    "SoR": 0.049977510162069194,
    "SoRrank": 150,
    "TAst": 265.0,
    "TBlk": 104.0,
    "TDR": 576.0,
    "TFGA": 1228.0,
    "TFGA3": 497.0,
    "TFGM": 531.0,
    "TFGM3": 160.0,
    "TFTA": 391.0,
    "TFTM": 274.0,
    "TOR": 200.0,
    "TPF": 286.0,
    "TScore": 1496.0,
    "TStl": 89.0,
    "TTO": 250.0,
    "Tastr": 0.1383783106358092,
    "Tcorrdastr": 0.12816763070394496,
    "Tcorrdastrrank": 82,
    "Tcorrdeff": 100.01787438683922,
    "Tcorrdeffrank": 102,
    "Tcorrdefgp": 0.4632973166500862,
    "Tcorrdefgprank": 47,
    "Tcorrdftr": 0.2588399809023348,
    "Tcorrdftrrank": 32,
    "Tcorrdorbp": 0.254190479855675,
    "Tcorrdorbprank": 93,
    "Tcorrdtovr": 0.11624920057352604,
    "Tcorrdtovrrank": 346,
    "Tcorroastr": 0.14263005160812908,
    "Tcorroastrrank": 160,
    "Tcorroeff": 103.6992497926052,
    "Tcorroeffrank": 187,
    "Tcorroefgp": 0.49399405641294075,
    "Tcorroefgprank": 211,
    "Tcorroftr": 0.3264019606984553,
    "Tcorroftrrank": 186,
    "Tcorroorbp": 0.30211031795314724,
    "Tcorroorbprank": 100,
    "Tcorrotovr": 0.14681535302303736,
    "Tcorrotovrrank": 167,
    "Teff": 103.16956773606246,
    "Tefgp": 0.497557003257329,
    "Tftr": 0.31840390879478825,
    "Tneteff": 3.6813754057659764,
    "Tneteffrank": 133,
    "Torbp": 0.29027576197387517,
    "Tposs": 1450.04,
    "Ttovr": 0.15151147850961189,
    "closses": 6,
    "confplace": 9,
    "cwins": 4,
    "dates": [
        [
            11,
            6
        ],
        [
            11,
            13
        ],
        [
            11,
            17
        ],
        [
            11,
            19
        ],
        [
            11,
            20
        ],
        [
            11,
            25
        ],
        [
            11,
            29
        ],
        [
            12,
            2
        ],
        [
            12,
            5
        ],
        [
            12,
            9
        ],
        [
            12,
            16
        ],
        [
            12,
            19
        ],
        [
            12,
            23
        ],
        [
            1,
            3
        ],
        [
            1,
            6
        ],
        [
            1,
            10
        ],
        [
            1,
            13
        ],
        [
            1,
            16
        ],
        [
            1,
            20
        ],
        [
            1,
            24
        ],
        [
            1,
            27
        ]
    ],
    "geff": [
        [
            95.03865979381443,
            103.39506172839506
        ],
        [
            106.16784630940343,
            87.38601823708207
        ],
        [
            116.97860962566844,
            99.2192582953806
        ],
        [
            81.01851851851852,
            72.95173961840628
        ],
        [
            122.74266365688489,
            92.79182356105433
        ],
        [
            126.16566099835435,
            95.50851832731027
        ],
        [
            118.29652996845427,
            99.79529170931423
        ],
        [
            82.80069726902963,
            103.93258426966291
        ],
        [
            102.29820627802691,
            104.79041916167664
        ],
        [
            97.51271905031092,
            77.55946225439504
        ],
        [
            108.23812387251955,
            109.47810437912416
        ],
        [
            107.04607046070461,
            77.3615635179153
        ],
        [
            107.94743429286608,
            105.40184453227931
        ],
        [
            96.45301804604854,
            98.7045033929673
        ],
        [
            85.1305334846765,
            119.71046770601336
        ],
        [
            80.79268292682927,
            112.96948356807512
        ],
        [
            113.63636363636363,
            96.0960960960961
        ],
        [
            109.27152317880794,
            146.37391882900863
        ],
        [
            89.07363420427554,
            104.73588342440802
        ],
        [
            104.69223007063572,
            98.86307464162135
        ],
        [
            112.06419479800775,
            98.70276367738296
        ]
    ],
    "losses": 9,
    "nOT": [
        0,
        0,
        0,
        0,
        0,
        0,
        0,
        0,
        1,
        0,
        0,
        0,
        0,
        0,
        0,
        0,
        0,
        0,
        0,
        2,
        0
    ],
    "pace": 68.98093573813821,
    "poss": [
        [
            62.08,
            64.8
        ],
        [
            79.12,
            78.96
        ],
        [
            59.84,
            61.480000000000004
        ],
        [
            69.12,
            71.28
        ],
        [
            70.88,
            74.36
        ],
        [
            72.92,
            77.48
        ],
        [
            76.08,
            78.16
        ],
        [
            68.84,
            71.2
        ],
        [
            71.36,
            73.48
        ],
        [
            70.75999999999999,
            77.36
        ],
        [
            66.52,
            66.68
        ],
        [
            73.8,
            73.68
        ],
        [
            63.92,
            60.72
        ],
        [
            64.28,
            64.84
        ],
        [
            70.48,
            71.84
        ],
        [
            65.6,
            68.16
        ],
        [
            65.12,
            66.6
        ],
        [
            60.400000000000006,
            60.120000000000005
        ],
        [
            67.36,
            65.88
        ],
        [
            79.28,
            80.92
        ],
        [
            72.28,
            70.92
        ]
    ],
    "preseason_pace": 65.18767008255725,
    "preseason_pred": 3.494388733324916,
    "preseason_predd": 100.0591988067021,
    "preseason_predo": 103.55358754002701,