{
    "CompRank": 33,
    "CompositeDef": 97.19180035987183,
    "CompositeOff": 116.33201773660669,
    "CompositePace": 72.21429668543158,
    "CompositeRating": 19.140217376734842,
    "HA": [
        "H",
        "H",
        "H",
        "H"
    ],
    "OAst": 39.0,
    "OAvgCompRat": -9.407698766476141,
    "OBlk": 9.0,
    "ODR": 79.0,
    "OFGA": 258.0,
    "OFGA3": 110.0,
    "OFGM": 86.0,
    "OFGM3": 34.0,
    "OFTA": 75.0,
    "OFTM": 49.0,
    "OOR": 37.0,
    "OPF": 78.0,
    "OScore": 255.0,
    "OStl": 27.0,
    "OTO": 49.0,
    "Oastr": 0.10290237467018469,
    "Ocomprank": 322,
    "Ocorrdastr": 0.17448802632058602,
    "Ocorrdeff": 113.81678503300505,
    "Ocorrdeffrank": 320,
    "Ocorrdefgp": 0.5334278267063015,
    "Ocorrdftr": 0.3729420771600787,
    "Ocorrdorbp": 0.2666973173248441,
    "Ocorrdtovr": 0.1292404888491929,
    "Ocorroastr": 0.125635037358121,
    "Ocorroeff": 94.39459663921104,
    "Ocorroeffrank": 347,
    "Ocorroefgp": 0.457013459853716,
    "Ocorroftr": 0.4416026542122497,
    "Ocorroorbp": 0.289511959271733,
    "Ocorrotovr": 0.16370861140406906,
    "Oeff": 84.15841584158416,
    "Oefgp": 0.3992248062015504,
    "Oftr": 0.29069767441860467,
    "Oneteff": -19.422188393794002,
    "Oneteffrank": 356,
    "Oorbp": 0.22560975609756098,
    "Oposs": 303.0,
    "Otovr": 0.14411764705882352,
    "SoR": 75.6453578692784,
    "SoRrank": 11,
    "TAst": 75.0,
    "TBlk": 23.0,
    "TDR": 127.0,
    "TFGA": 251.0,
    "TFGA3": 115.0,
    "TFGM": 122.0,
    "TFGM3": 37.0,
    "TFTA": 123.0,
    "TFTM": 86.0,
    "TOR": 46.0,
    "TPF": 67.0,
    "TScore": 367.0,
    "TStl": 30.0,
    "TTO": 44.0,
    "Tastr": 0.17683674431764596,
    "Tcorrdastr": 0.11887800911730922,
    "Tcorrdastrrank": 57,
    "Tcorrdeff": 94.2669312322946,
    "Tcorrdeffrank": 48,
    "Tcorrdefgp": 0.4426562933058715,
    "Tcorrdefgprank": 47,
    "Tcorrdftr": 0.25300112140357833,
    "Tcorrdftrrank": 37,
    "Tcorrdorbp": 0.23344239707338713,
    "Tcorrdorbprank": 57,
    "Tcorrdtovr": 0.13462598413444568,
    "Tcorrdtovrrank": 245,
    "Tcorroastr": 0.14913676790901279,
    "Tcorroastrrank": 145,
    "Tcorroeff": 113.3424847317031,
    "Tcorroeffrank": 104,
    "Tcorroefgp": 0.5351365196691251,
    "Tcorroefgprank": 121,
    "Tcorroftr": 0.5031967380377197,
    "Tcorroftrrank": 46,
    "Tcorroorbp": 0.41293993576882815,
    "Tcorroorbprank": 26,
    "Tcorrotovr": 0.14756650262890908,
    "Tcorrotovrrank": 167,
    "Teff": 121.07416204803378,
    "Tefgp": 0.5597609561752988,
    "Tftr": 0.4900398406374502,
    "Tneteff": 19.0755534994085,
    "Tneteffrank": 57,
    "Torbp": 0.368,
    "Tposs": 303.12,
    "Ttovr": 0.12603116406966086,
    "closses": 0,
    "confplace": 1,
    "cwins": 0,
    "dates": [
        [
            11,
            3
        ],
        [
            11,
            7
        ],
        [
            11,
            11
        ],
        [
            11,
            14
        ]
    ],
    "geff": [
        [
            124.20718816067652,
            70.16632016632018
        ],
        [
            116.80988184747582,
            104.8158640226629
        ],
        [
            105.25070955534531,
            86.40822045773004
        ],
        [
            141.81286549707602,
            75.93123209169055
        ]
    ],
    "losses": 0,
    "nOT": [
        0,
        0,
        0,
        0
    ],
    "pace": 75.94188662164805,
    "poss": [
        [
            75.68,
            76.96
        ],
        [
            74.48,
            70.6
        ],
        [
            84.56,
            85.64
        ],
        [
            68.4,
            69.8
        ]
    ],
    "preseason_pace": 70.57804321548744,
    "preseason_pred": 19.16860206911403,
    "preseason_predd": 98.47569352972742,
    "preseason_predo": 117.64429559884145,
    "schedule": [
        "central-arkansas",
        "kansas",
        "radford",
        "north-carolina-central"
    ],
    "scores": [
        [
            94,
            54
        ],
        [
            87,
            74
        ],
        [
            89,
            74
        ],
        [
            97,
            53
        ]
    ],
    "wins": 4
}