{
    "CompRank": 23,
    "CompositeDef": 98.5651505894285,
    "CompositeOff": 119.17420889385558,
    "CompositePace": 67.73492701524806,
    "CompositeRating": 20.60905830442708,
    "HA": [
        "H",
        "H",
        "A",
        "H",
        "N",
        "N",
        "H",
        "N",
        "H",
        "H",
        "A",
        "H",
        "A"
    ],
    "OAst": 154.0,
    "OAvgCompRat": 5.9093004531065345,
    "OBlk": 37.0,
    "ODR": 283.0,
    "OFGA": 754.0,
    "OFGA3": 271.0,
    "OFGM": 336.0,
    "OFGM3": 92.0,
    "OFTA": 210.0,
    "OFTM": 153.0,
    "OOR": 112.0,
    "OPF": 221.0,
    "OScore": 917.0,
    "OStl": 65.0,
    "OTO": 153.0,
    "Oastr": 0.1335182937402462,
    "Ocomprank": 16,
    "Ocorrdastr": 0.1306117092394385,
    "Ocorrdeff": 101.78285077487966,
    "Ocorrdeffrank": 86,
    "Ocorrdefgp": 0.4867662127915435,
    "Ocorrdftr": 0.3096840454823272,
    "Ocorrdorbp": 0.2407030952821873,
    "Ocorrdtovr": 0.1430961202645354,
    "Ocorroastr": 0.15769978665362053,
    "Ocorroeff": 109.77113195621828,
    "Ocorroeffrank": 9,
    "Ocorroefgp": 0.5347734526435648,
    "Ocorroftr": 0.33806533963712976,
    "Ocorroorbp": 0.30570986026179486,
    "Ocorrotovr": 0.1399127266278222,
    "Oeff": 103.33558710840659,
    "Oefgp": 0.506631299734748,
    "Oftr": 0.27851458885941643,
    "Oneteff": 7.988281181338621,
    "Oneteffrank": 22,
    "Oorbp": 0.26730310262529833,
    "Oposs": 887.4,
    "Otovr": 0.15309185511306783,
    "SoR": 87.31241428521417,
    "SoRrank": 15,
    "TAst": 249.0,
    "TBlk": 39.0,
    "TDR": 307.0,
    "TFGA": 740.0,
    "TFGA3": 280.0,
    "TFGM": 381.0,
    "TFGM3": 103.0,
    "TFTA": 251.0,
    "TFTM": 192.0,
    "TOR": 82.0,
    "TPF": 211.0,
    "TScore": 1057.0,
    "TStl": 84.0,
    "TTO": 127.0,
    "Tastr": 0.20302664622810737,
    "Tcorrdastr": 0.11980834812025892,
    "Tcorrdastrrank": 40,
    "Tcorrdeff": 97.54391185250597,
    "Tcorrdeffrank": 77,
    "Tcorrdefgp": 0.4749063950607989,
    "Tcorrdefgprank": 94,
    "Tcorrdftr": 0.27287804749018285,
    "Tcorrdftrrank": 64,
    "Tcorrdorbp": 0.2427389912518603,
    "Tcorrdorbprank": 58,
    "Tcorrdtovr": 0.16472405659152325,
    "Tcorrdtovrrank": 85,
    "Tcorroastr": 0.22019694879599996,
    "Tcorroastrrank": 1,
    "Tcorroeff": 120.18364007753749,
    "Tcorroeffrank": 11,
    "Tcorroefgp": 0.6021730488344441,
    "Tcorroefgprank": 6,
    "Tcorroftr": 0.36409100407328654,
    "Tcorroftrrank": 92,
    "Tcorroorbp": 0.25979224252177613,
    "Tcorroorbprank": 233,
    "Tcorrotovr": 0.13664913532508197,
    "Tcorrotovrrank": 91,
    "Teff": 118.04252657911194,
    "Tefgp": 0.5844594594594594,
    "Tftr": 0.33918918918918917,
    "Tneteff": 22.63972822503152,
    "Tneteffrank": 21,
    "Torbp": 0.22465753424657534,
    "Tposs": 895.44,
    "Ttovr": 0.1299312489769193,
    "closses": 1,
    "confplace": 5,
    "cwins": 1,
    "dates": [
        [
            11,
            6
        ],
        [
            11,
            10
        ],
        [
            11,
            14
        ],
        [
            11,
            17
        ],
        [
            11,
            22
        ],
        [
            11,
            23
        ],
        [
            11,
            29
        ],
        [
            12,
            2
        ],
        [
            12,
            6
        ],
        [
            12,
            9
        ],
        [
            12,
            22
        ],
        [
            1,
            2
        ],
        [
            1,
            6
        ]
    ],
    "geff": [
        [
            111.81667586968526,
            105.18731988472622
        ],
        [
            138.4493670886076,
            102.77629471436198
        ],
        [
            115.59888579387187,
            87.76741634668129
        ],
        [
            122.37762237762237,
            86.69698692438885
        ],
        [
            119.51083935519735,
            106.01719197707737
        ],
        [
            104.22960725075528,
            70.88009450679267
        ],
        [
            128.2051282051282,
            121.62954279015241
        ],
        [
            128.12872467222883,
            115.45039908779933
        ],
        [
            132.58691809074838,
            121.13870381586916
        ],
        [
            98.1970379909852,
            109.8146877144818
        ],
        [
            121.1734693877551,
            110.56105610561056
        ],
        [
            108.2004555808656,
            97.36540664375715
        ],
        [
            103.09278350515463,
            111.40046296296296
        ]
    ],
    "losses": 2,
    "nOT": [
        0,
        0,
        0,
        0,
        0,
        0,
        0,
        0,
        0,
        0,
        0,
        0,
        0
    ],
    "pace": 67.88707875612839,
    "poss": [
        [
            72.44,
            69.4
        ],
        [
            75.84,
            74.92
        ],
        [
            71.8,
            72.92
        ],
        [
            68.64,
            70.36
        ],
        [
            71.96,
            69.8
        ],
        [
            66.2,
            67.72
        ],
        [
            68.64,
            68.24
        ],
        [
            67.12,
            70.16
        ],
        [
            67.88,
            66.04
        ],
        [
            62.12,
            58.28
        ],
        [
            62.72,
            60.6
        ],
        [
            70.24000000000001,
            69.84
        ],
        [
            69.84,
            69.12
        ]
    ],
    "preseason_pace": 67.02947724271647,
    "preseason_pred": 11.193880894765876,
    "preseason_predd": 103.30011208572226,
    "preseason_predo": 114.49399298048814,
    "schedule": [
        "louisiana-tech",
        "wright-state",
        "northern-colorado",
        "missouri-kansas-city",
        "boston-college",
        "creighton",
        "colorado",
        "washington",
        "denver",
        "saint-marys-ca",
        "loyola-marymount",
        "new-mexico",
        "utah-state"
    ],
    "scores": [
        [
            81,
            73
        ],
        [
            105,
            77
        ],
        [
            83,
            64
        ],
        [
            84,
            61
        ],
        [
            86,
            74
        ],
        [
            69,
            48
        ],
        [
            88,
            83
        ],
        [
            86,
            81
        ],
        [
            90,
            80
        ],
        [
            61,
            64
        ],
        [
            76,
            67
        ],
        [
            76,
            68
        ],
        [
            72,
            77
        ]
    ],
    "wins": 11
}