{
    "CompRank": 210,
    "CompositeDef": 103.069531407885,
    "CompositeOff": 98.99881908034455,
    "CompositePace": 70.47207134620558,
    "CompositeRating": -4.070712327540432,
    "HA": [
        "H",
        "H",
        "A",
        "H",
        "N",
        "N"
    ],
    "OAst": 65.0,
    "OAvgCompRat": -4.541919173669795,
    "OBlk": 20.0,
    "ODR": 140.0,
    "OFGA": 358.0,
    "OFGA3": 115.0,
    "OFGM": 151.0,
    "OFGM3": 39.0,
    "OFTA": 114.0,
    "OFTM": 74.0,
    "OOR": 42.0,
    "OPF": 105.0,
    "OScore": 415.0,
    "OStl": 48.0,
    "OTO": 68.0,
    "Oastr": 0.12011235124547268,
    "Ocomprank": 288,
    "Ocorrdastr": 0.1427701243426386,
    "Ocorrdeff": 106.0071857099462,
    "Ocorrdeffrank": 257,
    "Ocorrdefgp": 0.5085857175569329,
    "Ocorrdftr": 0.37082638828913467,
    "Ocorrdorbp": 0.31852272009367194,
    "Ocorrdtovr": 0.15823775769820475,
    "Ocorroastr": 0.1330362883699996,
    "Ocorroeff": 100.89108726180685,
    "Ocorroeffrank": 236,
    "Ocorroefgp": 0.49536196244620995,
    "Ocorroftr": 0.2807144270408522,
    "Ocorroorbp": 0.26782544159464383,
    "Ocorrotovr": 0.15485242949642955,
    "Oeff": 95.58688041275106,
    "Oefgp": 0.4762569832402235,
    "Oftr": 0.31843575418994413,
    "Oneteff": -5.116098448139354,
    "Oneteffrank": 264,
    "Oorbp": 0.20588235294117646,
    "Oposs": 434.16,
    "Otovr": 0.14280913978494622,
    "SoR": 0.44818488149606095,
    "SoRrank": 220,
    "TAst": 67.0,
    "TBlk": 21.0,
    "TDR": 162.0,
    "TFGA": 354.0,
    "TFGA3": 142.0,
    "TFGM": 162.0,
    "TFGM3": 42.0,
    "TFTA": 105.0,
    "TFTM": 61.0,
    "TOR": 46.0,
    "TPF": 105.0,
    "TScore": 427.0,
    "TStl": 30.0,
    "TTO": 74.0,
    "Tastr": 0.12379896526237989,
    "Tcorrdastr": 0.12517136471736243,
    "Tcorrdastrrank": 97,
    "Tcorrdeff": 97.37073696178486,
    "Tcorrdeffrank": 96,
    "Tcorrdefgp": 0.4796252445794363,
    "Tcorrdefgprank": 125,
    "Tcorrdftr": 0.38542332848148486,
    "Tcorrdftrrank": 265,
    "Tcorrdorbp": 0.21340347543062252,
    "Tcorrdorbprank": 34,
    "Tcorrdtovr": 0.14014218998336556,
    "Tcorrdtovrrank": 236,
    "Tcorroastr": 0.12040558976955075,
    "Tcorroastrrank": 265,
    "Tcorroeff": 96.72700315989351,
    "Tcorroeffrank": 266,
    "Tcorroefgp": 0.5076940621349522,
    "Tcorroefgprank": 149,
    "Tcorroftr": 0.2731489821137108,
    "Tcorroftrrank": 292,
    "Tcorroorbp": 0.21664880682945822,
    "Tcorroorbprank": 296,
    "Tcorrotovr": 0.14984760310715975,
    "Tcorrotovrrank": 175,
    "Teff": 99.7197571228398,
    "Tefgp": 0.5169491525423728,
    "Tftr": 0.2966101694915254,
    "Tneteff": -0.6437338018913437,
    "Tneteffrank": 173,
    "Torbp": 0.24731182795698925,
    "Tposs": 428.2,
    "Ttovr": 0.1560522986081822,
    "closses": 0,
    "confplace": 1,
    "cwins": 0,
    "dates": [
        [
            11,
            6
        ],
        [
            11,
            11
        ],
        [
            11,
            14
        ],
        [
            11,
            17
        ],
        [
            11,
            24
        ],
        [
            11,
            25
        ]
    ],
    "geff": [
        [
            97.49303621169916,
            58.07365439093485
        ],
        [
            117.73255813953489,
            102.79605263157896
        ],
        [
            84.74576271186442,
            111.14160263446763
        ],
        [
            102.19646125686394,
            128.55414398064124
        ],
        [
            80.5651958353991,
            88.06262230919765
        ],
        [
            120.23460410557185,
            87.34249713631156
        ]
    ],
    "losses": 3,
    "nOT": [
        0,
        0,
        0,
        0,
        0,
        0
    ],
    "pace": 70.60752043778865,
    "poss": [
        [
            71.8,
            70.6
        ],
        [
            68.8,
            72.96
        ],
        [
            73.16,
            72.88
        ],
        [
            65.56,
            66.12
        ],
        [
            80.68,
            81.76
        ],
        [
            68.2,
            69.84
        ]
    ],
    "preseason_pace": 70.3382944656297,
    "preseason_pred": -7.455382476329655,
    "preseason_predd": 108.69797036699622,
    "preseason_predo": 101.24258789066656,
    "schedule": [
        "chicago-state",
        "arkansas-state",
        "oakland",
        "bellarmine",
        "western-kentucky",
        "lipscomb"
    ],
    "scores": [
        [
            70,
            41
        ],
        [
            81,
            75
        ],
        [
            62,
            81
        ],
        [
            67,
            85
        ],
        [
            65,
            72
        ],
        [
            82,
            61
        ]
    ],
    "wins": 3
}