{
    "CompRank": 310,
    "CompositeDef": 103.91073791863032,
    "CompositeOff": 91.2728606868455,
    "CompositePace": 68.7178928770725,
    "CompositeRating": -12.637877231784818,
    "HA": [
        "H",
        "H",
        "H",
        "N",
        "N",
        "N",
        "H",
        "H",
        "A",
        "H",
        "H",
        "H",
        "A"
    ],
    "OAst": 179.0,
    "OAvgCompRat": 0.740235967412987,
    "OBlk": 43.0,
    "ODR": 309.0,
    "OFGA": 774.0,
    "OFGA3": 289.0,
    "OFGM": 359.0,
    "OFGM3": 97.0,
    "OFTA": 205.0,
    "OFTM": 140.0,
    "OOR": 112.0,
    "OPF": 228.0,
    "OScore": 955.0,
    "OStl": 94.0,
    "OTO": 153.0,
    "Oastr": 0.1496405283397425,
    "Ocomprank": 144,
    "Ocorrdastr": 0.13517429172422524,
    "Ocorrdeff": 100.59746308766138,
    "Ocorrdeffrank": 172,
    "Ocorrdefgp": 0.4907582897891322,
    "Ocorrdftr": 0.28799047455781596,
    "Ocorrdorbp": 0.27116003795141713,
    "Ocorrdtovr": 0.16720837952674447,
    "Ocorroastr": 0.14472413109356658,
    "Ocorroeff": 100.96383406311612,
    "Ocorroeffrank": 195,
    "Ocorroefgp": 0.5118639211926248,
    "Ocorroftr": 0.32145972531779854,
    "Ocorroorbp": 0.261840479987321,
    "Ocorrotovr": 0.15784261956914097,
    "Oeff": 105.5015466195316,
    "Oefgp": 0.5264857881136951,
    "Oftr": 0.2648578811369509,
    "Oneteff": 0.3663709754547426,
    "Oneteffrank": 175,
    "Oorbp": 0.2660332541567696,
    "Oposs": 905.2,
    "Otovr": 0.1504128981517892,
    "SoR": 0.0,
    "SoRrank": 235,
    "TAst": 113.0,
    "TBlk": 39.0,
    "TDR": 309.0,
    "TFGA": 674.0,
    "TFGA3": 235.0,
    "TFGM": 270.0,
    "TFGM3": 75.0,
    "TFTA": 248.0,
    "TFTM": 183.0,
    "TOR": 90.0,
    "TPF": 205.0,
    "TScore": 798.0,
    "TStl": 69.0,
    "TTO": 206.0,
    "Tastr": 0.1025296700903713,
    "Tcorrdastr": 0.14525508635455772,
    "Tcorrdastrrank": 221,
    "Tcorrdeff": 105.40098881454658,
    "Tcorrdeffrank": 254,
    "Tcorrdefgp": 0.5142320768450239,
    "Tcorrdefgprank": 224,
    "Tcorrdftr": 0.2592574287926396,
    "Tcorrdftrrank": 68,
    "Tcorrdorbp": 0.27408546061010913,
    "Tcorrdorbprank": 203,
    "Tcorrdtovr": 0.1553558409402524,
    "Tcorrdtovrrank": 215,
    "Tcorroastr": 0.10648249265100906,
    "Tcorroastrrank": 354,
    "Tcorroeff": 88.99627945080155,
    "Tcorroeffrank": 343,
    "Tcorroefgp": 0.4648281993397123,
    "Tcorroefgprank": 297,
    "Tcorroftr": 0.40288859638827074,
    "Tcorroftrrank": 32,
    "Tcorroorbp": 0.22525128092289398,
    "Tcorroorbprank": 292,
    "Tcorrotovr": 0.2028936772266967,
    "Tcorrotovrrank": 350,
    "Teff": 88.75344781564196,
    "Tefgp": 0.45623145400593473,
    "Tftr": 0.36795252225519287,
    "Tneteff": -16.404709363745027,
    "Tneteffrank": 333,
    "Torbp": 0.22556390977443608,
    "Tposs": 899.12,
    "Ttovr": 0.20826593335490132,
    "closses": 3,
    "confplace": 13,
    "cwins": 0,
    "dates": [
        [
            11,
            9
        ],
        [
            11,
            12
        ],
        [
            11,
            15
        ],
        [
            11,
            21
        ],
        [
            11,
            22
        ],
        [
            11,
            23
        ],
        [
            11,
            29
        ],
        [
            12,
            4
        ],
        [
            12,
            10
        ],
        [
            12,
            14
        ],
        [
            12,
            17
        ],
        [
            12,
            20
        ],
        [
            12,
            22
        ]
    ],
    "geff": [
        [
            107.9136690647482,
            110.41529334212261
        ],
        [
            94.09304756926292,
            95.00260281103591
        ],
        [
            92.13759213759214,
            90.66587395957194
        ],
        [
            73.97260273972603,
            115.34025374855825
        ],
        [
            54.88157134604274,
            101.33178922987841
        ],
        [
            95.03372164316369,
            117.05202312138728
        ],
        [
            74.50331125827815,
            112.85714285714286
        ],
        [
            70.74212493326215,
            106.89470871191875
        ],
        [
            76.85614849187934,
            107.0816676185037
        ],
        [
            132.7683615819209,
            117.16544325239977
        ],
        [
            92.5925925925926,
            78.125
        ],
        [
            98.18288393903869,
            111.27596439169139
        ],
        [
            94.73060982830077,
            109.76314269208551
        ]
    ],
    "losses": 11,
    "nOT": [
        0,
        0,
        0,
        0,
        0,
        0,
        0,
        0,
        0,
        0,
        0,
        0,
        0
    ],
    "pace": 68.86821040723302,
    "poss": [
        [
            61.16,
            60.68
        ],
        [
            76.52000000000001,
            76.84
        ],
        [
            65.12,
            67.28
        ],
        [
            73.0,
            69.36
        ],
        [
            69.24000000000001,
            69.08
        ],
        [
            65.24000000000001,
            69.2
        ],
        [
            72.48,
            70.0
        ],
        [
            74.92,
            74.84
        ],
        [
            68.96000000000001,
            70.04
        ],
        [
            70.8,
            70.84
        ],
        [
            65.88,
            70.4
        ],
        [
            68.24,
            67.4
        ],
        [
            67.56,
            69.24
        ]
    ],
    "preseason_pace": 68.0209474011568,
    "preseason_pred": 4.826996027509436,
    "preseason_predd": 97.00120701575379,
    "preseason_predo": 101.82820304326323,
    "schedule": [
        "bellarmine",
        "wright-state",
        "appalachian-state",
        "arkansas",
        "texas-tech",
        "cincinnati",
        "maryland",
        "miami-fl",
        "florida-state",
        "western-kentucky",
        "florida-am",
        "lipscomb",
        "north-carolina-state"
    ],
    "scores": [
        [
            66,
            67
        ],
        [
            72,
            73
        ],
        [
            60,
            61
        ],
        [
            54,
            80
        ],
        [
            38,
            70
        ],
        [
            62,
            81
        ],
        [
            54,
            79
        ],
        [
            53,
            80
        ],
        [
            53,
            75
        ],
        [
            94,
            83
        ],
        [
            61,
            55
        ],
        [
            67,
            75
        ],
        [
            64,
            76
        ]
    ],
    "wins": 2
}