{
    "CompRank": 172,
    "CompositeDef": 106.37711961087605,
    "CompositeOff": 105.58988907269517,
    "CompositePace": 70.37665412017454,
    "CompositeRating": -0.787230538180873,
    "HA": [
        "H",
        "H",
        "H",
        "N",
        "N",
        "H",
        "H",
        "A",
        "A",
        "H",
        "H",
        "H",
        "A",
        "H",
        "A",
        "H",
        "A",
        "A",
        "H",
        "H",
        "A",
        "H"
    ],
    "OAst": 330.0,
    "OAvgCompRat": 4.099476647783495,
    "OBlk": 87.0,
    "ODR": 544.0,
    "OFGA": 1317.0,
    "OFGA3": 508.0,
    "OFGM": 612.0,
    "OFGM3": 174.0,
    "OFTA": 427.0,
    "OFTM": 317.0,
    "OOR": 192.0,
    "OPF": 410.0,
    "OScore": 1715.0,
    "OStl": 157.0,
    "OTO": 250.0,
    "Oastr": 0.15828249107862322,
    "Ocomprank": 58,
    "Ocorrdastr": 0.13508848837302112,
    "Ocorrdeff": 102.26395723364952,
    "Ocorrdeffrank": 76,
    "Ocorrdefgp": 0.4871934149667197,
    "Ocorrdftr": 0.30924258621805445,
    "Ocorrdorbp": 0.26106201283821057,
    "Ocorrdtovr": 0.15277727845090908,
    "Ocorroastr": 0.15672524701813775,
    "Ocorroeff": 107.86543289210027,
    "Ocorroeffrank": 54,
    "Ocorroefgp": 0.5272099586849598,
    "Ocorroftr": 0.3286110714013735,
    "Ocorroorbp": 0.2755980822088214,
    "Ocorrotovr": 0.1383233027890021,
    "Oeff": 109.73331285831286,
    "Oefgp": 0.530751708428246,
    "Oftr": 0.32422171602126043,
    "Oneteff": 5.601475658450752,
    "Oneteffrank": 58,
    "Oorbp": 0.2659279778393352,
    "Oposs": 1562.88,
    "Otovr": 0.1424598832968636,
    "SoR": 0.0,
    "SoRrank": 161,
    "TAst": 238.0,
    "TBlk": 56.0,
    "TDR": 530.0,
    "TFGA": 1262.0,
    "TFGA3": 390.0,
    "TFGM": 548.0,
    "TFGM3": 120.0,
    "TFTA": 518.0,
    "TFTM": 386.0,
    "TOR": 211.0,
    "TPF": 347.0,
    "TScore": 1602.0,
    "TStl": 120.0,
    "TTO": 273.0,
    "Tastr": 0.11894528516882234,
    "Tcorrdastr": 0.14365429883327704,
    "Tcorrdastrrank": 190,
    "Tcorrdeff": 106.48369099890238,
    "Tcorrdeffrank": 208,
    "Tcorrdefgp": 0.5072305159713382,
    "Tcorrdefgprank": 186,
    "Tcorrdftr": 0.32672876033966414,
    "Tcorrdftrrank": 184,
    "Tcorrdorbp": 0.26860314048472284,
    "Tcorrdorbprank": 143,
    "Tcorrdtovr": 0.15320574224136857,
    "Tcorrdtovrrank": 123,
    "Tcorroastr": 0.12534839367435924,
    "Tcorroastrrank": 281,
    "Tcorroeff": 105.65466258103673,
    "Tcorroeffrank": 156,
    "Tcorroefgp": 0.49839270122637924,
    "Tcorroefgprank": 200,
    "Tcorroftr": 0.44086830071683025,
    "Tcorroftrrank": 11,
    "Tcorroorbp": 0.29877382580352135,
    "Tcorroorbprank": 109,
    "Tcorrotovr": 0.15079328347450882,
    "Tcorrotovrrank": 198,
    "Teff": 103.22697046239496,
    "Tefgp": 0.48177496038034867,
    "Tftr": 0.410459587955626,
    "Tneteff": -0.8290284178656435,
    "Tneteffrank": 173,
    "Torbp": 0.27947019867549666,
    "Tposs": 1551.92,
    "Ttovr": 0.15485671499557552,
    "closses": 9,
    "confplace": 14,
    "cwins": 2,
    "dates": [
        [
            11,
            6
        ],
        [
            11,
            10
        ],
        [
            11,
            15
        ],
        [
            11,
            19
        ],
        [
            11,
            20
        ],
        [
            11,
            26
        ],
        [
            11,
            29
        ],
        [
            12,
            3
        ],
        [
            12,
            9
        ],
        [
            12,
            13
        ],
        [
            12,
            17
        ],
        [
            12,
            21
        ],
        [
            1,
            3
        ],
        [
            1,
            6
        ],
        [
            1,
            10
        ],
        [
            1,
            13
        ],
        [
            1,
            17
        ],
        [
            1,
            20
        ],
        [
            1,
            23
        ],
        [
            1,
            27
        ],
        [
            1,
            30
        ],
        [
            2,
            3
        ]
    ],
    "geff": [
        [
            118.7468418393128,
            119.72193614830071
        ],
        [
            93.66754617414249,
            113.50896860986548
        ],
        [
            93.6157151626765,
            61.23058542413381
        ],
        [
            118.27321111768184,
            113.8920134983127
        ],
        [
            88.28250401284109,
            102.83490828237909
        ],
        [
            120.70815450643777,
            115.89403973509933
        ],
        [
            100.4402861860209,
            93.97457158651189
        ],
        [
            98.66511897852583,
            107.32684602175158
        ],
        [
            93.25287986834887,
            101.95758564437193
        ],
        [
            91.14583333333333,
            108.25635103926096
        ],
        [
            116.37458926615552,
            86.11262985237835
        ],
        [
            103.20478001086366,
            123.31256490134994
        ],
        [
            95.11844938980617,
            136.52482269503545
        ],
        [
            107.42786985880909,
            125.30193236714977
        ],
        [
            109.52902519167579,
            95.17426273458446
        ],
        [
            116.90140845070422,
            121.12139357648338
        ],
        [
            98.98190045248869,
            125.43757292882147
        ],
        [
            95.81367924528301,
            129.90762124711316
        ],
        [
            105.2471018913972,
            124.47510497900419
        ],
        [
            83.12020460358056,
            107.14285714285714
        ],
        [
            92.59259259259258,
            98.59154929577464
        ],
        [
            120.52505966587113,
            107.72833723653395
        ]
    ],
    "losses": 15,
    "nOT": [
        0,
        0,
        0,
        0,
        0,
        1,
        0,
        0,
        0,
        0,
        0,
        0,
        0,
        0,
        0,
        0,
        0,
        0,
        0,
        0,
        0,
        0
    ],
    "pace": 70.46266443727512,
    "poss": [
        [
            79.16,
            77.68
        ],
        [
            75.8,
            71.36
        ],
        [
            65.16,
            66.96000000000001
        ],
        [
            67.64,
            71.12
        ],
        [
            74.76,
            71.96000000000001
        ],
        [
            74.56,
            72.48
        ],
        [
            72.68,
            72.36
        ],
        [
            68.92,
            69.88
        ],
        [
            72.92,
            73.56
        ],
        [
            69.12,
            69.28
        ],
        [
            73.04,
            73.16
        ],
        [
            73.64,
            77.04
        ],
        [
            55.72,
            56.4
        ],
        [
            65.16,
            66.24
        ],
        [
            73.04,
            74.6
        ],
        [
            71.0,
            73.48
        ],
        [
            70.72,
            68.56
        ],
        [
            67.84,
            69.28
        ],
        [
            65.56,
            66.68
        ],
        [
            62.56,
            64.4
        ],
        [
            69.12,
            71.0
        ],
        [
            83.8,
            85.4
        ]
    ],
    "preseason_pace": 67.47839313494177,
    "preseason_pred": 0.6212186809302791,
    "preseason_predd": 102.78601907234882,
    "preseason_predo": 103.40723775327909,