{
    "CompRank": 227,
    "CompositeDef": 109.50309448772941,
    "CompositeOff": 103.52199745895315,
    "CompositePace": 65.39598670533807,
    "CompositeRating": -5.9810970287762455,
    "HA": [
        "A",
        "H",
        "N",
        "A",
        "N"
    ],
    "OAst": 50.0,
    "OAvgCompRat": -3.8979130635059227,
    "OBlk": 9.0,
    "ODR": 102.0,
    "OFGA": 259.0,
    "OFGA3": 84.0,
    "OFGM": 117.0,
    "OFGM3": 32.0,
    "OFTA": 78.0,
    "OFTM": 55.0,
    "OOR": 35.0,
    "OPF": 83.0,
    "OScore": 321.0,
    "OStl": 31.0,
    "OTO": 48.0,
    "Oastr": 0.12777266687110295,
    "Ocomprank": 270,
    "Ocorrdastr": 0.1346913931448613,
    "Ocorrdeff": 103.85403132573906,
    "Ocorrdeffrank": 220,
    "Ocorrdefgp": 0.49793764524738393,
    "Ocorrdftr": 0.3641630030338018,
    "Ocorrdorbp": 0.2812522562837082,
    "Ocorrdtovr": 0.1447179335221363,
    "Ocorroastr": 0.11218467388861834,
    "Ocorroeff": 101.72256488947819,
    "Ocorroeffrank": 212,
    "Ocorroefgp": 0.48656049707386506,
    "Ocorroftr": 0.3619738410391006,
    "Ocorroorbp": 0.29652552086327927,
    "Ocorrotovr": 0.1569713296439172,
    "Oeff": 104.79237398798642,
    "Oefgp": 0.5135135135135135,
    "Oftr": 0.30115830115830117,
    "Oneteff": -2.1314664362608653,
    "Oneteffrank": 226,
    "Oorbp": 0.26717557251908397,
    "Oposs": 306.32,
    "Otovr": 0.1406304933786476,
    "SoR": 0.1996406494932934,
    "SoRrank": 254,
    "TAst": 58.0,
    "TBlk": 11.0,
    "TDR": 96.0,
    "TFGA": 259.0,
    "TFGA3": 98.0,
    "TFGM": 118.0,
    "TFGM3": 39.0,
    "TFTA": 65.0,
    "TFTM": 43.0,
    "TOR": 31.0,
    "TPF": 78.0,
    "TScore": 318.0,
    "TStl": 16.0,
    "TTO": 52.0,
    "Tastr": 0.1458752515090543,
    "Tcorrdastr": 0.15674663145594542,
    "Tcorrdastrrank": 279,
    "Tcorrdeff": 105.77097091805227,
    "Tcorrdeffrank": 225,
    "Tcorrdefgp": 0.5250635654190074,
    "Tcorrdefgprank": 243,
    "Tcorrdftr": 0.28629955600283746,
    "Tcorrdftrrank": 100,
    "Tcorrdorbp": 0.2532110688433078,
    "Tcorrdorbprank": 122,
    "Tcorrdtovr": 0.13668723424489945,
    "Tcorrdtovrrank": 248,
    "Tcorroastr": 0.14976830630779453,
    "Tcorroastrrank": 123,
    "Tcorroeff": 101.93474459831992,
    "Tcorroeffrank": 185,
    "Tcorroefgp": 0.5311872268220678,
    "Tcorroefgprank": 85,
    "Tcorroftr": 0.23771217521327717,
    "Tcorroftrrank": 329,
    "Tcorroorbp": 0.23341820660429063,
    "Tcorroorbprank": 273,
    "Tcorrotovr": 0.16113308337510682,
    "Tcorrotovrrank": 227,
    "Teff": 103.04601425793908,
    "Tefgp": 0.5308880308880309,
    "Tftr": 0.25096525096525096,
    "Tneteff": -3.836226319732347,
    "Tneteffrank": 210,
    "Torbp": 0.23308270676691728,
    "Tposs": 308.6,
    "Ttovr": 0.1531213191990577,
    "closses": 0,
    "confplace": 1,
    "cwins": 0,
    "dates": [
        [
            11,
            6
        ],
        [
            11,
            10
        ],
        [
            11,
            17
        ],
        [
            11,
            18
        ],
        [
            11,
            19
        ]
    ],
    "geff": [
        [
            104.23246999368288,
            120.99522835719155
        ],
        [
            90.12016021361815,
            84.93589743589743
        ],
        [
            102.59917920656635,
            105.46334716459197
        ],
        [
            97.30069052102951,
            110.58981233243968
        ],
        [
            120.32932235592148,
            103.36680448907265
        ]
    ],
    "losses": 3,
    "nOT": [
        0,
        0,
        0,
        0,
        0
    ],
    "pace": 63.072421109761706,
    "poss": [
        [
            63.32,
            58.68
        ],
        [
            59.92,
            62.4
        ],
        [
            58.480000000000004,
            57.84
        ],
        [
            63.72,
            59.68
        ],
        [
            63.16,
            67.72
        ]
    ],
    "preseason_pace": 66.98965309462227,
    "preseason_pred": -7.452201767489482,
    "preseason_predd": 112.06285002248738,
    "preseason_predo": 104.6106482549979,
    "schedule": [
        "california",
        "idaho-state",
        "cal-poly",
        "california-baptist",
        "portland-state"
    ],
    "scores": [
        [
            66,
            71
        ],
        [
            54,
            53
        ],
        [
            60,
            61
        ],
        [
            62,
            66
        ],
        [
            76,
            70
        ]
    ],
    "wins": 2
}