{
    "CompRank": 115,
    "CompositeDef": 109.63528663179738,
    "CompositeOff": 114.61909503858566,
    "CompositePace": 68.32048304312822,
    "CompositeRating": 4.98380840678827,
    "HA": [
        "A",
        "A",
        "A",
        "N",
        "N",
        "A",
        "H",
        "A",
        "H",
        "H",
        "A",
        "A",
        "A",
        "A",
        "H",
        "H",
        "H",
        "A",
        "A",
        "H",
        "H",
        "A",
        "A",
        "H",
        "A",
        "A",
        "H",
        "H",
        "N"
    ],
    "OAst": 383.0,
    "OAvgCompRat": -2.781764281485187,
    "OBlk": 90.0,
    "ODR": 694.0,
    "OFGA": 1672.0,
    "OFGA3": 691.0,
    "OFGM": 750.0,
    "OFGM3": 245.0,
    "OFTA": 602.0,
    "OFTM": 455.0,
    "OOR": 275.0,
    "OPF": 396.0,
    "OScore": 2204.0,
    "OStl": 146.0,
    "OTO": 354.0,
    "Oastr": 0.14323754244767903,
    "Ocomprank": 227,
    "Ocorrdastr": 0.14966481170273385,
    "Ocorrdeff": 109.89977534406486,
    "Ocorrdeffrank": 316,
    "Ocorrdefgp": 0.5291472181526757,
    "Ocorrdftr": 0.3652365605632735,
    "Ocorrdorbp": 0.28456028659242566,
    "Ocorrdtovr": 0.13778886871333484,
    "Ocorroastr": 0.1345148906923701,
    "Ocorroeff": 106.20609656899931,
    "Ocorroeffrank": 159,
    "Ocorroefgp": 0.5028659669404485,
    "Ocorroftr": 0.3240788088273439,
    "Ocorroorbp": 0.28165750821120783,
    "Ocorrotovr": 0.15085851406213638,
    "Oeff": 109.33190467686568,
    "Oefgp": 0.5218301435406698,
    "Oftr": 0.36004784688995217,
    "Oneteff": -3.6936787750655498,
    "Oneteffrank": 235,
    "Oorbp": 0.2947481243301179,
    "Oposs": 2015.88,
    "Otovr": 0.15452577175583182,
    "SoR": 0.0,
    "SoRrank": 117,
    "TAst": 426.0,
    "TBlk": 93.0,
    "TDR": 658.0,
    "TFGA": 1656.0,
    "TFGA3": 768.0,
    "TFGM": 813.0,
    "TFGM3": 296.0,
    "TFTA": 568.0,
    "TFTM": 442.0,
    "TOR": 177.0,
    "TPF": 454.0,
    "TScore": 2369.0,
    "TStl": 186.0,
    "TTO": 274.0,
    "Tastr": 0.16347393626818935,
    "Tcorrdastr": 0.15604290416203667,
    "Tcorrdastrrank": 263,
    "Tcorrdeff": 109.63528663179738,
    "Tcorrdeffrank": 231,
    "Tcorrdefgp": 0.5292536251768816,
    "Tcorrdefgprank": 246,
    "Tcorrdftr": 0.3688213229587722,
    "Tcorrdftrrank": 276,
    "Tcorrdorbp": 0.30120526725617597,
    "Tcorrdorbprank": 235,
    "Tcorrdtovr": 0.15213976486736025,
    "Tcorrdtovrrank": 137,
    "Tcorroastr": 0.1600799115297504,
    "Tcorroastrrank": 98,
    "Tcorroeff": 114.61909503858566,
    "Tcorroeffrank": 62,
    "Tcorroefgp": 0.5594627787029353,
    "Tcorroefgprank": 48,
    "Tcorroftr": 0.31260800753098483,
    "Tcorroftrrank": 222,
    "Tcorroorbp": 0.20603566039229243,
    "Tcorroorbprank": 347,
    "Tcorrotovr": 0.13549623756995335,
    "Tcorrotovrrank": 88,
    "Teff": 118.2773151199249,
    "Tefgp": 0.5803140096618358,
    "Tftr": 0.34299516908212563,
    "Tneteff": 4.98380840678827,
    "Tneteffrank": 115,
    "Torbp": 0.20321469575200918,
    "Tposs": 2002.92,
    "Ttovr": 0.12569268597012734,
    "closses": 4,
    "confplace": 2,
    "cwins": 12,
    "dates": [
        [
            11,
            8
        ],
        [
            11,
            10
        ],
        [
            11,
            17
        ],
        [
            11,
            22
        ],
        [
            11,
            23
        ],
        [
            11,
            24
        ],
        [
            12,
            2
        ],
        [
            12,
            4
        ],
        [
            12,
            7
        ],
        [
            12,
            13
        ],
        [
            12,
            21
        ],
        [
            12,
            29
        ],
        [
            1,
            2
        ],
        [
            1,
            4
        ],
        [
            1,
            8
        ],
        [
            1,
            11
        ],
        [
            1,
            18
        ],
        [
            1,
            23
        ],
        [
            1,
            25
        ],
        [
            1,
            29
        ],
        [
            2,
            2
        ],
        [
            2,
            6
        ],
        [
            2,
            8
        ],
        [
            2,
            15
        ],
        [
            2,
            19
        ],
        [
            2,
            22
        ],
        [
            2,
            27
        ],
        [
            3,
            1
        ],
        [
            3,
            6
        ]
    ],
    "geff": [
        [
            125.7685858021241,
            101.87667560321717
        ],
        [
            94.16445623342175,
            104.8218029350105
        ],
        [
            94.01709401709401,
            116.64746543778803
        ],
        [
            106.85011709601875,
            118.49034523112931
        ],
        [
            125.4826254826255,
            91.85980780101752
        ],
        [
            91.6525662718556,
            100.46592894583576
        ],
        [
            121.89054726368158,
            97.58602978941963
        ],
        [
            134.42521631644004,
            114.39902379499695
        ],
        [
            123.94366197183099,
            115.7804459691252
        ],
        [
            112.7709431751611,
            105.34124629080118
        ],
        [
            118.20030503304524,
            87.40359897172237
        ],
        [
            102.86458333333334,
            108.0
        ],
        [
            139.23654568210262,
            129.6522269676632
        ],
        [
            123.87387387387386,
            110.01100110011001
        ],
        [
            113.99125546533415,
            107.39856801909306
        ],
        [
            156.4965807469753,
            138.8147357180993
        ],
        [
            111.78247734138972,
            90.3790087463557
        ],
        [
            107.6158940397351,
            125.42277339346109
        ],
        [
            108.48755583918316,
            102.39445494643982
        ],
        [
            140.79895219384414,
            110.66084788029926
        ],
        [
            127.74902975420439,
            98.10126582278481
        ],
        [
            112.97950604308986,
            130.43478260869566
        ],
        [
            125.39682539682539,
            118.67582760774518
        ],
        [
            144.46472019464719,
            123.89380530973452
        ],
        [
            115.6737998843262,
            125.0
        ],
        [
            100.7941356139279,
            104.90543735224585
        ],
        [
            128.05241215008934,
            105.71768910065516
        ],
        [
            102.20125786163523,
            89.33979406420353
        ],
        [
            123.99256044637322,
            96.03469640644362
        ]
    ],
    "losses": 9,
    "nOT": [
        0,
        0,
        0,
        0,
        0,
        0,
        0,
        0,
        0,
        0,
        0,
        1,
        0,
        0,
        0,
        0,
        0,
        0,
        0,
        0,
        0,
        0,
        0,
        0,
        0,
        0,
        0,
        0,
        0
    ],
    "pace": 68.32048304312822,