{
    "CompRank": 4,
    "CompositeDef": 88.66177292747992,
    "CompositeOff": 119.03523457243196,
    "CompositePace": 68.20624087561472,
    "CompositeRating": 30.373461644952044,
    "HA": [
        "H",
        "H",
        "H",
        "H",
        "N",
        "N",
        "N",
        "H",
        "H",
        "A",
        "H",
        "H",
        "A",
        "H",
        "A",
        "H",
        "H",
        "A",
        "A",
        "H",
        "A",
        "H",
        "A",
        "A",
        "H",
        "A",
        "H",
        "A",
        "H",
        "A"
    ],
    "Name": "baylor",
    "OAst": 379.0,
    "OAvgCompRat": 8.06352035025156,
    "OBlk": 87.0,
    "ODR": 665.0,
    "OFGA": 1668.0,
    "OFGA3": 592.0,
    "OFGM": 701.0,
    "OFGM3": 173.0,
    "OFTA": 459.0,
    "OFTM": 321.0,
    "OOR": 298.0,
    "OPFwins": 488.0,
    "OScore": 1896.0,
    "OStl": 198.0,
    "OTO": 477.0,
    "Oastr": 0.13903358816710443,
    "Ocomprank": 18,
    "Ocorrdastr": 0.12944427240607206,
    "Ocorrdeff": 96.98309821990091,
    "Ocorrdeffrank": 10,
    "Ocorrdefgp": 0.47588268743505663,
    "Ocorrdftr": 0.3081183397677688,
    "Ocorrdorbp": 0.27068530471304353,
    "Ocorrdtovr": 0.1878825189978114,
    "Ocorroastr": 0.15152961095661782,
    "Ocorroeff": 107.34574061371946,
    "Ocorroeffrank": 33,
    "Ocorroefgp": 0.5225351408439869,
    "Ocorroftr": 0.3079157851093742,
    "Ocorroorbp": 0.31454784572694516,
    "Ocorrotovr": 0.15466432038856673,
    "Oeff": 92.53474933624864,
    "Oefgp": 0.4721223021582734,
    "Oftr": 0.2751798561151079,
    "Oneteff": 10.362642393818547,
    "Oneteffrank": 18,
    "Oorbp": 0.28875968992248063,
    "Oposs": 2048.96,
    "Otovr": 0.20324164024951427,
    "SoR": 96.88211661677049,
    "SoRrank": 1,
    "TAst": 482.0,
    "TBlk": 100.0,
    "TDR": 734.0,
    "TFGA": 1828.0,
    "TFGA3": 688.0,
    "TFGM": 852.0,
    "TFGM3": 243.0,
    "TFTA": 514.0,
    "TFTM": 359.0,
    "TOR": 383.0,
    "TPF": 479.0,
    "TScore": 2306.0,
    "TStl": 266.0,
    "TTO": 383.0,
    "Tastr": 0.16511599227174942,
    "Tcorrdastr": 0.12943278740266806,
    "Tcorrdastrrank": 98,
    "Tcorrdeff": 88.66177292747992,
    "Tcorrdeffrank": 9,
    "Tcorrdefgp": 0.4527932722329167,
    "Tcorrdefgprank": 35,
    "Tcorrdftr": 0.27300305133700975,
    "Tcorrdftrrank": 109,
    "Tcorrdorbp": 0.25841602924439033,
    "Tcorrdorbprank": 84,
    "Tcorrdtovr": 0.21523284495975542,
    "Tcorrdtovrrank": 11,
    "Tcorroastr": 0.17986070081388947,
    "Tcorroastrrank": 13,
    "Tcorroeff": 119.03523457243196,
    "Tcorroeffrank": 8,
    "Tcorroefgp": 0.5607280233759016,
    "Tcorroefgprank": 20,
    "Tcorroftr": 0.2794509163378113,
    "Tcorroftrrank": 255,
    "Tcorroorbp": 0.38070607343632,
    "Tcorroorbprank": 6,
    "Tcorrotovr": 0.136982058626824,
    "Tcorrotovrrank": 30,
    "Teff": 112.25999922109281,
    "Tefgp": 0.5325492341356673,
    "Tftr": 0.2811816192560175,
    "Tneteff": 30.373461644952044,
    "Tneteffrank": 4,
    "Torbp": 0.3654580152671756,
    "Tposs": 2054.16,
    "Ttovr": 0.157150125555975,
    "closses": 4,
    "confplace": 1,
    "cwins": 13,
    "dates": [
        [
            11,
            12
        ],
        [
            11,
            15
        ],
        [
            11,
            17
        ],
        [
            11,
            20
        ],
        [
            11,
            24
        ],
        [
            11,
            25
        ],
        [
            11,
            26
        ],
        [
            12,
            4
        ],
        [
            12,
            12
        ],
        [
            12,
            18
        ],
        [
            12,
            20
        ],
        [
            12,
            28
        ],
        [
            1,
            1
        ],
        [
            1,
            4
        ],
        [
            1,
            8
        ],
        [
            1,
            11
        ],
        [
            1,
            15
        ],
        [
            1,
            18
        ],
        [
            1,
            22
        ],
        [
            1,
            25
        ],
        [
            1,
            29
        ],
        [
            1,
            31
        ],
        [
            2,
            5
        ],
        [
            2,
            9
        ],
        [
            2,
            12
        ],
        [
            2,
            16
        ],
        [
            2,
            19
        ],
        [
            2,
            21
        ],
        [
            2,
            26
        ],
        [
            2,
            28
        ]
    ],
    "geff": [
        [
            124.00228050171039,
            85.37279453614114
        ],
        [
            112.37373737373737,
            79.95735607675907
        ],
        [
            111.86770428015565,
            55.76649264356905
        ],
        [
            129.3622141997593,
            76.14213197969544
        ],
        [
            110.3590347263096,
            92.59259259259261
        ],
        [
            100.64177362893815,
            87.49282845668388
        ],
        [
            118.52085967130215,
            91.54040404040404
        ],
        [
            138.5778275475924,
            77.1869639794168
        ],
        [
            94.87350199733689,
            60.60606060606061
        ],
        [
            123.96694214876032,
            116.12475116124752
        ],
        [
            134.6704871060172,
            81.38206739006282
        ],
        [
            128.7128712871287,
            85.85858585858585
        ],
        [
            105.24876981957354,
            100.16694490818031
        ],
        [
            116.99164345403901,
            103.17902955939766
        ],
        [
            118.60174781523096,
            96.38554216867469
        ],
        [
            98.85204081632654,
            103.0437539632213
        ],
        [
            84.16458852867831,
            94.54432734035956
        ],
        [
            113.50235849056604,
            101.43198090692123
        ],
        [
            96.49643705463183,
            79.19254658385093
        ],
        [
            120.9941137998692,
            79.39079714841219
        ],
        [
            111.94029850746267,
            129.00355871886123
        ],
        [
            120.8955223880597,
            113.03581914268936
        ],
        [
            79.55771305285869,
            109.32560590094836
        ],
        [
            111.14404267931238,
            89.23259964306959
        ],
        [
            127.22646310432569,
            95.28130671506351
        ],
        [
            106.97538100820634,
            121.70087976539588
        ],
        [
            106.25737898465172,
            91.39150943396226
        ],
        [
            93.59047078842882,
            88.54454897620366
        ],
        [
            116.89070718877849,
            103.2448377581121
        ],
        [
            108.28025477707007,
            94.42724458204336
        ]
    ],
    "losses": 5,
    "nOT": [
        0,
        0,
        0,
        0,
        0,
        0,
        0,
        0,
        0,
        0,
        0,
        0,
        0,
        0,
        0,
        0,
        0,
        0,
        0,
        0,
        0,
        0,
        0,
        0,
        0,
        0,
        0,
        1,
        0,
        0
    ],
    "pace": 68.20624087561472,