{
    "CompRank": 207,
    "CompositeDef": 102.3097197124251,
    "CompositeOff": 98.05366423020753,
    "CompositePace": 66.9386082974779,
    "CompositeRating": -4.256055482217587,
    "HA": [
        "A",
        "A",
        "A"
    ],
    "OAst": 36.0,
    "OAvgCompRat": 5.792198663262903,
    "OBlk": 11.0,
    "ODR": 79.0,
    "OFGA": 149.0,
    "OFGA3": 62.0,
    "OFGM": 75.0,
    "OFGM3": 21.0,
    "OFTA": 84.0,
    "OFTM": 62.0,
    "OOR": 26.0,
    "OPF": 58.0,
    "OScore": 233.0,
    "OStl": 19.0,
    "OTO": 52.0,
    "Oastr": 0.13140604467805517,
    "Ocomprank": 63,
    "Ocorrdastr": 0.1140200011497088,
    "Ocorrdeff": 94.50679824764266,
    "Ocorrdeffrank": 42,
    "Ocorrdefgp": 0.44733178155105663,
    "Ocorrdftr": 0.44118082779381845,
    "Ocorrdorbp": 0.32147288679062996,
    "Ocorrdtovr": 0.1496937082374565,
    "Ocorroastr": 0.1370467489716811,
    "Ocorroeff": 113.36843286024187,
    "Ocorroeffrank": 15,
    "Ocorroefgp": 0.54457835447345,
    "Ocorroftr": 0.3242684819739225,
    "Ocorroorbp": 0.3293097595426538,
    "Ocorrotovr": 0.16756705069213854,
    "Oeff": 109.92640120777504,
    "Oefgp": 0.5738255033557047,
    "Oftr": 0.5637583892617449,
    "Oneteff": 18.861634612599204,
    "Oneteffrank": 17,
    "Oorbp": 0.3291139240506329,
    "Oposs": 211.96,
    "Otovr": 0.21852412170112623,
    "SoR": 5.240641387148126,
    "SoRrank": 165,
    "TAst": 27.0,
    "TBlk": 7.0,
    "TDR": 53.0,
    "TFGA": 166.0,
    "TFGA3": 47.0,
    "TFGM": 72.0,
    "TFGM3": 14.0,
    "TFTA": 66.0,
    "TFTM": 41.0,
    "TOR": 22.0,
    "TPF": 69.0,
    "TScore": 199.0,
    "TStl": 28.0,
    "TTO": 33.0,
    "Tastr": 0.10586574654956085,
    "Tcorrdastr": 0.13191507544361888,
    "Tcorrdastrrank": 157,
    "Tcorrdeff": 99.67934374496527,
    "Tcorrdeffrank": 145,
    "Tcorrdefgp": 0.5246702896750515,
    "Tcorrdefgprank": 250,
    "Tcorrdftr": 0.5971547241030432,
    "Tcorrdftrrank": 356,
    "Tcorrdorbp": 0.2837781472935546,
    "Tcorrdorbprank": 193,
    "Tcorrdtovr": 0.20029337708929787,
    "Tcorrdtovrrank": 30,
    "Tcorroastr": 0.1273193214861741,
    "Tcorroastrrank": 226,
    "Tcorroeff": 104.59449791039593,
    "Tcorroeffrank": 142,
    "Tcorroefgp": 0.5275524110247689,
    "Tcorroefgprank": 95,
    "Tcorroftr": 0.3127717027038131,
    "Tcorroftrrank": 220,
    "Tcorroorbp": 0.19295145510312153,
    "Tcorroorbprank": 321,
    "Tcorrotovr": 0.1479778917163084,
    "Tcorrotovrrank": 160,
    "Teff": 96.58318773053776,
    "Tefgp": 0.4759036144578313,
    "Tftr": 0.39759036144578314,
    "Tneteff": 4.915154165430664,
    "Tneteffrank": 130,
    "Torbp": 0.21782178217821782,
    "Tposs": 206.04,
    "Ttovr": 0.14471145413085423,
    "closses": 0,
    "confplace": 1,
    "cwins": 0,
    "dates": [
        [
            11,
            9
        ],
        [
            11,
            14
        ],
        [
            11,
            17
        ]
    ],
    "geff": [
        [
            103.83889238514789,
            90.77380952380952
        ],
        [
            96.54768870684612,
            105.71428571428571
        ],
        [
            90.39395574743658,
            131.08614232209737
        ]
    ],
    "losses": 2,
    "nOT": [
        0,
        0,
        0
    ],
    "pace": 70.37725741131706,
    "poss": [
        [
            63.56,
            67.2
        ],
        [
            68.36,
            70.0
        ],
        [
            74.12,
            74.76
        ]
    ],
    "preseason_pace": 66.089559133567,
    "preseason_pred": -6.52055169151345,
    "preseason_predd": 102.95919525994607,
    "preseason_predo": 96.43864356843261,
    "schedule": [
        "chicago-state",
        "morehead-state",
        "alabama"
    ],
    "scores": [
        [
            66,
            61
        ],
        [
            66,
            74
        ],
        [
            67,
            98
        ]
    ],
    "wins": 1
}