{
    "CompRank": 195,
    "CompositeDef": 106.64946260196761,
    "CompositeOff": 104.47524198741057,
    "CompositePace": 65.62581405170741,
    "CompositeRating": -2.1742206145570435,
    "HA": [
        "A",
        "A",
        "A",
        "N",
        "N",
        "A",
        "H",
        "A",
        "H",
        "A",
        "H",
        "H",
        "A",
        "H",
        "H",
        "A",
        "A",
        "H",
        "A",
        "H",
        "H",
        "A",
        "H",
        "A",
        "A",
        "H",
        "A"
    ],
    "Name": "mercer",
    "OAst": 367.0,
    "OAvgCompRat": 1.5875088026715658,
    "OBlk": 79.0,
    "ODR": 641.0,
    "OFGA": 1547.0,
    "OFGA3": 637.0,
    "OFGM": 705.0,
    "OFGM3": 223.0,
    "OFTA": 436.0,
    "OFTM": 318.0,
    "OOR": 246.0,
    "OPFwins": 418.0,
    "OScore": 1951.0,
    "OStl": 190.0,
    "OTO": 292.0,
    "Oastr": 0.15305441564074332,
    "Ocomprank": 118,
    "Ocorrdastr": 0.14477487616298673,
    "Ocorrdeff": 103.19639686897584,
    "Ocorrdeffrank": 201,
    "Ocorrdefgp": 0.5027240663022182,
    "Ocorrdftr": 0.31129738378571087,
    "Ocorrdorbp": 0.28110901930640503,
    "Ocorrdtovr": 0.1559935559725979,
    "Ocorroastr": 0.1410645787162741,
    "Ocorroeff": 105.20818833393163,
    "Ocorroeffrank": 81,
    "Ocorroefgp": 0.5082638447026745,
    "Ocorroftr": 0.2874677051253522,
    "Ocorroorbp": 0.294702944330281,
    "Ocorrotovr": 0.16742364457062173,
    "Oeff": 109.30951793998342,
    "Oefgp": 0.5277957336780866,
    "Oftr": 0.28183581124757595,
    "Oneteff": 2.0117914649557918,
    "Oneteffrank": 121,
    "Oorbp": 0.2685589519650655,
    "Oposs": 1784.84,
    "Otovr": 0.1437828681727758,
    "SoR": 0.049977510162069194,
    "SoRrank": 157,
    "TAst": 385.0,
    "TBlk": 77.0,
    "TDR": 670.0,
    "TFGA": 1466.0,
    "TFGA3": 650.0,
    "TFGM": 653.0,
    "TFGM3": 230.0,
    "TFTA": 438.0,
    "TFTM": 342.0,
    "TOR": 209.0,
    "TPF": 422.0,
    "TScore": 1878.0,
    "TStl": 153.0,
    "TTO": 338.0,
    "Tastr": 0.16164788472196562,
    "Tcorrdastr": 0.152992582246169,
    "Tcorrdastrrank": 275,
    "Tcorrdeff": 106.64946260196761,
    "Tcorrdeffrank": 256,
    "Tcorrdefgp": 0.5195099284028829,
    "Tcorrdefgprank": 242,
    "Tcorrdftr": 0.3001476571499567,
    "Tcorrdftrrank": 175,
    "Tcorrdorbp": 0.25713259021906026,
    "Tcorrdorbprank": 78,
    "Tcorrdtovr": 0.14135286847472348,
    "Tcorrdtovrrank": 310,
    "Tcorroastr": 0.15739189340134752,
    "Tcorroastrrank": 75,
    "Tcorroeff": 104.47524198741057,
    "Tcorroeffrank": 134,
    "Tcorroefgp": 0.5212603648485354,
    "Tcorroefgprank": 96,
    "Tcorroftr": 0.2945835054486545,
    "Tcorroftrrank": 200,
    "Tcorroorbp": 0.2472396929870768,
    "Tcorroorbprank": 277,
    "Tcorrotovr": 0.17856728458264595,
    "Tcorrotovrrank": 279,
    "Teff": 105.05000783120398,
    "Tefgp": 0.5238744884038199,
    "Tftr": 0.2987721691678035,
    "Tneteff": -2.1742206145570435,
    "Tneteffrank": 194,
    "Torbp": 0.24588235294117647,
    "Tposs": 1787.72,
    "Ttovr": 0.1692776152890741,
    "closses": 8,
    "confplace": 5,
    "cwins": 8,
    "dates": [
        [
            11,
            9
        ],
        [
            11,
            13
        ],
        [
            11,
            20
        ],
        [
            11,
            23
        ],
        [
            11,
            24
        ],
        [
            12,
            1
        ],
        [
            12,
            4
        ],
        [
            12,
            6
        ],
        [
            12,
            11
        ],
        [
            12,
            19
        ],
        [
            12,
            22
        ],
        [
            1,
            5
        ],
        [
            1,
            8
        ],
        [
            1,
            13
        ],
        [
            1,
            15
        ],
        [
            1,
            17
        ],
        [
            1,
            19
        ],
        [
            1,
            22
        ],
        [
            1,
            26
        ],
        [
            1,
            29
        ],
        [
            1,
            31
        ],
        [
            2,
            5
        ],
        [
            2,
            7
        ],
        [
            2,
            10
        ],
        [
            2,
            13
        ],
        [
            2,
            16
        ],
        [
            2,
            19
        ]
    ],
    "geff": [
        [
            90.1833234772324,
            107.7460687245195
        ],
        [
            105.35448686167575,
            113.57769747031492
        ],
        [
            89.78328173374614,
            114.60880195599023
        ],
        [
            109.24369747899159,
            94.70752089136491
        ],
        [
            82.05998868138086,
            112.45200219418541
        ],
        [
            117.06221937139192,
            111.42498430634024
        ],
        [
            127.61377613776136,
            118.75385564466379
        ],
        [
            119.20103092783505,
            114.0118968935889
        ],
        [
            107.42187499999999,
            98.20912767186599
        ],
        [
            85.83021223470662,
            104.55680399500625
        ],
        [
            97.4220623501199,
            99.48096885813149
        ],
        [
            114.57758144671453,
            114.22044545973728
        ],
        [
            94.50171821305841,
            120.10676156583631
        ],
        [
            141.72998246639392,
            132.8855140186916
        ],
        [
            97.31543624161074,
            80.96497025776603
        ],
        [
            96.2059620596206,
            89.98875140607423
        ],
        [
            99.75062344139651,
            113.56466876971608
        ],
        [
            126.93935119887165,
            113.07420494699646
        ],
        [
            88.20127241179873,
            106.89851767388826
        ],
        [
            77.93017456359102,
            125.54927809165098
        ],
        [
            105.01567398119123,
            99.35897435897436
        ],
        [
            109.96119016817593,
            128.24783477681547
        ],
        [
            101.23734533183351,
            99.35553168635874
        ],
        [
            112.59977194982896,
            122.40783410138249
        ],
        [
            128.25017568517217,
            109.8146877144818
        ],
        [
            115.08498583569404,
            97.76536312849161
        ],
        [
            104.63618802318095,
            108.90151515151516
        ]
    ],
    "losses": 14,
    "nOT": [
        0,
        1,
        0,
        0,
        0,
        0,
        0,
        0,
        0,
        0,
        0,
        0,
        0,
        0,
        0,
        0,
        0,
        0,
        0,
        0,
        0,
        0,
        1,
        0,
        0,
        0,
        0
    ],
    "pace": 65.62581405170741,