{
    "CompRank": 231,
    "CompositeDef": 105.87938575728253,
    "CompositeOff": 100.2339793691942,
    "CompositePace": 67.03943810950832,
    "CompositeRating": -5.645406388088337,
    "HA": [
        "H",
        "N",
        "N",
        "N",
        "A",
        "H",
        "A",
        "A",
        "A",
        "A",
        "A",
        "N",
        "A",
        "A",
        "A",
        "A",
        "H",
        "H",
        "H",
        "A",
        "H"
    ],
    "OAst": 286.0,
    "OAvgCompRat": -4.09425059365715,
    "OBlk": 71.0,
    "ODR": 474.0,
    "OFGA": 1114.0,
    "OFGA3": 522.0,
    "OFGM": 462.0,
    "OFGM3": 175.0,
    "OFTA": 481.0,
    "OFTM": 350.0,
    "OOR": 207.0,
    "OPF": 386.0,
    "OScore": 1449.0,
    "OStl": 128.0,
    "OTO": 307.0,
    "Oastr": 0.14906392027686277,
    "Ocomprank": 303,
    "Ocorrdastr": 0.14984158242890558,
    "Ocorrdeff": 106.53917186520931,
    "Ocorrdeffrank": 254,
    "Ocorrdefgp": 0.5190731004393379,
    "Ocorrdftr": 0.3599940537890046,
    "Ocorrdorbp": 0.2927090348691477,
    "Ocorrdtovr": 0.15267965981381162,
    "Ocorroastr": 0.13146573063442554,
    "Ocorroeff": 100.93184770239473,
    "Ocorroeffrank": 334,
    "Ocorroefgp": 0.480657995797232,
    "Ocorroftr": 0.3258556570846355,
    "Ocorroorbp": 0.27405355485500077,
    "Ocorrotovr": 0.15561882577209146,
    "Oeff": 101.63856232990095,
    "Oefgp": 0.49326750448833034,
    "Oftr": 0.43177737881508077,
    "Oneteff": -5.607324162814578,
    "Oneteffrank": 321,
    "Oorbp": 0.3112781954887218,
    "Oposs": 1425.64,
    "Otovr": 0.1880390043120345,
    "SoR": 0.0,
    "SoRrank": 148,
    "TAst": 216.0,
    "TBlk": 59.0,
    "TDR": 458.0,
    "TFGA": 1132.0,
    "TFGA3": 363.0,
    "TFGM": 478.0,
    "TFGM3": 115.0,
    "TFTA": 494.0,
    "TFTM": 364.0,
    "TOR": 206.0,
    "TPF": 395.0,
    "TScore": 1435.0,
    "TStl": 169.0,
    "TTO": 269.0,
    "Tastr": 0.11775224056346627,
    "Tcorrdastr": 0.16139332183156851,
    "Tcorrdastrrank": 316,
    "Tcorrdeff": 105.68859065544197,
    "Tcorrdeffrank": 183,
    "Tcorrdefgp": 0.5177894231968779,
    "Tcorrdefgprank": 221,
    "Tcorrdftr": 0.4390706045945538,
    "Tcorrdftrrank": 341,
    "Tcorrdorbp": 0.3167882695529393,
    "Tcorrdorbprank": 312,
    "Tcorrdtovr": 0.1793608315639459,
    "Tcorrdtovrrank": 24,
    "Tcorroastr": 0.11194388179979878,
    "Tcorroastrrank": 341,
    "Tcorroeff": 100.08863668210039,
    "Tcorroeffrank": 261,
    "Tcorroefgp": 0.4599457025528574,
    "Tcorroefgprank": 311,
    "Tcorroftr": 0.4029094475987989,
    "Tcorroftrrank": 29,
    "Tcorroorbp": 0.2893474187856026,
    "Tcorroorbprank": 139,
    "Tcorrotovr": 0.16160701310415923,
    "Tcorrotovrrank": 270,
    "Teff": 101.60299073890509,
    "Tefgp": 0.4730565371024735,
    "Tftr": 0.4363957597173145,
    "Tneteff": -5.599953973341584,
    "Tneteffrank": 231,
    "Torbp": 0.3029411764705882,
    "Tposs": 1412.3600000000001,
    "Ttovr": 0.16621765243827083,
    "closses": 2,
    "confplace": 1,
    "cwins": 6,
    "dates": [
        [
            11,
            13
        ],
        [
            11,
            17
        ],
        [
            11,
            18
        ],
        [
            11,
            20
        ],
        [
            11,
            25
        ],
        [
            11,
            28
        ],
        [
            12,
            1
        ],
        [
            12,
            9
        ],
        [
            12,
            13
        ],
        [
            12,
            16
        ],
        [
            12,
            20
        ],
        [
            12,
            21
        ],
        [
            1,
            2
        ],
        [
            1,
            6
        ],
        [
            1,
            8
        ],
        [
            1,
            20
        ],
        [
            1,
            27
        ],
        [
            1,
            29
        ],
        [
            2,
            3
        ],
        [
            2,
            5
        ],
        [
            2,
            17
        ]
    ],
    "geff": [
        [
            101.40616549486208,
            90.28146574614976
        ],
        [
            85.65310492505354,
            102.61194029850748
        ],
        [
            76.54534950895437,
            117.37804878048782
        ],
        [
            112.3046875,
            106.5891472868217
        ],
        [
            102.63480392156863,
            117.6470588235294
        ],
        [
            147.96547472256475,
            92.09744503862152
        ],
        [
            100.83226632522407,
            97.27626459143968
        ],
        [
            97.79951100244499,
            89.56145768993207
        ],
        [
            125.08017960230917,
            131.49655604257984
        ],
        [
            98.57239972807614,
            122.11221122112211
        ],
        [
            103.0437539632213,
            105.87863463969659
        ],
        [
            120.89810017271157,
            93.55210132412205
        ],
        [
            69.63788300835655,
            121.71236709569109
        ],
        [
            122.82338308457713,
            113.63636363636364
        ],
        [
            87.87878787878788,
            87.361677344205
        ],
        [
            98.12801932367151,
            92.36826165960025
        ],
        [
            98.60788863109047,
            80.87005019520358
        ],
        [
            116.31165919282512,
            104.58452722063038
        ],
        [
            103.30578512396694,
            93.29446064139943
        ],
        [
            85.66533409480296,
            96.91011235955055
        ],
        [
            89.28571428571429,
            86.02978941961993
        ]
    ],
    "losses": 9,
    "nOT": [
        0,
        0,
        0,
        0,
        0,
        0,
        0,
        0,
        0,
        0,
        0,
        0,
        0,
        0,
        0,
        0,
        0,
        0,
        0,
        0,
        1
    ],
    "pace": 67.05031333509096,
    "poss": [
        [
            73.96000000000001,
            75.32
        ],
        [
            74.72,
            75.03999999999999
        ],
        [
            69.24,
            65.6
        ],
        [
            61.44,
            61.92
        ],
        [
            65.28,
            68.0
        ],
        [
            64.88,
            67.32
        ],
        [
            62.480000000000004,
            61.68
        ],
        [
            65.44,
            64.75999999999999
        ],
        [
            62.36,
            63.88
        ],
        [
            58.84,
            60.6
        ],
        [
            63.08,
            63.28
        ],
        [
            69.48,
            69.48
        ],
        [
            71.8,
            71.48
        ],
        [
            64.32,
            63.36
        ],
        [
            66.0,
            68.68
        ],
        [
            66.24,
            66.03999999999999
        ],
        [
            68.96000000000001,
            71.72
        ],
        [
            71.36,
            69.8
        ],
        [
            62.92,
            68.6
        ],
        [
            70.04,
            71.2
        ],
        [
            79.52,
            77.88
        ]
    ],
    "preseason_pace": 66.76184797651159,
    "preseason_pred": -6.805579274499211,
    "preseason_predd": 110.74943073176327,
    "preseason_predo": 103.94385145726406,