{
    "CompRank": 155,
    "CompositeDef": 105.1905895221347,
    "CompositeOff": 105.08710212522061,
    "CompositePace": 66.95116211109236,
    "CompositeRating": -0.10348739691408904,
    "HA": [
        "H",
        "A",
        "A",
        "A",
        "A",
        "A",
        "A"
    ],
    "OAst": 113.0,
    "OAvgCompRat": 1.2332265736977033,
    "OBlk": 24.0,
    "ODR": 143.0,
    "OFGA": 401.0,
    "OFGA3": 233.0,
    "OFGM": 159.0,
    "OFGM3": 75.0,
    "OFTA": 145.0,
    "OFTM": 100.0,
    "OOR": 84.0,
    "OPF": 115.0,
    "OScore": 493.0,
    "OStl": 39.0,
    "OTO": 87.0,
    "Oastr": 0.1699759326113117,
    "Ocomprank": 117,
    "Ocorrdastr": 0.14865680426931904,
    "Ocorrdeff": 104.43286711171618,
    "Ocorrdeffrank": 185,
    "Ocorrdefgp": 0.5426007091180443,
    "Ocorrdftr": 0.36036614409864526,
    "Ocorrdorbp": 0.2641911075073962,
    "Ocorrdtovr": 0.16137051586203582,
    "Ocorroastr": 0.13296503721631053,
    "Ocorroeff": 107.41978737461947,
    "Ocorroeffrank": 79,
    "Ocorroefgp": 0.4866072069222583,
    "Ocorroftr": 0.34236406223055893,
    "Ocorroorbp": 0.3093628810821258,
    "Ocorrotovr": 0.14441964742971752,
    "Oeff": 105.38691748610518,
    "Oefgp": 0.49002493765586036,
    "Oftr": 0.36159600997506236,
    "Oneteff": 2.986920262903297,
    "Oneteffrank": 130,
    "Oorbp": 0.35294117647058826,
    "Oposs": 467.8,
    "Otovr": 0.15766582094961945,
    "SoR": 3.861023817485776,
    "SoRrank": 129,
    "TAst": 88.0,
    "TBlk": 14.0,
    "TDR": 154.0,
    "TFGA": 382.0,
    "TFGA3": 116.0,
    "TFGM": 184.0,
    "TFGM3": 36.0,
    "TFTA": 137.0,
    "TFTM": 108.0,
    "TOR": 45.0,
    "TPF": 123.0,
    "TScore": 512.0,
    "TStl": 42.0,
    "TTO": 78.0,
    "Tastr": 0.1446702176629184,
    "Tcorrdastr": 0.18392835889233583,
    "Tcorrdastrrank": 353,
    "Tcorrdeff": 102.21537869424814,
    "Tcorrdeffrank": 149,
    "Tcorrdefgp": 0.50729587775659,
    "Tcorrdefgprank": 188,
    "Tcorrdftr": 0.3620276236436484,
    "Tcorrdftrrank": 233,
    "Tcorrdorbp": 0.3198689717327645,
    "Tcorrdorbprank": 298,
    "Tcorrdtovr": 0.1636884785446262,
    "Tcorrdtovrrank": 104,
    "Tcorroastr": 0.14009446446671261,
    "Tcorroastrrank": 188,
    "Tcorroeff": 107.55651992112739,
    "Tcorroeffrank": 125,
    "Tcorroefgp": 0.4912706140128957,
    "Tcorroefgprank": 209,
    "Tcorroftr": 0.3421987445642301,
    "Tcorroftrrank": 168,
    "Tcorroorbp": 0.25437875909959873,
    "Tcorroorbprank": 248,
    "Tcorrotovr": 0.1391978699268254,
    "Tcorrotovrrank": 116,
    "Teff": 107.725972058576,
    "Tefgp": 0.5287958115183246,
    "Tftr": 0.3586387434554974,
    "Tneteff": 5.341141226879245,
    "Tneteffrank": 116,
    "Torbp": 0.2393617021276596,
    "Tposs": 475.28,
    "Ttovr": 0.14991927423694934,
    "closses": 0,
    "confplace": 1,
    "cwins": 0,
    "dates": [
        [
            11,
            9
        ],
        [
            11,
            12
        ],
        [
            11,
            16
        ],
        [
            11,
            20
        ],
        [
            11,
            22
        ],
        [
            11,
            25
        ],
        [
            12,
            1
        ]
    ],
    "geff": [
        [
            118.97935779816515,
            101.59010600706713
        ],
        [
            99.83588621444201,
            117.12214166201896
        ],
        [
            110.41529334212261,
            87.66626360338573
        ],
        [
            94.25493716337522,
            116.12475116124752
        ],
        [
            102.58572231590782,
            133.5093896713615
        ],
        [
            108.69565217391305,
            78.84174311926607
        ],
        [
            120.6896551724138,
            103.44827586206897
        ]
    ],
    "losses": 3,
    "nOT": [
        0,
        0,
        0,
        0,
        0,
        0,
        0
    ],
    "pace": 66.91375307126914,
    "poss": [
        [
            69.75999999999999,
            67.92
        ],
        [
            73.12,
            71.72
        ],
        [
            60.68,
            66.16
        ],
        [
            66.84,
            60.28
        ],
        [
            71.16,
            68.16
        ],
        [
            69.92,
            69.75999999999999
        ],
        [
            63.8,
            63.8
        ]
    ],
    "preseason_pace": 67.00145135529917,
    "preseason_pred": -7.422741239599227,
    "preseason_predd": 109.19018706853912,
    "preseason_predo": 101.76744582893988,
    "schedule": [
        "james-madison",
        "william-mary",
        "hampton",
        "stanford",
        "grand-canyon",
        "california-davis",
        "stony-brook"
    ],
    "scores": [
        [
            83,
            69
        ],
        [
            73,
            84
        ],
        [
            67,
            58
        ],
        [
            63,
            70
        ],
        [
            73,
            91
        ],
        [
            76,
            55
        ],
        [
            77,
            66
        ]
    ],
    "wins": 4
}