{
    "CompRank": 299,
    "CompositeDef": 115.38473949707472,
    "CompositeOff": 102.10033600319443,
    "CompositePace": 69.92426735492766,
    "CompositeRating": -13.28440349388029,
    "HA": [
        "A",
        "A",
        "H",
        "A",
        "H",
        "A",
        "A",
        "H",
        "H",
        "A",
        "H",
        "H",
        "A",
        "A",
        "A",
        "A",
        "H",
        "H",
        "A",
        "H",
        "H",
        "H",
        "A",
        "A",
        "A",
        "A",
        "H",
        "H",
        "H"
    ],
    "OAst": 416.0,
    "OAvgCompRat": -6.106300833364651,
    "OBlk": 68.0,
    "ODR": 732.0,
    "OFGA": 1747.0,
    "OFGA3": 649.0,
    "OFGM": 828.0,
    "OFGM3": 214.0,
    "OFTA": 644.0,
    "OFTM": 473.0,
    "OOR": 277.0,
    "OPF": 389.0,
    "OScore": 2343.0,
    "OStl": 192.0,
    "OTO": 298.0,
    "Oastr": 0.1515836114795435,
    "Ocomprank": 309,
    "Ocorrdastr": 0.15998217681600949,
    "Ocorrdeff": 115.1400183223129,
    "Ocorrdeffrank": 362,
    "Ocorrdefgp": 0.5425757859063639,
    "Ocorrdftr": 0.3520921173642163,
    "Ocorrdorbp": 0.32438267788792186,
    "Ocorrdtovr": 0.1386391885538092,
    "Ocorroastr": 0.14451167924915678,
    "Ocorroeff": 108.23499327853501,
    "Ocorroeffrank": 210,
    "Ocorroefgp": 0.512590207639653,
    "Ocorroftr": 0.3285718059685268,
    "Ocorroorbp": 0.2824893566291805,
    "Ocorrotovr": 0.1478824461799735,
    "Oeff": 114.2169097574292,
    "Oefgp": 0.5352032054951346,
    "Oftr": 0.3686319404693761,
    "Oneteff": -6.905025043777883,
    "Oneteffrank": 299,
    "Oorbp": 0.2846865364850976,
    "Oposs": 2051.36,
    "Otovr": 0.12798708103557868,
    "SoR": 0.0,
    "SoRrank": 103,
    "TAst": 363.0,
    "TBlk": 137.0,
    "TDR": 696.0,
    "TFGA": 1815.0,
    "TFGA3": 599.0,
    "TFGM": 808.0,
    "TFGM3": 203.0,
    "TFTA": 539.0,
    "TFTM": 378.0,
    "TOR": 327.0,
    "TPF": 367.0,
    "TScore": 2197.0,
    "TStl": 185.0,
    "TTO": 319.0,
    "Tastr": 0.13276472481493404,
    "Tcorrdastr": 0.15545180106328454,
    "Tcorrdastrrank": 240,
    "Tcorrdeff": 115.38473949707472,
    "Tcorrdeffrank": 288,
    "Tcorrdefgp": 0.537816121573192,
    "Tcorrdefgprank": 256,
    "Tcorrdftr": 0.39629329829498616,
    "Tcorrdftrrank": 284,
    "Tcorrdorbp": 0.30480286735004714,
    "Tcorrdorbprank": 187,
    "Tcorrdtovr": 0.12678971993139998,
    "Tcorrdtovrrank": 311,
    "Tcorroastr": 0.12306424953985205,
    "Tcorroastrrank": 325,
    "Tcorroeff": 102.10033600319443,
    "Tcorroeffrank": 292,
    "Tcorroefgp": 0.47600685718552155,
    "Tcorroefgprank": 305,
    "Tcorroftr": 0.29859468881195617,
    "Tcorroftrrank": 306,
    "Tcorroorbp": 0.2886820117531601,
    "Tcorroorbprank": 215,
    "Tcorrotovr": 0.1420854872395656,
    "Tcorrotovrrank": 150,
    "Teff": 107.47690983093301,
    "Tefgp": 0.5011019283746556,
    "Tftr": 0.296969696969697,
    "Tneteff": -13.28440349388029,
    "Tneteffrank": 299,
    "Torbp": 0.3087818696883853,
    "Tposs": 2044.1599999999999,
    "Ttovr": 0.13453330859157545,
    "closses": 10,
    "confplace": 5,
    "cwins": 9,
    "dates": [
        [
            11,
            3
        ],
        [
            11,
            10
        ],
        [
            11,
            14
        ],
        [
            11,
            17
        ],
        [
            11,
            21
        ],
        [
            11,
            23
        ],
        [
            12,
            1
        ],
        [
            12,
            6
        ],
        [
            12,
            13
        ],
        [
            12,
            22
        ],
        [
            1,
            1
        ],
        [
            1,
            3
        ],
        [
            1,
            8
        ],
        [
            1,
            10
        ],
        [
            1,
            15
        ],
        [
            1,
            17
        ],
        [
            1,
            22
        ],
        [
            1,
            24
        ],
        [
            1,
            28
        ],
        [
            1,
            31
        ],
        [
            2,
            5
        ],
        [
            2,
            7
        ],
        [
            2,
            11
        ],
        [
            2,
            14
        ],
        [
            2,
            18
        ],
        [
            2,
            21
        ],
        [
            2,
            25
        ],
        [
            2,
            28
        ],
        [
            3,
            4
        ]
    ],
    "geff": [
        [
            73.89849414389292,
            121.12676056338029
        ],
        [
            91.39150943396226,
            119.52764976958525
        ],
        [
            135.3546291283162,
            120.67156348373558
        ],
        [
            90.99045346062051,
            88.90898131404461
        ],
        [
            103.92609699769054,
            87.62322015334063
        ],
        [
            89.82035928143712,
            113.32227750138198
        ],
        [
            109.8252243741143,
            103.77798507462686
        ],
        [
            85.06343713956171,
            126.01390498261875
        ],
        [
            118.38440111420613,
            126.1785912368275
        ],
        [
            88.0533079485959,
            126.34936211972523
        ],
        [
            127.49120750293085,
            126.94145758661887
        ],
        [
            128.130460104834,
            109.5100864553314
        ],
        [
            120.05649717514125,
            103.04912478825521
        ],
        [
            73.27880027266531,
            127.98634812286689
        ],
        [
            115.46723952738989,
            127.82561894510228
        ],
        [
            102.3308698123934,
            130.73794305636258
        ],
        [
            97.13090257023312,
            128.6654697785757
        ],
        [
            112.66747868453105,
            99.27797833935017
        ],
        [
            120.28608582574772,
            125.65274151436032
        ],
        [
            104.0,
            112.43753470294283
        ],
        [
            99.34676102340772,
            109.57792207792208
        ],
        [
            131.65859564164649,
            108.95522388059702
        ],
        [
            129.82900569981,
            112.23862238622385
        ],
        [
            90.962441314554,
            115.36214953271028
        ],
        [
            101.83299389002036,
            102.221100454316
        ],
        [
            116.08623548922057,
            130.29782359679265
        ],
        [
            120.13729977116705,
            110.12585812356978
        ],
        [
            112.20825852782764,
            91.46341463414635
        ],
        [
            128.95174708818635,
            111.02403343782653
        ]
    ],
    "losses": 16,
    "nOT": [
        0,
        0,
        0,
        0,
        0,
        0,
        1,
        0,
        0,
        0,
        0,
        0,
        0,
        0,
        0,
        0,
        0,
        0,
        0,
        0,
        0,
        0,
        0,
        0,
        1,
        0,
        0,
        0,
        0
    ],
    "pace": 69.92426735492766,