{
    "CompRank": 7,
    "CompositeDef": 96.66995739222058,
    "CompositeOff": 131.48224926304417,
    "CompositePace": 66.32858140676684,
    "CompositeRating": 34.81229187082359,
    "HA": [
        "H",
        "H",
        "A",
        "H",
        "N",
        "N",
        "H",
        "A",
        "H",
        "H",
        "H",
        "N",
        "H",
        "A",
        "H",
        "H",
        "H",
        "A",
        "A",
        "H",
        "A"
    ],
    "OAst": 295.0,
    "OAvgCompRat": 8.875897348968378,
    "OBlk": 55.0,
    "ODR": 410.0,
    "OFGA": 1242.0,
    "OFGA3": 575.0,
    "OFGM": 534.0,
    "OFGM3": 187.0,
    "OFTA": 284.0,
    "OFTM": 199.0,
    "OOR": 187.0,
    "OPF": 242.0,
    "OScore": 1454.0,
    "OStl": 115.0,
    "OTO": 225.0,
    "Oastr": 0.15633611735277908,
    "Ocomprank": 4,
    "Ocorrdastr": 0.13746835470257526,
    "Ocorrdeff": 103.53068309356328,
    "Ocorrdeffrank": 8,
    "Ocorrdefgp": 0.4845251500252957,
    "Ocorrdftr": 0.316734340065658,
    "Ocorrdorbp": 0.2868477086107878,
    "Ocorrdtovr": 0.15861457555279693,
    "Ocorroastr": 0.1638453714527492,
    "Ocorroeff": 116.38064037832476,
    "Ocorroeffrank": 7,
    "Ocorroefgp": 0.5456692202766491,
    "Ocorroftr": 0.394867110584377,
    "Ocorroorbp": 0.33641886606618016,
    "Ocorrotovr": 0.1341071933180703,
    "Oeff": 103.49049083247921,
    "Oefgp": 0.5052334943639292,
    "Oftr": 0.2286634460547504,
    "Oneteff": 12.849957284761473,
    "Oneteffrank": 6,
    "Oorbp": 0.265625,
    "Oposs": 1404.96,
    "Otovr": 0.14133520942737254,
    "SoR": 90.14819374420901,
    "SoRrank": 13,
    "TAst": 422.0,
    "TBlk": 63.0,
    "TDR": 517.0,
    "TFGA": 1277.0,
    "TFGA3": 490.0,
    "TFGM": 653.0,
    "TFGM3": 187.0,
    "TFTA": 343.0,
    "TFTM": 254.0,
    "TOR": 227.0,
    "TPF": 314.0,
    "TScore": 1747.0,
    "TStl": 122.0,
    "TTO": 194.0,
    "Tastr": 0.20646600649731886,
    "Tcorrdastr": 0.14088543463842376,
    "Tcorrdastrrank": 138,
    "Tcorrdeff": 96.69078450927539,
    "Tcorrdeffrank": 25,
    "Tcorrdefgp": 0.4751560451991851,
    "Tcorrdefgprank": 58,
    "Tcorrdftr": 0.2067443358229374,
    "Tcorrdftrrank": 2,
    "Tcorrdorbp": 0.24018469844734683,
    "Tcorrdorbprank": 12,
    "Tcorrdtovr": 0.15647427365838792,
    "Tcorrdtovrrank": 118,
    "Tcorroastr": 0.22197271305864308,
    "Tcorroastrrank": 1,
    "Tcorroeff": 131.60501080817505,
    "Tcorroeffrank": 2,
    "Tcorroefgp": 0.6196628666209879,
    "Tcorroefgprank": 2,
    "Tcorroftr": 0.3035874017838193,
    "Tcorroftrrank": 296,
    "Tcorroorbp": 0.37902343239840103,
    "Tcorroorbprank": 24,
    "Tcorrotovr": 0.11185904230797906,
    "Tcorrotovrrank": 7,
    "Teff": 125.24015714162819,
    "Tefgp": 0.5845732184808144,
    "Tftr": 0.26859827721221613,
    "Tneteff": 34.91422629889966,
    "Tneteffrank": 7,
    "Torbp": 0.3563579277864992,
    "Tposs": 1394.92,
    "Ttovr": 0.11961132484956101,
    "closses": 3,
    "confplace": 5,
    "cwins": 7,
    "dates": [
        [
            11,
            4
        ],
        [
            11,
            7
        ],
        [
            11,
            13
        ],
        [
            11,
            16
        ],
        [
            11,
            20
        ],
        [
            11,
            21
        ],
        [
            11,
            28
        ],
        [
            12,
            2
        ],
        [
            12,
            6
        ],
        [
            12,
            10
        ],
        [
            12,
            13
        ],
        [
            12,
            20
        ],
        [
            12,
            29
        ],
        [
            1,
            3
        ],
        [
            1,
            7
        ],
        [
            1,
            10
        ],
        [
            1,
            14
        ],
        [
            1,
            17
        ],
        [
            1,
            20
        ],
        [
            1,
            24
        ],
        [
            1,
            27
        ]
    ],
    "geff": [
        [
            130.07614213197968,
            79.98745294855708
        ],
        [
            123.22946175637395,
            108.02469135802468
        ],
        [
            127.71579565472695,
            112.04481792717085
        ],
        [
            136.38920134983127,
            108.99558498896246
        ],
        [
            119.68880909634949,
            105.97014925373135
        ],
        [
            131.09756097560978,
            84.64328899637243
        ],
        [
            151.55728587319243,
            87.37316798196166
        ],
        [
            125.0,
            101.81704260651628
        ],
        [
            89.01166359729896,
            125.30940594059406
        ],
        [
            135.60944479897893,
            85.58558558558559
        ],
        [
            122.29102167182664,
            91.33126934984521
        ],
        [
            134.5565749235474,
            93.69144284821985
        ],
        [
            135.82571274878967,
            78.78151260504202
        ],
        [
            122.99613045881702,
            105.12672811059907
        ],
        [
            118.62917398945518,
            100.99612617598228
        ],
        [
            138.47528290649197,
            129.96941896024464
        ],
        [
            124.05778894472361,
            113.56466876971609
        ],
        [
            103.47930413917216,
            91.22006841505132
        ],
        [
            115.35812672176309,
            118.3127572016461
        ],
        [
            130.49013367281987,
            140.3956604977664
        ],
        [
            108.76623376623377,
            119.28429423459245
        ]
    ],
    "losses": 4,
    "nOT": [
        0,
        0,
        0,
        0,
        0,
        0,
        0,
        0,
        0,
        0,
        0,
        0,
        0,
        0,
        0,
        0,
        0,
        0,
        0,
        0,
        0
    ],
    "pace": 66.31248357600934,
    "poss": [
        [
            63.040000000000006,
            63.760000000000005
        ],
        [
            70.6,
            71.28
        ],
        [
            68.12,
            71.4
        ],
        [
            71.12,
            72.48
        ],
        [
            66.84,
            67.0
        ],
        [
            65.6,
            66.16
        ],
        [
            71.92,
            70.96000000000001
        ],
        [
            64.8,
            63.84
        ],
        [
            65.16,
            64.64
        ],
        [
            62.68000000000001,
            66.6
        ],
        [
            64.6,
            64.6
        ],
        [
            65.4,
            64.04
        ],
        [
            74.36,
            76.16
        ],
        [
            72.36,
            69.44
        ],
        [
            68.28,
            72.28
        ],
        [
            67.16,
            65.4
        ],
        [
            63.68,
            63.4
        ],
        [
            66.68,
            70.16
        ],
        [
            58.08,
            58.32
        ],
        [
            62.84,
            62.68000000000001
        ],
        [
            61.6,
            60.36
        ]
    ],
    "preseason_pace": 66.73947853685237,
    "preseason_pred": 32.210415594181804,
    "preseason_predd": 96.13834522939663,
    "preseason_predo": 128.34876082357843,