{
    "CompRank": 7,
    "CompositeDef": 84.22523399712026,
    "CompositeOff": 112.54300314853764,
    "CompositePace": 67.59354468084217,
    "CompositeRating": 28.31776915141738,
    "HA": [
        "H",
        "H",
        "H",
        "N",
        "H",
        "H",
        "A",
        "N",
        "H",
        "N",
        "H",
        "H",
        "A",
        "H",
        "A",
        "H",
        "A",
        "H",
        "H",
        "A",
        "H",
        "H",
        "A",
        "A",
        "H",
        "H",
        "A",
        "H",
        "A",
        "H",
        "A",
        "N",
        "N",
        "N",
        "N"
    ],
    "Name": "texas-tech",
    "OAst": 389.0,
    "OAvgCompRat": 6.8845637677107545,
    "OBlk": 91.0,
    "ODR": 676.0,
    "OFGA": 1871.0,
    "OFGA3": 851.0,
    "OFGM": 718.0,
    "OFGM3": 267.0,
    "OFTA": 598.0,
    "OFTM": 410.0,
    "OOR": 260.0,
    "OPFwins": 649.0,
    "OScore": 2113.0,
    "OStl": 243.0,
    "OTO": 531.0,
    "Oastr": 0.12736893114874334,
    "Ocomprank": 39,
    "Ocorrdastr": 0.13095467809463016,
    "Ocorrdeff": 96.26713076065833,
    "Ocorrdeffrank": 18,
    "Ocorrdefgp": 0.4758555766250724,
    "Ocorrdftr": 0.31309221770529483,
    "Ocorrdorbp": 0.248294776116754,
    "Ocorrdtovr": 0.17777264411385799,
    "Ocorroastr": 0.1554466431369647,
    "Ocorroeff": 106.00437581962244,
    "Ocorroeffrank": 48,
    "Ocorroefgp": 0.5220322444213484,
    "Ocorroftr": 0.31041749604304564,
    "Ocorroorbp": 0.295496891084027,
    "Ocorrotovr": 0.14947571249961408,
    "Oeff": 87.85424427887175,
    "Oefgp": 0.4551042223409941,
    "Oftr": 0.31961517904863707,
    "Oneteff": 9.737245058964106,
    "Oneteffrank": 28,
    "Oorbp": 0.23360287511230907,
    "Oposs": 2405.12,
    "Otovr": 0.19924055952452424,
    "SoR": 93.69874476638024,
    "SoRrank": 12,
    "TAst": 484.0,
    "TBlk": 123.0,
    "TDR": 853.0,
    "TFGA": 1930.0,
    "TFGA3": 666.0,
    "TFGM": 917.0,
    "TFGM3": 215.0,
    "TFTA": 696.0,
    "TFTM": 486.0,
    "TOR": 316.0,
    "TPF": 568.0,
    "TScore": 2535.0,
    "TStl": 284.0,
    "TTO": 457.0,
    "Tastr": 0.15233347181830773,
    "Tcorrdastr": 0.11643032861270501,
    "Tcorrdastrrank": 27,
    "Tcorrdeff": 84.22523399712026,
    "Tcorrdeffrank": 1,
    "Tcorrdefgp": 0.4364933795768886,
    "Tcorrdefgprank": 13,
    "Tcorrdftr": 0.31486640014400813,
    "Tcorrdftrrank": 217,
    "Tcorrdorbp": 0.20760143249507096,
    "Tcorrdorbprank": 20,
    "Tcorrdtovr": 0.20885342780601407,
    "Tcorrdtovrrank": 8,
    "Tcorroastr": 0.16521693014009736,
    "Tcorroastrrank": 45,
    "Tcorroeff": 112.54300314853764,
    "Tcorroeffrank": 26,
    "Tcorroefgp": 0.5584261486920318,
    "Tcorroefgprank": 21,
    "Tcorroftr": 0.3531657589412966,
    "Tcorroftrrank": 52,
    "Tcorroorbp": 0.33742211036439945,
    "Tcorroorbprank": 22,
    "Tcorrotovr": 0.1495900952189261,
    "Tcorrotovrrank": 118,
    "Teff": 106.63626726792415,
    "Tefgp": 0.5308290155440415,
    "Tftr": 0.3606217616580311,
    "Tneteff": 28.31776915141738,
    "Tneteffrank": 7,
    "Torbp": 0.3185483870967742,
    "Tposs": 2377.24,
    "Ttovr": 0.16968409796379083,
    "closses": 6,
    "confplace": 3,
    "cwins": 12,
    "dates": [
        [
            11,
            9
        ],
        [
            11,
            12
        ],
        [
            11,
            15
        ],
        [
            11,
            20
        ],
        [
            11,
            23
        ],
        [
            11,
            27
        ],
        [
            12,
            1
        ],
        [
            12,
            7
        ],
        [
            12,
            14
        ],
        [
            12,
            18
        ],
        [
            12,
            22
        ],
        [
            12,
            28
        ],
        [
            1,
            5
        ],
        [
            1,
            8
        ],
        [
            1,
            11
        ],
        [
            1,
            13
        ],
        [
            1,
            15
        ],
        [
            1,
            18
        ],
        [
            1,
            22
        ],
        [
            1,
            24
        ],
        [
            1,
            29
        ],
        [
            2,
            1
        ],
        [
            2,
            5
        ],
        [
            2,
            9
        ],
        [
            2,
            12
        ],
        [
            2,
            16
        ],
        [
            2,
            19
        ],
        [
            2,
            22
        ],
        [
            2,
            26
        ],
        [
            2,
            28
        ],
        [
            3,
            5
        ],
        [
            3,
            10
        ],
        [
            3,
            11
        ],
        [
            3,
            12
        ],
        [
            3,
            18
        ]
    ],
    "geff": [
        [
            119.17514729512585,
            99.51586874663798
        ],
        [
            129.87012987012986,
            87.57062146892656
        ],
        [
            112.47991430101767,
            70.08009153318078
        ],
        [
            123.67491166077738,
            94.16767922235722
        ],
        [
            142.77215942891138,
            60.97560975609757
        ],
        [
            126.99771689497717,
            82.94528521536671
        ],
        [
            96.3718820861678,
            104.77299185098953
        ],
        [
            72.15189873417721,
            66.63249615581752
        ],
        [
            115.31365313653139,
            95.15039901780234
        ],
        [
            82.43405275779376,
            108.83280757097792
        ],
        [
            120.96774193548386,
            70.59545733578884
        ],
        [
            105.21885521885521,
            74.48004496908376
        ],
        [
            72.75541795665636,
            73.52941176470588
        ],
        [
            115.95547309833023,
            100.11954572624029
        ],
        [
            104.70360824742268,
            97.30069052102951
        ],
        [
            110.85844229675952,
            85.48290341931613
        ],
        [
            79.34038581207218,
            92.42695289206917
        ],
        [
            112.99435028248588,
            83.79888268156425
        ],
        [
            113.30621731551423,
            90.68080357142857
        ],
        [
            106.35811126694716,
            107.79816513761467
        ],
        [
            116.85116851168513,
            72.17090069284065
        ],
        [
            112.9032258064516,
            89.68609865470852
        ],
        [
            88.02816901408451,
            78.82212968471148
        ],
        [
            83.13180169286578,
            111.82108626198082
        ],
        [
            115.88468061051441,
            92.89176090468497
        ],
        [
            119.94219653179191,
            106.97538100820634
        ],
        [
            92.76155717761556,
            81.50563129816241
        ],
        [
            104.8284625158831,
            64.73489519112208
        ],
        [
            105.02864417568428,
            104.3557168784029
        ],
        [
            111.89454322501531,
            104.93827160493828
        ],
        [
            81.73076923076923,
            81.60703075957314
        ],
        [
            109.02483343428227,
            59.941520467836256
        ],
        [
            92.04470742932281,
            86.0450563204005
        ],
        [
            90.63022866703848,
            102.66370699223086
        ],
        [
            141.89584552369806,
            89.08045977011496
        ]
    ],
    "losses": 9,