{
    "CompRank": 13,
    "CompositeDef": 97.58735735914803,
    "CompositeOff": 127.74305371373386,
    "CompositePace": 67.2321171662323,
    "CompositeRating": 30.155696354585828,
    "HA": [
        "H",
        "H",
        "A",
        "H",
        "N",
        "N",
        "H",
        "H",
        "N",
        "N",
        "H",
        "N",
        "H",
        "H",
        "A",
        "A",
        "H",
        "H",
        "A",
        "H",
        "A",
        "H",
        "A",
        "H",
        "A",
        "A",
        "H",
        "H",
        "A",
        "H"
    ],
    "OAst": 328.0,
    "OAvgCompRat": 10.733807325762353,
    "OBlk": 71.0,
    "ODR": 680.0,
    "OFGA": 1798.0,
    "OFGA3": 630.0,
    "OFGM": 784.0,
    "OFGM3": 199.0,
    "OFTA": 575.0,
    "OFTM": 400.0,
    "OOR": 316.0,
    "OPF": 386.0,
    "OScore": 2167.0,
    "OStl": 183.0,
    "OTO": 307.0,
    "Oastr": 0.12211466865227104,
    "Ocomprank": 5,
    "Ocorrdastr": 0.13548799568834632,
    "Ocorrdeff": 102.36866634575567,
    "Ocorrdeffrank": 5,
    "Ocorrdefgp": 0.4817356191213152,
    "Ocorrdftr": 0.3271774872687782,
    "Ocorrdorbp": 0.2707207946781931,
    "Ocorrdtovr": 0.15678710743882837,
    "Ocorroastr": 0.16880334157628332,
    "Ocorroeff": 118.87991789662637,
    "Ocorroeffrank": 5,
    "Ocorroefgp": 0.5526915841566364,
    "Ocorroftr": 0.367932183298287,
    "Ocorroorbp": 0.350043962036295,
    "Ocorrotovr": 0.12831104023824708,
    "Oeff": 106.12144955925564,
    "Oefgp": 0.49137931034482757,
    "Oftr": 0.3197997775305895,
    "Oneteff": 16.511251550870696,
    "Oneteffrank": 4,
    "Oorbp": 0.29259259259259257,
    "Oposs": 2042.0,
    "Otovr": 0.13019508057675996,
    "SoR": 91.07537435283929,
    "SoRrank": 15,
    "TAst": 474.0,
    "TBlk": 116.0,
    "TDR": 764.0,
    "TFGA": 1840.0,
    "TFGA3": 874.0,
    "TFGM": 867.0,
    "TFGM3": 344.0,
    "TFTA": 511.0,
    "TFTM": 366.0,
    "TOR": 345.0,
    "TPF": 368.0,
    "TScore": 2444.0,
    "TStl": 178.0,
    "TTO": 324.0,
    "Tastr": 0.16556985371169886,
    "Tcorrdastr": 0.10723824508975274,
    "Tcorrdastrrank": 4,
    "Tcorrdeff": 97.58735735914803,
    "Tcorrdeffrank": 28,
    "Tcorrdefgp": 0.45799582000081096,
    "Tcorrdefgprank": 24,
    "Tcorrdftr": 0.3072204860881003,
    "Tcorrdftrrank": 80,
    "Tcorrdorbp": 0.25277488801143905,
    "Tcorrdorbprank": 23,
    "Tcorrdtovr": 0.14882114046106384,
    "Tcorrdtovrrank": 160,
    "Tcorroastr": 0.18126964885590477,
    "Tcorroastrrank": 29,
    "Tcorroeff": 127.74305371373386,
    "Tcorroeffrank": 10,
    "Tcorroefgp": 0.6042130922564082,
    "Tcorroefgprank": 7,
    "Tcorroftr": 0.30070119568067194,
    "Tcorroftrrank": 303,
    "Tcorroorbp": 0.37699697250710357,
    "Tcorroorbprank": 24,
    "Tcorrotovr": 0.12680434049235537,
    "Tcorrotovrrank": 49,
    "Teff": 119.57883200250508,
    "Tefgp": 0.5646739130434782,
    "Tftr": 0.2777173913043478,
    "Tneteff": 30.155696354585828,
    "Tneteffrank": 13,
    "Torbp": 0.33658536585365856,
    "Tposs": 2043.8400000000001,
    "Ttovr": 0.13563068267443612,
    "closses": 5,
    "confplace": 3,
    "cwins": 12,
    "dates": [
        [
            11,
            4
        ],
        [
            11,
            7
        ],
        [
            11,
            11
        ],
        [
            11,
            14
        ],
        [
            11,
            20
        ],
        [
            11,
            21
        ],
        [
            11,
            26
        ],
        [
            11,
            30
        ],
        [
            12,
            7
        ],
        [
            12,
            13
        ],
        [
            12,
            16
        ],
        [
            12,
            20
        ],
        [
            12,
            28
        ],
        [
            1,
            3
        ],
        [
            1,
            6
        ],
        [
            1,
            10
        ],
        [
            1,
            14
        ],
        [
            1,
            17
        ],
        [
            1,
            20
        ],
        [
            1,
            24
        ],
        [
            1,
            31
        ],
        [
            2,
            2
        ],
        [
            2,
            8
        ],
        [
            2,
            11
        ],
        [
            2,
            14
        ],
        [
            2,
            17
        ],
        [
            2,
            21
        ],
        [
            2,
            24
        ],
        [
            2,
            28
        ],
        [
            3,
            3
        ]
    ],
    "geff": [
        [
            127.07468879668049,
            78.49293563579278
        ],
        [
            138.18386914833616,
            105.76923076923077
        ],
        [
            107.30211817168338,
            110.77680525164114
        ],
        [
            126.6624445851805,
            96.03658536585367
        ],
        [
            111.6427432216906,
            112.64929424538543
        ],
        [
            84.64328899637243,
            131.09756097560978
        ],
        [
            118.84057971014492,
            70.70135746606336
        ],
        [
            114.8036253776435,
            106.32014176018902
        ],
        [
            118.97852582704584,
            81.27802690582959
        ],
        [
            129.5180722891566,
            142.11491442542788
        ],
        [
            147.31621936989498,
            133.29383886255926
        ],
        [
            118.01957397812319,
            116.1123853211009
        ],
        [
            123.50936967632028,
            82.46527777777777
        ],
        [
            133.92857142857144,
            106.15711252653928
        ],
        [
            97.24715739078395,
            106.67903525046381
        ],
        [
            108.30860534124628,
            104.90543735224585
        ],
        [
            125.35612535612535,
            102.0971302428256
        ],
        [
            121.52777777777777,
            101.19726339794755
        ],
        [
            135.6132075471698,
            110.94224924012158
        ],
        [
            140.18691588785046,
            133.87297633872979
        ],
        [
            115.47344110854503,
            130.02364066193851
        ],
        [
            88.15028901734104,
            93.13154831199068
        ],
        [
            111.60714285714286,
            96.74447174447174
        ],
        [
            121.571072319202,
            70.51282051282051
        ],
        [
            110.85844229675952,
            109.26573426573427
        ],
        [
            101.94765672550213,
            109.95723885155772
        ],
        [
            146.7997651203758,
            105.14018691588784
        ],
        [
            131.57894736842107,
            113.86470194239786
        ],
        [
            128.44611528822054,
            114.27676894176582
        ],
        [
            100.74395536267822,
            116.61341853035145
        ]
    ],
    "losses": 8,
    "nOT": [
        0,
        0,
        0,
        0,
        0,
        0,
        0,
        0,
        0,
        0,
        0,
        0,
        0,
        0,
        0,
        0,
        0,
        0,
        0,
        0,
        0,
        0,
        0,
        0,
        1,
        0,
        0,
        0,
        0,
        0
    ],
    "pace": 67.2321171662323,