{
    "CompRank": 314,
    "CompositeDef": 115.70251457074878,
    "CompositeOff": 101.05448478945448,
    "CompositePace": 67.19888607304941,
    "CompositeRating": -14.648029781294301,
    "HA": [
        "A",
        "H",
        "A",
        "N",
        "N",
        "A",
        "A",
        "H",
        "A",
        "A",
        "A",
        "H",
        "A",
        "A",
        "A"
    ],
    "OAst": 200.0,
    "OAvgCompRat": -2.84750134751258,
    "OBlk": 48.0,
    "ODR": 348.0,
    "OFGA": 821.0,
    "OFGA3": 297.0,
    "OFGM": 410.0,
    "OFGM3": 99.0,
    "OFTA": 384.0,
    "OFTM": 274.0,
    "OOR": 174.0,
    "OPF": 254.0,
    "OScore": 1193.0,
    "OStl": 88.0,
    "OTO": 224.0,
    "Oastr": 0.14144671702169792,
    "Ocomprank": 276,
    "Ocorrdastr": 0.1483229618245718,
    "Ocorrdeff": 106.80412025772608,
    "Ocorrdeffrank": 263,
    "Ocorrdefgp": 0.5217200661001334,
    "Ocorrdftr": 0.35833336606330607,
    "Ocorrdorbp": 0.3001376989226786,
    "Ocorrdtovr": 0.1505249052109586,
    "Ocorroastr": 0.1286893574836603,
    "Ocorroeff": 103.90539332152272,
    "Ocorroeffrank": 254,
    "Ocorroefgp": 0.49069082060307073,
    "Ocorroftr": 0.37128944019622084,
    "Ocorroorbp": 0.28817906233651114,
    "Ocorrotovr": 0.16002090297549193,
    "Oeff": 114.71595061348513,
    "Oefgp": 0.5596833130328868,
    "Oftr": 0.46772228989037756,
    "Oneteff": -2.89872693620336,
    "Oneteffrank": 263,
    "Oorbp": 0.39908256880733944,
    "Oposs": 1039.96,
    "Otovr": 0.18452008303403736,
    "SoR": 0.0,
    "SoRrank": 177,
    "TAst": 198.0,
    "TBlk": 26.0,
    "TDR": 262.0,
    "TFGA": 873.0,
    "TFGA3": 295.0,
    "TFGM": 377.0,
    "TFGM3": 91.0,
    "TFTA": 326.0,
    "TFTM": 227.0,
    "TOR": 162.0,
    "TPF": 286.0,
    "TScore": 1072.0,
    "TStl": 127.0,
    "TTO": 194.0,
    "Tastr": 0.14058106841611995,
    "Tcorrdastr": 0.16008245211378197,
    "Tcorrdastrrank": 283,
    "Tcorrdeff": 116.1857807925361,
    "Tcorrdeffrank": 339,
    "Tcorrdefgp": 0.5776798524515017,
    "Tcorrdefgprank": 352,
    "Tcorrdftr": 0.42207972589091525,
    "Tcorrdftrrank": 329,
    "Tcorrdorbp": 0.3966836215286111,
    "Tcorrdorbprank": 362,
    "Tcorrdtovr": 0.1741490735022045,
    "Tcorrdtovrrank": 61,
    "Tcorroastr": 0.1380545831631976,
    "Tcorroastrrank": 214,
    "Tcorroeff": 100.76994097194833,
    "Tcorroeffrank": 244,
    "Tcorroefgp": 0.47007830673541534,
    "Tcorroefgprank": 288,
    "Tcorroftr": 0.3502313244200711,
    "Tcorroftrrank": 137,
    "Tcorroorbp": 0.30391875524928896,
    "Tcorroorbprank": 134,
    "Tcorrotovr": 0.1607641610831733,
    "Tcorrotovrrank": 257,
    "Teff": 102.24714814390904,
    "Tefgp": 0.48396334478808706,
    "Tftr": 0.3734249713631157,
    "Tneteff": -15.415839820587763,
    "Tneteffrank": 319,
    "Torbp": 0.3176470588235294,
    "Tposs": 1048.44,
    "Ttovr": 0.1602722976768778,
    "closses": 2,
    "confplace": 6,
    "cwins": 0,
    "dates": [
        [
            11,
            4
        ],
        [
            11,
            8
        ],
        [
            11,
            12
        ],
        [
            11,
            15
        ],
        [
            11,
            16
        ],
        [
            11,
            17
        ],
        [
            11,
            22
        ],
        [
            12,
            5
        ],
        [
            12,
            7
        ],
        [
            12,
            10
        ],
        [
            12,
            14
        ],
        [
            12,
            20
        ],
        [
            12,
            28
        ],
        [
            1,
            4
        ],
        [
            1,
            7
        ]
    ],
    "geff": [
        [
            84.05797101449275,
            108.63267670915413
        ],
        [
            115.81920903954803,
            119.43539630836047
        ],
        [
            94.63722397476342,
            123.85919165580182
        ],
        [
            96.4506172839506,
            109.05125408942203
        ],
        [
            109.30493273542601,
            110.52937754508437
        ],
        [
            106.23229461756375,
            115.89403973509934
        ],
        [
            121.46371463714635,
            147.61904761904762
        ],
        [
            95.98853868194843,
            100.69044879171462
        ],
        [
            112.52163877668784,
            107.96410544026922
        ],
        [
            73.33767926988266,
            126.60256410256409
        ],
        [
            112.63897015798713,
            104.29082240762813
        ],
        [
            96.93287037037037,
            120.80141426045964
        ],
        [
            109.0909090909091,
            129.6522269676632
        ],
        [
            88.81770529994175,
            88.43346434587309
        ],
        [
            111.56648451730419,
            114.24731182795699
        ]
    ],
    "losses": 12,
    "nOT": [
        0,
        0,
        0,
        0,
        0,
        0,
        0,
        0,
        0,
        0,
        0,
        0,
        0,
        0,
        2
    ],
    "pace": 67.11563306666505,
    "poss": [
        [
            69.0,
            69.03999999999999
        ],
        [
            70.8,
            73.68
        ],
        [
            63.4,
            61.36
        ],
        [
            77.76,
            73.36
        ],
        [
            71.36,
            68.75999999999999
        ],
        [
            70.6,
            66.44
        ],
        [
            65.04,
            63.0
        ],
        [
            69.8,
            69.52
        ],
        [
            69.32,
            71.32
        ],
        [
            61.36,
            62.400000000000006
        ],
        [
            68.36,
            67.12
        ],
        [
            69.12,
            67.88
        ],
        [
            66.0,
            65.56
        ],
        [
            68.68,
            71.24000000000001
        ],
        [
            87.84,
            89.28
        ]
    ],
    "preseason_pace": 67.72025802553142,
    "preseason_pred": -9.839619410218994,
    "preseason_predd": 112.67605985680575,
    "preseason_predo": 102.83644044658675,
    "schedule": [
        "george-mason",
        "gardner-webb",
        "high-point",
        "georgia-southern",
        "william-mary",
        "winthrop",
        "georgia-state",
        "radford",
        "gardner-webb",
        "west-virginia",
        "longwood",
        "longwood",
        "north-carolina-at",
        "coppin-state",
        "morgan-state"
    ],
    "scores": [
        [
            58,
            75
        ],
        [
            82,
            88
        ],
        [
            60,
            76
        ],
        [
            75,
            80
        ],
        [
            78,
            76
        ],
        [
            75,
            77
        ],
        [
            79,
            93
        ],
        [
            67,
            70
        ],
        [
            78,
            77
        ],
        [
            45,
            79
        ],
        [
            77,
            70
        ],
        [
            67,
            82
        ],
        [
            72,
            85
        ],
        [
            61,
            63
        ],
        [
            98,
            102
        ]
    ],
    "wins": 3
}