{
    "CompRank": 210,
    "CompositeDef": 104.45378399338392,
    "CompositeOff": 101.122153884656,
    "CompositePace": 69.53944415639305,
    "CompositeRating": -3.331630108727924,
    "HA": [
        "A",
        "A",
        "A",
        "H",
        "H",
        "A",
        "A",
        "A",
        "A",
        "H"
    ],
    "OAst": 161.0,
    "OAvgCompRat": 4.528170885244582,
    "OBlk": 61.0,
    "ODR": 226.0,
    "OFGA": 554.0,
    "OFGA3": 222.0,
    "OFGM": 265.0,
    "OFGM3": 77.0,
    "OFTA": 203.0,
    "OFTM": 126.0,
    "OOR": 82.0,
    "OPF": 155.0,
    "OScore": 733.0,
    "OStl": 63.0,
    "OTO": 131.0,
    "Oastr": 0.1721336013343027,
    "Ocomprank": 35,
    "Ocorrdastr": 0.13393701802805685,
    "Ocorrdeff": 96.09681080079822,
    "Ocorrdeffrank": 19,
    "Ocorrdefgp": 0.48039709260226476,
    "Ocorrdftr": 0.2999001835525332,
    "Ocorrdorbp": 0.2660759343971237,
    "Ocorrdtovr": 0.16629169799665475,
    "Ocorroastr": 0.14109789488065821,
    "Ocorroeff": 102.78043869507496,
    "Ocorroeffrank": 104,
    "Ocorroefgp": 0.5071162907597201,
    "Ocorroftr": 0.3208739366697698,
    "Ocorroorbp": 0.24275803437676147,
    "Ocorrotovr": 0.1575596533265106,
    "Oeff": 105.87589553963484,
    "Oefgp": 0.5478339350180506,
    "Oftr": 0.3664259927797834,
    "Oneteff": 6.683627894276739,
    "Oneteffrank": 42,
    "Oorbp": 0.2724252491694352,
    "Oposs": 692.32,
    "Otovr": 0.16918070048558734,
    "SoR": 0.049977510162069194,
    "SoRrank": 223,
    "TAst": 129.0,
    "TBlk": 15.0,
    "TDR": 219.0,
    "TFGA": 576.0,
    "TFGA3": 186.0,
    "TFGM": 258.0,
    "TFGM3": 75.0,
    "TFTA": 146.0,
    "TFTM": 108.0,
    "TOR": 72.0,
    "TPF": 199.0,
    "TScore": 699.0,
    "TStl": 72.0,
    "TTO": 140.0,
    "Tastr": 0.1418767322159166,
    "Tcorrdastr": 0.17251204795227457,
    "Tcorrdastrrank": 338,
    "Tcorrdeff": 103.97581358870734,
    "Tcorrdeffrank": 231,
    "Tcorrdefgp": 0.5409725244467507,
    "Tcorrdefgprank": 300,
    "Tcorrdftr": 0.35851698073874005,
    "Tcorrdftrrank": 287,
    "Tcorrdorbp": 0.30183213240350076,
    "Tcorrdorbprank": 285,
    "Tcorrdtovr": 0.17491547759417164,
    "Tcorrdtovrrank": 98,
    "Tcorroastr": 0.14967210903701644,
    "Tcorroastrrank": 116,
    "Tcorroeff": 103.67456521397354,
    "Tcorroeffrank": 132,
    "Tcorroefgp": 0.5348542130777878,
    "Tcorroefgprank": 74,
    "Tcorroftr": 0.26588594786165376,
    "Tcorroftrrank": 282,
    "Tcorroorbp": 0.2451774055981227,
    "Tcorroorbprank": 245,
    "Tcorrotovr": 0.17561022482336494,
    "Tcorrotovrrank": 274,
    "Teff": 98.69535750593019,
    "Tefgp": 0.5130208333333334,
    "Tftr": 0.2534722222222222,
    "Tneteff": -0.3012483747338024,
    "Tneteffrank": 173,
    "Torbp": 0.24161073825503357,
    "Tposs": 708.24,
    "Ttovr": 0.17943196965036398,
    "closses": 0,
    "confplace": 1,
    "cwins": 0,
    "dates": [
        [
            11,
            7
        ],
        [
            11,
            10
        ],
        [
            11,
            14
        ],
        [
            11,
            26
        ],
        [
            11,
            29
        ],
        [
            12,
            1
        ],
        [
            12,
            6
        ],
        [
            12,
            13
        ],
        [
            12,
            17
        ],
        [
            12,
            20
        ]
    ],
    "geff": [
        [
            101.39627659574468,
            123.3108108108108
        ],
        [
            90.55310817425355,
            105.1650692225772
        ],
        [
            93.03012404016539,
            119.55205811138015
        ],
        [
            83.71824480369514,
            78.82212968471147
        ],
        [
            117.07172495554238,
            103.06058713304186
        ],
        [
            109.5505617977528,
            113.96011396011396
        ],
        [
            105.0080775444265,
            123.22015334063526
        ],
        [
            83.18739054290717,
            97.21416134648868
        ],
        [
            94.69696969696969,
            100.16694490818031
        ],
        [
            109.51865873445104,
            96.60574412532638
        ]
    ],
    "losses": 7,
    "nOT": [
        0,
        1,
        0,
        0,
        0,
        0,
        0,
        0,
        0,
        0
    ],
    "pace": 69.90775956377243,
    "poss": [
        [
            60.16,
            59.2
        ],
        [
            81.72,
            75.12
        ],
        [
            67.72,
            66.08
        ],
        [
            69.28,
            67.24000000000001
        ],
        [
            67.48,
            64.03999999999999
        ],
        [
            71.2,
            70.2
        ],
        [
            74.28,
            73.04
        ],
        [
            68.52000000000001,
            68.92
        ],
        [
            73.92,
            71.88
        ],
        [
            73.96000000000001,
            76.6
        ]
    ],
    "preseason_pace": 68.52897664643588,
    "preseason_pred": -11.64543459156502,
    "preseason_predd": 105.7650882586146,
    "preseason_predo": 94.11965366704958,
    "schedule": [
        "virginia",
        "appalachian-state",
        "liberty",
        "gardner-webb",
        "north-carolina-asheville",
        "radford",
        "marquette",
        "louisiana-state",
        "gardner-webb",
        "citadel"
    ],
    "scores": [
        [
            61,
            73
        ],
        [
            74,
            79
        ],
        [
            63,
            79
        ],
        [
            58,
            53
        ],
        [
            79,
            66
        ],
        [
            78,
            80
        ],
        [
            78,
            90
        ],
        [
            57,
            67
        ],
        [
            70,
            72
        ],
        [
            81,
            74
        ]
    ],
    "wins": 3
}