{
    "CompRank": 282,
    "CompositeDef": 103.51661070603976,
    "CompositeOff": 93.58742854540317,
    "CompositePace": 69.27455572829707,
    "CompositeRating": -9.929182160636575,
    "HA": [
        "A",
        "A",
        "A"
    ],
    "OAst": 50.0,
    "OAvgCompRat": 12.232236887092531,
    "OBlk": 15.0,
    "ODR": 78.0,
    "OFGA": 172.0,
    "OFGA3": 81.0,
    "OFGM": 78.0,
    "OFGM3": 34.0,
    "OFTA": 60.0,
    "OFTM": 41.0,
    "OOR": 23.0,
    "OPF": 41.0,
    "OScore": 231.0,
    "OStl": 16.0,
    "OTO": 25.0,
    "Oastr": 0.182882223847842,
    "Ocomprank": 39,
    "Ocorrdastr": 0.12630730140309207,
    "Ocorrdeff": 103.46183049777206,
    "Ocorrdeffrank": 256,
    "Ocorrdefgp": 0.5349797138501664,
    "Ocorrdftr": 0.4714570963639497,
    "Ocorrdorbp": 0.2451780285534706,
    "Ocorrdtovr": 0.17442031133495176,
    "Ocorroastr": 0.2056998331959218,
    "Ocorroeff": 123.15395480233592,
    "Ocorroeffrank": 4,
    "Ocorroefgp": 0.6073340829439036,
    "Ocorroftr": 0.36500528036333063,
    "Ocorroorbp": 0.2518666677896413,
    "Ocorrotovr": 0.11905052127263711,
    "Oeff": 115.26946107784431,
    "Oefgp": 0.5523255813953488,
    "Oftr": 0.3488372093023256,
    "Oneteff": 19.692124304563862,
    "Oneteffrank": 32,
    "Oorbp": 0.24468085106382978,
    "Oposs": 200.4,
    "Otovr": 0.11190689346463742,
    "SoR": 0.0,
    "SoRrank": 264,
    "TAst": 32.0,
    "TBlk": 8.0,
    "TDR": 71.0,
    "TFGA": 173.0,
    "TFGA3": 68.0,
    "TFGM": 71.0,
    "TFGM3": 27.0,
    "TFTA": 40.0,
    "TFTM": 29.0,
    "TOR": 15.0,
    "TPF": 59.0,
    "TScore": 198.0,
    "TStl": 17.0,
    "TTO": 34.0,
    "Tastr": 0.12470771628994543,
    "Tcorrdastr": 0.1261713334766444,
    "Tcorrdastrrank": 134,
    "Tcorrdeff": 94.4102766181116,
    "Tcorrdeffrank": 112,
    "Tcorrdefgp": 0.45470164513797234,
    "Tcorrdefgprank": 100,
    "Tcorrdftr": 0.32435166136032323,
    "Tcorrdftrrank": 187,
    "Tcorrdorbp": 0.2661630776862759,
    "Tcorrdorbprank": 167,
    "Tcorrdtovr": 0.15474041734611096,
    "Tcorrdtovrrank": 216,
    "Tcorroastr": 0.137277108552626,
    "Tcorroastrrank": 177,
    "Tcorroeff": 91.43191680273523,
    "Tcorroeffrank": 285,
    "Tcorroefgp": 0.45443504516689015,
    "Tcorroefgprank": 265,
    "Tcorroftr": 0.16885403158884077,
    "Tcorroftrrank": 354,
    "Tcorroorbp": 0.180472507731658,
    "Tcorroorbprank": 324,
    "Tcorrotovr": 0.14530875551830028,
    "Tcorrotovrrank": 107,
    "Teff": 94.46564885496184,
    "Tefgp": 0.4884393063583815,
    "Tftr": 0.23121387283236994,
    "Tneteff": -2.978359815376365,
    "Tneteffrank": 208,
    "Torbp": 0.16129032258064516,
    "Tposs": 209.6,
    "Ttovr": 0.15138023152270705,
    "closses": 0,
    "confplace": 1,
    "cwins": 0,
    "dates": [
        [
            11,
            7
        ],
        [
            11,
            10
        ],
        [
            11,
            14
        ]
    ],
    "geff": [
        [
            101.39627659574468,
            123.3108108108108
        ],
        [
            90.55310817425355,
            105.1650692225772
        ],
        [
            93.03012404016539,
            119.55205811138015
        ]
    ],
    "losses": 3,
    "nOT": [
        0,
        1,
        0
    ],
    "pace": 72.2941510098349,
    "poss": [
        [
            60.16,
            59.2
        ],
        [
            81.72,
            75.12
        ],
        [
            67.72,
            66.08
        ]
    ],
    "preseason_pace": 68.52897664643588,
    "preseason_pred": -11.64543459156502,
    "preseason_predd": 105.7650882586146,
    "preseason_predo": 94.11965366704958,
    "schedule": [
        "virginia",
        "appalachian-state",
        "liberty"
    ],
    "scores": [
        [
            61,
            73
        ],
        [
            74,
            79
        ],
        [
            63,
            79
        ]
    ],
    "wins": 0
}