{
    "CompRank": 104,
    "CompositeDef": 100.25488789543094,
    "CompositeOff": 107.67133867116273,
    "CompositePace": 69.02601360563911,
    "CompositeRating": 7.416450775731796,
    "HA": [
        "H",
        "N",
        "H",
        "H",
        "H",
        "A",
        "H",
        "A",
        "H",
        "N",
        "N",
        "A",
        "A",
        "H",
        "H",
        "A"
    ],
    "OAst": 200.0,
    "OAvgCompRat": 4.2099489191794435,
    "OBlk": 58.0,
    "ODR": 373.0,
    "OFGA": 901.0,
    "OFGA3": 308.0,
    "OFGM": 397.0,
    "OFGM3": 108.0,
    "OFTA": 321.0,
    "OFTM": 226.0,
    "OOR": 146.0,
    "OPF": 273.0,
    "OScore": 1128.0,
    "OStl": 92.0,
    "OTO": 204.0,
    "Oastr": 0.13828963380904968,
    "Ocomprank": 38,
    "Ocorrdastr": 0.13805561804908806,
    "Ocorrdeff": 101.62109074523815,
    "Ocorrdeffrank": 45,
    "Ocorrdefgp": 0.48337572400591544,
    "Ocorrdftr": 0.3254954953121528,
    "Ocorrdorbp": 0.27203833836190733,
    "Ocorrdtovr": 0.14972167188911933,
    "Ocorroastr": 0.15272043206628222,
    "Ocorroeff": 106.95100415752027,
    "Ocorroeffrank": 52,
    "Ocorroefgp": 0.5151111811412583,
    "Ocorroftr": 0.32639894030751637,
    "Ocorroorbp": 0.2899285927385999,
    "Ocorrotovr": 0.1421507983492034,
    "Oeff": 102.52308587217334,
    "Oefgp": 0.5005549389567148,
    "Oftr": 0.3562708102108768,
    "Oneteff": 5.329913412282124,
    "Oneteffrank": 42,
    "Oorbp": 0.28627450980392155,
    "Oposs": 1100.24,
    "Otovr": 0.16369238669919117,
    "SoR": 0.6462197057895969,
    "SoRrank": 134,
    "TAst": 200.0,
    "TBlk": 67.0,
    "TDR": 364.0,
    "TFGA": 943.0,
    "TFGA3": 400.0,
    "TFGM": 402.0,
    "TFGM3": 134.0,
    "TFTA": 312.0,
    "TFTM": 220.0,
    "TOR": 163.0,
    "TPF": 267.0,
    "TScore": 1158.0,
    "TStl": 118.0,
    "TTO": 186.0,
    "Tastr": 0.13639959625719508,
    "Tcorrdastr": 0.12876080438404502,
    "Tcorrdastrrank": 87,
    "Tcorrdeff": 99.94678190994034,
    "Tcorrdeffrank": 101,
    "Tcorrdefgp": 0.4891634201529606,
    "Tcorrdefgprank": 126,
    "Tcorrdftr": 0.36197735957215904,
    "Tcorrdftrrank": 261,
    "Tcorrdorbp": 0.273633801674824,
    "Tcorrdorbprank": 173,
    "Tcorrdtovr": 0.17216778266279475,
    "Tcorrdtovrrank": 50,
    "Tcorroastr": 0.140631609430639,
    "Tcorroastrrank": 178,
    "Tcorroeff": 107.68751466162894,
    "Tcorroeffrank": 117,
    "Tcorroefgp": 0.5181327242852721,
    "Tcorroefgprank": 127,
    "Tcorroftr": 0.33814064025037605,
    "Tcorroftrrank": 158,
    "Tcorroorbp": 0.3105856230718397,
    "Tcorroorbprank": 82,
    "Tcorrotovr": 0.14667287793437994,
    "Tcorrotovrrank": 159,
    "Teff": 104.95975636284534,
    "Tefgp": 0.4973488865323436,
    "Tftr": 0.33085896076352067,
    "Tneteff": 7.740732751688597,
    "Tneteffrank": 106,
    "Torbp": 0.3041044776119403,
    "Tposs": 1103.28,
    "Ttovr": 0.14688694443566985,
    "closses": 5,
    "confplace": 15,
    "cwins": 0,
    "dates": [
        [
            11,
            6
        ],
        [
            11,
            10
        ],
        [
            11,
            13
        ],
        [
            11,
            15
        ],
        [
            11,
            17
        ],
        [
            11,
            22
        ],
        [
            11,
            29
        ],
        [
            12,
            6
        ],
        [
            12,
            8
        ],
        [
            12,
            18
        ],
        [
            12,
            23
        ],
        [
            1,
            3
        ],
        [
            1,
            6
        ],
        [
            1,
            12
        ],
        [
            1,
            16
        ],
        [
            1,
            20
        ]
    ],
    "geff": [
        [
            108.93546607832323,
            109.43718021603183
        ],
        [
            111.49653121902874,
            93.2642487046632
        ],
        [
            129.10085054678007,
            92.2671353251318
        ],
        [
            102.32131948686622,
            112.17948717948718
        ],
        [
            109.624145785877,
            78.71878393051031
        ],
        [
            124.44864524259609,
            144.38676184295912
        ],
        [
            100.60975609756099,
            87.5211744776962
        ],
        [
            110.33229491173418,
            91.64969450101833
        ],
        [
            105.72139303482588,
            91.95760598503742
        ],
        [
            106.48148148148148,
            107.5786769428388
        ],
        [
            104.8248133256749,
            114.47145279819107
        ],
        [
            88.81770529994175,
            114.35105774728414
        ],
        [
            84.04415454089313,
            90.86320040383643
        ],
        [
            90.9090909090909,
            108.499095840868
        ],
        [
            98.64165588615782,
            103.00850228907784
        ],
        [
            105.89318600368324,
            112.0580808080808
        ]
    ],
    "losses": 8,
    "nOT": [
        0,
        0,
        0,
        0,
        0,
        0,
        0,
        0,
        0,
        0,
        0,
        0,
        0,
        0,
        0,
        0
    ],
    "pace": 69.0916694225308,
    "poss": [
        [
            72.52,
            70.36
        ],
        [
            80.72,
            77.2
        ],
        [
            65.84,
            68.28
        ],
        [
            65.48,
            62.4
        ],
        [
            70.24,
            73.68
        ],
        [
            63.480000000000004,
            61.64
        ],
        [
            65.6,
            70.84
        ],
        [
            77.03999999999999,
            78.56
        ],
        [
            64.32,
            64.16
        ],
        [
            64.8,
            62.28
        ],
        [
            69.64,
            70.76
        ],
        [
            68.68,
            69.96000000000001
        ],
        [
            79.72,
            79.24000000000001
        ],
        [
            68.2,
            66.36
        ],
        [
            61.84,
            61.16
        ],
        [
            65.16,
            63.36
        ]
    ],
    "preseason_pace": 68.5098196149558,
    "preseason_pred": 4.8669065738532575,
    "preseason_predd": 102.67725449953801,
    "preseason_predo": 107.54416107339127,
    "schedule": [
        "cleveland-state",
        "college-of-charleston",
        "stony-brook",
        "princeton",
        "rider",
        "nebraska",
        "california-irvine",
        "marshall",
        "saint-peters",
        "bradley",
        "santa-clara",
        "massachusetts",
        "loyola-il",
        "dayton",
        "richmond",
        "saint-josephs"
    ],
    "scores": [
        [
            79,
            77
        ],
        [
            90,
            72
        ],
        [
            85,
            63
        ],
        [
            67,
            70
        ],
        [
            77,
            58
        ],
        [
            79,
            89
        ],
        [
            66,
            62
        ],
        [
            85,
            72
        ],
        [
            68,
            59
        ],
        [
            69,
            67
        ],
        [
            73,
            81
        ],
        [
            61,
            80
        ],
        [
            67,
            72
        ],
        [
            62,
            72
        ],
        [
            61,
            63
        ],
        [
            69,
            71
        ]
    ],
    "wins": 8
}