{
    "CompRank": 129,
    "CompositeDef": 101.91982987898452,
    "CompositeOff": 106.14838292946342,
    "CompositePace": 69.1223095403271,
    "CompositeRating": 4.228553050478908,
    "HA": [
        "H",
        "A",
        "H",
        "N",
        "H",
        "H",
        "H",
        "H",
        "H",
        "H",
        "H",
        "H",
        "H",
        "A",
        "H",
        "H",
        "A",
        "A",
        "A",
        "H",
        "H",
        "A",
        "A",
        "H",
        "H",
        "H",
        "A",
        "A",
        "H",
        "H",
        "A"
    ],
    "OAst": 413.0,
    "OAvgCompRat": -1.4940092112440762,
    "OBlk": 96.0,
    "ODR": 735.0,
    "OFGA": 1768.0,
    "OFGA3": 605.0,
    "OFGM": 778.0,
    "OFGM3": 213.0,
    "OFTA": 606.0,
    "OFTM": 418.0,
    "OOR": 315.0,
    "OPF": 504.0,
    "OScore": 2187.0,
    "OStl": 177.0,
    "OTO": 439.0,
    "Oastr": 0.14307291522323531,
    "Ocomprank": 205,
    "Ocorrdastr": 0.14102324357825005,
    "Ocorrdeff": 104.3587205524884,
    "Ocorrdeffrank": 220,
    "Ocorrdefgp": 0.5004713239159346,
    "Ocorrdftr": 0.32053853864951243,
    "Ocorrdorbp": 0.2691596168890578,
    "Ocorrdtovr": 0.15073766197784608,
    "Ocorroastr": 0.14654680426630048,
    "Ocorroeff": 102.52718780234308,
    "Ocorroeffrank": 191,
    "Ocorroefgp": 0.5132387366924367,
    "Ocorroftr": 0.33208142364068377,
    "Ocorroorbp": 0.27028390986773126,
    "Ocorrotovr": 0.16111237832070338,
    "Oeff": 101.31379016417745,
    "Oefgp": 0.5002828054298643,
    "Oftr": 0.3427601809954751,
    "Oneteff": -1.8315327501453282,
    "Oneteffrank": 205,
    "Oorbp": 0.31312127236580517,
    "Oposs": 2158.64,
    "Otovr": 0.17747125693310264,
    "SoR": 0.24943876796997833,
    "SoRrank": 122,
    "TAst": 479.0,
    "TBlk": 118.0,
    "TDR": 691.0,
    "TFGA": 1922.0,
    "TFGA3": 757.0,
    "TFGM": 847.0,
    "TFGM3": 278.0,
    "TFTA": 509.0,
    "TFTM": 352.0,
    "TOR": 343.0,
    "TPF": 575.0,
    "TScore": 2324.0,
    "TStl": 256.0,
    "TTO": 361.0,
    "Tastr": 0.1604174201931707,
    "Tcorrdastr": 0.13970435507458148,
    "Tcorrdastrrank": 161,
    "Tcorrdeff": 101.91982987898452,
    "Tcorrdeffrank": 147,
    "Tcorrdefgp": 0.49304950279476606,
    "Tcorrdefgprank": 123,
    "Tcorrdftr": 0.32852905791681314,
    "Tcorrdftrrank": 220,
    "Tcorrdorbp": 0.3121693001916239,
    "Tcorrdorbprank": 314,
    "Tcorrdtovr": 0.17231993534168527,
    "Tcorrdtovrrank": 72,
    "Tcorroastr": 0.16265921089992044,
    "Tcorroastrrank": 56,
    "Tcorroeff": 106.14838292946342,
    "Tcorroeffrank": 123,
    "Tcorroefgp": 0.5185465314367164,
    "Tcorroefgprank": 129,
    "Tcorroftr": 0.2636825677868942,
    "Tcorroftrrank": 320,
    "Tcorroorbp": 0.3192810775924696,
    "Tcorroorbprank": 58,
    "Tcorrotovr": 0.1493934908980715,
    "Tcorrotovrrank": 131,
    "Teff": 107.395700475055,
    "Tefgp": 0.5130072840790842,
    "Tftr": 0.2648283038501561,
    "Tneteff": 4.228553050478908,
    "Tneteffrank": 129,
    "Torbp": 0.3181818181818182,
    "Tposs": 2163.96,
    "Ttovr": 0.1439991064875387,
    "closses": 8,
    "confplace": 6,
    "cwins": 10,
    "dates": [
        [
            11,
            8
        ],
        [
            11,
            11
        ],
        [
            11,
            14
        ],
        [
            11,
            18
        ],
        [
            11,
            21
        ],
        [
            11,
            23
        ],
        [
            11,
            29
        ],
        [
            12,
            3
        ],
        [
            12,
            8
        ],
        [
            12,
            11
        ],
        [
            12,
            14
        ],
        [
            12,
            17
        ],
        [
            12,
            21
        ],
        [
            12,
            28
        ],
        [
            12,
            31
        ],
        [
            1,
            4
        ],
        [
            1,
            7
        ],
        [
            1,
            11
        ],
        [
            1,
            18
        ],
        [
            1,
            21
        ],
        [
            1,
            25
        ],
        [
            1,
            28
        ],
        [
            2,
            4
        ],
        [
            2,
            8
        ],
        [
            2,
            11
        ],
        [
            2,
            15
        ],
        [
            2,
            18
        ],
        [
            2,
            22
        ],
        [
            2,
            26
        ],
        [
            3,
            1
        ],
        [
            3,
            4
        ]
    ],
    "geff": [
        [
            134.77488151658767,
            91.72976121141525
        ],
        [
            69.77992485238862,
            109.06515580736544
        ],
        [
            128.9629231595916,
            95.22532188841201
        ],
        [
            118.38440111420613,
            111.23470522803115
        ],
        [
            122.34669811320754,
            120.51734273956498
        ],
        [
            117.77638190954772,
            87.6923076923077
        ],
        [
            109.55569080949483,
            94.77936606587943
        ],
        [
            119.70534069981585,
            124.19354838709677
        ],
        [
            95.32760472610096,
            112.26725082146768
        ],
        [
            87.66803039158387,
            108.56632956573469
        ],
        [
            100.06064281382658,
            84.40761203192143
        ],
        [
            121.95121951219512,
            111.97916666666667
        ],
        [
            119.66364812419145,
            89.28571428571428
        ],
        [
            83.7250293772033,
            99.25201380897582
        ],
        [
            104.4689495066744,
            87.94694348327566
        ],
        [
            114.42641946697566,
            101.27314814814814
        ],
        [
            112.3768472906404,
            118.67088607594935
        ],
        [
            125.06797172376291,
            103.68066355624677
        ],
        [
            80.09153318077803,
            99.63212752912322
        ],
        [
            85.69739952718675,
            90.68080357142857
        ],
        [
            107.2066706372841,
            83.42922899884924
        ],
        [
            96.0603112840467,
            105.89094449853944
        ],
        [
            129.2384658143413,
            93.73251259093452
        ],
        [
            103.30578512396696,
            74.84168105929764
        ],
        [
            82.30452674897118,
            79.59905660377358
        ],
        [
            105.96765197992192,
            90.01161440185831
        ],
        [
            114.9891774891775,
            121.62162162162163
        ],
        [
            126.52947719688542,
            108.31381733021078
        ],
        [
            112.19022103148025,
            122.75242047026279
        ],
        [
            119.63023382272974,
            103.4573074908329
        ],
        [
            83.19467554076539,
            114.11332633788038
        ]
    ],
    "losses": 11,
    "nOT": [
        0,
        0,
        0,
        0,
        0,
        0,
        0,
        0,
        0,
        0,
        0,
        0,
        0,
        0,
        0,
        0,
        0,
        0,
        0,
        0,
        0,
        0,
        0,
        0,
        0,
        0,
        0,
        0,
        0,
        0,
        0
    ],
    "pace": 69.1223095403271,