{
    "CompRank": 299,
    "CompositeDef": 115.69655033964742,
    "CompositeOff": 103.1991143557982,
    "CompositePace": 67.59090041098642,
    "CompositeRating": -12.497435983849211,
    "HA": [
        "A",
        "A",
        "A",
        "A",
        "A",
        "A",
        "A",
        "A",
        "A",
        "A",
        "A",
        "A",
        "A",
        "A",
        "A",
        "H",
        "H",
        "A",
        "A",
        "H",
        "H",
        "A",
        "A",
        "H"
    ],
    "OAst": 401.0,
    "OAvgCompRat": 0.2041085258837839,
    "OBlk": 103.0,
    "ODR": 532.0,
    "OFGA": 1368.0,
    "OFGA3": 655.0,
    "OFGM": 640.0,
    "OFGM3": 250.0,
    "OFTA": 503.0,
    "OFTM": 363.0,
    "OOR": 229.0,
    "OPF": 397.0,
    "OScore": 1893.0,
    "OStl": 160.0,
    "OTO": 283.0,
    "Oastr": 0.17639399644572698,
    "Ocomprank": 146,
    "Ocorrdastr": 0.14558732362608146,
    "Ocorrdeff": 103.75712710678421,
    "Ocorrdeffrank": 114,
    "Ocorrdefgp": 0.5105331037560816,
    "Ocorrdftr": 0.3691998294831265,
    "Ocorrdorbp": 0.2902575215902082,
    "Ocorrdtovr": 0.15728748082326172,
    "Ocorroastr": 0.1345396763844292,
    "Ocorroeff": 104.42653704791546,
    "Ocorroeffrank": 200,
    "Ocorroefgp": 0.48731875035480154,
    "Ocorroftr": 0.3490954943732381,
    "Ocorroorbp": 0.27484754516183585,
    "Ocorrotovr": 0.15002415755970916,
    "Oeff": 115.19363240269698,
    "Oefgp": 0.5592105263157895,
    "Oftr": 0.3676900584795322,
    "Oneteff": 0.6694099411312493,
    "Oneteffrank": 138,
    "Oorbp": 0.3029100529100529,
    "Oposs": 1643.32,
    "Otovr": 0.1511493761750128,
    "SoR": 0.0,
    "SoRrank": 154,
    "TAst": 263.0,
    "TBlk": 40.0,
    "TDR": 527.0,
    "TFGA": 1381.0,
    "TFGA3": 354.0,
    "TFGM": 602.0,
    "TFGM3": 121.0,
    "TFTA": 494.0,
    "TFTM": 343.0,
    "TOR": 235.0,
    "TPF": 406.0,
    "TScore": 1668.0,
    "TStl": 172.0,
    "TTO": 271.0,
    "Tastr": 0.12333752274475229,
    "Tcorrdastr": 0.18668739990376396,
    "Tcorrdastrrank": 361,
    "Tcorrdeff": 115.80966148626293,
    "Tcorrdeffrank": 350,
    "Tcorrdefgp": 0.579080195302751,
    "Tcorrdefgprank": 361,
    "Tcorrdftr": 0.34906426032055315,
    "Tcorrdftrrank": 237,
    "Tcorrdorbp": 0.3074449371408402,
    "Tcorrdorbprank": 289,
    "Tcorrdtovr": 0.14951226314458618,
    "Tcorrdtovrrank": 153,
    "Tcorroastr": 0.12072289802721504,
    "Tcorroastrrank": 310,
    "Tcorroeff": 103.263365930204,
    "Tcorroeffrank": 206,
    "Tcorroefgp": 0.4743031898930657,
    "Tcorroefgprank": 277,
    "Tcorroftr": 0.3220539915525273,
    "Tcorroftrrank": 194,
    "Tcorroorbp": 0.2951768798300878,
    "Tcorroorbprank": 117,
    "Tcorrotovr": 0.13678510239548317,
    "Tcorrotovrrank": 106,
    "Teff": 102.05829804938935,
    "Tefgp": 0.47972483707458363,
    "Tftr": 0.3577118030412744,
    "Tneteff": -12.546295556058922,
    "Tneteffrank": 298,
    "Torbp": 0.30638852672750977,
    "Tposs": 1634.3600000000001,
    "Ttovr": 0.14496940129242092,
    "closses": 5,
    "confplace": 3,
    "cwins": 7,
    "dates": [
        [
            11,
            6
        ],
        [
            11,
            14
        ],
        [
            11,
            16
        ],
        [
            11,
            19
        ],
        [
            11,
            21
        ],
        [
            11,
            22
        ],
        [
            11,
            24
        ],
        [
            12,
            10
        ],
        [
            12,
            12
        ],
        [
            12,
            17
        ],
        [
            12,
            19
        ],
        [
            12,
            21
        ],
        [
            1,
            6
        ],
        [
            1,
            11
        ],
        [
            1,
            13
        ],
        [
            1,
            20
        ],
        [
            1,
            22
        ],
        [
            1,
            27
        ],
        [
            1,
            29
        ],
        [
            2,
            3
        ],
        [
            2,
            5
        ],
        [
            2,
            10
        ],
        [
            2,
            12
        ],
        [
            2,
            17
        ]
    ],
    "geff": [
        [
            81.44671452236334,
            130.47138047138046
        ],
        [
            128.4348864994026,
            139.89927252378286
        ],
        [
            91.75405147759771,
            104.8218029350105
        ],
        [
            71.22093023255815,
            122.28260869565219
        ],
        [
            92.36145781328007,
            117.48357756442648
        ],
        [
            104.9908703590992,
            130.99041533546327
        ],
        [
            104.16666666666666,
            121.75324675324676
        ],
        [
            87.40204942736588,
            126.99350265800355
        ],
        [
            88.99233296823658,
            146.64804469273744
        ],
        [
            117.68082663605051,
            138.42746400885937
        ],
        [
            69.02610441767068,
            117.10794297352342
        ],
        [
            106.35280771412366,
            114.29398148148148
        ],
        [
            114.09013120365087,
            129.79351032448378
        ],
        [
            113.42734518700185,
            109.16359163591638
        ],
        [
            84.18043202033037,
            88.31085420680796
        ],
        [
            94.77936606587943,
            105.14018691588784
        ],
        [
            138.0368098159509,
            114.50381679389312
        ],
        [
            120.32932235592148,
            105.34591194968553
        ],
        [
            108.22510822510822,
            102.13414634146342
        ],
        [
            108.29207920792079,
            110.9375
        ],
        [
            109.19165580182529,
            132.1138211382114
        ],
        [
            100.65127294256956,
            80.22922636103152
        ],
        [
            117.80104712041884,
            82.68190018039687
        ],
        [
            114.08730158730158,
            85.98726114649682
        ]
    ],
    "losses": 17,
    "nOT": [
        0,
        0,
        0,
        0,
        0,
        0,
        0,
        0,
        0,
        0,
        0,
        0,
        0,
        0,
        0,
        0,
        0,
        0,
        0,
        0,
        0,
        0,
        0,
        0
    ],
    "pace": 67.58418869678087,