{
    "CompRank": 309,
    "CompositeDef": 116.94757468439641,
    "CompositeOff": 103.44540532286383,
    "CompositePace": 69.04947748219179,
    "CompositeRating": -13.502169361532578,
    "HA": [
        "A",
        "A",
        "A",
        "A",
        "A",
        "A",
        "A",
        "A",
        "A",
        "A",
        "A",
        "A",
        "A",
        "A",
        "A",
        "H",
        "H",
        "A"
    ],
    "OAst": 327.0,
    "OAvgCompRat": 4.550247908650441,
    "OBlk": 83.0,
    "ODR": 420.0,
    "OFGA": 1062.0,
    "OFGA3": 529.0,
    "OFGM": 509.0,
    "OFGM3": 202.0,
    "OFTA": 399.0,
    "OFTM": 292.0,
    "OOR": 191.0,
    "OPF": 307.0,
    "OScore": 1512.0,
    "OStl": 117.0,
    "OTO": 209.0,
    "Oastr": 0.1843749295202869,
    "Ocomprank": 37,
    "Ocorrdastr": 0.13661621922082706,
    "Ocorrdeff": 100.36391433298394,
    "Ocorrdeffrank": 16,
    "Ocorrdefgp": 0.49590325875536856,
    "Ocorrdftr": 0.354254864800122,
    "Ocorrdorbp": 0.2768954686418886,
    "Ocorrdtovr": 0.1554304600351113,
    "Ocorroastr": 0.14071935311824066,
    "Ocorroeff": 106.858286283659,
    "Ocorroeffrank": 68,
    "Ocorroefgp": 0.495844307327971,
    "Ocorroftr": 0.35602546637991556,
    "Ocorroorbp": 0.2848934309606342,
    "Ocorrotovr": 0.1450206561613389,
    "Oeff": 120.42435248016822,
    "Oefgp": 0.5743879472693032,
    "Oftr": 0.3757062146892655,
    "Oneteff": 6.49437195067506,
    "Oneteffrank": 36,
    "Oorbp": 0.33217391304347826,
    "Oposs": 1255.56,
    "Otovr": 0.14448069903771707,
    "SoR": 0.0,
    "SoRrank": 167,
    "TAst": 187.0,
    "TBlk": 29.0,
    "TDR": 384.0,
    "TFGA": 1070.0,
    "TFGA3": 264.0,
    "TFGM": 460.0,
    "TFGM3": 89.0,
    "TFTA": 358.0,
    "TFTM": 243.0,
    "TOR": 178.0,
    "TPF": 316.0,
    "TScore": 1252.0,
    "TStl": 127.0,
    "TTO": 205.0,
    "Tastr": 0.1154663110057301,
    "Tcorrdastr": 0.18606101094533473,
    "Tcorrdastrrank": 362,
    "Tcorrdeff": 117.66296956094043,
    "Tcorrdeffrank": 356,
    "Tcorrdefgp": 0.5832674378082701,
    "Tcorrdefgprank": 361,
    "Tcorrdftr": 0.349736250676091,
    "Tcorrdftrrank": 242,
    "Tcorrdorbp": 0.3233921039846418,
    "Tcorrdorbprank": 326,
    "Tcorrdtovr": 0.14864634992366926,
    "Tcorrdtovrrank": 175,
    "Tcorroastr": 0.12011591250856386,
    "Tcorroastrrank": 309,
    "Tcorroeff": 103.81417933346903,
    "Tcorroeffrank": 184,
    "Tcorroefgp": 0.4788871706344822,
    "Tcorroefgprank": 258,
    "Tcorroftr": 0.3139497934304869,
    "Tcorroftrrank": 220,
    "Tcorroorbp": 0.29892448207683553,
    "Tcorroorbprank": 105,
    "Tcorrotovr": 0.13737360699005624,
    "Tcorrotovrrank": 108,
    "Teff": 99.79912635908555,
    "Tefgp": 0.47149532710280373,
    "Tftr": 0.33457943925233646,
    "Tneteff": -13.848790227471397,
    "Tneteffrank": 310,
    "Torbp": 0.2976588628762542,
    "Tposs": 1254.52,
    "Ttovr": 0.1431044592745651,
    "closses": 3,
    "confplace": 7,
    "cwins": 3,
    "dates": [
        [
            11,
            6
        ],
        [
            11,
            14
        ],
        [
            11,
            16
        ],
        [
            11,
            19
        ],
        [
            11,
            21
        ],
        [
            11,
            22
        ],
        [
            11,
            24
        ],
        [
            12,
            10
        ],
        [
            12,
            12
        ],
        [
            12,
            17
        ],
        [
            12,
            19
        ],
        [
            12,
            21
        ],
        [
            1,
            6
        ],
        [
            1,
            11
        ],
        [
            1,
            13
        ],
        [
            1,
            20
        ],
        [
            1,
            22
        ],
        [
            1,
            27
        ]
    ],
    "geff": [
        [
            81.44671452236334,
            130.47138047138046
        ],
        [
            128.4348864994026,
            139.89927252378286
        ],
        [
            91.75405147759771,
            104.8218029350105
        ],
        [
            71.22093023255815,
            122.28260869565219
        ],
        [
            92.36145781328007,
            117.48357756442648
        ],
        [
            104.9908703590992,
            130.99041533546327
        ],
        [
            104.16666666666666,
            121.75324675324676
        ],
        [
            87.40204942736588,
            126.99350265800355
        ],
        [
            88.99233296823658,
            146.64804469273744
        ],
        [
            117.68082663605051,
            138.42746400885937
        ],
        [
            69.02610441767068,
            117.10794297352342
        ],
        [
            106.35280771412366,
            114.29398148148148
        ],
        [
            114.09013120365087,
            129.79351032448378
        ],
        [
            113.42734518700185,
            109.16359163591638
        ],
        [
            84.18043202033037,
            88.31085420680796
        ],
        [
            94.77936606587943,
            105.14018691588784
        ],
        [
            138.0368098159509,
            114.50381679389312
        ],
        [
            120.32932235592148,
            105.34591194968553
        ]
    ],
    "losses": 15,
    "nOT": [
        0,
        0,
        0,
        0,
        0,
        0,
        0,
        0,
        0,
        0,
        0,
        0,
        0,
        0,
        0,
        0,
        0,
        0
    ],
    "pace": 69.13114198694674,
    "poss": [
        [
            72.44,
            71.28
        ],
        [
            66.96000000000001,
            71.48
        ],
        [
            83.92,
            76.32
        ],
        [
            68.8,
            66.24
        ],
        [
            80.12,
            79.16
        ],
        [
            65.72,
            62.599999999999994
        ],
        [
            66.24000000000001,
            73.92
        ],
        [
            66.36,
            67.72
        ],
        [
            73.04,
            71.6
        ],
        [
            69.68,
            72.24
        ],
        [
            79.68,
            78.56
        ],
        [
            70.52,
            69.12
        ],
        [
            70.12,
            67.8
        ],
        [
            65.24,
            65.03999999999999
        ],
        [
            62.96,
            62.28
        ],
        [
            64.36,
            68.48
        ],
        [
            65.2,
            68.12
        ],
        [
            63.16,
            63.6
        ]
    ],
    "preseason_pace": 68.04092084846803,
    "preseason_pred": -9.221401667188156,
    "preseason_predd": 108.11244795907774,
    "preseason_predo": 98.8910462918896,
    "schedule": [
        "arkansas",
        "arkansas-state",
        "alabama-birmingham",
        "michigan-state",
        "texas-christian",
        "texas-arlington",
        "clemson",
        "virginia-commonwealth",
        "maryland",
        "northern-iowa",
        "drake",
        "george-washington",
        "jackson-state",
        "alabama-am",
        "alabama-state",
        "texas-southern",
        "prairie-view",
        "florida-am"
    ],