{
    "CompRank": 297,
    "CompositeDef": 106.96265066472449,
    "CompositeOff": 95.40796341325202,
    "CompositePace": 69.05531723987092,
    "CompositeRating": -11.554687251472481,
    "HA": [
        "A",
        "A",
        "A",
        "A",
        "N",
        "N",
        "A",
        "A",
        "A",
        "A",
        "A",
        "A"
    ],
    "OAst": 190.0,
    "OAvgCompRat": 8.389116274224442,
    "OBlk": 56.0,
    "ODR": 284.0,
    "OFGA": 652.0,
    "OFGA3": 280.0,
    "OFGM": 305.0,
    "OFGM3": 88.0,
    "OFTA": 294.0,
    "OFTM": 201.0,
    "OOR": 123.0,
    "OPF": 199.0,
    "OScore": 899.0,
    "OStl": 64.0,
    "OTO": 166.0,
    "Oastr": 0.16705352746711682,
    "Ocomprank": 6,
    "Ocorrdastr": 0.13466358205114679,
    "Ocorrdeff": 91.59817522816799,
    "Ocorrdeffrank": 2,
    "Ocorrdefgp": 0.46549092955521815,
    "Ocorrdftr": 0.3239922662703292,
    "Ocorrdorbp": 0.264564877572073,
    "Ocorrdtovr": 0.17540769556493152,
    "Ocorroastr": 0.141319572441204,
    "Ocorroeff": 102.46503044888279,
    "Ocorroeffrank": 116,
    "Ocorroefgp": 0.4862672399632981,
    "Ocorroftr": 0.3218719536461478,
    "Ocorroorbp": 0.3106005904654758,
    "Ocorrotovr": 0.16128735018535392,
    "Oeff": 109.05429666650492,
    "Oefgp": 0.5352760736196319,
    "Oftr": 0.450920245398773,
    "Oneteff": 10.866855220714797,
    "Oneteffrank": 8,
    "Oorbp": 0.3514285714285714,
    "Oposs": 824.36,
    "Otovr": 0.17522377976693126,
    "SoR": 0.09991008125992407,
    "SoRrank": 208,
    "TAst": 103.0,
    "TBlk": 26.0,
    "TDR": 227.0,
    "TFGA": 718.0,
    "TFGA3": 203.0,
    "TFGM": 261.0,
    "TFGM3": 52.0,
    "TFTA": 219.0,
    "TFTM": 147.0,
    "TOR": 126.0,
    "TPF": 261.0,
    "TScore": 721.0,
    "TStl": 94.0,
    "TTO": 144.0,
    "Tastr": 0.09704530036933744,
    "Tcorrdastr": 0.16788090536394423,
    "Tcorrdastrrank": 325,
    "Tcorrdeff": 107.57420947707237,
    "Tcorrdeffrank": 290,
    "Tcorrdefgp": 0.5515516660316738,
    "Tcorrdefgprank": 323,
    "Tcorrdftr": 0.4402845689542166,
    "Tcorrdftrrank": 345,
    "Tcorrdorbp": 0.3053070452685313,
    "Tcorrdorbprank": 289,
    "Tcorrdtovr": 0.17691812458211875,
    "Tcorrdtovrrank": 87,
    "Tcorroastr": 0.1022759008959252,
    "Tcorroastrrank": 360,
    "Tcorroeff": 95.592905106677,
    "Tcorroeffrank": 276,
    "Tcorroefgp": 0.4303407119034427,
    "Tcorroefgprank": 352,
    "Tcorroftr": 0.2964902244670688,
    "Tcorroftrrank": 206,
    "Tcorroorbp": 0.31459500299437293,
    "Tcorroorbprank": 66,
    "Tcorrotovr": 0.13936126580060224,
    "Tcorrotovrrank": 40,
    "Teff": 86.62117353068383,
    "Tefgp": 0.3997214484679666,
    "Tftr": 0.3050139275766017,
    "Tneteff": -11.981304370395378,
    "Tneteffrank": 297,
    "Torbp": 0.3073170731707317,
    "Tposs": 832.36,
    "Ttovr": 0.15025668850953713,
    "closses": 0,
    "confplace": 1,
    "cwins": 0,
    "dates": [
        [
            11,
            7
        ],
        [
            11,
            12
        ],
        [
            11,
            15
        ],
        [
            11,
            22
        ],
        [
            11,
            23
        ],
        [
            11,
            25
        ],
        [
            11,
            27
        ],
        [
            11,
            29
        ],
        [
            12,
            4
        ],
        [
            12,
            10
        ],
        [
            12,
            18
        ],
        [
            12,
            20
        ]
    ],
    "geff": [
        [
            81.87464709203839,
            105.30871321407965
        ],
        [
            112.16859279401767,
            91.6988416988417
        ],
        [
            94.36542669584244,
            86.80555555555554
        ],
        [
            75.01229709788491,
            96.15384615384615
        ],
        [
            92.90072102052135,
            136.11111111111111
        ],
        [
            88.87614678899082,
            76.4006791171477
        ],
        [
            76.61748013620885,
            105.90858416945373
        ],
        [
            116.27906976744185,
            132.80212483399734
        ],
        [
            57.11022272986865,
            135.13513513513513
        ],
        [
            102.28640192539109,
            108.44079718640093
        ],
        [
            81.50646430578978,
            104.4689495066744
        ],
        [
            69.40253470126736,
            132.45033112582783
        ]
    ],
    "losses": 9,
    "nOT": [
        0,
        0,
        0,
        2,
        0,
        0,
        0,
        0,
        0,
        0,
        0,
        0
    ],
    "pace": 69.08341492609665,
    "poss": [
        [
            70.84,
            69.32
        ],
        [
            58.84,
            62.16
        ],
        [
            73.12,
            69.12
        ],
        [
            81.32,
            75.92
        ],
        [
            72.12,
            72.0
        ],
        [
            69.76,
            70.68
        ],
        [
            70.48,
            71.76
        ],
        [
            61.92,
            60.24
        ],
        [
            70.03999999999999,
            69.56
        ],
        [
            66.48,
            68.24000000000001
        ],
        [
            71.16,
            68.92
        ],
        [
            66.28,
            66.44
        ]
    ],
    "preseason_pace": 68.94431403502846,
    "preseason_pred": -9.869286287826464,
    "preseason_predd": 104.54661585051068,
    "preseason_predo": 94.6773295626842,
    "schedule": [
        "mississippi",
        "wichita-state",
        "stephen-f-austin",
        "texas-el-paso",
        "texas-am-corpus-christi",
        "cal-state-bakersfield",
        "arizona-state",
        "grand-canyon",
        "tennessee",
        "southern-illinois",
        "seattle",
        "dayton"
    ],
    "scores": [
        [
            58,
            73
        ],
        [
            66,
            57
        ],
        [
            69,
            60
        ],
        [
            61,
            73
        ],
        [
            67,
            98
        ],
        [
            62,
            54
        ],
        [
            54,
            76
        ],
        [
            72,
            80
        ],
        [
            40,
            94
        ],
        [
            68,
            74
        ],
        [
            58,
            72
        ],
        [
            46,
            88
        ]
    ],
    "wins": 3
}