{
    "CompRank": 308,
    "CompositeDef": 116.38321741701786,
    "CompositeOff": 103.22053075196119,
    "CompositePace": 67.98611304459759,
    "CompositeRating": -13.162686665056654,
    "HA": [
        "A",
        "A",
        "A",
        "A",
        "A",
        "A",
        "A",
        "A",
        "A",
        "A",
        "A",
        "A",
        "A",
        "A",
        "A",
        "H",
        "H",
        "A",
        "A",
        "H",
        "H",
        "A",
        "A"
    ],
    "OAst": 393.0,
    "OAvgCompRat": 0.8439884383799842,
    "OBlk": 103.0,
    "ODR": 522.0,
    "OFGA": 1320.0,
    "OFGA3": 641.0,
    "OFGM": 622.0,
    "OFGM3": 245.0,
    "OFTA": 483.0,
    "OFTM": 350.0,
    "OOR": 225.0,
    "OPF": 383.0,
    "OScore": 1839.0,
    "OStl": 149.0,
    "OTO": 273.0,
    "Oastr": 0.1787566180885323,
    "Ocomprank": 131,
    "Ocorrdastr": 0.14393460521982404,
    "Ocorrdeff": 103.03140626987806,
    "Ocorrdeffrank": 97,
    "Ocorrdefgp": 0.5070954095983766,
    "Ocorrdftr": 0.3634683954890497,
    "Ocorrdorbp": 0.28817959925291997,
    "Ocorrdtovr": 0.15585167747349982,
    "Ocorroastr": 0.13578773735045804,
    "Ocorroeff": 104.58623618021936,
    "Ocorroeffrank": 183,
    "Ocorroefgp": 0.48781752120302024,
    "Ocorroftr": 0.3498144084133076,
    "Ocorroorbp": 0.274667123380905,
    "Ocorrotovr": 0.14950355951596578,
    "Oeff": 116.35411130514008,
    "Oefgp": 0.5640151515151515,
    "Oftr": 0.3659090909090909,
    "Oneteff": 1.5548299103412972,
    "Oneteffrank": 121,
    "Oorbp": 0.3112033195020747,
    "Oposs": 1580.52,
    "Otovr": 0.15120297753555761,
    "SoR": 0.0,
    "SoRrank": 153,
    "TAst": 248.0,
    "TBlk": 39.0,
    "TDR": 498.0,
    "TFGA": 1334.0,
    "TFGA3": 339.0,
    "TFGM": 577.0,
    "TFGM3": 115.0,
    "TFTA": 477.0,
    "TFTM": 330.0,
    "TOR": 224.0,
    "TPF": 400.0,
    "TScore": 1599.0,
    "TStl": 170.0,
    "TTO": 254.0,
    "Tastr": 0.1212192308444288,
    "Tcorrdastr": 0.18729394286295506,
    "Tcorrdastrrank": 360,
    "Tcorrdeff": 116.56254569146952,
    "Tcorrdeffrank": 352,
    "Tcorrdefgp": 0.5829182942944671,
    "Tcorrdefgprank": 362,
    "Tcorrdftr": 0.3467033246573175,
    "Tcorrdftrrank": 228,
    "Tcorrdorbp": 0.3150041138393197,
    "Tcorrdorbprank": 311,
    "Tcorrdtovr": 0.15023497264623104,
    "Tcorrdtovrrank": 154,
    "Tcorroastr": 0.11991736093123803,
    "Tcorroastrrank": 314,
    "Tcorroeff": 103.31440339361059,
    "Tcorroeffrank": 206,
    "Tcorroefgp": 0.4730332163409339,
    "Tcorroefgprank": 277,
    "Tcorroftr": 0.3270699572692443,
    "Tcorroftrrank": 183,
    "Tcorroorbp": 0.2903927337937739,
    "Tcorroorbprank": 135,
    "Tcorrotovr": 0.1346584722228875,
    "Tcorrotovrrank": 87,
    "Teff": 101.59605560779728,
    "Tefgp": 0.47563718140929534,
    "Tftr": 0.3575712143928036,
    "Tneteff": -13.248142297858934,
    "Tneteffrank": 307,
    "Torbp": 0.3002680965147453,
    "Tposs": 1573.88,
    "Ttovr": 0.14127750461654837,
    "closses": 5,
    "confplace": 5,
    "cwins": 6,
    "dates": [
        [
            11,
            6
        ],
        [
            11,
            14
        ],
        [
            11,
            16
        ],
        [
            11,
            19
        ],
        [
            11,
            21
        ],
        [
            11,
            22
        ],
        [
            11,
            24
        ],
        [
            12,
            10
        ],
        [
            12,
            12
        ],
        [
            12,
            17
        ],
        [
            12,
            19
        ],
        [
            12,
            21
        ],
        [
            1,
            6
        ],
        [
            1,
            11
        ],
        [
            1,
            13
        ],
        [
            1,
            20
        ],
        [
            1,
            22
        ],
        [
            1,
            27
        ],
        [
            1,
            29
        ],
        [
            2,
            3
        ],
        [
            2,
            5
        ],
        [
            2,
            10
        ],
        [
            2,
            12
        ]
    ],
    "geff": [
        [
            81.44671452236334,
            130.47138047138046
        ],
        [
            128.4348864994026,
            139.89927252378286
        ],
        [
            91.75405147759771,
            104.8218029350105
        ],
        [
            71.22093023255815,
            122.28260869565219
        ],
        [
            92.36145781328007,
            117.48357756442648
        ],
        [
            104.9908703590992,
            130.99041533546327
        ],
        [
            104.16666666666666,
            121.75324675324676
        ],
        [
            87.40204942736588,
            126.99350265800355
        ],
        [
            88.99233296823658,
            146.64804469273744
        ],
        [
            117.68082663605051,
            138.42746400885937
        ],
        [
            69.02610441767068,
            117.10794297352342
        ],
        [
            106.35280771412366,
            114.29398148148148
        ],
        [
            114.09013120365087,
            129.79351032448378
        ],
        [
            113.42734518700185,
            109.16359163591638
        ],
        [
            84.18043202033037,
            88.31085420680796
        ],
        [
            94.77936606587943,
            105.14018691588784
        ],
        [
            138.0368098159509,
            114.50381679389312
        ],
        [
            120.32932235592148,
            105.34591194968553
        ],
        [
            108.22510822510822,
            102.13414634146342
        ],
        [
            108.29207920792079,
            110.9375
        ],
        [
            109.19165580182529,
            132.1138211382114
        ],
        [
            100.65127294256956,
            80.22922636103152
        ],
        [
            117.80104712041884,
            82.68190018039687
        ]
    ],
    "losses": 17,
    "nOT": [
        0,
        0,
        0,
        0,
        0,
        0,
        0,
        0,
        0,
        0,
        0,
        0,
        0,
        0,
        0,
        0,
        0,
        0,
        0,
        0,
        0,
        0,
        0
    ],
    "pace": 67.98492469217831,
    "poss": [
        [
            72.44,
            71.28
        ],
        [
            66.96000000000001,
            71.48
        ],
        [
            83.92,
            76.32
        ],
        [
            68.8,
            66.24
        ],
        [
            80.12,
            79.16
        ],
        [
            65.72,
            62.599999999999994
        ],
        [
            66.24000000000001,
            73.92
        ],
        [
            66.36,
            67.72
        ],
        [
            73.04,
            71.6
        ],
        [
            69.68,
            72.24
        ],
        [
            79.68,
            78.56
        ],
        [
            70.52,
            69.12
        ],
        [
            70.12,
            67.8
        ],
        [
            65.24,
            65.03999999999999
        ],
        [
            62.96,
            62.28
        ],
        [
            64.36,
            68.48
        ],
        [
            65.2,
            68.12
        ],
        [
            63.16,
            63.6
        ],
        [
            64.68,
            65.6
        ],
        [
            64.64,
            64.0
        ],
        [
            61.36,
            59.04
        ],
        [
            67.56,
            69.8
        ],
        [
            61.120000000000005,
            66.52000000000001
        ]
    ],
    "preseason_pace": 68.04092084846803,
    "preseason_pred": -9.221401667188156,