{
    "CompRank": 258,
    "CompositeDef": 108.67272586772978,
    "CompositeOff": 99.73161855099977,
    "CompositePace": 67.72122419840292,
    "CompositeRating": -8.94110731673002,
    "HA": [
        "H",
        "A",
        "A",
        "H",
        "A",
        "A"
    ],
    "OAst": 98.0,
    "OAvgCompRat": -4.800196830312919,
    "OBlk": 24.0,
    "ODR": 162.0,
    "OFGA": 420.0,
    "OFGA3": 169.0,
    "OFGM": 184.0,
    "OFGM3": 54.0,
    "OFTA": 102.0,
    "OFTM": 78.0,
    "OOR": 67.0,
    "OPF": 107.0,
    "OScore": 500.0,
    "OStl": 45.0,
    "OTO": 56.0,
    "Oastr": 0.15835056876938985,
    "Ocomprank": 311,
    "Ocorrdastr": 0.14671494518289988,
    "Ocorrdeff": 106.7752306690475,
    "Ocorrdeffrank": 273,
    "Ocorrdefgp": 0.5260604653153805,
    "Ocorrdftr": 0.35855023084588405,
    "Ocorrdorbp": 0.314390029746233,
    "Ocorrdtovr": 0.15730654495833932,
    "Ocorroastr": 0.14562531411707078,
    "Ocorroeff": 104.95379993994271,
    "Ocorroeffrank": 155,
    "Ocorroefgp": 0.5080654205356415,
    "Ocorroftr": 0.31835534819453093,
    "Ocorroorbp": 0.2579253547817482,
    "Ocorrotovr": 0.15372651659153178,
    "Oeff": 110.16127610822244,
    "Oefgp": 0.5023809523809524,
    "Oftr": 0.24285714285714285,
    "Oneteff": -1.8214307291047902,
    "Oneteffrank": 236,
    "Oorbp": 0.30454545454545456,
    "Oposs": 453.88,
    "Otovr": 0.10751036707111043,
    "SoR": 0.14979777412856832,
    "SoRrank": 195,
    "TAst": 95.0,
    "TBlk": 14.0,
    "TDR": 153.0,
    "TFGA": 395.0,
    "TFGA3": 156.0,
    "TFGM": 173.0,
    "TFGM3": 52.0,
    "TFTA": 116.0,
    "TFTM": 81.0,
    "TOR": 54.0,
    "TPF": 96.0,
    "TScore": 479.0,
    "TStl": 31.0,
    "TTO": 61.0,
    "Tastr": 0.15779682413128696,
    "Tcorrdastr": 0.1565451202786569,
    "Tcorrdastrrank": 258,
    "Tcorrdeff": 109.57340563971883,
    "Tcorrdeffrank": 266,
    "Tcorrdefgp": 0.49853680506330994,
    "Tcorrdefgprank": 156,
    "Tcorrdftr": 0.2605095627785324,
    "Tcorrdftrrank": 53,
    "Tcorrdorbp": 0.3326915873123894,
    "Tcorrdorbprank": 319,
    "Tcorrdtovr": 0.10477959283919178,
    "Tcorrdtovrrank": 354,
    "Tcorroastr": 0.15487249618145324,
    "Tcorroastrrank": 124,
    "Tcorroeff": 103.42498320439573,
    "Tcorroeffrank": 182,
    "Tcorroefgp": 0.4831328165820673,
    "Tcorroefgprank": 230,
    "Tcorroftr": 0.28062943104596216,
    "Tcorroftrrank": 291,
    "Tcorroorbp": 0.22447278830527728,
    "Tcorroorbprank": 306,
    "Tcorrotovr": 0.11451458751183549,
    "Tcorrotovrrank": 20,
    "Teff": 105.7301783506975,
    "Tefgp": 0.5037974683544304,
    "Tftr": 0.2936708860759494,
    "Tneteff": -6.1484224353230985,
    "Tneteffrank": 225,
    "Torbp": 0.25,
    "Tposs": 453.04,
    "Ttovr": 0.12030609024929,
    "closses": 0,
    "confplace": 1,
    "cwins": 0,
    "dates": [
        [
            11,
            4
        ],
        [
            11,
            8
        ],
        [
            11,
            15
        ],
        [
            11,
            20
        ],
        [
            11,
            22
        ],
        [
            12,
            3
        ]
    ],
    "geff": [
        [
            99.52465834818777,
            83.0518018018018
        ],
        [
            80.60033351862147,
            137.13658804168952
        ],
        [
            122.15435868961687,
            126.52947719688542
        ],
        [
            113.14655172413794,
            98.98190045248869
        ],
        [
            111.7081447963801,
            111.54489682097044
        ],
        [
            106.44894584539065,
            104.64629552113855
        ]
    ],
    "losses": 3,
    "nOT": [
        0,
        0,
        1,
        0,
        0,
        3
    ],
    "pace": 69.64732978732482,
    "poss": [
        [
            67.32,
            71.04
        ],
        [
            71.96,
            72.92
        ],
        [
            72.04,
            71.92
        ],
        [
            74.24,
            70.72
        ],
        [
            70.72,
            71.72
        ],
        [
            96.76,
            95.56
        ]
    ],
    "preseason_pace": 65.81889769082574,
    "preseason_pred": -11.69931460700846,
    "preseason_predd": 107.78316559909862,
    "preseason_predo": 96.08385099209016,
    "schedule": [
        "albany-ny",
        "duke",
        "marist",
        "fairleigh-dickinson",
        "manhattan",
        "le-moyne"
    ],
    "scores": [
        [
            67,
            59
        ],
        [
            58,
            100
        ],
        [
            88,
            91
        ],
        [
            84,
            70
        ],
        [
            79,
            80
        ],
        [
            103,
            100
        ]
    ],
    "wins": 3
}