{
    "CompRank": 320,
    "CompositeDef": 106.52901557274576,
    "CompositeOff": 91.16334634739437,
    "CompositePace": 64.08946556030553,
    "CompositeRating": -15.365669225351382,
    "HA": [
        "H",
        "A",
        "A",
        "H",
        "A",
        "A",
        "H",
        "H",
        "A",
        "H",
        "A",
        "A",
        "H",
        "H",
        "A",
        "H",
        "A",
        "A",
        "H",
        "A",
        "H",
        "A",
        "H",
        "H"
    ],
    "OAst": 302.0,
    "OAvgCompRat": -7.736981670385794,
    "OBlk": 73.0,
    "ODR": 591.0,
    "OFGA": 1280.0,
    "OFGA3": 493.0,
    "OFGM": 550.0,
    "OFGM3": 155.0,
    "OFTA": 423.0,
    "OFTM": 297.0,
    "OOR": 176.0,
    "OPF": 341.0,
    "OScore": 1552.0,
    "OStl": 169.0,
    "OTO": 255.0,
    "Oastr": 0.14927438807386612,
    "Ocomprank": 361,
    "Ocorrdastr": 0.15061966533549065,
    "Ocorrdeff": 108.35171891454877,
    "Ocorrdeffrank": 345,
    "Ocorrdefgp": 0.5252442521554382,
    "Ocorrdftr": 0.34032683233985267,
    "Ocorrdorbp": 0.2848272744187716,
    "Ocorrdtovr": 0.14145312210108898,
    "Ocorroastr": 0.14020653500045518,
    "Ocorroeff": 98.9286859113255,
    "Ocorroeffrank": 356,
    "Ocorroefgp": 0.4797815288822018,
    "Ocorroftr": 0.29762846656958736,
    "Ocorroorbp": 0.24923894355323864,
    "Ocorrotovr": 0.15572273887357538,
    "Oeff": 100.44527285906597,
    "Oefgp": 0.490234375,
    "Oftr": 0.33046875,
    "Oneteff": -9.423033003223267,
    "Oneteffrank": 359,
    "Oorbp": 0.2391304347826087,
    "Oposs": 1545.12,
    "Otovr": 0.14815933810541973,
    "SoR": 0.0,
    "SoRrank": 153,
    "TAst": 296.0,
    "TBlk": 91.0,
    "TDR": 560.0,
    "TFGA": 1323.0,
    "TFGA3": 599.0,
    "TFGM": 530.0,
    "TFGM3": 192.0,
    "TFTA": 340.0,
    "TFTM": 205.0,
    "TOR": 211.0,
    "TPF": 311.0,
    "TScore": 1457.0,
    "TStl": 138.0,
    "TTO": 287.0,
    "Tastr": 0.14399688655380424,
    "Tcorrdastr": 0.15154929403686643,
    "Tcorrdastrrank": 262,
    "Tcorrdeff": 106.43347855649088,
    "Tcorrdeffrank": 204,
    "Tcorrdefgp": 0.515365008809542,
    "Tcorrdefgprank": 210,
    "Tcorrdftr": 0.3681876009829863,
    "Tcorrdftrrank": 274,
    "Tcorrdorbp": 0.2669044354571059,
    "Tcorrdorbprank": 142,
    "Tcorrdtovr": 0.1413565918793014,
    "Tcorrdtovrrank": 226,
    "Tcorroastr": 0.13619306797167388,
    "Tcorroastrrank": 205,
    "Tcorroeff": 91.02207157511496,
    "Tcorroeffrank": 346,
    "Tcorroefgp": 0.4544980663135535,
    "Tcorroefgprank": 324,
    "Tcorroftr": 0.2511507254490046,
    "Tcorroftrrank": 348,
    "Tcorroorbp": 0.2575739077886928,
    "Tcorroorbprank": 240,
    "Tcorrotovr": 0.1713232854677982,
    "Tcorrotovrrank": 326,
    "Teff": 94.08497998191916,
    "Tefgp": 0.47316704459561604,
    "Tftr": 0.25699168556311414,
    "Tneteff": -15.411406981375919,
    "Tneteffrank": 320,
    "Torbp": 0.2630922693266833,
    "Tposs": 1548.6,
    "Ttovr": 0.16310525119345307,
    "closses": 8,
    "confplace": 6,
    "cwins": 5,
    "dates": [
        [
            11,
            6
        ],
        [
            11,
            9
        ],
        [
            11,
            12
        ],
        [
            11,
            17
        ],
        [
            11,
            21
        ],
        [
            11,
            25
        ],
        [
            11,
            29
        ],
        [
            12,
            5
        ],
        [
            12,
            8
        ],
        [
            12,
            17
        ],
        [
            12,
            21
        ],
        [
            1,
            3
        ],
        [
            1,
            6
        ],
        [
            1,
            10
        ],
        [
            1,
            13
        ],
        [
            1,
            17
        ],
        [
            1,
            20
        ],
        [
            1,
            24
        ],
        [
            1,
            27
        ],
        [
            1,
            31
        ],
        [
            2,
            3
        ],
        [
            2,
            7
        ],
        [
            2,
            10
        ],
        [
            2,
            14
        ]
    ],
    "geff": [
        [
            82.63221153846153,
            107.70631067961165
        ],
        [
            64.6298472385429,
            90.88010204081633
        ],
        [
            97.0285021224985,
            111.31725417439702
        ],
        [
            86.053412462908,
            101.82370820668693
        ],
        [
            91.50124069478908,
            96.63341645885288
        ],
        [
            89.33263268523383,
            108.94828588030215
        ],
        [
            81.15849777211966,
            131.05507631055076
        ],
        [
            99.41520467836257,
            73.23377369327973
        ],
        [
            99.93753903810118,
            107.16472749540723
        ],
        [
            103.64145658263304,
            105.86319218241042
        ],
        [
            97.7047146401985,
            81.48831488314882
        ],
        [
            84.35032304379038,
            93.86281588447653
        ],
        [
            115.74074074074073,
            88.84039900249377
        ],
        [
            114.75988700564972,
            127.51436781609195
        ],
        [
            97.27626459143968,
            122.89981331673927
        ],
        [
            83.38296605122098,
            99.44064636420137
        ],
        [
            88.09840425531915,
            93.81171823568137
        ],
        [
            112.45110821382008,
            93.41355288157062
        ],
        [
            91.56311314584697,
            105.97302504816956
        ],
        [
            87.80332056194125,
            117.31135066582118
        ],
        [
            87.44534665833855,
            102.43277848911652
        ],
        [
            104.67980295566501,
            87.8003696857671
        ],
        [
            100.29069767441861,
            90.83514099783079
        ],
        [
            101.49906308557154,
            77.25587144622992
        ]
    ],
    "losses": 17,
    "nOT": [
        0,
        0,
        0,
        0,
        0,
        0,
        0,
        0,
        0,
        1,
        0,
        0,
        0,
        0,
        0,
        0,
        0,
        0,
        0,
        0,
        1,
        0,
        1,
        0
    ],
    "pace": 64.01892235476961,