{
    "CompRank": 56,
    "CompositeDef": 103.98027049840583,
    "CompositeOff": 118.84097766710451,
    "CompositePace": 68.46930930955085,
    "CompositeRating": 14.860707168698678,
    "HA": [
        "A",
        "H",
        "H",
        "H",
        "H",
        "H",
        "H",
        "H",
        "A",
        "A",
        "H",
        "H",
        "N",
        "H",
        "A",
        "A"
    ],
    "OAst": 213.0,
    "OAvgCompRat": -1.2405638013604983,
    "OBlk": 51.0,
    "ODR": 319.0,
    "OFGA": 921.0,
    "OFGA3": 418.0,
    "OFGM": 385.0,
    "OFGM3": 152.0,
    "OFTA": 309.0,
    "OFTM": 225.0,
    "OOR": 149.0,
    "OPF": 235.0,
    "OScore": 1147.0,
    "OStl": 98.0,
    "OTO": 194.0,
    "Oastr": 0.14549577857318505,
    "Ocomprank": 211,
    "Ocorrdastr": 0.14788874927337847,
    "Ocorrdeff": 108.64420042648483,
    "Ocorrdeffrank": 205,
    "Ocorrdefgp": 0.5057149503954468,
    "Ocorrdftr": 0.3697762406028233,
    "Ocorrdorbp": 0.307909170465503,
    "Ocorrdtovr": 0.14672021544428093,
    "Ocorroastr": 0.1430437161390972,
    "Ocorroeff": 107.92260757930157,
    "Ocorroeffrank": 213,
    "Ocorroefgp": 0.5070208198236285,
    "Ocorroftr": 0.37908051423200584,
    "Ocorroorbp": 0.3178575582388834,
    "Ocorrotovr": 0.1477915789521653,
    "Oeff": 104.08726269556064,
    "Oefgp": 0.500542888165038,
    "Oftr": 0.3355048859934853,
    "Oneteff": -0.7215928471832598,
    "Oneteffrank": 211,
    "Oorbp": 0.2754158964879852,
    "Oposs": 1101.96,
    "Otovr": 0.1550808978704355,
    "SoR": 53.329153806451366,
    "SoRrank": 39,
    "TAst": 249.0,
    "TBlk": 54.0,
    "TDR": 392.0,
    "TFGA": 918.0,
    "TFGA3": 342.0,
    "TFGM": 471.0,
    "TFGM3": 123.0,
    "TFTA": 365.0,
    "TFTM": 242.0,
    "TOR": 181.0,
    "TPF": 266.0,
    "TScore": 1307.0,
    "TStl": 122.0,
    "TTO": 202.0,
    "Tastr": 0.1627876569037657,
    "Tcorrdastr": 0.14997432128344815,
    "Tcorrdastrrank": 207,
    "Tcorrdeff": 104.43942694592523,
    "Tcorrdeffrank": 106,
    "Tcorrdefgp": 0.5056073694164929,
    "Tcorrdefgprank": 154,
    "Tcorrdftr": 0.3173965002339107,
    "Tcorrdftrrank": 90,
    "Tcorrdorbp": 0.2639426876958484,
    "Tcorrdorbprank": 55,
    "Tcorrdtovr": 0.15716081443429156,
    "Tcorrdtovrrank": 122,
    "Tcorroastr": 0.16249857226463132,
    "Tcorroastrrank": 85,
    "Tcorroeff": 118.55945386322767,
    "Tcorroeffrank": 59,
    "Tcorroefgp": 0.5880850486149302,
    "Tcorroefgprank": 19,
    "Tcorroftr": 0.3867779355941652,
    "Tcorroftrrank": 113,
    "Tcorroorbp": 0.3591101161090844,
    "Tcorroorbprank": 53,
    "Tcorrotovr": 0.16084963122918336,
    "Tcorrotovrrank": 259,
    "Teff": 118.86140414696254,
    "Tefgp": 0.5800653594771242,
    "Tftr": 0.39760348583877997,
    "Tneteff": 14.12002691730244,
    "Tneteffrank": 63,
    "Torbp": 0.362,
    "Tposs": 1099.6,
    "Ttovr": 0.15773856004997658,
    "closses": 1,
    "confplace": 4,
    "cwins": 2,
    "dates": [
        [
            11,
            3
        ],
        [
            11,
            7
        ],
        [
            11,
            9
        ],
        [
            11,
            12
        ],
        [
            11,
            17
        ],
        [
            11,
            20
        ],
        [
            11,
            25
        ],
        [
            11,
            28
        ],
        [
            12,
            2
        ],
        [
            12,
            7
        ],
        [
            12,
            11
        ],
        [
            12,
            14
        ],
        [
            12,
            22
        ],
        [
            1,
            3
        ],
        [
            1,
            7
        ],
        [
            1,
            10
        ]
    ],
    "geff": [
        [
            123.52610892756879,
            90.49162614802809
        ],
        [
            113.17395727365208,
            104.68594217347957
        ],
        [
            142.4731182795699,
            90.9090909090909
        ],
        [
            130.09404388714734,
            99.2063492063492
        ],
        [
            121.33333333333333,
            93.54177344951306
        ],
        [
            137.46630727762803,
            94.13067552602438
        ],
        [
            143.6950146627566,
            94.4476244991414
        ],
        [
            121.60633484162896,
            84.47880870561282
        ],
        [
            104.41176470588235,
            111.89634864546525
        ],
        [
            93.39975093399752,
            122.24938875305624
        ],
        [
            137.00838168923275,
            125.65274151436032
        ],
        [
            120.87264150943396,
            91.96811771919067
        ],
        [
            79.20792079207921,
            144.9044585987261
        ],
        [
            113.09523809523809,
            110.77844311377245
        ],
        [
            107.4793875147232,
            102.16346153846153
        ],
        [
            105.2471018913972,
            114.52682338758288
        ]
    ],
    "losses": 4,
    "nOT": [
        0,
        0,
        0,
        0,
        0,
        0,
        0,
        0,
        0,
        0,
        0,
        0,
        0,
        0,
        0,
        0
    ],
    "pace": 68.45585938695406,
    "poss": [
        [
            71.24,
            74.04
        ],
        [
            78.64,
            80.24
        ],
        [
            74.4,
            74.8
        ],
        [
            63.8,
            60.480000000000004
        ],
        [
            75.0,
            78.04
        ],
        [
            74.2,
            72.24
        ],
        [
            68.2,
            69.88
        ],
        [
            70.72,
            69.84
        ],
        [
            68.0,
            67.92
        ],
        [
            64.24,
            65.44
        ],
        [
            62.04,
            61.28
        ],
        [
            67.84,
            65.24000000000001
        ],
        [
            60.6,
            62.8
        ],
        [
            67.2,
            66.8
        ],
        [
            67.92,
            66.56
        ],
        [
            65.56,
            66.36
        ]
    ],
    "preseason_pace": 68.5750542313005,
    "preseason_pred": 20.68402508460032,
    "preseason_predd": 100.37032685268126,
    "preseason_predo": 121.05435193728158,
    "schedule": [
        "howard",
        "southeast-missouri-state",
        "virginia-military-institute",
        "minnesota",
        "prairie-view",
        "south-dakota",
        "south-carolina-state",
        "cleveland-state",
        "notre-dame",
        "kansas",
        "alabama-state",
        "bethune-cookman",
        "illinois",
        "florida",
        "kentucky",
        "mississippi"
    ],
    "scores": [
        [
            88,
            67
        ],
        [
            89,
            84
        ],
        [
            106,
            68
        ],
        [
            83,
            60
        ],
        [
            91,
            73
        ],
        [
            102,
            68
        ],
        [
            98,
            66
        ],
        [
            86,
            59
        ],
        [
            71,
            76
        ],
        [
            60,
            80
        ],
        [
            85,
            77
        ],
        [
            82,
            60
        ],
        [
            48,
            91
        ],
        [
            76,
            74
        ],
        [
            73,
            68
        ],
        [
            69,
            76
        ]
    ],
    "wins": 12
}