{
    "CompRank": 191,
    "CompositeDef": 103.57004323528284,
    "CompositeOff": 101.15021913257799,
    "CompositePace": 69.32059670388222,
    "CompositeRating": -2.4198241027048493,
    "HA": [
        "A",
        "H",
        "N",
        "N",
        "N",
        "A",
        "H",
        "A",
        "H",
        "H",
        "N",
        "H",
        "A",
        "A",
        "H"
    ],
    "OAst": 194.0,
    "OAvgCompRat": -1.690556306110035,
    "OBlk": 60.0,
    "ODR": 378.0,
    "OFGA": 786.0,
    "OFGA3": 330.0,
    "OFGM": 350.0,
    "OFGM3": 116.0,
    "OFTA": 351.0,
    "OFTM": 250.0,
    "OOR": 130.0,
    "OPF": 230.0,
    "OScore": 1066.0,
    "OStl": 87.0,
    "OTO": 227.0,
    "Oastr": 0.14249618051474908,
    "Ocomprank": 258,
    "Ocorrdastr": 0.14357077394451565,
    "Ocorrdeff": 104.9355424298128,
    "Ocorrdeffrank": 260,
    "Ocorrdefgp": 0.5105438789857583,
    "Ocorrdftr": 0.33759598981909605,
    "Ocorrdorbp": 0.2853588442882392,
    "Ocorrdtovr": 0.1494879082864097,
    "Ocorroastr": 0.14109851146340974,
    "Ocorroeff": 102.88743221421133,
    "Ocorroeffrank": 250,
    "Ocorroefgp": 0.49829582081227564,
    "Ocorroftr": 0.3226959084537297,
    "Ocorroorbp": 0.27729726216343475,
    "Ocorrotovr": 0.1561605621178714,
    "Oeff": 102.75293028994447,
    "Oefgp": 0.5190839694656488,
    "Oftr": 0.44656488549618323,
    "Oneteff": -2.0481102156014686,
    "Oneteffrank": 263,
    "Oorbp": 0.2914798206278027,
    "Oposs": 1037.44,
    "Otovr": 0.19444254094428834,
    "SoR": 0.0,
    "SoRrank": 196,
    "TAst": 204.0,
    "TBlk": 46.0,
    "TDR": 316.0,
    "TFGA": 893.0,
    "TFGA3": 350.0,
    "TFGM": 379.0,
    "TFGM3": 120.0,
    "TFTA": 280.0,
    "TFTM": 182.0,
    "TOR": 138.0,
    "TPF": 304.0,
    "TScore": 1060.0,
    "TStl": 147.0,
    "TTO": 163.0,
    "Tastr": 0.1474840948525159,
    "Tcorrdastr": 0.1431495087393881,
    "Tcorrdastrrank": 193,
    "Tcorrdeff": 103.70646482521974,
    "Tcorrdeffrank": 172,
    "Tcorrdefgp": 0.5228286335223049,
    "Tcorrdefgprank": 247,
    "Tcorrdftr": 0.45825526044688614,
    "Tcorrdftrrank": 350,
    "Tcorrdorbp": 0.29169422461157873,
    "Tcorrdorbprank": 230,
    "Tcorrdtovr": 0.18714074627587937,
    "Tcorrdtovrrank": 19,
    "Tcorroastr": 0.14576893393960846,
    "Tcorroastrrank": 141,
    "Tcorroeff": 100.75376200268794,
    "Tcorroeffrank": 230,
    "Tcorroefgp": 0.48348738005668773,
    "Tcorroefgprank": 240,
    "Tcorroftr": 0.30856549146391266,
    "Tcorroftrrank": 227,
    "Tcorroorbp": 0.26072739550536106,
    "Tcorroorbprank": 230,
    "Tcorrotovr": 0.13894549940372877,
    "Tcorrotovrrank": 115,
    "Teff": 101.80560891279292,
    "Tefgp": 0.4916013437849944,
    "Tftr": 0.3135498320268757,
    "Tneteff": -2.952702822531805,
    "Tneteffrank": 205,
    "Torbp": 0.26744186046511625,
    "Tposs": 1041.2,
    "Ttovr": 0.1382293080054274,
    "closses": 3,
    "confplace": 9,
    "cwins": 1,
    "dates": [
        [
            11,
            6
        ],
        [
            11,
            10
        ],
        [
            11,
            20
        ],
        [
            11,
            21
        ],
        [
            11,
            22
        ],
        [
            11,
            26
        ],
        [
            11,
            29
        ],
        [
            12,
            1
        ],
        [
            12,
            6
        ],
        [
            12,
            10
        ],
        [
            12,
            16
        ],
        [
            12,
            21
        ],
        [
            12,
            30
        ],
        [
            1,
            5
        ],
        [
            1,
            7
        ]
    ],
    "geff": [
        [
            93.85201305767139,
            97.52747252747253
        ],
        [
            124.71655328798185,
            110.23407729994555
        ],
        [
            95.45199326221224,
            120.23460410557185
        ],
        [
            96.3000506842372,
            101.01010101010101
        ],
        [
            125.6352343308865,
            94.39528023598821
        ],
        [
            92.54218835057158,
            122.97453703703702
        ],
        [
            91.37635636778984,
            97.8698906160046
        ],
        [
            120.37037037037038,
            94.1540191118606
        ],
        [
            91.34615384615385,
            100.25873221216041
        ],
        [
            89.70588235294117,
            79.92895204262877
        ],
        [
            83.91203703703704,
            121.06184364060677
        ],
        [
            131.57894736842107,
            100.4947433518862
        ],
        [
            103.97830018083182,
            89.55223880597015
        ],
        [
            82.41758241758242,
            100.0
        ],
        [
            107.10093896713616,
            111.01243339253996
        ]
    ],
    "losses": 9,
    "nOT": [
        0,
        0,
        0,
        0,
        0,
        0,
        0,
        0,
        0,
        0,
        0,
        0,
        0,
        0,
        0
    ],
    "pace": 69.38317737627199,
    "poss": [
        [
            73.52,
            72.8
        ],
        [
            70.56,
            73.48
        ],
        [
            71.24,
            68.2
        ],
        [
            78.92,
            79.2
        ],
        [
            70.84,
            67.8
        ],
        [
            73.48,
            69.12
        ],
        [
            70.03999999999999,
            69.48
        ],
        [
            64.8,
            71.16
        ],
        [
            62.4,
            61.84
        ],
        [
            68.0,
            67.56
        ],
        [
            69.12,
            68.56
        ],
        [
            64.6,
            64.68
        ],
        [
            66.36,
            67.0
        ],
        [
            69.16,
            69.0
        ],
        [
            68.16,
            67.56
        ]
    ],
    "preseason_pace": 68.92868524304129,
    "preseason_pred": 0.917328880211457,
    "preseason_predd": 102.71570302830298,
    "preseason_predo": 103.63303190851444,
    "schedule": [
        "college-of-charleston",
        "sacred-heart",
        "high-point",
        "long-beach-state",
        "buffalo",
        "colorado",
        "marist",
        "fairfield",
        "hofstra",
        "saint-francis-pa",
        "saint-josephs",
        "colgate",
        "harvard",
        "saint-peters",
        "niagara"
    ],
    "scores": [
        [
            69,
            71
        ],
        [
            88,
            81
        ],
        [
            68,
            82
        ],
        [
            76,
            80
        ],
        [
            89,
            64
        ],
        [
            68,
            85
        ],
        [
            64,
            68
        ],
        [
            78,
            67
        ],
        [
            57,
            62
        ],
        [
            61,
            54
        ],
        [
            58,
            83
        ],
        [
            85,
            65
        ],
        [
            69,
            60
        ],
        [
            57,
            69
        ],
        [
            73,
            75
        ]
    ],
    "wins": 6
}