{
    "CompRank": 81,
    "CompositeDef": 96.90475014209377,
    "CompositeOff": 107.07179626850883,
    "CompositePace": 69.8854996641333,
    "CompositeRating": 10.16704612641506,
    "HA": [
        "H",
        "A",
        "N",
        "N",
        "H",
        "H",
        "H",
        "N",
        "N",
        "A",
        "N",
        "N",
        "N",
        "H",
        "A",
        "A",
        "H",
        "H",
        "A",
        "A",
        "H",
        "H"
    ],
    "OAst": 278.0,
    "OAvgCompRat": -1.4721430122307524,
    "OBlk": 69.0,
    "ODR": 519.0,
    "OFGA": 1267.0,
    "OFGA3": 428.0,
    "OFGM": 521.0,
    "OFGM3": 127.0,
    "OFTA": 432.0,
    "OFTM": 305.0,
    "OOR": 205.0,
    "OPF": 349.0,
    "OScore": 1474.0,
    "OStl": 116.0,
    "OTO": 291.0,
    "Oastr": 0.13721077153912975,
    "Ocomprank": 226,
    "Ocorrdastr": 0.1381510426935021,
    "Ocorrdeff": 102.6638576298489,
    "Ocorrdeffrank": 186,
    "Ocorrdefgp": 0.4974517306552693,
    "Ocorrdftr": 0.3319841865787099,
    "Ocorrdorbp": 0.2627718344271685,
    "Ocorrdtovr": 0.14663409820647033,
    "Ocorroastr": 0.1434922915471316,
    "Ocorroeff": 100.92953942056539,
    "Ocorroeffrank": 254,
    "Ocorroefgp": 0.49811465760396056,
    "Ocorroftr": 0.2926676290364549,
    "Ocorroorbp": 0.27129679094994946,
    "Ocorrotovr": 0.15811872496494378,
    "Oeff": 95.52323923581409,
    "Oefgp": 0.4613259668508287,
    "Oftr": 0.3409629044988161,
    "Oneteff": -1.734318209283515,
    "Oneteffrank": 231,
    "Oorbp": 0.2843273231622746,
    "Oposs": 1543.08,
    "Otovr": 0.16646835385108233,
    "SoR": 2.301331093720016,
    "SoRrank": 105,
    "TAst": 332.0,
    "TBlk": 140.0,
    "TDR": 516.0,
    "TFGA": 1382.0,
    "TFGA3": 436.0,
    "TFGM": 625.0,
    "TFGM3": 146.0,
    "TFTA": 374.0,
    "TFTM": 268.0,
    "TOR": 227.0,
    "TPF": 378.0,
    "TScore": 1664.0,
    "TStl": 167.0,
    "TTO": 228.0,
    "Tastr": 0.15760291660337233,
    "Tcorrdastr": 0.13676236419940846,
    "Tcorrdastrrank": 130,
    "Tcorrdeff": 96.82548555143343,
    "Tcorrdeffrank": 83,
    "Tcorrdefgp": 0.46662042960407657,
    "Tcorrdefgprank": 56,
    "Tcorrdftr": 0.36967513253774914,
    "Tcorrdftrrank": 299,
    "Tcorrdorbp": 0.2814891153499554,
    "Tcorrdorbprank": 243,
    "Tcorrdtovr": 0.16673063021055967,
    "Tcorrdtovrrank": 115,
    "Tcorroastr": 0.1630475640206243,
    "Tcorroastrrank": 51,
    "Tcorroeff": 107.16492619337708,
    "Tcorroeffrank": 89,
    "Tcorroefgp": 0.5116263586185297,
    "Tcorroefgprank": 152,
    "Tcorroftr": 0.2594882025505442,
    "Tcorroftrrank": 323,
    "Tcorroorbp": 0.31198226072384416,
    "Tcorroorbprank": 71,
    "Tcorrotovr": 0.13867911968536983,
    "Tcorrotovrrank": 47,
    "Teff": 107.52410245806301,
    "Tefgp": 0.5050651230101303,
    "Tftr": 0.2706222865412446,
    "Tneteff": 10.339440641943654,
    "Tneteffrank": 82,
    "Torbp": 0.3042895442359249,
    "Tposs": 1547.56,
    "Ttovr": 0.12848255342169326,
    "closses": 3,
    "confplace": 3,
    "cwins": 8,
    "dates": [
        [
            11,
            7
        ],
        [
            11,
            11
        ],
        [
            11,
            18
        ],
        [
            11,
            27
        ],
        [
            12,
            2
        ],
        [
            12,
            4
        ],
        [
            12,
            6
        ],
        [
            12,
            11
        ],
        [
            12,
            13
        ],
        [
            12,
            18
        ],
        [
            12,
            22
        ],
        [
            12,
            23
        ],
        [
            12,
            25
        ],
        [
            1,
            1
        ],
        [
            1,
            6
        ],
        [
            1,
            8
        ],
        [
            1,
            13
        ],
        [
            1,
            15
        ],
        [
            1,
            20
        ],
        [
            1,
            27
        ],
        [
            1,
            29
        ],
        [
            2,
            3
        ]
    ],
    "geff": [
        [
            105.63380281690141,
            73.01401869158877
        ],
        [
            116.69658886894075,
            119.66551326412919
        ],
        [
            109.29802955665023,
            76.08034083992696
        ],
        [
            100.79575596816976,
            115.03477795612629
        ],
        [
            112.39193083573485,
            82.88928359976317
        ],
        [
            124.58471760797343,
            80.17103153393907
        ],
        [
            113.08562197092084,
            88.26879271070615
        ],
        [
            97.5609756097561,
            77.99671592775042
        ],
        [
            111.46496815286625,
            105.61056105610561
        ],
        [
            96.0539979231568,
            109.68432316746924
        ],
        [
            109.2233009708738,
            111.78327196212521
        ],
        [
            106.57421674370828,
            91.37055837563452
        ],
        [
            102.31556273559504,
            90.11469142545057
        ],
        [
            124.23417290673926,
            91.78905206942589
        ],
        [
            128.2051282051282,
            86.3113264688068
        ],
        [
            88.73929008567931,
            116.44623346751005
        ],
        [
            111.54074955383702,
            107.14285714285714
        ],
        [
            104.16666666666667,
            105.80411124546555
        ],
        [
            103.2448377581121,
            95.66968781470293
        ],
        [
            81.48831488314885,
            103.91923990498812
        ],
        [
            105.0646551724138,
            95.89770911028236
        ],
        [
            117.73255813953489,
            75.39917208752217
        ]
    ],
    "losses": 7,
    "nOT": [
        0,
        0,
        0,
        0,
        0,
        0,
        0,
        0,
        0,
        0,
        0,
        0,
        0,
        0,
        0,
        0,
        0,
        0,
        1,
        0,
        0,
        0
    ],
    "pace": 69.893171027996,
    "poss": [
        [
            73.84,
            68.48
        ],
        [
            66.84,
            69.36
        ],
        [
            64.96000000000001,
            65.72
        ],
        [
            75.4,
            74.75999999999999
        ],
        [
            69.4,
            67.56
        ],
        [
            72.24,
            74.84
        ],
        [
            74.28,
            70.24
        ],
        [
            73.8,
            73.08
        ],
        [
            62.8,
            60.6
        ],
        [
            77.04,
            74.75999999999999
        ],
        [
            74.16,
            76.03999999999999
        ],
        [
            77.88,
            78.8
        ],
        [
            74.28,
            73.24
        ],
        [
            58.760000000000005,
            59.92
        ],
        [
            65.52,
            66.03999999999999
        ],
        [
            65.36,
            69.56
        ],
        [
            67.24,
            64.4
        ],
        [
            64.32,
            66.16
        ],
        [
            81.36,
            79.44
        ],
        [
            65.03999999999999,
            67.36
        ],
        [
            74.24,
            75.08
        ],
        [
            68.8,
            67.64
        ]
    ],
    "preseason_pace": 69.62700027317359,
    "preseason_pred": 4.357925601486568,
    "preseason_predd": 99.57570263204487,
    "preseason_predo": 103.93362823353144,