{
    "CompRank": 318,
    "CompositeDef": 107.52174052166482,
    "CompositeOff": 93.35734529535146,
    "CompositePace": 66.21871746264327,
    "CompositeRating": -14.164395226313378,
    "HA": [
        "A",
        "A",
        "N",
        "N",
        "A",
        "A",
        "H",
        "H",
        "H",
        "A",
        "A",
        "H",
        "A",
        "H",
        "H",
        "A",
        "A",
        "H",
        "H",
        "A",
        "H",
        "A",
        "H",
        "A",
        "A",
        "H"
    ],
    "OAst": 332.0,
    "OAvgCompRat": -0.22521994298514944,
    "OBlk": 71.0,
    "ODR": 646.0,
    "OFGA": 1398.0,
    "OFGA3": 549.0,
    "OFGM": 619.0,
    "OFGM3": 192.0,
    "OFTA": 536.0,
    "OFTM": 396.0,
    "OOR": 229.0,
    "OPF": 474.0,
    "OScore": 1826.0,
    "OStl": 143.0,
    "OTO": 307.0,
    "Oastr": 0.14607275479136234,
    "Ocomprank": 158,
    "Ocorrdastr": 0.1396290062628305,
    "Ocorrdeff": 102.13673265922515,
    "Ocorrdeffrank": 130,
    "Ocorrdefgp": 0.5055112772310251,
    "Ocorrdftr": 0.33955226123406584,
    "Ocorrdorbp": 0.24946045764515382,
    "Ocorrdtovr": 0.1559063948364616,
    "Ocorroastr": 0.13804374483946075,
    "Ocorroeff": 102.01778366484395,
    "Ocorroeffrank": 210,
    "Ocorroefgp": 0.5014248330121582,
    "Ocorroftr": 0.3121629209594686,
    "Ocorroorbp": 0.27324519203982295,
    "Ocorrotovr": 0.16146297211352068,
    "Oeff": 106.66884755584634,
    "Oefgp": 0.5114449213161659,
    "Oftr": 0.3834048640915594,
    "Oneteff": -0.11894899438119921,
    "Oneteffrank": 158,
    "Oorbp": 0.28877679697351827,
    "Oposs": 1711.84,
    "Otovr": 0.15817893283320625,
    "SoR": 0.0,
    "SoRrank": 151,
    "TAst": 228.0,
    "TBlk": 84.0,
    "TDR": 564.0,
    "TFGA": 1406.0,
    "TFGA3": 455.0,
    "TFGM": 545.0,
    "TFGM3": 137.0,
    "TFTA": 504.0,
    "TFTM": 369.0,
    "TOR": 218.0,
    "TPF": 496.0,
    "TScore": 1596.0,
    "TStl": 166.0,
    "TTO": 312.0,
    "Tastr": 0.10517769494778019,
    "Tcorrdastr": 0.15150849716114123,
    "Tcorrdastrrank": 251,
    "Tcorrdeff": 107.52789211961415,
    "Tcorrdeffrank": 266,
    "Tcorrdefgp": 0.5152943702522645,
    "Tcorrdefgprank": 215,
    "Tcorrdftr": 0.39045980382691253,
    "Tcorrdftrrank": 324,
    "Tcorrdorbp": 0.28460933391490784,
    "Tcorrdorbprank": 249,
    "Tcorrdtovr": 0.154266673916334,
    "Tcorrdtovrrank": 184,
    "Tcorroastr": 0.10778429457248742,
    "Tcorroastrrank": 358,
    "Tcorroeff": 93.34543233749666,
    "Tcorroeffrank": 334,
    "Tcorroefgp": 0.43614279986809745,
    "Tcorroefgprank": 357,
    "Tcorroftr": 0.33656904780970537,
    "Tcorroftrrank": 113,
    "Tcorroorbp": 0.2730693120942013,
    "Tcorroorbprank": 172,
    "Tcorrotovr": 0.16238141981244655,
    "Tcorrotovrrank": 236,
    "Teff": 92.69584611095623,
    "Tefgp": 0.4363442389758179,
    "Tftr": 0.3584637268847795,
    "Tneteff": -14.18245978211749,
    "Tneteffrank": 318,
    "Torbp": 0.2523148148148148,
    "Tposs": 1721.76,
    "Ttovr": 0.16084464057409165,
    "closses": 14,
    "confplace": 10,
    "cwins": 3,
    "dates": [
        [
            11,
            12
        ],
        [
            11,
            15
        ],
        [
            11,
            21
        ],
        [
            11,
            23
        ],
        [
            11,
            29
        ],
        [
            12,
            7
        ],
        [
            12,
            10
        ],
        [
            12,
            19
        ],
        [
            12,
            22
        ],
        [
            12,
            29
        ],
        [
            12,
            31
        ],
        [
            1,
            5
        ],
        [
            1,
            7
        ],
        [
            1,
            11
        ],
        [
            1,
            14
        ],
        [
            1,
            16
        ],
        [
            1,
            19
        ],
        [
            1,
            21
        ],
        [
            1,
            26
        ],
        [
            1,
            28
        ],
        [
            2,
            4
        ],
        [
            2,
            9
        ],
        [
            2,
            11
        ],
        [
            2,
            15
        ],
        [
            2,
            18
        ],
        [
            2,
            20
        ]
    ],
    "geff": [
        [
            88.73239436619718,
            99.25201380897585
        ],
        [
            80.2685347343841,
            90.69631363370392
        ],
        [
            115.50632911392404,
            109.14454277286136
        ],
        [
            93.3786078098472,
            116.74259681093393
        ],
        [
            75.36041939711664,
            90.75907590759076
        ],
        [
            92.04470742932281,
            104.63618802318095
        ],
        [
            95.57038834951456,
            107.89149198520346
        ],
        [
            117.43886743886745,
            118.75
        ],
        [
            112.71048343291689,
            101.35135135135134
        ],
        [
            87.63837638376386,
            113.09925725860904
        ],
        [
            82.27848101265822,
            103.29244673983214
        ],
        [
            107.7460687245195,
            124.55516014234875
        ],
        [
            65.44502617801048,
            101.61386730424387
        ],
        [
            90.9090909090909,
            98.72611464968153
        ],
        [
            92.11376858435682,
            111.63522012578616
        ],
        [
            84.43708609271523,
            95.39473684210527
        ],
        [
            79.26829268292684,
            127.65957446808511
        ],
        [
            99.48096885813149,
            91.26106194690266
        ],
        [
            81.10415480933409,
            91.91176470588235
        ],
        [
            76.71232876712328,
            116.44623346751005
        ],
        [
            114.64968152866243,
            106.55216284987279
        ],
        [
            94.89528795811519,
            116.76263595649391
        ],
        [
            100.31347962382445,
            84.8271446862996
        ],
        [
            87.42244782853919,
            104.76463834672789
        ],
        [
            92.09744503862152,
            112.47750449910016
        ],
        [
            103.82513661202185,
            134.52914798206277
        ]
    ],
    "losses": 22,
    "nOT": [
        0,
        0,
        0,
        0,
        0,
        0,
        0,
        0,
        0,
        0,
        0,
        0,
        0,
        0,
        0,
        0,
        0,
        1,
        0,
        0,
        0,
        0,
        0,
        0,
        0,
        0
    ],
    "pace": 66.21327021666644,