{
    "CompRank": 218,
    "CompositeDef": 109.28849087394916,
    "CompositeOff": 103.08056773680524,
    "CompositePace": 67.60244778595619,
    "CompositeRating": -6.207923137143917,
    "HA": [
        "A"
    ],
    "OAst": 14.0,
    "OAvgCompRat": -1.6403157770791583,
    "OBlk": 3.0,
    "ODR": 35.0,
    "OFGA": 65.0,
    "OFGA3": 11.0,
    "OFGM": 27.0,
    "OFGM3": 2.0,
    "OFTA": 22.0,
    "OFTM": 15.0,
    "OOR": 14.0,
    "OPF": 8.0,
    "OScore": 71.0,
    "OStl": 3.0,
    "OTO": 6.0,
    "Oastr": 0.1478664976763836,
    "Ocomprank": 204,
    "Ocorrdastr": 0.18530115123579466,
    "Ocorrdeff": 111.56064640671485,
    "Ocorrdeffrank": 262,
    "Ocorrdefgp": 0.5224977445567591,
    "Ocorrdftr": 0.24751478602086102,
    "Ocorrdorbp": 0.39786089456018964,
    "Ocorrdtovr": 0.1601809825607931,
    "Ocorroastr": 0.10994229015023024,
    "Ocorroeff": 95.84913918094175,
    "Ocorroeffrank": 297,
    "Ocorroefgp": 0.4171055452574152,
    "Ocorroftr": 0.3060465485392295,
    "Ocorroorbp": 0.30288777585806037,
    "Ocorrotovr": 0.15792883553430576,
    "Oeff": 106.47870425914816,
    "Oefgp": 0.4307692307692308,
    "Oftr": 0.3384615384615385,
    "Oneteff": -15.711507225773104,
    "Oneteffrank": 296,
    "Oorbp": 0.34146341463414637,
    "Oposs": 66.68,
    "Otovr": 0.07436787307882994,
    "SoR": 0.0,
    "SoRrank": 212,
    "TAst": 11.0,
    "TBlk": 0.0,
    "TDR": 27.0,
    "TFGA": 68.0,
    "TFGA3": 33.0,
    "TFGM": 22.0,
    "TFGM3": 8.0,
    "TFTA": 24.0,
    "TFTM": 14.0,
    "TOR": 17.0,
    "TPF": 3.0,
    "TScore": 66.0,
    "TStl": 1.0,
    "TTO": 6.0,
    "Tastr": 0.11511092507325241,
    "Tcorrdastr": 0.18697280483945186,
    "Tcorrdastrrank": 336,
    "Tcorrdeff": 116.76252959439809,
    "Tcorrdeffrank": 301,
    "Tcorrdefgp": 0.5161330258521607,
    "Tcorrdefgprank": 207,
    "Tcorrdftr": 0.40634755895318203,
    "Tcorrdftrrank": 244,
    "Tcorrdorbp": 0.3441625085061937,
    "Tcorrdorbprank": 265,
    "Tcorrdtovr": 0.07616077418121518,
    "Tcorrdtovrrank": 357,
    "Tcorroastr": 0.08952090546304409,
    "Tcorroastrrank": 342,
    "Tcorroeff": 93.05607922249193,
    "Tcorroeffrank": 299,
    "Tcorroefgp": 0.37153815952835695,
    "Tcorroefgprank": 351,
    "Tcorroftr": 0.5182974455171221,
    "Tcorroftrrank": 48,
    "Tcorroorbp": 0.2558959793910572,
    "Tcorroorbprank": 265,
    "Tcorrotovr": 0.071638956219891,
    "Tcorrotovrrank": 5,
    "Teff": 97.69094138543517,
    "Tefgp": 0.38235294117647056,
    "Tftr": 0.35294117647058826,
    "Tneteff": -23.706450371906158,
    "Tneteffrank": 321,
    "Torbp": 0.3269230769230769,
    "Tposs": 67.56,
    "Ttovr": 0.07095553453169347,
    "closses": 0,
    "confplace": 1,
    "cwins": 0,
    "dates": [
        [
            11,
            4
        ]
    ],
    "geff": [
        [
            97.69094138543517,
            106.47870425914816
        ]
    ],
    "losses": 1,
    "nOT": [
        0
    ],
    "pace": 67.01991213121582,
    "poss": [
        [
            67.56,
            66.68
        ]
    ],
    "preseason_pace": 67.61842955974879,
    "preseason_pred": -5.727853802856887,
    "preseason_predd": 109.0834418006858,
    "preseason_predo": 103.35558799782892,
    "schedule": [
        "georgia-state"
    ],
    "scores": [
        [
            66,
            71
        ]
    ],
    "wins": 0
}