{
    "CompRank": 267,
    "CompositeDef": 108.42009603416997,
    "CompositeOff": 98.39812566647552,
    "CompositePace": 68.04219415813634,
    "CompositeRating": -10.021970367694447,
    "HA": [
        "A",
        "A",
        "H",
        "H",
        "N",
        "N"
    ],
    "OAst": 87.0,
    "OAvgCompRat": -2.0825748691972823,
    "OBlk": 12.0,
    "ODR": 173.0,
    "OFGA": 338.0,
    "OFGA3": 128.0,
    "OFGM": 145.0,
    "OFGM3": 43.0,
    "OFTA": 153.0,
    "OFTM": 113.0,
    "OOR": 58.0,
    "OPF": 119.0,
    "OScore": 446.0,
    "OStl": 41.0,
    "OTO": 58.0,
    "Oastr": 0.15808983863933712,
    "Ocomprank": 237,
    "Ocorrdastr": 0.1466834402851607,
    "Ocorrdeff": 107.94349327335367,
    "Ocorrdeffrank": 316,
    "Ocorrdefgp": 0.5251706590925856,
    "Ocorrdftr": 0.327262967048719,
    "Ocorrdorbp": 0.26459938691678203,
    "Ocorrdtovr": 0.1413538811425177,
    "Ocorroastr": 0.14353452785923967,
    "Ocorroeff": 106.39364670735853,
    "Ocorroeffrank": 104,
    "Ocorroefgp": 0.5166397718658897,
    "Ocorroftr": 0.32372504562299953,
    "Ocorroorbp": 0.27033274398277,
    "Ocorrotovr": 0.14851745673770692,
    "Oeff": 110.03651435902496,
    "Oefgp": 0.492603550295858,
    "Oftr": 0.4526627218934911,
    "Oneteff": -1.5498465659951393,
    "Oneteffrank": 221,
    "Oorbp": 0.29,
    "Oposs": 405.32,
    "Otovr": 0.12518345851679186,
    "SoR": 0.0,
    "SoRrank": 251,
    "TAst": 58.0,
    "TBlk": 10.0,
    "TDR": 142.0,
    "TFGA": 320.0,
    "TFGA3": 142.0,
    "TFGM": 125.0,
    "TFGM3": 41.0,
    "TFTA": 163.0,
    "TFTM": 110.0,
    "TOR": 38.0,
    "TPF": 110.0,
    "TScore": 401.0,
    "TStl": 28.0,
    "TTO": 61.0,
    "Tastr": 0.11356516290726816,
    "Tcorrdastr": 0.15853523042819062,
    "Tcorrdastrrank": 270,
    "Tcorrdeff": 107.74845844557268,
    "Tcorrdeffrank": 239,
    "Tcorrdefgp": 0.48019917236689696,
    "Tcorrdefgprank": 113,
    "Tcorrdftr": 0.4779675678332739,
    "Tcorrdftrrank": 340,
    "Tcorrdorbp": 0.30043686581524404,
    "Tcorrdorbprank": 251,
    "Tcorrdtovr": 0.12627621411720663,
    "Tcorrdtovrrank": 297,
    "Tcorroastr": 0.11147108468543979,
    "Tcorroastrrank": 331,
    "Tcorroeff": 93.3786950559802,
    "Tcorroeffrank": 325,
    "Tcorroefgp": 0.4363190083339188,
    "Tcorroefgprank": 332,
    "Tcorroftr": 0.5336968996550159,
    "Tcorroftrrank": 2,
    "Tcorroorbp": 0.19095377887869813,
    "Tcorroorbprank": 347,
    "Tcorrotovr": 0.14272817572181537,
    "Tcorrotovrrank": 141,
    "Teff": 96.6917438271605,
    "Tefgp": 0.4546875,
    "Tftr": 0.509375,
    "Tneteff": -14.369763389592478,
    "Tneteffrank": 300,
    "Torbp": 0.18009478672985782,
    "Tposs": 414.72,
    "Ttovr": 0.13474112033928254,
    "closses": 0,
    "confplace": 1,
    "cwins": 0,
    "dates": [
        [
            11,
            4
        ],
        [
            11,
            13
        ],
        [
            11,
            16
        ],
        [
            11,
            20
        ],
        [
            11,
            25
        ],
        [
            11,
            27
        ]
    ],
    "geff": [
        [
            93.53741496598639,
            106.47870425914816
        ],
        [
            96.42258244829513,
            115.33852606351108
        ],
        [
            103.397341211226,
            120.88477366255144
        ],
        [
            89.1238670694864,
            103.06242638398115
        ],
        [
            97.88688626476072,
            96.15384615384616
        ],
        [
            98.6842105263158,
            116.31612492033142
        ]
    ],
    "losses": 5,
    "nOT": [
        0,
        0,
        0,
        0,
        0,
        0
    ],
    "pace": 68.47125581400374,
    "poss": [
        [
            70.56,
            66.68
        ],
        [
            71.56,
            66.76
        ],
        [
            81.24,
            77.76
        ],
        [
            66.2,
            67.92
        ],
        [
            64.36,
            63.44
        ],
        [
            60.8,
            62.76
        ]
    ],
    "preseason_pace": 67.61842955974879,
    "preseason_pred": -5.727853802856887,
    "preseason_predd": 109.0834418006858,
    "preseason_predo": 103.35558799782892,
    "schedule": [
        "georgia-state",
        "dayton",
        "indiana-state",
        "detroit-mercy",
        "eastern-kentucky",
        "richmond"
    ],
    "scores": [
        [
            66,
            71
        ],
        [
            69,
            77
        ],
        [
            84,
            94
        ],
        [
            59,
            70
        ],
        [
            63,
            61
        ],
        [
            60,
            73
        ]
    ],
    "wins": 1
}