{
    "CompRank": 145,
    "CompositeDef": 100.25685381951223,
    "CompositeOff": 102.78004174587193,
    "CompositePace": 69.35198837139917,
    "CompositeRating": 2.5231879263596966,
    "HA": [
        "A",
        "N",
        "N",
        "A",
        "H",
        "A",
        "H",
        "A",
        "A",
        "A",
        "A",
        "H",
        "A",
        "A",
        "H",
        "H",
        "A",
        "A",
        "H",
        "H",
        "A",
        "H",
        "A",
        "H",
        "A",
        "A",
        "H",
        "H",
        "A",
        "N",
        "N",
        "N"
    ],
    "OAst": 372.0,
    "OAvgCompRat": -4.303508240053573,
    "OBlk": 120.0,
    "ODR": 728.0,
    "OFGA": 1924.0,
    "OFGA3": 655.0,
    "OFGM": 823.0,
    "OFGM3": 200.0,
    "OFTA": 515.0,
    "OFTM": 370.0,
    "OOR": 287.0,
    "OPF": 648.0,
    "OScore": 2216.0,
    "OStl": 219.0,
    "OTO": 393.0,
    "Oastr": 0.1275895184524626,
    "Ocomprank": 298,
    "Ocorrdastr": 0.15023838518511015,
    "Ocorrdeff": 105.66989887469869,
    "Ocorrdeffrank": 289,
    "Ocorrdefgp": 0.519199105676642,
    "Ocorrdftr": 0.34031139894251194,
    "Ocorrdorbp": 0.29343194573839515,
    "Ocorrdtovr": 0.1546601320840451,
    "Ocorroastr": 0.1304377942189181,
    "Ocorroeff": 101.05222688138724,
    "Ocorroeffrank": 277,
    "Ocorroefgp": 0.4966339779117719,
    "Ocorroftr": 0.3302085732760983,
    "Ocorroorbp": 0.2625378292500239,
    "Ocorrotovr": 0.16393040834731784,
    "Oeff": 98.20083311176106,
    "Oefgp": 0.4797297297297297,
    "Oftr": 0.26767151767151764,
    "Oneteff": -4.617671993311447,
    "Oneteffrank": 285,
    "Oorbp": 0.26648096564531104,
    "Oposs": 2256.6,
    "Otovr": 0.1545054253813493,
    "SoR": 10.952851321384205,
    "SoRrank": 77,
    "TAst": 400.0,
    "TBlk": 129.0,
    "TDR": 790.0,
    "TFGA": 1710.0,
    "TFGA3": 636.0,
    "TFGM": 799.0,
    "TFGM3": 247.0,
    "TFTA": 707.0,
    "TFTM": 490.0,
    "TOR": 232.0,
    "TPF": 501.0,
    "TScore": 2335.0,
    "TStl": 196.0,
    "TTO": 429.0,
    "Tastr": 0.14034693762982092,
    "Tcorrdastr": 0.13998703260360618,
    "Tcorrdastrrank": 165,
    "Tcorrdeff": 100.25685381951223,
    "Tcorrdeffrank": 116,
    "Tcorrdefgp": 0.4882549070525369,
    "Tcorrdefgprank": 115,
    "Tcorrdftr": 0.25828723075772264,
    "Tcorrdftrrank": 48,
    "Tcorrdorbp": 0.273771664939006,
    "Tcorrdorbprank": 205,
    "Tcorrdtovr": 0.14708615878472853,
    "Tcorrdtovrrank": 230,
    "Tcorroastr": 0.13358966737306738,
    "Tcorroastrrank": 230,
    "Tcorroeff": 102.78004174587193,
    "Tcorroeffrank": 175,
    "Tcorroefgp": 0.5252473875980284,
    "Tcorroefgprank": 108,
    "Tcorroftr": 0.38818103682586347,
    "Tcorroftrrank": 30,
    "Tcorroorbp": 0.22263673705037598,
    "Tcorroorbprank": 311,
    "Tcorrotovr": 0.17662583876424265,
    "Tcorrotovrrank": 317,
    "Teff": 105.27122556445214,
    "Tefgp": 0.5394736842105263,
    "Tftr": 0.41345029239766085,
    "Tneteff": 2.5231879263596966,
    "Tneteffrank": 145,
    "Torbp": 0.24166666666666667,
    "Tposs": 2218.08,
    "Ttovr": 0.17509632338535885,
    "closses": 2,
    "confplace": 1,
    "cwins": 19,
    "dates": [
        [
            11,
            7
        ],
        [
            11,
            18
        ],
        [
            11,
            19
        ],
        [
            11,
            20
        ],
        [
            11,
            26
        ],
        [
            11,
            29
        ],
        [
            12,
            3
        ],
        [
            12,
            10
        ],
        [
            12,
            13
        ],
        [
            12,
            17
        ],
        [
            12,
            21
        ],
        [
            12,
            29
        ],
        [
            12,
            31
        ],
        [
            1,
            4
        ],
        [
            1,
            7
        ],
        [
            1,
            12
        ],
        [
            1,
            14
        ],
        [
            1,
            18
        ],
        [
            1,
            21
        ],
        [
            1,
            25
        ],
        [
            1,
            28
        ],
        [
            2,
            2
        ],
        [
            2,
            4
        ],
        [
            2,
            8
        ],
        [
            2,
            11
        ],
        [
            2,
            16
        ],
        [
            2,
            18
        ],
        [
            2,
            22
        ],
        [
            2,
            25
        ],
        [
            3,
            3
        ],
        [
            3,
            4
        ],
        [
            3,
            5
        ]
    ],
    "geff": [
        [
            110.80958842152873,
            110.98130841121495
        ],
        [
            100.5586592178771,
            87.33624454148472
        ],
        [
            100.69817400644467,
            105.42168674698794
        ],
        [
            94.39200444197667,
            100.70767555797495
        ],
        [
            98.38274932614554,
            81.63811563169165
        ],
        [
            103.06058713304186,
            117.07172495554238
        ],
        [
            124.03528114663726,
            113.94838001098297
        ],
        [
            83.38296605122098,
            113.31038439472175
        ],
        [
            121.5726849456803,
            106.00706713780919
        ],
        [
            105.17339397384877,
            102.759009009009
        ],
        [
            71.91201353637902,
            121.98622273249137
        ],
        [
            91.5534554046072,
            82.38636363636363
        ],
        [
            101.5572105619499,
            104.37710437710437
        ],
        [
            105.43840177580466,
            98.52216748768473
        ],
        [
            92.23918575063612,
            81.74791914387633
        ],
        [
            78.99356348741955,
            68.82106523040095
        ],
        [
            99.88901220865705,
            87.28504429390307
        ],
        [
            113.21339950372207,
            93.25044404973357
        ],
        [
            91.90120620333141,
            79.53922106417993
        ],
        [
            128.57977790765634,
            114.61318051575931
        ],
        [
            122.02753441802253,
            103.30578512396694
        ],
        [
            126.13378684807256,
            86.25410733844468
        ],
        [
            100.11441647597253,
            108.01591813530415
        ],
        [
            112.68343815513627,
            99.19638372677046
        ],
        [
            116.56441717791411,
            107.0154577883472
        ],
        [
            97.5232198142415,
            86.87258687258688
        ],
        [
            108.8850174216028,
            91.09311740890689
        ],
        [
            122.77470841006753,
            91.23013537374928
        ],
        [
            119.34673366834171,
            101.97775030902349
        ],
        [
            102.68346111719607,
            85.40372670807453
        ],
        [
            103.643216080402,
            97.60705289672545
        ],
        [
            118.02575107296138,
            113.35403726708074
        ]
    ],
    "losses": 7,
    "nOT": [
        2,
        0,
        0,
        0,
        0,
        0,
        0,
        0,
        0,
        0,
        0,
        0,
        0,
        0,
        0,
        0,
        1,
        0,
        0,
        1,
        0,
        0,
        0,
        0,
        0,
        0,
        0,
        0,
        0,
        0,
        0,
        0
    ],
    "pace": 69.35198837139917,