{
    "CompRank": 168,
    "CompositeDef": 106.34786652657566,
    "CompositeOff": 106.26018535810653,
    "CompositePace": 69.0899690345017,
    "CompositeRating": -0.08768116846913904,
    "HA": [
        "A",
        "H",
        "N",
        "N",
        "N",
        "A",
        "A",
        "N",
        "H",
        "N",
        "H",
        "A",
        "H",
        "A",
        "A"
    ],
    "OAst": 205.0,
    "OAvgCompRat": 1.5918603191590293,
    "OBlk": 61.0,
    "ODR": 339.0,
    "OFGA": 911.0,
    "OFGA3": 328.0,
    "OFGM": 415.0,
    "OFGM3": 100.0,
    "OFTA": 348.0,
    "OFTM": 260.0,
    "OOR": 149.0,
    "OPF": 290.0,
    "OScore": 1190.0,
    "OStl": 92.0,
    "OTO": 166.0,
    "Oastr": 0.1428451976141368,
    "Ocomprank": 101,
    "Ocorrdastr": 0.1342837601181623,
    "Ocorrdeff": 104.10842246725979,
    "Ocorrdeffrank": 209,
    "Ocorrdefgp": 0.50714055319795,
    "Ocorrdftr": 0.360143913311345,
    "Ocorrdorbp": 0.2664041140466197,
    "Ocorrdtovr": 0.14679181444435732,
    "Ocorroastr": 0.13857002242139663,
    "Ocorroeff": 106.40051902290338,
    "Ocorroeffrank": 62,
    "Ocorroefgp": 0.5043729234048203,
    "Ocorroftr": 0.33838785785675296,
    "Ocorroorbp": 0.2879111187260971,
    "Ocorrotovr": 0.14340614378131614,
    "Oeff": 110.07103744265207,
    "Oefgp": 0.5104281009879253,
    "Oftr": 0.38199780461031835,
    "Oneteff": 2.292096555643596,
    "Oneteffrank": 108,
    "Oorbp": 0.3040816326530612,
    "Oposs": 1081.12,
    "Otovr": 0.13494618411211914,
    "SoR": 0.09991008125992407,
    "SoRrank": 182,
    "TAst": 212.0,
    "TBlk": 54.0,
    "TDR": 341.0,
    "TFGA": 864.0,
    "TFGA3": 312.0,
    "TFGM": 377.0,
    "TFGM3": 113.0,
    "TFTA": 381.0,
    "TFTM": 288.0,
    "TOR": 145.0,
    "TPF": 276.0,
    "TScore": 1155.0,
    "TStl": 76.0,
    "TTO": 190.0,
    "Tastr": 0.1478753382997126,
    "Tcorrdastr": 0.14612268722893115,
    "Tcorrdastrrank": 220,
    "Tcorrdeff": 107.24983497081593,
    "Tcorrdeffrank": 244,
    "Tcorrdefgp": 0.5076374262473436,
    "Tcorrdefgprank": 197,
    "Tcorrdftr": 0.3740293410089908,
    "Tcorrdftrrank": 274,
    "Tcorrdorbp": 0.2926880351014828,
    "Tcorrdorbprank": 234,
    "Tcorrdtovr": 0.14169014766934937,
    "Tcorrdtovrrank": 234,
    "Tcorroastr": 0.15625345150023404,
    "Tcorroastrrank": 91,
    "Tcorroeff": 106.8356555188768,
    "Tcorroeffrank": 123,
    "Tcorroefgp": 0.49644425432246475,
    "Tcorroefgprank": 196,
    "Tcorroftr": 0.40706789838715135,
    "Tcorroftrrank": 32,
    "Tcorroorbp": 0.3123833462513518,
    "Tcorroorbprank": 80,
    "Tcorrotovr": 0.1594934413001733,
    "Tcorrotovrrank": 250,
    "Teff": 107.27819884083816,
    "Tefgp": 0.5017361111111112,
    "Tftr": 0.4409722222222222,
    "Tneteff": -0.41417945193911976,
    "Tneteffrank": 172,
    "Torbp": 0.29958677685950413,
    "Tposs": 1076.64,
    "Ttovr": 0.15552863364002487,
    "closses": 1,
    "confplace": 3,
    "cwins": 2,
    "dates": [
        [
            11,
            7
        ],
        [
            11,
            11
        ],
        [
            11,
            24
        ],
        [
            11,
            25
        ],
        [
            11,
            26
        ],
        [
            12,
            5
        ],
        [
            12,
            9
        ],
        [
            12,
            13
        ],
        [
            12,
            18
        ],
        [
            12,
            21
        ],
        [
            12,
            23
        ],
        [
            12,
            29
        ],
        [
            1,
            3
        ],
        [
            1,
            6
        ],
        [
            1,
            10
        ]
    ],
    "geff": [
        [
            105.23321956769057,
            138.268156424581
        ],
        [
            93.53741496598639,
            116.57303370786516
        ],
        [
            96.6993295513151,
            113.51636747624076
        ],
        [
            104.01370533529123,
            99.7566909975669
        ],
        [
            119.12128712871286,
            98.12536613942589
        ],
        [
            94.76309226932668,
            100.10136847440445
        ],
        [
            93.80583680762359,
            120.89274643521387
        ],
        [
            89.95937318630295,
            125.00000000000001
        ],
        [
            116.93309650680875,
            108.50694444444444
        ],
        [
            110.40092969203951,
            89.13412563667232
        ],
        [
            108.75550660792952,
            91.86351706036746
        ],
        [
            120.8759954493743,
            125.27839643652561
        ],
        [
            130.92613009922823,
            94.04828747894442
        ],
        [
            129.23076923076923,
            121.58054711246201
        ],
        [
            100.45778229908443,
            113.26860841423948
        ]
    ],
    "losses": 8,
    "nOT": [
        0,
        0,
        0,
        1,
        0,
        1,
        0,
        0,
        0,
        0,
        0,
        0,
        0,
        0,
        0
    ],
    "pace": 69.15357332311203,
    "poss": [
        [
            70.32,
            71.6
        ],
        [
            70.56,
            71.2
        ],
        [
            77.56,
            75.76
        ],
        [
            81.72,
            82.2
        ],
        [
            64.64,
            68.28
        ],
        [
            80.2,
            78.92
        ],
        [
            67.16,
            64.52000000000001
        ],
        [
            68.92,
            69.6
        ],
        [
            67.56,
            69.12
        ],
        [
            68.84,
            70.68
        ],
        [
            72.64,
            76.2
        ],
        [
            70.32,
            71.84
        ],
        [
            72.56,
            71.24
        ],
        [
            65.0,
            65.8
        ],
        [
            78.64,
            74.16
        ]
    ],
    "preseason_pace": 68.69164717707957,
    "preseason_pred": 1.9570143317616155,
    "preseason_predd": 100.69928914452102,
    "preseason_predo": 102.65630347628263,
    "schedule": [
        "michigan",
        "north-carolina-wilmington",
        "lipscomb",
        "wofford",
        "western-kentucky",
        "kennesaw-state",
        "western-carolina",
        "auburn",
        "south-carolina-state",
        "appalachian-state",
        "kennesaw-state",
        "alabama-birmingham",
        "south-carolina-upstate",
        "presbyterian",
        "high-point"
    ],
    "scores": [
        [
            74,
            99
        ],
        [
            66,
            83
        ],
        [
            75,
            86
        ],
        [
            85,
            82
        ],
        [
            77,
            67
        ],
        [
            76,
            79
        ],
        [
            63,
            78
        ],
        [
            62,
            87
        ],
        [
            79,
            75
        ],
        [
            76,
            63
        ],
        [
            79,
            70
        ],
        [
            85,
            90
        ],
        [
            95,
            67
        ],
        [
            84,
            80
        ],
        [
            79,
            84
        ]
    ],
    "wins": 7
}