{
    "CompRank": 289,
    "CompositeDef": 110.5192775791042,
    "CompositeOff": 99.08669550666944,
    "CompositePace": 67.35137465886538,
    "CompositeRating": -11.432582072434744,
    "HA": [
        "A",
        "H",
        "A",
        "A",
        "N",
        "H",
        "A",
        "A",
        "A"
    ],
    "OAst": 137.0,
    "OAvgCompRat": -2.8721580502197805,
    "OBlk": 30.0,
    "ODR": 190.0,
    "OFGA": 542.0,
    "OFGA3": 227.0,
    "OFGM": 241.0,
    "OFGM3": 82.0,
    "OFTA": 222.0,
    "OFTM": 152.0,
    "OOR": 96.0,
    "OPF": 171.0,
    "OScore": 716.0,
    "OStl": 72.0,
    "OTO": 102.0,
    "Oastr": 0.15591569171939726,
    "Ocomprank": 273,
    "Ocorrdastr": 0.1551073769093849,
    "Ocorrdeff": 104.46997588729899,
    "Ocorrdeffrank": 248,
    "Ocorrdefgp": 0.5157972015245277,
    "Ocorrdftr": 0.38169591782739964,
    "Ocorrdorbp": 0.2915549095883414,
    "Ocorrdtovr": 0.159755108794197,
    "Ocorroastr": 0.12968489588950283,
    "Ocorroeff": 100.73721341690026,
    "Ocorroeffrank": 269,
    "Ocorroefgp": 0.48412671656696393,
    "Ocorroftr": 0.33757436315061173,
    "Ocorroorbp": 0.27645062389883507,
    "Ocorrotovr": 0.16368851223360487,
    "Oeff": 110.89084376161566,
    "Oefgp": 0.5202952029520295,
    "Oftr": 0.4095940959409594,
    "Oneteff": -3.7327624703987254,
    "Oneteffrank": 272,
    "Oorbp": 0.3106796116504854,
    "Oposs": 645.6800000000001,
    "Otovr": 0.13752561751698844,
    "SoR": 1.0401707688985629,
    "SoRrank": 176,
    "TAst": 97.0,
    "TBlk": 25.0,
    "TDR": 213.0,
    "TFGA": 503.0,
    "TFGA3": 169.0,
    "TFGM": 226.0,
    "TFGM3": 54.0,
    "TFTA": 197.0,
    "TFTM": 136.0,
    "TOR": 80.0,
    "TPF": 207.0,
    "TScore": 642.0,
    "TStl": 67.0,
    "TTO": 127.0,
    "Tastr": 0.11921148362992821,
    "Tcorrdastr": 0.16875076228383928,
    "Tcorrdastrrank": 333,
    "Tcorrdeff": 113.55307879528542,
    "Tcorrdeffrank": 330,
    "Tcorrdefgp": 0.5378873500922148,
    "Tcorrdefgprank": 292,
    "Tcorrdftr": 0.4078077470141434,
    "Tcorrdftrrank": 294,
    "Tcorrdorbp": 0.31007446702211233,
    "Tcorrdorbprank": 277,
    "Tcorrdtovr": 0.12696405369088617,
    "Tcorrdtovrrank": 301,
    "Tcorroastr": 0.10799025849588043,
    "Tcorroastrrank": 334,
    "Tcorroeff": 99.58620143153097,
    "Tcorroeffrank": 231,
    "Tcorroefgp": 0.4883565210066621,
    "Tcorroefgprank": 215,
    "Tcorroftr": 0.3464293542430987,
    "Tcorroftrrank": 152,
    "Tcorroorbp": 0.28115512965545125,
    "Tcorroorbprank": 168,
    "Tcorrotovr": 0.16760919236098806,
    "Tcorrotovrrank": 275,
    "Teff": 100.835584595087,
    "Tefgp": 0.5029821073558648,
    "Tftr": 0.39165009940357853,
    "Tneteff": -13.966877363754449,
    "Tneteffrank": 303,
    "Torbp": 0.2962962962962963,
    "Tposs": 636.6800000000001,
    "Ttovr": 0.17720600546966567,
    "closses": 0,
    "confplace": 1,
    "cwins": 0,
    "dates": [
        [
            11,
            10
        ],
        [
            11,
            14
        ],
        [
            11,
            17
        ],
        [
            11,
            24
        ],
        [
            11,
            25
        ],
        [
            11,
            29
        ],
        [
            12,
            2
        ],
        [
            12,
            6
        ],
        [
            12,
            11
        ]
    ],
    "geff": [
        [
            78.69589657110737,
            103.6745406824147
        ],
        [
            121.42857142857143,
            94.60211463550363
        ],
        [
            75.67567567567568,
            140.0523560209424
        ],
        [
            98.19532908704883,
            88.89496717724288
        ],
        [
            130.67202757036185,
            123.08533916849015
        ],
        [
            96.15384615384615,
            76.43312101910828
        ],
        [
            132.43950294310008,
            124.84197218710493
        ],
        [
            69.29637526652452,
            127.4403470715835
        ],
        [
            112.07805907172995,
            114.48349307774227
        ]
    ],
    "losses": 4,
    "nOT": [
        0,
        0,
        0,
        0,
        0,
        0,
        0,
        0,
        1
    ],
    "pace": 68.93812683437422,
    "poss": [
        [
            71.16,
            76.2
        ],
        [
            70.0,
            71.88
        ],
        [
            74.0,
            76.4
        ],
        [
            75.36,
            73.12
        ],
        [
            69.64,
            73.12
        ],
        [
            64.48,
            62.8
        ],
        [
            61.16,
            63.28
        ],
        [
            75.04,
            73.76
        ],
        [
            75.84,
            75.12
        ]
    ],
    "preseason_pace": 63.82525871329017,
    "preseason_pred": -5.800814758390954,
    "preseason_predd": 103.77749709870145,
    "preseason_predo": 97.97668234031049,
    "schedule": [
        "xavier",
        "georgia-southern",
        "pittsburgh",
        "robert-morris",
        "fairleigh-dickinson",
        "campbell",
        "georgia-southern",
        "central-florida",
        "south-carolina-state"
    ],
    "scores": [
        [
            56,
            79
        ],
        [
            85,
            68
        ],
        [
            56,
            107
        ],
        [
            74,
            65
        ],
        [
            91,
            90
        ],
        [
            62,
            48
        ],
        [
            81,
            79
        ],
        [
            52,
            94
        ],
        [
            85,
            86
        ]
    ],
    "wins": 5
}