{
    "CompRank": 134,
    "CompositeDef": 109.43710128184162,
    "CompositeOff": 112.66261145585423,
    "CompositePace": 71.14151351462704,
    "CompositeRating": 3.2255101740126135,
    "HA": [
        "H",
        "H",
        "H",
        "A",
        "H",
        "A",
        "N",
        "N",
        "A",
        "H",
        "H",
        "H",
        "A",
        "A",
        "H",
        "A",
        "A",
        "H",
        "H",
        "A",
        "A"
    ],
    "OAst": 315.0,
    "OAvgCompRat": 3.965519293890043,
    "OBlk": 62.0,
    "ODR": 498.0,
    "OFGA": 1200.0,
    "OFGA3": 442.0,
    "OFGM": 559.0,
    "OFGM3": 156.0,
    "OFTA": 571.0,
    "OFTM": 412.0,
    "OOR": 224.0,
    "OPF": 348.0,
    "OScore": 1686.0,
    "OStl": 148.0,
    "OTO": 279.0,
    "Oastr": 0.15401615458332518,
    "Ocomprank": 71,
    "Ocorrdastr": 0.14017054529275108,
    "Ocorrdeff": 105.67280087072591,
    "Ocorrdeffrank": 57,
    "Ocorrdefgp": 0.498910472773187,
    "Ocorrdftr": 0.34904095143472197,
    "Ocorrdorbp": 0.2893507526002323,
    "Ocorrdtovr": 0.15625187282949984,
    "Ocorroastr": 0.1537134383651476,
    "Ocorroeff": 111.04216898891498,
    "Ocorroeffrank": 91,
    "Ocorroefgp": 0.5256219669924376,
    "Ocorroftr": 0.3706128893885032,
    "Ocorroorbp": 0.32004198498253966,
    "Ocorrotovr": 0.14720249775131547,
    "Oeff": 111.93435309114085,
    "Oefgp": 0.5308333333333334,
    "Oftr": 0.47583333333333333,
    "Oneteff": 5.3693681181890724,
    "Oneteffrank": 72,
    "Oorbp": 0.31683168316831684,
    "Oposs": 1506.24,
    "Otovr": 0.1612493064545959,
    "SoR": 0.0,
    "SoRrank": 106,
    "TAst": 292.0,
    "TBlk": 82.0,
    "TDR": 483.0,
    "TFGA": 1221.0,
    "TFGA3": 432.0,
    "TFGM": 564.0,
    "TFGM3": 141.0,
    "TFTA": 550.0,
    "TFTM": 374.0,
    "TOR": 231.0,
    "TPF": 382.0,
    "TScore": 1643.0,
    "TStl": 166.0,
    "TTO": 269.0,
    "Tastr": 0.1442687747035573,
    "Tcorrdastr": 0.1481700219424073,
    "Tcorrdastrrank": 184,
    "Tcorrdeff": 109.77270655469815,
    "Tcorrdeffrank": 194,
    "Tcorrdefgp": 0.5189616532580713,
    "Tcorrdefgprank": 198,
    "Tcorrdftr": 0.4573355693450249,
    "Tcorrdftrrank": 338,
    "Tcorrdorbp": 0.3010240505148993,
    "Tcorrdorbprank": 163,
    "Tcorrdtovr": 0.16231824700618247,
    "Tcorrdtovrrank": 79,
    "Tcorroastr": 0.1523263690943512,
    "Tcorroastrrank": 141,
    "Tcorroeff": 112.85594048541688,
    "Tcorroeffrank": 115,
    "Tcorroefgp": 0.5356421380164716,
    "Tcorroefgprank": 106,
    "Tcorroftr": 0.46093162981980645,
    "Tcorroftrrank": 10,
    "Tcorroorbp": 0.3339563713563195,
    "Tcorroorbprank": 94,
    "Tcorrotovr": 0.14717155398418463,
    "Tcorrotovrrank": 178,
    "Teff": 109.46035976015989,
    "Tefgp": 0.5196560196560197,
    "Tftr": 0.45045045045045046,
    "Tneteff": 3.083233930718734,
    "Tneteffrank": 140,
    "Torbp": 0.3168724279835391,
    "Tposs": 1501.0,
    "Ttovr": 0.15531177829099307,
    "closses": 6,
    "confplace": 7,
    "cwins": 5,
    "dates": [
        [
            11,
            4
        ],
        [
            11,
            8
        ],
        [
            11,
            11
        ],
        [
            11,
            16
        ],
        [
            11,
            20
        ],
        [
            11,
            24
        ],
        [
            11,
            25
        ],
        [
            11,
            27
        ],
        [
            12,
            7
        ],
        [
            12,
            13
        ],
        [
            12,
            20
        ],
        [
            1,
            3
        ],
        [
            1,
            6
        ],
        [
            1,
            9
        ],
        [
            1,
            13
        ],
        [
            1,
            17
        ],
        [
            1,
            20
        ],
        [
            1,
            24
        ],
        [
            1,
            27
        ],
        [
            1,
            30
        ],
        [
            2,
            3
        ]
    ],
    "geff": [
        [
            100.89686098654708,
            103.46487006737247
        ],
        [
            141.69472502805837,
            103.60360360360362
        ],
        [
            117.90060851926978,
            124.57254518808013
        ],
        [
            117.2870984191739,
            98.48484848484848
        ],
        [
            127.64311500773594,
            107.64944275582572
        ],
        [
            92.18492019812878,
            102.43632336655592
        ],
        [
            98.49663037843443,
            146.68367346938774
        ],
        [
            95.53203997648441,
            116.21150493898895
        ],
        [
            104.34056761268782,
            104.4018058690745
        ],
        [
            85.61643835616438,
            89.08371040723982
        ],
        [
            124.11347517730495,
            104.77299185098953
        ],
        [
            103.39506172839506,
            60.259579728059336
        ],
        [
            95.93023255813954,
            134.6893897746014
        ],
        [
            96.875,
            112.54019292604501
        ],
        [
            115.10605276771858,
            105.25012382367508
        ],
        [
            132.68156424581005,
            114.30678466076695
        ],
        [
            126.47058823529412,
            114.04561824729892
        ],
        [
            106.47870425914816,
            121.58956109134046
        ],
        [
            81.90118152524167,
            118.7933796049119
        ],
        [
            113.70436864153201,
            135.588056063376
        ],
        [
            121.76560121765601,
            126.6804550155119
        ]
    ],
    "losses": 12,
    "nOT": [
        0,
        0,
        0,
        0,
        0,
        0,
        0,
        0,
        0,
        0,
        0,
        0,
        0,
        0,
        1,
        0,
        0,
        0,
        0,
        0,
        0
    ],
    "pace": 71.30510228338586,
    "poss": [
        [
            80.28,
            83.12
        ],
        [
            71.28,
            66.6
        ],
        [
            78.88,
            81.88
        ],
        [
            78.44,
            79.2
        ],
        [
            77.56,
            78.96000000000001
        ],
        [
            72.68,
            72.24
        ],
        [
            77.16,
            78.4
        ],
        [
            68.04,
            68.84
        ],
        [
            71.88,
            70.88
        ],
        [
            70.08,
            70.72
        ],
        [
            67.68,
            68.72
        ],
        [
            64.8,
            64.72
        ],
        [
            68.8,
            72.76
        ],
        [
            64.0,
            62.2
        ],
        [
            77.32,
            80.76
        ],
        [
            57.28,
            54.24
        ],
        [
            68.0,
            66.64
        ],
        [
            66.68,
            67.44
        ],
        [
            74.48,
            74.92
        ],
        [
            66.84,
            65.64
        ],
        [
            78.84,
            77.36
        ]
    ],
    "preseason_pace": 66.96591019205798,
    "preseason_pred": 6.857111284088888,
    "preseason_predd": 100.8707766921789,
    "preseason_predo": 107.72788797626778,