{
    "CompRank": 78,
    "CompositeDef": 92.75600740647755,
    "CompositeOff": 102.75005316314395,
    "CompositePace": 71.10473726798705,
    "CompositeRating": 9.99404575666639,
    "HA": [
        "H",
        "H",
        "H",
        "H",
        "N",
        "N",
        "A",
        "N",
        "N",
        "H",
        "H",
        "A"
    ],
    "OAst": 149.0,
    "OAvgCompRat": 0.8048277103845812,
    "OBlk": 40.0,
    "ODR": 291.0,
    "OFGA": 674.0,
    "OFGA3": 333.0,
    "OFGM": 276.0,
    "OFGM3": 104.0,
    "OFTA": 170.0,
    "OFTM": 117.0,
    "OOR": 130.0,
    "OPF": 215.0,
    "OScore": 773.0,
    "OStl": 81.0,
    "OTO": 234.0,
    "Oastr": 0.13164870118395477,
    "Ocomprank": 153,
    "Ocorrdastr": 0.13968072197017312,
    "Ocorrdeff": 99.7867917335699,
    "Ocorrdeffrank": 138,
    "Ocorrdefgp": 0.4898420977389844,
    "Ocorrdftr": 0.3142150500686428,
    "Ocorrdorbp": 0.25525240005991273,
    "Ocorrdtovr": 0.15892899237143684,
    "Ocorroastr": 0.14375447193517177,
    "Ocorroeff": 100.53543982834834,
    "Ocorroeffrank": 221,
    "Ocorroefgp": 0.5042424422150009,
    "Ocorroftr": 0.3159380248189731,
    "Ocorroorbp": 0.277196172416239,
    "Ocorrotovr": 0.16172496329143163,
    "Oeff": 90.64258911819888,
    "Oefgp": 0.486646884272997,
    "Oftr": 0.2522255192878338,
    "Oneteff": 0.7486480947784457,
    "Oneteffrank": 173,
    "Oorbp": 0.3217821782178218,
    "Oposs": 852.8,
    "Otovr": 0.2380952380952381,
    "SoR": 65.53126979963652,
    "SoRrank": 42,
    "TAst": 149.0,
    "TBlk": 45.0,
    "TDR": 274.0,
    "TFGA": 712.0,
    "TFGA3": 276.0,
    "TFGM": 305.0,
    "TFGM3": 91.0,
    "TFTA": 258.0,
    "TFTM": 183.0,
    "TOR": 114.0,
    "TPF": 160.0,
    "TScore": 884.0,
    "TStl": 124.0,
    "TTO": 161.0,
    "Tastr": 0.13121741580949697,
    "Tcorrdastr": 0.12949992750185332,
    "Tcorrdastrrank": 101,
    "Tcorrdeff": 91.00365127515524,
    "Tcorrdeffrank": 42,
    "Tcorrdefgp": 0.4832906457675862,
    "Tcorrdefgprank": 123,
    "Tcorrdftr": 0.250636908919421,
    "Tcorrdftrrank": 56,
    "Tcorrdorbp": 0.31222414539383825,
    "Tcorrdorbprank": 305,
    "Tcorrdtovr": 0.23982590188930214,
    "Tcorrdtovrrank": 2,
    "Tcorroastr": 0.1327349639971802,
    "Tcorroastrrank": 233,
    "Tcorroeff": 102.49160344464971,
    "Tcorroeffrank": 156,
    "Tcorroefgp": 0.5033298790220505,
    "Tcorroefgprank": 159,
    "Tcorroftr": 0.36278930377392815,
    "Tcorroftrrank": 68,
    "Tcorroorbp": 0.29774865103229914,
    "Tcorroorbprank": 105,
    "Tcorrotovr": 0.16712345068955306,
    "Tcorrotovrrank": 222,
    "Teff": 101.31572915234035,
    "Tefgp": 0.4922752808988764,
    "Tftr": 0.36235955056179775,
    "Tneteff": 11.487952169494477,
    "Tneteffrank": 75,
    "Torbp": 0.2814814814814815,
    "Tposs": 872.52,
    "Ttovr": 0.16319993512549164,
    "closses": 1,
    "confplace": 6,
    "cwins": 0,
    "dates": [
        [
            11,
            7
        ],
        [
            11,
            12
        ],
        [
            11,
            15
        ],
        [
            11,
            18
        ],
        [
            11,
            22
        ],
        [
            11,
            23
        ],
        [
            12,
            3
        ],
        [
            12,
            7
        ],
        [
            12,
            10
        ],
        [
            12,
            17
        ],
        [
            12,
            22
        ],
        [
            12,
            28
        ]
    ],
    "geff": [
        [
            89.52794357026588,
            72.57646448937274
        ],
        [
            120.94557449147882,
            81.47956544231765
        ],
        [
            87.361677344205,
            79.26829268292684
        ],
        [
            98.5346134411319,
            89.80454305335446
        ],
        [
            84.89993935718617,
            84.366391184573
        ],
        [
            102.5418833044483,
            89.38869665513265
        ],
        [
            125.19768054823406,
            101.66840458811262
        ],
        [
            106.4712389380531,
            86.20689655172414
        ],
        [
            113.77613776137763,
            110.20151133501258
        ],
        [
            102.24089635854341,
            103.30578512396696
        ],
        [
            97.98728813559323,
            85.59782608695653
        ],
        [
            86.91453404152583,
            105.33707865168539
        ]
    ],
    "losses": 2,
    "nOT": [
        0,
        0,
        0,
        0,
        0,
        0,
        0,
        0,
        0,
        0,
        0,
        1
    ],
    "pace": 71.9528185098769,
    "poss": [
        [
            73.72,
            77.16
        ],
        [
            72.76,
            77.32
        ],
        [
            68.68,
            65.6
        ],
        [
            79.16,
            75.72
        ],
        [
            65.96000000000001,
            58.08
        ],
        [
            69.24,
            69.36
        ],
        [
            75.88,
            76.72
        ],
        [
            72.32,
            71.92
        ],
        [
            65.03999999999999,
            63.52
        ],
        [
            71.4,
            72.6
        ],
        [
            75.52,
            73.6
        ],
        [
            82.84,
            71.2
        ]
    ],
    "preseason_pace": 67.75429285558263,
    "preseason_pred": 4.092193261543079,
    "preseason_predd": 99.67889582651632,
    "preseason_predo": 103.77108908805941,
    "schedule": [
        "southern",
        "incarnate-word",
        "dayton",
        "high-point",
        "southern-illinois",
        "minnesota",
        "san-diego",
        "hawaii",
        "washington-state",
        "san-francisco",
        "southern-mississippi",
        "san-jose-state"
    ],
    "scores": [
        [
            66,
            56
        ],
        [
            88,
            63
        ],
        [
            60,
            52
        ],
        [
            78,
            68
        ],
        [
            56,
            49
        ],
        [
            71,
            62
        ],
        [
            95,
            78
        ],
        [
            77,
            62
        ],
        [
            74,
            70
        ],
        [
            73,
            75
        ],
        [
            74,
            63
        ],
        [
            72,
            75
        ]
    ],
    "wins": 10
}