{
    "CompRank": 190,
    "CompositeDef": 99.0985225909157,
    "CompositeOff": 96.52673005843664,
    "CompositePace": 67.31102071361715,
    "CompositeRating": -2.5717925324790616,
    "HA": [
        "A",
        "A",
        "A",
        "H",
        "N",
        "N",
        "A",
        "A"
    ],
    "OAst": 97.0,
    "OAvgCompRat": 3.297558697875627,
    "OBlk": 38.0,
    "ODR": 193.0,
    "OFGA": 434.0,
    "OFGA3": 153.0,
    "OFGM": 188.0,
    "OFGM3": 45.0,
    "OFTA": 202.0,
    "OFTM": 146.0,
    "OOR": 69.0,
    "OPF": 145.0,
    "OScore": 567.0,
    "OStl": 55.0,
    "OTO": 94.0,
    "Oastr": 0.13587717823723874,
    "Ocomprank": 71,
    "Ocorrdastr": 0.13772202568115874,
    "Ocorrdeff": 102.21318367284965,
    "Ocorrdeffrank": 147,
    "Ocorrdefgp": 0.49894530576912965,
    "Ocorrdftr": 0.3345812487452485,
    "Ocorrdorbp": 0.2802280140394067,
    "Ocorrdtovr": 0.1446716178528232,
    "Ocorroastr": 0.14727210108783373,
    "Ocorroeff": 110.846152026447,
    "Ocorroeffrank": 8,
    "Ocorroefgp": 0.5339106655553216,
    "Ocorroftr": 0.3201607666058233,
    "Ocorroorbp": 0.2890539316199834,
    "Ocorrotovr": 0.1453366433837477,
    "Oeff": 103.48981528801927,
    "Oefgp": 0.48502304147465436,
    "Oftr": 0.46543778801843316,
    "Oneteff": 8.632968353597349,
    "Oneteffrank": 32,
    "Oorbp": 0.26953125,
    "Oposs": 547.88,
    "Otovr": 0.15237971728699262,
    "SoR": 0.3985651865935802,
    "SoRrank": 202,
    "TAst": 83.0,
    "TBlk": 33.0,
    "TDR": 187.0,
    "TFGA": 463.0,
    "TFGA3": 119.0,
    "TFGM": 189.0,
    "TFGM3": 31.0,
    "TFTA": 168.0,
    "TFTM": 104.0,
    "TOR": 87.0,
    "TPF": 170.0,
    "TScore": 513.0,
    "TStl": 48.0,
    "TTO": 107.0,
    "Tastr": 0.1141803774830793,
    "Tcorrdastr": 0.12867782431300484,
    "Tcorrdastrrank": 112,
    "Tcorrdeff": 96.15868078077624,
    "Tcorrdeffrank": 69,
    "Tcorrdefgp": 0.45379384744882517,
    "Tcorrdefgprank": 50,
    "Tcorrdftr": 0.49139509630322037,
    "Tcorrdftrrank": 351,
    "Tcorrdorbp": 0.25763347548318377,
    "Tcorrdorbprank": 117,
    "Tcorrdtovr": 0.1584114205116512,
    "Tcorrdtovrrank": 139,
    "Tcorroastr": 0.11574195463673177,
    "Tcorroastrrank": 299,
    "Tcorroeff": 92.83238256524676,
    "Tcorroeffrank": 318,
    "Tcorroefgp": 0.44254801754405815,
    "Tcorroefgprank": 327,
    "Tcorroftr": 0.36822275192747767,
    "Tcorroftrrank": 111,
    "Tcorroorbp": 0.30744808883284597,
    "Tcorroorbprank": 95,
    "Tcorrotovr": 0.17350294533321364,
    "Tcorrotovrrank": 305,
    "Teff": 92.11376858435683,
    "Tefgp": 0.44168466522678185,
    "Tftr": 0.36285097192224625,
    "Tneteff": -3.3262982155294765,
    "Tneteffrank": 206,
    "Torbp": 0.3107142857142857,
    "Tposs": 556.92,
    "Ttovr": 0.16616971052304635,
    "closses": 0,
    "confplace": 1,
    "cwins": 0,
    "dates": [
        [
            11,
            6
        ],
        [
            11,
            11
        ],
        [
            11,
            14
        ],
        [
            11,
            17
        ],
        [
            11,
            21
        ],
        [
            11,
            22
        ],
        [
            11,
            25
        ],
        [
            11,
            30
        ]
    ],
    "geff": [
        [
            86.07198748043818,
            94.97057249866238
        ],
        [
            103.82059800664453,
            95.14051522248245
        ],
        [
            74.13509060955519,
            133.08528906697197
        ],
        [
            104.4689495066744,
            87.71929824561403
        ],
        [
            82.81573498964804,
            101.44429160935351
        ],
        [
            96.59746251441753,
            108.1239041496201
        ],
        [
            103.16563029960429,
            95.87449157466588
        ],
        [
            85.09389671361502,
            111.9186046511628
        ]
    ],
    "losses": 5,
    "nOT": [
        0,
        0,
        0,
        0,
        0,
        0,
        0,
        0
    ],
    "pace": 68.45057090887929,
    "poss": [
        [
            76.68,
            74.76
        ],
        [
            72.24,
            68.32
        ],
        [
            72.84,
            69.88
        ],
        [
            68.92,
            70.68
        ],
        [
            57.96,
            58.16
        ],
        [
            69.36,
            68.44
        ],
        [
            70.76,
            68.84
        ],
        [
            68.16,
            68.8
        ]
    ],
    "preseason_pace": 65.31016440369187,
    "preseason_pred": -1.2470088914577575,
    "preseason_predd": 104.26038475412352,
    "preseason_predo": 103.01337586266577,
    "schedule": [
        "arkansas-little-rock",
        "miami-oh",
        "oklahoma",
        "texas-san-antonio",
        "mcneese-state",
        "southern-utah",
        "texas-arlington",
        "texas"
    ],
    "scores": [
        [
            66,
            71
        ],
        [
            75,
            65
        ],
        [
            54,
            93
        ],
        [
            72,
            62
        ],
        [
            48,
            59
        ],
        [
            67,
            74
        ],
        [
            73,
            66
        ],
        [
            58,
            77
        ]
    ],
    "wins": 3
}