{
    "CompRank": 83,
    "CompositeDef": 97.13384755499685,
    "CompositeOff": 107.03385536339236,
    "CompositePace": 71.98435396667107,
    "CompositeRating": 9.900007808395516,
    "HA": [
        "H",
        "A",
        "H",
        "H",
        "H",
        "H",
        "H",
        "H",
        "A",
        "A",
        "H",
        "A",
        "H",
        "A",
        "A",
        "H",
        "A",
        "H",
        "H",
        "A",
        "A",
        "H",
        "A",
        "A"
    ],
    "OAst": 292.0,
    "OAvgCompRat": -3.3734787104488926,
    "OBlk": 93.0,
    "ODR": 554.0,
    "OFGA": 1444.0,
    "OFGA3": 457.0,
    "OFGM": 636.0,
    "OFGM3": 143.0,
    "OFTA": 344.0,
    "OFTM": 239.0,
    "OOR": 195.0,
    "OPF": 437.0,
    "OScore": 1654.0,
    "OStl": 145.0,
    "OTO": 325.0,
    "Oastr": 0.1319857527707968,
    "Ocomprank": 290,
    "Ocorrdastr": 0.14780183312940445,
    "Ocorrdeff": 105.11469117211651,
    "Ocorrdeffrank": 314,
    "Ocorrdefgp": 0.5116769486408266,
    "Ocorrdftr": 0.3004162349303125,
    "Ocorrdorbp": 0.2796202006681043,
    "Ocorrdtovr": 0.14834583784935254,
    "Ocorroastr": 0.1389898247489905,
    "Ocorroeff": 101.0372466597342,
    "Ocorroeffrank": 251,
    "Ocorroefgp": 0.4955460441824002,
    "Ocorroftr": 0.327686376991135,
    "Ocorroorbp": 0.2548642926210762,
    "Ocorrotovr": 0.1560603742547037,
    "Oeff": 95.86405156025408,
    "Oefgp": 0.4899584487534626,
    "Oftr": 0.23822714681440443,
    "Oneteff": -4.077444512382314,
    "Oneteffrank": 290,
    "Oorbp": 0.24621212121212122,
    "Oposs": 1725.3600000000001,
    "Otovr": 0.16923910100189546,
    "SoR": 64.98652275248386,
    "SoRrank": 38,
    "TAst": 315.0,
    "TBlk": 83.0,
    "TDR": 597.0,
    "TFGA": 1529.0,
    "TFGA3": 724.0,
    "TFGM": 655.0,
    "TFGM3": 236.0,
    "TFTA": 479.0,
    "TFTM": 353.0,
    "TOR": 298.0,
    "TPF": 401.0,
    "TScore": 1899.0,
    "TStl": 174.0,
    "TTO": 284.0,
    "Tastr": 0.13468675708495098,
    "Tcorrdastr": 0.13581602358747993,
    "Tcorrdastrrank": 122,
    "Tcorrdeff": 97.06735838986009,
    "Tcorrdeffrank": 88,
    "Tcorrdefgp": 0.4981503129013642,
    "Tcorrdefgprank": 150,
    "Tcorrdftr": 0.23068569118151255,
    "Tcorrdftrrank": 16,
    "Tcorrdorbp": 0.25947056813932673,
    "Tcorrdorbprank": 152,
    "Tcorrdtovr": 0.17174143050828783,
    "Tcorrdtovrrank": 92,
    "Tcorroastr": 0.13024147540545455,
    "Tcorroastrrank": 272,
    "Tcorroeff": 107.11383523494416,
    "Tcorroeffrank": 90,
    "Tcorroefgp": 0.4978891173939115,
    "Tcorroefgprank": 199,
    "Tcorroftr": 0.33195260806157717,
    "Tcorroftrrank": 128,
    "Tcorroorbp": 0.33699992967208126,
    "Tcorroorbprank": 27,
    "Tcorrotovr": 0.14972208150564273,
    "Tcorrotovrrank": 120,
    "Teff": 110.03847580196552,
    "Tefgp": 0.5055591890124265,
    "Tftr": 0.3132766514061478,
    "Tneteff": 10.046476845084072,
    "Tneteffrank": 84,
    "Torbp": 0.34976525821596244,
    "Tposs": 1725.76,
    "Ttovr": 0.14033284579199115,
    "closses": 2,
    "confplace": 1,
    "cwins": 10,
    "dates": [
        [
            11,
            7
        ],
        [
            11,
            11
        ],
        [
            11,
            14
        ],
        [
            11,
            17
        ],
        [
            11,
            18
        ],
        [
            11,
            20
        ],
        [
            11,
            23
        ],
        [
            11,
            29
        ],
        [
            12,
            3
        ],
        [
            12,
            6
        ],
        [
            12,
            14
        ],
        [
            12,
            19
        ],
        [
            12,
            29
        ],
        [
            12,
            31
        ],
        [
            1,
            4
        ],
        [
            1,
            7
        ],
        [
            1,
            11
        ],
        [
            1,
            14
        ],
        [
            1,
            16
        ],
        [
            1,
            19
        ],
        [
            1,
            21
        ],
        [
            1,
            28
        ],
        [
            2,
            2
        ],
        [
            2,
            4
        ]
    ],
    "geff": [
        [
            112.01897733263047,
            101.98744769874476
        ],
        [
            110.3129810159056,
            136.50963597430408
        ],
        [
            111.43410852713178,
            107.2961373390558
        ],
        [
            128.46420323325634,
            93.69676320272573
        ],
        [
            105.71428571428571,
            87.71929824561404
        ],
        [
            105.0764192139738,
            98.4251968503937
        ],
        [
            102.15350635008284,
            103.21100917431193
        ],
        [
            108.63267670915413,
            91.74311926605503
        ],
        [
            113.37543053960964,
            79.03494176372712
        ],
        [
            105.27969830295412,
            93.26113116726835
        ],
        [
            101.30922693266834,
            98.0392156862745
        ],
        [
            115.79241071428571,
            90.21966527196652
        ],
        [
            116.61425576519918,
            81.85721953837896
        ],
        [
            99.78991596638656,
            95.11568123393316
        ],
        [
            113.02211302211302,
            100.45778229908443
        ],
        [
            104.86577181208054,
            90.49773755656109
        ],
        [
            106.79903730445245,
            111.21856866537718
        ],
        [
            114.63844797178129,
            85.66533409480299
        ],
        [
            114.14253897550111,
            75.37688442211055
        ],
        [
            100.99531615925059,
            80.78730904817861
        ],
        [
            110.07085020242914,
            78.44650205761316
        ],
        [
            111.50881057268722,
            118.84787472035795
        ],
        [
            101.41093474426806,
            102.27936879018118
        ],
        [
            126.58227848101266,
            98.47148736037624
        ]
    ],
    "losses": 3,
    "nOT": [
        0,
        0,
        1,
        0,
        0,
        0,
        0,
        0,
        0,
        0,
        0,
        0,
        0,
        1,
        0,
        0,
        0,
        0,
        0,
        0,
        0,
        0,
        0,
        0
    ],
    "pace": 71.98836617760605,