{
    "CompRank": 109,
    "CompositeDef": 101.43854556063101,
    "CompositeOff": 106.25619651313549,
    "CompositePace": 64.37019535484052,
    "CompositeRating": 4.817650952504467,
    "HA": [
        "H",
        "A",
        "A",
        "H",
        "H",
        "H",
        "H",
        "H",
        "A",
        "A",
        "H",
        "A",
        "A",
        "H",
        "H",
        "H"
    ],
    "OAst": 235.0,
    "OAvgCompRat": -5.984578199281384,
    "OBlk": 48.0,
    "ODR": 383.0,
    "OFGA": 904.0,
    "OFGA3": 546.0,
    "OFGM": 342.0,
    "OFGM3": 178.0,
    "OFTA": 209.0,
    "OFTM": 144.0,
    "OOR": 168.0,
    "OPF": 192.0,
    "OScore": 1006.0,
    "OStl": 80.0,
    "OTO": 210.0,
    "Oastr": 0.16308572063069066,
    "Ocomprank": 355,
    "Ocorrdastr": 0.1522689274868051,
    "Ocorrdeff": 108.4922993361065,
    "Ocorrdeffrank": 332,
    "Ocorrdefgp": 0.5188514255938504,
    "Ocorrdftr": 0.35882124169084323,
    "Ocorrdorbp": 0.2922143458948994,
    "Ocorrdtovr": 0.15004597037204193,
    "Ocorroastr": 0.1302562915752176,
    "Ocorroeff": 101.85747269364911,
    "Ocorroeffrank": 333,
    "Ocorroefgp": 0.48461146071285094,
    "Ocorroftr": 0.3111369655146789,
    "Ocorroorbp": 0.3024817081440879,
    "Ocorrotovr": 0.14761739501511426,
    "Oeff": 96.92088327103164,
    "Oefgp": 0.47676991150442477,
    "Oftr": 0.23119469026548672,
    "Oneteff": -6.634826642457384,
    "Oneteffrank": 344,
    "Oorbp": 0.3071297989031079,
    "Oposs": 1037.96,
    "Otovr": 0.17413512885999535,
    "SoR": 0.3489009761768358,
    "SoRrank": 116,
    "TAst": 248.0,
    "TBlk": 46.0,
    "TDR": 379.0,
    "TFGA": 897.0,
    "TFGA3": 454.0,
    "TFGM": 392.0,
    "TFGM3": 150.0,
    "TFTA": 289.0,
    "TFTM": 206.0,
    "TOR": 131.0,
    "TPF": 262.0,
    "TScore": 1140.0,
    "TStl": 143.0,
    "TTO": 145.0,
    "Tastr": 0.1749978830901239,
    "Tcorrdastr": 0.18241308173497642,
    "Tcorrdastrrank": 356,
    "Tcorrdeff": 100.33133275649203,
    "Tcorrdeffrank": 90,
    "Tcorrdefgp": 0.4989515788119981,
    "Tcorrdefgprank": 143,
    "Tcorrdftr": 0.24912893892184115,
    "Tcorrdftrrank": 23,
    "Tcorrdorbp": 0.2918061379560696,
    "Tcorrdorbprank": 206,
    "Tcorrdtovr": 0.1778380669050469,
    "Tcorrdtovrrank": 49,
    "Tcorroastr": 0.1674632726237384,
    "Tcorroastrrank": 67,
    "Tcorroeff": 106.73599027846072,
    "Tcorroeffrank": 159,
    "Tcorroefgp": 0.5091484959124369,
    "Tcorroefgprank": 167,
    "Tcorroftr": 0.3019307441859592,
    "Tcorroftrrank": 255,
    "Tcorroorbp": 0.2512651251486109,
    "Tcorroorbprank": 274,
    "Tcorrotovr": 0.12458310662199877,
    "Tcorrotovrrank": 30,
    "Teff": 109.80966325036603,
    "Tefgp": 0.5206243032329989,
    "Tftr": 0.3221850613154961,
    "Tneteff": 6.404657521968687,
    "Tneteffrank": 105,
    "Torbp": 0.25486381322957197,
    "Tposs": 1038.16,
    "Ttovr": 0.12402066440863525,
    "closses": 1,
    "confplace": 1,
    "cwins": 5,
    "dates": [
        [
            11,
            4
        ],
        [
            11,
            8
        ],
        [
            11,
            12
        ],
        [
            11,
            16
        ],
        [
            11,
            25
        ],
        [
            11,
            26
        ],
        [
            11,
            29
        ],
        [
            12,
            8
        ],
        [
            12,
            15
        ],
        [
            12,
            16
        ],
        [
            12,
            21
        ],
        [
            1,
            2
        ],
        [
            1,
            4
        ],
        [
            1,
            9
        ],
        [
            1,
            11
        ],
        [
            1,
            15
        ]
    ],
    "geff": [
        [
            99.94288977727014,
            118.43790012804097
        ],
        [
            107.36196319018404,
            97.38283627510651
        ],
        [
            83.28192473781615,
            93.89671361502347
        ],
        [
            110.29411764705883,
            93.16770186335403
        ],
        [
            130.67828251400124,
            99.36908517350157
        ],
        [
            101.02629890955741,
            111.03400416377515
        ],
        [
            114.97824735860783,
            102.52365930599368
        ],
        [
            118.89862327909887,
            112.8048780487805
        ],
        [
            123.17518248175182,
            106.1320754716981
        ],
        [
            82.65856950067476,
            95.8994708994709
        ],
        [
            120.61403508771929,
            78.67694283879254
        ],
        [
            124.91888384166126,
            83.38783518639634
        ],
        [
            112.49259917110716,
            69.52662721893492
        ],
        [
            128.98845892735912,
            98.47522236340535
        ],
        [
            91.4103308183401,
            104.84347312463083
        ],
        [
            108.31889081455807,
            87.71929824561403
        ]
    ],
    "losses": 5,
    "nOT": [
        0,
        0,
        0,
        0,
        0,
        0,
        1,
        0,
        0,
        0,
        0,
        0,
        0,
        0,
        1,
        0
    ],
    "pace": 63.90962717199334,
    "poss": [
        [
            70.03999999999999,
            62.480000000000004
        ],
        [
            65.2,
            65.72
        ],
        [
            64.84,
            68.16
        ],
        [
            68.0,
            70.84
        ],
        [
            64.28,
            63.4
        ],
        [
            62.36,
            57.64
        ],
        [
            64.36,
            63.400000000000006
        ],
        [
            63.92,
            65.6
        ],
        [
            65.76,
            67.84
        ],
        [
            59.28,
            60.480000000000004
        ],
        [
            63.84,
            62.28
        ],
        [
            61.64,
            61.16
        ],
        [
            67.56,
            67.6
        ],
        [
            58.92,
            62.959999999999994
        ],
        [
            68.92,
            67.72
        ],
        [
            69.24,
            70.68
        ]
    ],
    "preseason_pace": 67.99123823483143,
    "preseason_pred": -7.659587061055892,
    "preseason_predd": 110.14358683438441,
    "preseason_predo": 102.48399977332852,
    "schedule": [
        "central-michigan",
        "nicholls-state",
        "mississippi",
        "mercer",
        "incarnate-word",
        "western-illinois",
        "alcorn-state",
        "jacksonville-state",
        "texas-am-commerce",
        "texas-christian",
        "james-madison",
        "georgia-state",
        "georgia-southern",
        "arkansas-state",
        "old-dominion",
        "southern-mississippi"
    ],
    "scores": [
        [
            70,
            74
        ],
        [
            70,
            64
        ],
        [
            54,
            64
        ],
        [
            75,
            66
        ],
        [
            84,
            63
        ],
        [
            63,
            64
        ],
        [
            74,
            65
        ],
        [
            76,
            74
        ],
        [
            81,
            72
        ],
        [
            49,
            58
        ],
        [
            77,
            49
        ],
        [
            77,
            51
        ],
        [
            76,
            47
        ],
        [
            76,
            62
        ],
        [
            63,
            71
        ],
        [
            75,
            62
        ]
    ],
    "wins": 11
}