{
    "CompRank": 264,
    "CompositeDef": 109.9452299670291,
    "CompositeOff": 100.96173803547498,
    "CompositePace": 65.87565737869704,
    "CompositeRating": -8.983491931554124,
    "HA": [
        "A",
        "A",
        "H",
        "H",
        "H",
        "A",
        "A"
    ],
    "OAst": 95.0,
    "OAvgCompRat": -2.143968077332142,
    "OBlk": 28.0,
    "ODR": 160.0,
    "OFGA": 412.0,
    "OFGA3": 180.0,
    "OFGM": 189.0,
    "OFGM3": 60.0,
    "OFTA": 158.0,
    "OFTM": 109.0,
    "OOR": 67.0,
    "OPF": 121.0,
    "OScore": 547.0,
    "OStl": 52.0,
    "OTO": 66.0,
    "Oastr": 0.14785531967876486,
    "Ocomprank": 241,
    "Ocorrdastr": 0.14852555852676425,
    "Ocorrdeff": 105.04387456532234,
    "Ocorrdeffrank": 257,
    "Ocorrdefgp": 0.5147807152563656,
    "Ocorrdftr": 0.32124009758281075,
    "Ocorrdorbp": 0.29922918371180957,
    "Ocorrdtovr": 0.14655225651193013,
    "Ocorroastr": 0.11522385773608187,
    "Ocorroeff": 103.11713312775073,
    "Ocorroeffrank": 181,
    "Ocorroefgp": 0.48169020222792597,
    "Ocorroftr": 0.3732129450786484,
    "Ocorroorbp": 0.299903491398656,
    "Ocorrotovr": 0.15764461285907463,
    "Oeff": 113.83501207025722,
    "Oefgp": 0.5315533980582524,
    "Oftr": 0.38349514563106796,
    "Oneteff": -1.9267414375716072,
    "Oneteffrank": 231,
    "Oorbp": 0.29385964912280704,
    "Oposs": 480.52,
    "Otovr": 0.12054354178842783,
    "SoR": 0.0,
    "SoRrank": 267,
    "TAst": 67.0,
    "TBlk": 16.0,
    "TDR": 161.0,
    "TFGA": 392.0,
    "TFGA3": 148.0,
    "TFGM": 174.0,
    "TFGM3": 48.0,
    "TFTA": 129.0,
    "TFTM": 92.0,
    "TOR": 44.0,
    "TPF": 131.0,
    "TScore": 488.0,
    "TStl": 34.0,
    "TTO": 72.0,
    "Tastr": 0.11399210562134204,
    "Tcorrdastr": 0.1782268866745426,
    "Tcorrdastrrank": 348,
    "Tcorrdeff": 113.57732706360619,
    "Tcorrdeffrank": 329,
    "Tcorrdefgp": 0.5507040523196586,
    "Tcorrdefgprank": 314,
    "Tcorrdftr": 0.34904967727378894,
    "Tcorrdftrrank": 211,
    "Tcorrdorbp": 0.2705445204492879,
    "Tcorrdorbprank": 167,
    "Tcorrdtovr": 0.11577925334747789,
    "Tcorrdtovrrank": 337,
    "Tcorroastr": 0.10667973285395049,
    "Tcorroastrrank": 330,
    "Tcorroeff": 100.26983681957616,
    "Tcorroeffrank": 217,
    "Tcorroefgp": 0.4900589753551041,
    "Tcorroefgprank": 211,
    "Tcorroftr": 0.3496383206248076,
    "Tcorroftrrank": 157,
    "Tcorroorbp": 0.19981082441498516,
    "Tcorroorbprank": 330,
    "Tcorrotovr": 0.14279040331392434,
    "Tcorrotovrrank": 136,
    "Teff": 102.35758033392064,
    "Tefgp": 0.5051020408163265,
    "Tftr": 0.32908163265306123,
    "Tneteff": -13.307490244030035,
    "Tneteffrank": 301,
    "Torbp": 0.21568627450980393,
    "Tposs": 476.76,
    "Ttovr": 0.13825946693294416,
    "closses": 0,
    "confplace": 1,
    "cwins": 0,
    "dates": [
        [
            11,
            11
        ],
        [
            11,
            14
        ],
        [
            11,
            16
        ],
        [
            11,
            17
        ],
        [
            11,
            19
        ],
        [
            11,
            25
        ],
        [
            11,
            30
        ]
    ],
    "geff": [
        [
            105.99636583888554,
            80.22922636103152
        ],
        [
            65.48974943052393,
            151.78571428571428
        ],
        [
            106.31302060499782,
            107.00797314309695
        ],
        [
            122.53436939629408,
            113.8433515482696
        ],
        [
            142.00792602377805,
            119.66364812419145
        ],
        [
            86.75078864353313,
            103.34346504559271
        ],
        [
            89.10212474297464,
            128.01755669348938
        ]
    ],
    "losses": 4,
    "nOT": [
        0,
        0,
        3,
        0,
        0,
        0,
        0
    ],
    "pace": 65.05419978421253,
    "poss": [
        [
            66.03999999999999,
            69.8
        ],
        [
            70.24,
            67.2
        ],
        [
            91.24,
            95.32
        ],
        [
            66.92,
            65.88
        ],
        [
            60.56,
            61.84
        ],
        [
            63.4,
            65.8
        ],
        [
            58.36,
            54.68
        ]
    ],
    "preseason_pace": 66.97994879515085,
    "preseason_pred": -3.1707095636166844,
    "preseason_predd": 105.06257543390768,
    "preseason_predo": 101.89186587029099,
    "schedule": [
        "buffalo",
        "alabama",
        "nicholls-state",
        "denver",
        "southern-illinois-edwardsville",
        "maryland",
        "jacksonville-state"
    ],
    "scores": [
        [
            70,
            56
        ],
        [
            46,
            102
        ],
        [
            97,
            102
        ],
        [
            82,
            75
        ],
        [
            86,
            74
        ],
        [
            55,
            68
        ],
        [
            52,
            70
        ]
    ],
    "wins": 3
}