{
    "CompRank": 203,
    "CompositeDef": 108.51236370147156,
    "CompositeOff": 104.71486122425368,
    "CompositePace": 63.367013400724936,
    "CompositeRating": -3.7975024772178734,
    "HA": [
        "H",
        "A",
        "A",
        "H",
        "H",
        "H",
        "H",
        "A",
        "A",
        "H",
        "N",
        "H",
        "H",
        "A",
        "H",
        "A",
        "H",
        "A",
        "A",
        "H",
        "A",
        "H"
    ],
    "OAst": 286.0,
    "OAvgCompRat": -0.8821180911681,
    "OBlk": 67.0,
    "ODR": 480.0,
    "OFGA": 1179.0,
    "OFGA3": 458.0,
    "OFGM": 539.0,
    "OFGM3": 171.0,
    "OFTA": 429.0,
    "OFTM": 315.0,
    "OOR": 188.0,
    "OPF": 388.0,
    "OScore": 1564.0,
    "OStl": 129.0,
    "OTO": 256.0,
    "Oastr": 0.14975703753351208,
    "Ocomprank": 187,
    "Ocorrdastr": 0.14149260874066766,
    "Ocorrdeff": 106.12757814550383,
    "Ocorrdeffrank": 258,
    "Ocorrdefgp": 0.5051876243150748,
    "Ocorrdftr": 0.32379004765995073,
    "Ocorrdorbp": 0.27533029089989197,
    "Ocorrdtovr": 0.14164497606434748,
    "Ocorroastr": 0.14595489559487476,
    "Ocorroeff": 104.9144252328288,
    "Ocorroeffrank": 160,
    "Ocorroefgp": 0.5145409515665441,
    "Ocorroftr": 0.34330795750830423,
    "Ocorroorbp": 0.26063754351101925,
    "Ocorrotovr": 0.15187770207676773,
    "Oeff": 108.93185490611245,
    "Oefgp": 0.5296861747243427,
    "Oftr": 0.3638676844783715,
    "Oneteff": -1.213152912675028,
    "Oneteffrank": 204,
    "Oorbp": 0.2865853658536585,
    "Oposs": 1435.76,
    "Otovr": 0.15765876730551312,
    "SoR": 0.0,
    "SoRrank": 161,
    "TAst": 333.0,
    "TBlk": 91.0,
    "TDR": 468.0,
    "TFGA": 1143.0,
    "TFGA3": 525.0,
    "TFGM": 525.0,
    "TFGM3": 199.0,
    "TFTA": 367.0,
    "TFTM": 249.0,
    "TOR": 155.0,
    "TPF": 332.0,
    "TScore": 1498.0,
    "TStl": 149.0,
    "TTO": 261.0,
    "Tastr": 0.17540348067928027,
    "Tcorrdastr": 0.14594636637086877,
    "Tcorrdastrrank": 212,
    "Tcorrdeff": 108.6792392359555,
    "Tcorrdeffrank": 257,
    "Tcorrdefgp": 0.5186761402660635,
    "Tcorrdefgprank": 226,
    "Tcorrdftr": 0.35098380139597923,
    "Tcorrdftrrank": 239,
    "Tcorrdorbp": 0.3060837561349792,
    "Tcorrdorbprank": 286,
    "Tcorrdtovr": 0.15441942044190662,
    "Tcorrdtovrrank": 117,
    "Tcorroastr": 0.1764795291279992,
    "Tcorroastrrank": 32,
    "Tcorroeff": 104.7453391448639,
    "Tcorroeffrank": 180,
    "Tcorroefgp": 0.5450826619787591,
    "Tcorroefgprank": 57,
    "Tcorroftr": 0.3293776322705085,
    "Tcorroftrrank": 177,
    "Tcorroorbp": 0.24743133938605746,
    "Tcorroorbprank": 273,
    "Tcorrotovr": 0.17510660719550755,
    "Tcorrotovrrank": 334,
    "Teff": 106.20497986501049,
    "Tefgp": 0.5463692038495188,
    "Tftr": 0.321084864391951,
    "Tneteff": -3.9339000910916013,
    "Tneteffrank": 206,
    "Torbp": 0.2440944881889764,
    "Tposs": 1410.48,
    "Ttovr": 0.16672202774867773,
    "closses": 9,
    "confplace": 10,
    "cwins": 1,
    "dates": [
        [
            11,
            6
        ],
        [
            11,
            10
        ],
        [
            11,
            12
        ],
        [
            11,
            16
        ],
        [
            11,
            17
        ],
        [
            11,
            19
        ],
        [
            11,
            22
        ],
        [
            11,
            26
        ],
        [
            12,
            3
        ],
        [
            12,
            9
        ],
        [
            12,
            16
        ],
        [
            12,
            21
        ],
        [
            1,
            2
        ],
        [
            1,
            9
        ],
        [
            1,
            13
        ],
        [
            1,
            16
        ],
        [
            1,
            20
        ],
        [
            1,
            23
        ],
        [
            1,
            27
        ],
        [
            1,
            30
        ],
        [
            2,
            3
        ],
        [
            2,
            6
        ]
    ],
    "geff": [
        [
            88.1975625400898,
            98.78903760356916
        ],
        [
            118.63425925925925,
            94.9546485260771
        ],
        [
            98.14049586776859,
            110.54421768707483
        ],
        [
            111.50234741784038,
            85.14386376981797
        ],
        [
            124.53300124533,
            101.83591508892714
        ],
        [
            95.8994708994709,
            84.79709267110842
        ],
        [
            99.75062344139651,
            81.17859290438965
        ],
        [
            89.34072704867529,
            79.83193277310924
        ],
        [
            115.6737998843262,
            82.01357466063348
        ],
        [
            96.48127128263337,
            105.91990713871155
        ],
        [
            100.4402861860209,
            103.1487513572204
        ],
        [
            120.57387057387055,
            125.453446191052
        ],
        [
            94.39899307740717,
            136.64596273291923
        ],
        [
            89.88015978695074,
            114.02314499659633
        ],
        [
            123.70753323485968,
            115.66424322538003
        ],
        [
            100.75934579439252,
            117.96733212341196
        ],
        [
            93.80329732802728,
            119.44912872400225
        ],
        [
            139.57816377171216,
            91.88846641318123
        ],
        [
            111.96417146513116,
            137.70491803278688
        ],
        [
            119.20529801324504,
            138.51802403204272
        ],
        [
            95.17335146159076,
            162.96809986130376
        ],
        [
            109.89010989010988,
            129.0214477211796
        ]
    ],
    "losses": 14,
    "nOT": [
        0,
        0,
        0,
        0,
        1,
        0,
        0,
        0,
        0,
        0,
        0,
        0,
        0,
        0,
        0,
        1,
        0,
        0,
        0,
        0,
        0,
        0
    ],
    "pace": 63.32370059920798,
    "poss": [
        [
            62.36,
            62.76
        ],
        [
            69.12,
            70.56
        ],
        [
            58.08,
            58.8
        ],
        [
            68.16,
            68.12
        ],
        [
            64.24000000000001,
            69.72
        ],
        [
            60.480000000000004,
            66.04
        ],
        [
            64.16,
            66.52000000000001
        ],
        [
            64.92,
            71.4
        ],
        [
            69.16,
            70.72
        ],
        [
            70.48,
            68.92
        ],
        [
            72.68,
            73.68
        ],
        [
            65.52000000000001,
            66.16
        ],
        [
            63.56,
            64.4
        ],
        [
            60.08,
            58.76
        ],
        [
            54.16,
            60.52
        ],
        [
            68.48,
            66.12
        ],
        [
            70.36,
            71.16
        ],
        [
            64.48,
            63.120000000000005
        ],
        [
            62.52,
            61.0
        ],
        [
            60.4,
            59.92
        ],
        [
            58.84,
            57.68
        ],
        [
            58.24,
            59.68
        ]
    ],
    "preseason_pace": 64.8265104358413,
    "preseason_pred": 0.7986424516138495,
    "preseason_predd": 102.88921444114385,
    "preseason_predo": 103.6878568927577,