{
    "CompRank": 95,
    "CompositeDef": 98.44005460434315,
    "CompositeOff": 106.69803133385216,
    "CompositePace": 74.05093356232804,
    "CompositeRating": 8.25797672950901,
    "HA": [
        "H",
        "H",
        "H",
        "H",
        "N",
        "N",
        "H",
        "H",
        "A",
        "H",
        "H",
        "N",
        "A",
        "H",
        "A",
        "H",
        "A",
        "H",
        "A",
        "H",
        "A",
        "H",
        "H",
        "A",
        "A",
        "H",
        "A",
        "H",
        "A",
        "H"
    ],
    "OAst": 453.0,
    "OAvgCompRat": 4.496572227924191,
    "OBlk": 99.0,
    "ODR": 730.0,
    "OFGA": 1839.0,
    "OFGA3": 710.0,
    "OFGM": 801.0,
    "OFGM3": 250.0,
    "OFTA": 556.0,
    "OFTM": 398.0,
    "OOR": 278.0,
    "OPF": 475.0,
    "OScore": 2250.0,
    "OStl": 234.0,
    "OTO": 429.0,
    "Oastr": 0.15274949083503056,
    "Ocomprank": 75,
    "Ocorrdastr": 0.13943178063173717,
    "Ocorrdeff": 99.64988286822522,
    "Ocorrdeffrank": 65,
    "Ocorrdefgp": 0.483781618081081,
    "Ocorrdftr": 0.2822370063314979,
    "Ocorrdorbp": 0.260465385838955,
    "Ocorrdtovr": 0.16057043360571258,
    "Ocorroastr": 0.158013989556486,
    "Ocorroeff": 105.35757520386674,
    "Ocorroeffrank": 89,
    "Ocorroefgp": 0.5223653113943102,
    "Ocorroftr": 0.33193959696321707,
    "Ocorroorbp": 0.2717574940088821,
    "Ocorrotovr": 0.15121585064982426,
    "Oeff": 100.68735903769735,
    "Oefgp": 0.5035345296356716,
    "Oftr": 0.30233822729744425,
    "Oneteff": 5.707692335641525,
    "Oneteffrank": 79,
    "Oorbp": 0.2665388302972196,
    "Oposs": 2234.64,
    "Otovr": 0.17073675496688742,
    "SoR": 5.512319114839359,
    "SoRrank": 92,
    "TAst": 462.0,
    "TBlk": 113.0,
    "TDR": 765.0,
    "TFGA": 1957.0,
    "TFGA3": 519.0,
    "TFGM": 885.0,
    "TFGM3": 169.0,
    "TFTA": 541.0,
    "TFTM": 373.0,
    "TOR": 350.0,
    "TPF": 486.0,
    "TScore": 2312.0,
    "TStl": 256.0,
    "TTO": 395.0,
    "Tastr": 0.15137416285500846,
    "Tcorrdastr": 0.13834161224226152,
    "Tcorrdastrrank": 146,
    "Tcorrdeff": 98.44005460434315,
    "Tcorrdeffrank": 95,
    "Tcorrdefgp": 0.4872904512543112,
    "Tcorrdefgprank": 109,
    "Tcorrdftr": 0.2899489692245143,
    "Tcorrdftrrank": 121,
    "Tcorrdorbp": 0.2646669524646355,
    "Tcorrdorbprank": 163,
    "Tcorrdtovr": 0.17748148190062074,
    "Tcorrdtovrrank": 50,
    "Tcorroastr": 0.15526172263529048,
    "Tcorroastrrank": 95,
    "Tcorroeff": 106.69803133385216,
    "Tcorroeffrank": 111,
    "Tcorroefgp": 0.5177314078374281,
    "Tcorroefgprank": 136,
    "Tcorroftr": 0.3126711018740742,
    "Tcorroftrrank": 184,
    "Tcorroorbp": 0.33651227529153344,
    "Tcorroorbprank": 30,
    "Tcorrotovr": 0.14924085744872828,
    "Tcorrotovrrank": 124,
    "Teff": 103.21244263495295,
    "Tefgp": 0.49540112416964743,
    "Tftr": 0.2764435360245273,
    "Tneteff": 8.25797672950901,
    "Tneteffrank": 95,
    "Torbp": 0.32407407407407407,
    "Tposs": 2240.04,
    "Ttovr": 0.15250729718459946,
    "closses": 12,
    "confplace": 8,
    "cwins": 7,
    "dates": [
        [
            11,
            7
        ],
        [
            11,
            12
        ],
        [
            11,
            15
        ],
        [
            11,
            17
        ],
        [
            11,
            21
        ],
        [
            11,
            23
        ],
        [
            11,
            26
        ],
        [
            11,
            29
        ],
        [
            12,
            4
        ],
        [
            12,
            7
        ],
        [
            12,
            10
        ],
        [
            12,
            17
        ],
        [
            12,
            21
        ],
        [
            12,
            28
        ],
        [
            12,
            31
        ],
        [
            1,
            3
        ],
        [
            1,
            7
        ],
        [
            1,
            10
        ],
        [
            1,
            15
        ],
        [
            1,
            20
        ],
        [
            1,
            25
        ],
        [
            1,
            29
        ],
        [
            2,
            1
        ],
        [
            2,
            4
        ],
        [
            2,
            7
        ],
        [
            2,
            11
        ],
        [
            2,
            14
        ],
        [
            2,
            18
        ],
        [
            2,
            22
        ],
        [
            2,
            25
        ]
    ],
    "geff": [
        [
            112.00923787528869,
            84.03361344537815
        ],
        [
            124.25149700598803,
            104.67980295566501
        ],
        [
            131.35103926096997,
            105.77472841623783
        ],
        [
            94.39050701186623,
            71.26567844925884
        ],
        [
            101.0886469673406,
            92.26037929267044
        ],
        [
            97.13701431492844,
            89.70358814352574
        ],
        [
            101.66840458811262,
            90.86188992731049
        ],
        [
            118.15920398009949,
            87.40359897172237
        ],
        [
            81.08108108108108,
            99.55131800336513
        ],
        [
            120.51569506726457,
            91.98242723778144
        ],
        [
            89.93816750983699,
            74.0418118466899
        ],
        [
            127.18818380743981,
            104.83014861995754
        ],
        [
            79.10597689603215,
            106.15133369624387
        ],
        [
            99.9493927125506,
            106.59898477157361
        ],
        [
            93.16770186335403,
            122.56267409470753
        ],
        [
            111.60714285714286,
            123.96694214876034
        ],
        [
            102.82776349614396,
            106.46485377116468
        ],
        [
            105.71114772103239,
            82.38789843327932
        ],
        [
            111.43156790770844,
            97.52240379546653
        ],
        [
            73.92878696439348,
            87.47697974217311
        ],
        [
            102.48112189859764,
            140.08620689655174
        ],
        [
            107.9447322970639,
            101.95530726256985
        ],
        [
            97.45533297238767,
            108.13594232749742
        ],
        [
            98.5563575791227,
            131.29102844638948
        ],
        [
            99.03961584633853,
            99.6483001172333
        ],
        [
            101.50166852057842,
            93.81898454746137
        ],
        [
            101.72490048651039,
            94.87882944673068
        ],
        [
            93.00388672959468,
            105.42168674698794
        ],
        [
            104.22163588390502,
            90.06690684508492
        ],
        [
            113.51636747624076,
            125.79449152542374
        ]
    ],
    "losses": 13,
    "nOT": [
        0,
        0,
        0,
        0,
        0,
        1,
        0,
        0,
        0,
        0,
        0,
        0,
        0,
        0,
        0,
        0,
        0,
        0,
        0,
        0,
        0,
        0,
        0,
        0,
        0,
        0,
        2,
        0,
        0,
        0
    ],
    "pace": 74.05093356232804,