{
    "CompRank": 62,
    "CompositeDef": 97.21810513345108,
    "CompositeOff": 110.18168437058696,
    "CompositePace": 72.45066381177493,
    "CompositeRating": 12.963579237135892,
    "HA": [
        "H",
        "H",
        "N",
        "N",
        "N",
        "H"
    ],
    "OAst": 68.0,
    "OAvgCompRat": 1.8885534401463944,
    "OBlk": 18.0,
    "ODR": 124.0,
    "OFGA": 354.0,
    "OFGA3": 121.0,
    "OFGM": 155.0,
    "OFGM3": 45.0,
    "OFTA": 105.0,
    "OFTM": 75.0,
    "OOR": 59.0,
    "OPF": 91.0,
    "OScore": 430.0,
    "OStl": 44.0,
    "OTO": 78.0,
    "Oastr": 0.124496521420725,
    "Ocomprank": 123,
    "Ocorrdastr": 0.14067990195250388,
    "Ocorrdeff": 104.60898110834255,
    "Ocorrdeffrank": 236,
    "Ocorrdefgp": 0.5048420940131463,
    "Ocorrdftr": 0.2578151789052686,
    "Ocorrdorbp": 0.2605035159692512,
    "Ocorrdtovr": 0.15040601015544822,
    "Ocorroastr": 0.14885445482981882,
    "Ocorroeff": 106.00825586924059,
    "Ocorroeffrank": 92,
    "Ocorroefgp": 0.5313413833214041,
    "Ocorroftr": 0.3191238310871637,
    "Ocorroorbp": 0.28276695089222986,
    "Ocorrotovr": 0.14986813683278374,
    "Oeff": 102.5763358778626,
    "Oefgp": 0.501412429378531,
    "Oftr": 0.2966101694915254,
    "Oneteff": 1.399274760898038,
    "Oneteffrank": 173,
    "Oorbp": 0.28921568627450983,
    "Oposs": 419.2,
    "Otovr": 0.16311166875784192,
    "SoR": 34.0722760945762,
    "SoRrank": 82,
    "TAst": 98.0,
    "TBlk": 30.0,
    "TDR": 145.0,
    "TFGA": 399.0,
    "TFGA3": 138.0,
    "TFGM": 183.0,
    "TFGM3": 53.0,
    "TFTA": 86.0,
    "TFTM": 60.0,
    "TOR": 97.0,
    "TPF": 103.0,
    "TScore": 479.0,
    "TStl": 45.0,
    "TTO": 82.0,
    "Tastr": 0.15887426236949614,
    "Tcorrdastr": 0.11610995342623046,
    "Tcorrdastrrank": 54,
    "Tcorrdeff": 99.50183390438843,
    "Tcorrdeffrank": 126,
    "Tcorrdefgp": 0.4708761288838359,
    "Tcorrdefgprank": 104,
    "Tcorrdftr": 0.31465802903673074,
    "Tcorrdftrrank": 153,
    "Tcorrdorbp": 0.28228780854785424,
    "Tcorrdorbprank": 202,
    "Tcorrdtovr": 0.16501494514807938,
    "Tcorrdtovrrank": 108,
    "Tcorroastr": 0.15691549668971483,
    "Tcorroastrrank": 86,
    "Tcorroeff": 111.64100801956589,
    "Tcorroeffrank": 59,
    "Tcorroefgp": 0.5194438742226319,
    "Tcorroefgprank": 122,
    "Tcorroftr": 0.2842377019660918,
    "Tcorroftrrank": 280,
    "Tcorroorbp": 0.4669899316823121,
    "Tcorroorbprank": 2,
    "Tcorrotovr": 0.1592520427062787,
    "Tcorrotovrrank": 230,
    "Teff": 113.55016119855868,
    "Tefgp": 0.525062656641604,
    "Tftr": 0.21553884711779447,
    "Tneteff": 12.139174115177454,
    "Tneteffrank": 81,
    "Torbp": 0.43891402714932126,
    "Tposs": 421.84000000000003,
    "Ttovr": 0.15804486932387632,
    "closses": 0,
    "confplace": 1,
    "cwins": 0,
    "dates": [
        [
            11,
            7
        ],
        [
            11,
            13
        ],
        [
            11,
            16
        ],
        [
            11,
            17
        ],
        [
            11,
            19
        ],
        [
            11,
            25
        ]
    ],
    "geff": [
        [
            129.90762124711316,
            103.52546166759932
        ],
        [
            102.1264689423615,
            125.14060742407199
        ],
        [
            82.34928527035426,
            84.25145819831498
        ],
        [
            112.62513904338154,
            121.68141592920355
        ],
        [
            119.29732564237021,
            107.83798001052077
        ],
        [
            132.8079392877992,
            67.64882742032471
        ]
    ],
    "losses": 2,
    "nOT": [
        0,
        0,
        0,
        0,
        0,
        0
    ],
    "pace": 72.56078884373234,
    "poss": [
        [
            69.28,
            71.48
        ],
        [
            71.48,
            71.12
        ],
        [
            64.36,
            61.72
        ],
        [
            71.92,
            72.32
        ],
        [
            76.28,
            76.04
        ],
        [
            68.52,
            66.52000000000001
        ]
    ],
    "preseason_pace": 72.34189834811329,
    "preseason_pred": 13.777806518082496,
    "preseason_predd": 94.96257054487096,
    "preseason_predo": 108.74037706295346,
    "schedule": [
        "stony-brook",
        "michigan",
        "north-texas",
        "dayton",
        "utah",
        "holy-cross"
    ],
    "scores": [
        [
            90,
            74
        ],
        [
            73,
            89
        ],
        [
            53,
            52
        ],
        [
            81,
            88
        ],
        [
            91,
            82
        ],
        [
            91,
            45
        ]
    ],
    "wins": 4
}