{
    "CompRank": 84,
    "CompositeDef": 101.2670352024437,
    "CompositeOff": 109.02336999705254,
    "CompositePace": 71.7502997025305,
    "CompositeRating": 7.75633479460885,
    "HA": [
        "H",
        "H"
    ],
    "OAst": 23.0,
    "OAvgCompRat": -19.419006278282296,
    "OBlk": 6.0,
    "ODR": 47.0,
    "OFGA": 131.0,
    "OFGA3": 59.0,
    "OFGM": 57.0,
    "OFGM3": 18.0,
    "OFTA": 31.0,
    "OFTM": 20.0,
    "OOR": 21.0,
    "OPF": 42.0,
    "OScore": 152.0,
    "OStl": 12.0,
    "OTO": 34.0,
    "Oastr": 0.1140646697083912,
    "Ocomprank": 347,
    "Ocorrdastr": 0.11324398339560032,
    "Ocorrdeff": 103.19732072682291,
    "Ocorrdeffrank": 201,
    "Ocorrdefgp": 0.5101887562204628,
    "Ocorrdftr": 0.4421854845869678,
    "Ocorrdorbp": 0.3247185131547712,
    "Ocorrdtovr": 0.19271529129431497,
    "Ocorroastr": 0.12712973255247825,
    "Ocorroeff": 97.57986972708412,
    "Ocorroeffrank": 249,
    "Ocorroefgp": 0.49554772034077715,
    "Ocorroftr": 0.30731593802605883,
    "Ocorroorbp": 0.25317303410773284,
    "Ocorrotovr": 0.1650212737171292,
    "Oeff": 96.42222786094901,
    "Oefgp": 0.5038167938931297,
    "Oftr": 0.2366412213740458,
    "Oneteff": -5.617450999738793,
    "Oneteffrank": 236,
    "Oorbp": 0.2876712328767123,
    "Oposs": 157.64,
    "Otovr": 0.1903269144648455,
    "SoR": 16.44549912912008,
    "SoRrank": 119,
    "TAst": 31.0,
    "TBlk": 9.0,
    "TDR": 52.0,
    "TFGA": 121.0,
    "TFGA3": 44.0,
    "TFGM": 62.0,
    "TFGM3": 9.0,
    "TFTA": 55.0,
    "TFTM": 46.0,
    "TOR": 14.0,
    "TPF": 26.0,
    "TScore": 179.0,
    "TStl": 25.0,
    "TTO": 21.0,
    "Tastr": 0.1572008113590264,
    "Tcorrdastr": 0.12209222957525569,
    "Tcorrdastrrank": 125,
    "Tcorrdeff": 101.00151335535321,
    "Tcorrdeffrank": 164,
    "Tcorrdefgp": 0.5040247856087862,
    "Tcorrdefgprank": 213,
    "Tcorrdftr": 0.2769739595658233,
    "Tcorrdftrrank": 109,
    "Tcorrdorbp": 0.3309090875137309,
    "Tcorrdorbprank": 252,
    "Tcorrdtovr": 0.17942166425611833,
    "Tcorrdtovrrank": 87,
    "Tcorroastr": 0.18791927898967242,
    "Tcorroastrrank": 24,
    "Tcorroeff": 116.91505863055617,
    "Tcorroeffrank": 53,
    "Tcorroefgp": 0.5355848469644799,
    "Tcorroefgprank": 97,
    "Tcorroftr": 0.37901777323039443,
    "Tcorroftrrank": 137,
    "Tcorroorbp": 0.20891635048626844,
    "Tcorroorbprank": 295,
    "Tcorrotovr": 0.1028624241491911,
    "Tcorrotovrrank": 37,
    "Teff": 117.6084099868594,
    "Tefgp": 0.5495867768595041,
    "Tftr": 0.45454545454545453,
    "Tneteff": 15.913545275202964,
    "Tneteffrank": 83,
    "Torbp": 0.22950819672131148,
    "Tposs": 152.2,
    "Ttovr": 0.12635379061371843,
    "closses": 0,
    "confplace": 1,
    "cwins": 0,
    "dates": [
        [
            11,
            6
        ],
        [
            11,
            9
        ]
    ],
    "geff": [
        [
            119.54808197582763,
            102.79187817258884
        ],
        [
            115.6677181913775,
            90.05580923389142
        ]
    ],
    "losses": 0,
    "nOT": [
        0,
        0
    ],
    "pace": 74.274770996022,
    "poss": [
        [
            76.12,
            78.8
        ],
        [
            76.08,
            78.84
        ]
    ],
    "preseason_pace": 71.47326581572759,
    "preseason_pred": 6.861167663679454,
    "preseason_predd": 101.29617340239875,
    "preseason_predo": 108.1573410660782,
    "schedule": [
        "nicholls-state",
        "northwestern-state"
    ],
    "scores": [
        [
            91,
            81
        ],
        [
            88,
            71
        ]
    ],
    "wins": 2
}