{
    "CompRank": 185,
    "CompositeDef": 101.24658405167482,
    "CompositeOff": 99.27070425274084,
    "CompositePace": 69.19989047330155,
    "CompositeRating": -1.9758797989339834,
    "HA": [
        "H",
        "H"
    ],
    "OAst": 17.0,
    "OAvgCompRat": -7.403855058294897,
    "OBlk": 9.0,
    "ODR": 46.0,
    "OFGA": 112.0,
    "OFGA3": 35.0,
    "OFGM": 51.0,
    "OFGM3": 11.0,
    "OFTA": 44.0,
    "OFTM": 29.0,
    "OOR": 20.0,
    "OPF": 43.0,
    "OScore": 142.0,
    "OStl": 16.0,
    "OTO": 31.0,
    "Oastr": 0.0947814451382694,
    "Ocomprank": 280,
    "Ocorrdastr": 0.13773834665271822,
    "Ocorrdeff": 104.00584388491998,
    "Ocorrdeffrank": 203,
    "Ocorrdefgp": 0.4822027551848557,
    "Ocorrdftr": 0.2652596920330284,
    "Ocorrdorbp": 0.2888133672641261,
    "Ocorrdtovr": 0.1385121552917327,
    "Ocorroastr": 0.1575073131193359,
    "Ocorroeff": 100.89951896081536,
    "Ocorroeffrank": 217,
    "Ocorroefgp": 0.5300994794600514,
    "Ocorroftr": 0.41460274182934975,
    "Ocorroorbp": 0.2097294406396844,
    "Ocorrotovr": 0.14059997195524848,
    "Oeff": 99.74711997752176,
    "Oefgp": 0.5044642857142857,
    "Oftr": 0.39285714285714285,
    "Oneteff": -3.1063249241046265,
    "Oneteffrank": 208,
    "Oorbp": 0.3389830508474576,
    "Oposs": 142.36,
    "Otovr": 0.19093372751909335,
    "SoR": 1.4800208304724394,
    "SoRrank": 211,
    "TAst": 24.0,
    "TBlk": 7.0,
    "TDR": 39.0,
    "TFGA": 117.0,
    "TFGA3": 55.0,
    "TFGM": 51.0,
    "TFGM3": 17.0,
    "TFTA": 44.0,
    "TFTM": 22.0,
    "TOR": 23.0,
    "TPF": 38.0,
    "TScore": 141.0,
    "TStl": 14.0,
    "TTO": 24.0,
    "Tastr": 0.13018008244738555,
    "Tcorrdastr": 0.0829066038733526,
    "Tcorrdastrrank": 12,
    "Tcorrdeff": 101.24244331182037,
    "Tcorrdeffrank": 168,
    "Tcorrdefgp": 0.4736210125213534,
    "Tcorrdefgprank": 153,
    "Tcorrdftr": 0.3467835124590437,
    "Tcorrdftrrank": 197,
    "Tcorrdorbp": 0.465606622972379,
    "Tcorrdorbprank": 342,
    "Tcorrdtovr": 0.20930941489529173,
    "Tcorrdtovrrank": 36,
    "Tcorroastr": 0.1294018046164182,
    "Tcorroastrrank": 205,
    "Tcorroeff": 101.2972446713942,
    "Tcorroeffrank": 188,
    "Tcorroefgp": 0.5226453368720679,
    "Tcorroefgprank": 122,
    "Tcorroftr": 0.5075104376977513,
    "Tcorroftrrank": 47,
    "Tcorroorbp": 0.3388434630244769,
    "Tcorroorbprank": 103,
    "Tcorrotovr": 0.16630894955182043,
    "Tcorrotovrrank": 227,
    "Teff": 102.64997087944087,
    "Tefgp": 0.5085470085470085,
    "Tftr": 0.37606837606837606,
    "Tneteff": 0.0548013595738297,
    "Tneteffrank": 167,
    "Torbp": 0.3333333333333333,
    "Tposs": 137.36,
    "Ttovr": 0.14966325767024194,
    "closses": 0,
    "confplace": 1,
    "cwins": 0,
    "dates": [
        [
            11,
            6
        ],
        [
            11,
            11
        ]
    ],
    "geff": [
        [
            102.47136829415311,
            93.45794392523364
        ],
        [
            102.8169014084507,
            105.57661072008663
        ]
    ],
    "losses": 1,
    "nOT": [
        1,
        0
    ],
    "pace": 66.538229836363,
    "poss": [
        [
            66.36,
            68.48
        ],
        [
            71.0,
            73.88
        ]
    ],
    "preseason_pace": 69.49197943208767,
    "preseason_pred": -2.1987254679060344,
    "preseason_predd": 101.24703845385363,
    "preseason_predo": 99.0483129859476,
    "schedule": [
        "wagner",
        "cornell"
    ],
    "scores": [
        [
            68,
            64
        ],
        [
            73,
            78
        ]
    ],
    "wins": 1
}