{
    "CompRank": 184,
    "CompositeDef": 104.17872382575842,
    "CompositeOff": 102.17134937734022,
    "CompositePace": 71.27064200168734,
    "CompositeRating": -2.007374448418181,
    "HA": [
        "H",
        "A",
        "N",
        "N",
        "H",
        "H",
        "A",
        "H"
    ],
    "OAst": 125.0,
    "OAvgCompRat": -4.998985143673173,
    "OBlk": 20.0,
    "ODR": 193.0,
    "OFGA": 538.0,
    "OFGA3": 222.0,
    "OFGM": 225.0,
    "OFGM3": 61.0,
    "OFTA": 165.0,
    "OFTM": 113.0,
    "OOR": 92.0,
    "OPF": 161.0,
    "OScore": 624.0,
    "OStl": 46.0,
    "OTO": 82.0,
    "Oastr": 0.15288649706457924,
    "Ocomprank": 331,
    "Ocorrdastr": 0.1510323374911161,
    "Ocorrdeff": 105.19239554328364,
    "Ocorrdeffrank": 330,
    "Ocorrdefgp": 0.5305144617286089,
    "Ocorrdftr": 0.28457373675943587,
    "Ocorrdorbp": 0.2829918174048621,
    "Ocorrdtovr": 0.17305135837187363,
    "Ocorroastr": 0.13764654589437655,
    "Ocorroeff": 100.11992701842347,
    "Ocorroeffrank": 226,
    "Ocorroefgp": 0.5013417971712857,
    "Ocorroftr": 0.33537118618335704,
    "Ocorroorbp": 0.256053485585737,
    "Ocorrotovr": 0.16691756797752164,
    "Oeff": 103.8961038961039,
    "Oefgp": 0.474907063197026,
    "Oftr": 0.3066914498141264,
    "Oneteff": -5.07246852486017,
    "Oneteffrank": 304,
    "Oorbp": 0.3026315789473684,
    "Oposs": 600.6,
    "Otovr": 0.11839445567427086,
    "SoR": 16.951107228215278,
    "SoRrank": 99,
    "TAst": 97.0,
    "TBlk": 37.0,
    "TDR": 212.0,
    "TFGA": 489.0,
    "TFGA3": 175.0,
    "TFGM": 226.0,
    "TFGM3": 61.0,
    "TFTA": 199.0,
    "TFTM": 132.0,
    "TOR": 83.0,
    "TPF": 149.0,
    "TScore": 645.0,
    "TStl": 37.0,
    "TTO": 101.0,
    "Tastr": 0.1252323900020657,
    "Tcorrdastr": 0.1570705068760919,
    "Tcorrdastrrank": 294,
    "Tcorrdeff": 104.79796290625315,
    "Tcorrdeffrank": 235,
    "Tcorrdefgp": 0.4742923891901132,
    "Tcorrdefgprank": 100,
    "Tcorrdftr": 0.2888713007998153,
    "Tcorrdftrrank": 138,
    "Tcorrdorbp": 0.31962729190800476,
    "Tcorrdorbprank": 311,
    "Tcorrdtovr": 0.11572221552922046,
    "Tcorrdtovrrank": 358,
    "Tcorroastr": 0.11717680829317716,
    "Tcorroastrrank": 323,
    "Tcorroeff": 104.16682384109887,
    "Tcorroeffrank": 122,
    "Tcorroefgp": 0.4952287749595819,
    "Tcorroefgprank": 198,
    "Tcorroftr": 0.45279624052462286,
    "Tcorroftrrank": 13,
    "Tcorroorbp": 0.2882821151782846,
    "Tcorroorbprank": 126,
    "Tcorrotovr": 0.1404288064991768,
    "Tcorrotovrrank": 52,
    "Teff": 108.4835844994618,
    "Tefgp": 0.5245398773006135,
    "Tftr": 0.4069529652351738,
    "Tneteff": -0.6311390651542723,
    "Tneteffrank": 184,
    "Torbp": 0.3007246376811594,
    "Tposs": 594.56,
    "Ttovr": 0.14906428950941616,
    "closses": 0,
    "confplace": 1,
    "cwins": 0,
    "dates": [
        [
            11,
            12
        ],
        [
            11,
            18
        ],
        [
            11,
            21
        ],
        [
            11,
            23
        ],
        [
            11,
            30
        ],
        [
            12,
            3
        ],
        [
            12,
            6
        ],
        [
            12,
            9
        ]
    ],
    "geff": [
        [
            129.7775242441529,
            112.73957158962794
        ],
        [
            89.80454305335446,
            98.5346134411319
        ],
        [
            89.7571277719113,
            93.15906562847609
        ],
        [
            101.90577024880889,
            99.00990099009901
        ],
        [
            112.66094420600858,
            96.31260319207485
        ],
        [
            124.46466809421841,
            108.00196367206676
        ],
        [
            118.18687430478309,
            111.8995633187773
        ],
        [
            103.6745406824147,
            110.96938775510203
        ]
    ],
    "losses": 2,
    "nOT": [
        0,
        0,
        0,
        0,
        0,
        0,
        0,
        0
    ],
    "pace": 73.3320625000996,
    "poss": [
        [
            70.12,
            70.96000000000001
        ],
        [
            75.72,
            79.16
        ],
        [
            75.76,
            71.92
        ],
        [
            75.56,
            72.72
        ],
        [
            74.56,
            72.68
        ],
        [
            74.72,
            81.48
        ],
        [
            71.92,
            73.28
        ],
        [
            76.2,
            78.4
        ]
    ],
    "preseason_pace": 67.65113824590176,
    "preseason_pred": -4.423809689265646,
    "preseason_predd": 103.0914453305139,
    "preseason_predo": 98.66763564124825,
    "schedule": [
        "wofford",
        "nevada-las-vegas",
        "central-michigan",
        "tennessee-state",
        "elon",
        "north-florida",
        "furman",
        "queens-nc"
    ],
    "scores": [
        [
            91,
            80
        ],
        [
            68,
            78
        ],
        [
            68,
            67
        ],
        [
            77,
            72
        ],
        [
            84,
            70
        ],
        [
            93,
            88
        ],
        [
            85,
            82
        ],
        [
            79,
            87
        ]
    ],
    "wins": 6
}