{
    "CompRank": 126,
    "CompositeDef": 110.86891250469216,
    "CompositeOff": 114.03938197156808,
    "CompositePace": 67.73591410953439,
    "CompositeRating": 3.1704694668759155,
    "HA": [
        "H",
        "H",
        "H",
        "H",
        "H",
        "N",
        "N",
        "N",
        "A",
        "H",
        "N",
        "A",
        "H",
        "H",
        "A"
    ],
    "OAst": 154.0,
    "OAvgCompRat": -6.744840830416105,
    "OBlk": 41.0,
    "ODR": 291.0,
    "OFGA": 850.0,
    "OFGA3": 281.0,
    "OFGM": 366.0,
    "OFGM3": 95.0,
    "OFTA": 310.0,
    "OFTM": 225.0,
    "OOR": 144.0,
    "OPF": 265.0,
    "OScore": 1052.0,
    "OStl": 74.0,
    "OTO": 153.0,
    "Oastr": 0.11906602752435441,
    "Ocomprank": 356,
    "Ocorrdastr": 0.15145379733176406,
    "Ocorrdeff": 109.15705385639089,
    "Ocorrdeffrank": 343,
    "Ocorrdefgp": 0.5224063312706592,
    "Ocorrdftr": 0.3611194686203163,
    "Ocorrdorbp": 0.3083019914262495,
    "Ocorrdtovr": 0.15396863244941822,
    "Ocorroastr": 0.1321253550376848,
    "Ocorroeff": 100.13356647658797,
    "Ocorroeffrank": 359,
    "Ocorroefgp": 0.47599683316383395,
    "Ocorroftr": 0.33997060623911596,
    "Ocorroorbp": 0.2957464231197042,
    "Ocorrotovr": 0.15407915671481823,
    "Oeff": 105.68615631906772,
    "Oefgp": 0.4864705882352941,
    "Oftr": 0.36470588235294116,
    "Oneteff": -9.023487379802916,
    "Oneteffrank": 356,
    "Oorbp": 0.3025210084033613,
    "Oposs": 995.4,
    "Otovr": 0.1342812006319115,
    "SoR": 0.4977601209564475,
    "SoRrank": 130,
    "TAst": 188.0,
    "TBlk": 44.0,
    "TDR": 332.0,
    "TFGA": 809.0,
    "TFGA3": 349.0,
    "TFGM": 383.0,
    "TFGM3": 125.0,
    "TFTA": 352.0,
    "TFTM": 268.0,
    "TOR": 138.0,
    "TPF": 258.0,
    "TScore": 1159.0,
    "TStl": 79.0,
    "TTO": 155.0,
    "Tastr": 0.14385406464250733,
    "Tcorrdastr": 0.13116242026440839,
    "Tcorrdastrrank": 79,
    "Tcorrdeff": 111.0331088707292,
    "Tcorrdeffrank": 279,
    "Tcorrdefgp": 0.5174185618670517,
    "Tcorrdefgprank": 206,
    "Tcorrdftr": 0.35923086967571843,
    "Tcorrdftrrank": 243,
    "Tcorrdorbp": 0.2932390226343015,
    "Tcorrdorbprank": 210,
    "Tcorrdtovr": 0.1316930352993418,
    "Tcorrdtovrrank": 291,
    "Tcorroastr": 0.13826985106451348,
    "Tcorroastrrank": 211,
    "Tcorroeff": 113.9109559369558,
    "Tcorroeffrank": 56,
    "Tcorroefgp": 0.5339990691698764,
    "Tcorroefgprank": 104,
    "Tcorroftr": 0.4047624248318618,
    "Tcorroftrrank": 48,
    "Tcorroorbp": 0.2998371798651949,
    "Tcorroorbprank": 148,
    "Tcorrotovr": 0.13591434382783327,
    "Tcorrotovrrank": 85,
    "Teff": 118.1592039800995,
    "Tefgp": 0.5506798516687268,
    "Tftr": 0.43510506798516685,
    "Tneteff": 2.8778470662266074,
    "Tneteffrank": 128,
    "Torbp": 0.32167832167832167,
    "Tposs": 980.88,
    "Ttovr": 0.13853138853138852,
    "closses": 1,
    "confplace": 2,
    "cwins": 1,
    "dates": [
        [
            11,
            6
        ],
        [
            11,
            9
        ],
        [
            11,
            12
        ],
        [
            11,
            15
        ],
        [
            11,
            18
        ],
        [
            11,
            24
        ],
        [
            11,
            25
        ],
        [
            11,
            26
        ],
        [
            12,
            3
        ],
        [
            12,
            6
        ],
        [
            12,
            14
        ],
        [
            12,
            21
        ],
        [
            12,
            29
        ],
        [
            1,
            2
        ],
        [
            1,
            4
        ]
    ],
    "geff": [
        [
            132.85714285714286,
            67.35340729001585
        ],
        [
            116.34671320535196,
            96.67755991285404
        ],
        [
            123.85919165580182,
            94.63722397476342
        ],
        [
            98.03921568627452,
            96.55377302436126
        ],
        [
            137.36263736263737,
            134.48784082535005
        ],
        [
            93.04453935326418,
            105.59190957763236
        ],
        [
            125.60220233998623,
            106.61998726925525
        ],
        [
            118.52776044915782,
            121.18193891102258
        ],
        [
            113.4089392928619,
            118.57707509881423
        ],
        [
            112.96076099881094,
            103.07781649245065
        ],
        [
            89.13878222709819,
            83.19232938522278
        ],
        [
            132.24535734383792,
            115.25327262379055
        ],
        [
            124.32795698924733,
            118.24324324324324
        ],
        [
            130.13698630136986,
            98.77384196185287
        ],
        [
            129.92125984251967,
            135.02884111169377
        ]
    ],
    "losses": 4,
    "nOT": [
        0,
        0,
        0,
        0,
        0,
        0,
        0,
        0,
        0,
        0,
        0,
        0,
        0,
        0,
        0
    ],
    "pace": 67.48439326004609,
    "poss": [
        [
            70.0,
            75.72
        ],
        [
            68.75999999999999,
            73.44
        ],
        [
            61.36,
            63.4
        ],
        [
            69.36,
            67.32
        ],
        [
            58.24,
            54.28
        ],
        [
            65.56,
            67.24
        ],
        [
            58.12,
            62.84
        ],
        [
            64.12,
            60.239999999999995
        ],
        [
            59.96,
            60.72
        ],
        [
            67.28,
            68.88
        ],
        [
            72.92,
            70.92
        ],
        [
            71.08,
            70.28
        ],
        [
            59.519999999999996,
            65.12
        ],
        [
            58.400000000000006,
            58.72
        ],
        [
            76.2,
            76.28
        ]
    ],
    "preseason_pace": 69.31106342945486,
    "preseason_pred": 5.003017250942209,
    "preseason_predd": 109.84063276238525,
    "preseason_predo": 114.84365001332746,
    "schedule": [
        "coppin-state",
        "jackson-state",
        "north-carolina-central",
        "alabama-birmingham",
        "american",
        "missouri-state",
        "old-dominion",
        "hampton",
        "north-carolina-greensboro",
        "north-texas",
        "appalachian-state",
        "southern-illinois",
        "norfolk-state",
        "radford",
        "north-carolina-asheville"
    ],
    "scores": [
        [
            93,
            51
        ],
        [
            80,
            71
        ],
        [
            76,
            60
        ],
        [
            68,
            65
        ],
        [
            80,
            73
        ],
        [
            61,
            71
        ],
        [
            73,
            67
        ],
        [
            76,
            73
        ],
        [
            68,
            72
        ],
        [
            76,
            71
        ],
        [
            65,
            59
        ],
        [
            94,
            81
        ],
        [
            74,
            77
        ],
        [
            76,
            58
        ],
        [
            99,
            103
        ]
    ],
    "wins": 11
}