{
    "CompRank": 279,
    "CompositeDef": 105.98809219659924,
    "CompositeOff": 95.74406894995148,
    "CompositePace": 65.46409406673789,
    "CompositeRating": -10.244023246646321,
    "HA": [
        "A",
        "A",
        "A",
        "A",
        "A",
        "A",
        "A",
        "A",
        "H",
        "A",
        "H",
        "A",
        "A",
        "H",
        "A",
        "H",
        "H",
        "A",
        "A",
        "H",
        "H",
        "H",
        "A",
        "H",
        "A"
    ],
    "Name": "austin-peay",
    "OAst": 329.0,
    "OAvgCompRat": 0.261993979791078,
    "OBlk": 89.0,
    "ODR": 636.0,
    "OFGA": 1335.0,
    "OFGA3": 502.0,
    "OFGM": 617.0,
    "OFGM3": 163.0,
    "OFTA": 490.0,
    "OFTM": 343.0,
    "OOR": 247.0,
    "OPFwins": 415.0,
    "OScore": 1740.0,
    "OStl": 185.0,
    "OTO": 347.0,
    "Oastr": 0.14775891493757298,
    "Ocomprank": 151,
    "Ocorrdastr": 0.14572002942003118,
    "Ocorrdeff": 102.0124954600205,
    "Ocorrdeffrank": 139,
    "Ocorrdefgp": 0.5037409026881206,
    "Ocorrdftr": 0.3152836088819224,
    "Ocorrdorbp": 0.29175391399630785,
    "Ocorrdtovr": 0.16685677251098774,
    "Ocorroastr": 0.14339077284691687,
    "Ocorroeff": 102.26403423415563,
    "Ocorroeffrank": 190,
    "Ocorroefgp": 0.4969642500560872,
    "Ocorroftr": 0.2895024895318461,
    "Ocorroorbp": 0.28340585192622714,
    "Ocorrotovr": 0.16998707423660886,
    "Oeff": 105.4162122864413,
    "Oefgp": 0.5232209737827715,
    "Oftr": 0.36704119850187267,
    "Oneteff": 0.2515387741351276,
    "Oneteffrank": 161,
    "Oorbp": 0.30759651307596514,
    "Oposs": 1650.6,
    "Otovr": 0.18286256323777403,
    "SoR": 0.0,
    "SoRrank": 158,
    "TAst": 334.0,
    "TBlk": 45.0,
    "TDR": 556.0,
    "TFGA": 1397.0,
    "TFGA3": 620.0,
    "TFGM": 561.0,
    "TFGM3": 196.0,
    "TFTA": 365.0,
    "TFTM": 258.0,
    "TOR": 260.0,
    "TPF": 427.0,
    "TScore": 1576.0,
    "TStl": 153.0,
    "TTO": 361.0,
    "Tastr": 0.14827310663233598,
    "Tcorrdastr": 0.14552067258382506,
    "Tcorrdastrrank": 211,
    "Tcorrdeff": 105.91860351166038,
    "Tcorrdeffrank": 238,
    "Tcorrdefgp": 0.5274390871351955,
    "Tcorrdefgprank": 271,
    "Tcorrdftr": 0.3870469155375582,
    "Tcorrdftrrank": 324,
    "Tcorrdorbp": 0.3058514335830123,
    "Tcorrdorbprank": 265,
    "Tcorrdtovr": 0.17681717052575902,
    "Tcorrdtovrrank": 89,
    "Tcorroastr": 0.14363804237840389,
    "Tcorroastrrank": 144,
    "Tcorroeff": 95.6940076320247,
    "Tcorroeffrank": 294,
    "Tcorroefgp": 0.46906749097040995,
    "Tcorroefgprank": 286,
    "Tcorroftr": 0.25360897115489794,
    "Tcorroftrrank": 310,
    "Tcorroorbp": 0.2807949597214896,
    "Tcorroorbprank": 169,
    "Tcorrotovr": 0.1853210109443327,
    "Tcorrotovrrank": 311,
    "Teff": 95.01989629808273,
    "Tefgp": 0.47172512526843235,
    "Tftr": 0.2612741589119542,
    "Tneteff": -10.224595879635686,
    "Tneteffrank": 279,
    "Torbp": 0.29017857142857145,
    "Tposs": 1658.6,
    "Ttovr": 0.18815803189825916,
    "closses": 10,
    "confplace": 6,
    "cwins": 7,
    "dates": [
        [
            11,
            12
        ],
        [
            11,
            16
        ],
        [
            11,
            20
        ],
        [
            11,
            26
        ],
        [
            11,
            29
        ],
        [
            12,
            11
        ],
        [
            12,
            14
        ],
        [
            12,
            18
        ],
        [
            12,
            30
        ],
        [
            1,
            1
        ],
        [
            1,
            8
        ],
        [
            1,
            20
        ],
        [
            1,
            22
        ],
        [
            1,
            27
        ],
        [
            1,
            29
        ],
        [
            1,
            31
        ],
        [
            2,
            3
        ],
        [
            2,
            5
        ],
        [
            2,
            7
        ],
        [
            2,
            10
        ],
        [
            2,
            12
        ],
        [
            2,
            14
        ],
        [
            2,
            17
        ],
        [
            2,
            19
        ],
        [
            2,
            24
        ]
    ],
    "geff": [
        [
            87.63543658381134,
            120.06578947368422
        ],
        [
            90.63444108761328,
            99.63212752912322
        ],
        [
            120.36524626452683,
            111.81667586968526
        ],
        [
            94.41707717569787,
            92.797783933518
        ],
        [
            84.26966292134831,
            112.21122112211222
        ],
        [
            122.0220801859384,
            131.8840579710145
        ],
        [
            76.2104004781829,
            89.87417615338528
        ],
        [
            80.84971464806596,
            123.87387387387388
        ],
        [
            83.829096809086,
            87.64832793959008
        ],
        [
            104.33174854727945,
            125.89928057553956
        ],
        [
            85.03401360544217,
            102.0408163265306
        ],
        [
            107.78443113772455,
            86.46844660194175
        ],
        [
            93.78843788437885,
            100.61919504643964
        ],
        [
            97.83878504672897,
            111.01243339253996
        ],
        [
            92.7703134996801,
            92.15817694369973
        ],
        [
            95.39842873176207,
            89.23512747875355
        ],
        [
            87.5743555849306,
            108.04521276595746
        ],
        [
            84.85639686684073,
            125.16254876462938
        ],
        [
            101.04529616724739,
            119.68085106382979
        ],
        [
            117.8343949044586,
            105.90500641848524
        ],
        [
            90.78681909885675,
            87.07300736771602
        ],
        [
            92.92565947242207,
            79.83441750443525
        ],
        [
            87.28179551122194,
            141.83291770573567
        ],
        [
            97.73371104815865,
            107.16382853787434
        ],
        [
            92.54218835057158,
            88.20286659316427
        ]
    ],
    "losses": 16,
    "nOT": [
        0,
        0,
        0,
        0,
        0,
        0,
        0,
        0,
        0,
        0,
        0,
        0,
        0,
        0,
        0,
        1,
        0,
        0,
        0,
        0,
        0,
        0,
        0,
        0,
        1
    ],
    "pace": 65.4393720061158,