{
    "CompRank": 37,
    "CompositeDef": 96.75656018986939,
    "CompositeOff": 115.21619858507556,
    "CompositePace": 69.776982405633,
    "CompositeRating": 18.45963839520617,
    "HA": [
        "H",
        "H",
        "H",
        "H",
        "N",
        "H",
        "H",
        "H",
        "A",
        "H",
        "A",
        "H",
        "H",
        "H",
        "A",
        "H",
        "A",
        "A",
        "H",
        "H",
        "A",
        "H",
        "A",
        "A",
        "H",
        "H",
        "A",
        "H",
        "A",
        "H",
        "A",
        "N",
        "N",
        "N"
    ],
    "OAst": 446.0,
    "OAvgCompRat": 6.520751441370824,
    "OBlk": 123.0,
    "ODR": 823.0,
    "OFGA": 2136.0,
    "OFGA3": 885.0,
    "OFGM": 854.0,
    "OFGM3": 288.0,
    "OFTA": 592.0,
    "OFTM": 415.0,
    "OOR": 381.0,
    "OPF": 481.0,
    "OScore": 2411.0,
    "OStl": 209.0,
    "OTO": 375.0,
    "Oastr": 0.13861780026604673,
    "Ocomprank": 65,
    "Ocorrdastr": 0.13371332161016336,
    "Ocorrdeff": 101.62106525168339,
    "Ocorrdeffrank": 68,
    "Ocorrdefgp": 0.4810210313402687,
    "Ocorrdftr": 0.30566648665585683,
    "Ocorrdorbp": 0.2597014022719226,
    "Ocorrdtovr": 0.14944794980587228,
    "Ocorroastr": 0.15524845634323678,
    "Ocorroeff": 109.8857256081127,
    "Ocorroeffrank": 67,
    "Ocorroefgp": 0.5259240281532458,
    "Ocorroftr": 0.3671705832499449,
    "Ocorroorbp": 0.30527981999676745,
    "Ocorrotovr": 0.13863404423849643,
    "Oeff": 100.85840500652589,
    "Oefgp": 0.46722846441947563,
    "Oftr": 0.27715355805243447,
    "Oneteff": 8.264660356429303,
    "Oneteffrank": 70,
    "Oorbp": 0.2926267281105991,
    "Oposs": 2390.48,
    "Otovr": 0.13530676750328344,
    "SoR": 66.73453452840124,
    "SoRrank": 37,
    "TAst": 520.0,
    "TBlk": 89.0,
    "TDR": 921.0,
    "TFGA": 2017.0,
    "TFGA3": 894.0,
    "TFGM": 912.0,
    "TFGM3": 319.0,
    "TFTA": 658.0,
    "TFTM": 500.0,
    "TOR": 301.0,
    "TPF": 464.0,
    "TScore": 2643.0,
    "TStl": 214.0,
    "TTO": 374.0,
    "Tastr": 0.16247359804031844,
    "Tcorrdastr": 0.127782907026272,
    "Tcorrdastrrank": 68,
    "Tcorrdeff": 96.75656018986939,
    "Tcorrdeffrank": 30,
    "Tcorrdefgp": 0.44905295976836906,
    "Tcorrdefgprank": 17,
    "Tcorrdftr": 0.24930652637075235,
    "Tcorrdftrrank": 19,
    "Tcorrdorbp": 0.2675815396248259,
    "Tcorrdorbprank": 132,
    "Tcorrdtovr": 0.14380402977129747,
    "Tcorrdtovrrank": 204,
    "Tcorroastr": 0.174018464562075,
    "Tcorroastrrank": 43,
    "Tcorroeff": 115.21619858507556,
    "Tcorroeffrank": 42,
    "Tcorroefgp": 0.5583203551874971,
    "Tcorroefgprank": 37,
    "Tcorroftr": 0.35347551245333353,
    "Tcorroftrrank": 115,
    "Tcorroorbp": 0.2885518707016831,
    "Tcorroorbprank": 143,
    "Tcorrotovr": 0.13756704277556575,
    "Tcorrotovrrank": 114,
    "Teff": 111.07282140935988,
    "Tefgp": 0.5312345066931086,
    "Tftr": 0.3262270699058007,
    "Tneteff": 18.45963839520617,
    "Tneteffrank": 37,
    "Torbp": 0.2677935943060498,
    "Tposs": 2379.52,
    "Ttovr": 0.13952516675868862,
    "closses": 8,
    "confplace": 3,
    "cwins": 12,
    "dates": [
        [
            11,
            6
        ],
        [
            11,
            9
        ],
        [
            11,
            13
        ],
        [
            11,
            15
        ],
        [
            11,
            18
        ],
        [
            11,
            22
        ],
        [
            11,
            26
        ],
        [
            12,
            3
        ],
        [
            12,
            6
        ],
        [
            12,
            10
        ],
        [
            12,
            17
        ],
        [
            12,
            20
        ],
        [
            12,
            29
        ],
        [
            1,
            3
        ],
        [
            1,
            6
        ],
        [
            1,
            9
        ],
        [
            1,
            12
        ],
        [
            1,
            17
        ],
        [
            1,
            20
        ],
        [
            1,
            23
        ],
        [
            1,
            27
        ],
        [
            2,
            1
        ],
        [
            2,
            4
        ],
        [
            2,
            7
        ],
        [
            2,
            10
        ],
        [
            2,
            17
        ],
        [
            2,
            21
        ],
        [
            2,
            25
        ],
        [
            2,
            29
        ],
        [
            3,
            3
        ],
        [
            3,
            10
        ],
        [
            3,
            15
        ],
        [
            3,
            16
        ],
        [
            3,
            22
        ]
    ],
    "geff": [
        [
            118.7111362351611,
            71.27192982456141
        ],
        [
            104.0596094552929,
            70.60669456066945
        ],
        [
            100.50251256281406,
            76.59313725490196
        ],
        [
            117.51538891997761,
            90.77809798270893
        ],
        [
            124.55516014234875,
            99.62049335863377
        ],
        [
            144.38676184295912,
            124.44864524259609
        ],
        [
            129.1793313069909,
            101.46561443066517
        ],
        [
            83.14855875831486,
            122.38723872387239
        ],
        [
            94.75218658892129,
            105.90858416945373
        ],
        [
            119.1950464396285,
            103.00176574455563
        ],
        [
            91.49940968122786,
            65.78947368421052
        ],
        [
            119.66551326412919,
            107.9447322970639
        ],
        [
            105.71561338289963,
            70.77625570776256
        ],
        [
            123.84792626728111,
            100.92272202998846
        ],
        [
            107.71992818671454,
            131.89448441247004
        ],
        [
            126.87427912341407,
            108.10810810810811
        ],
        [
            109.19540229885058,
            133.9794754846066
        ],
        [
            99.32170542635659,
            104.5673076923077
        ],
        [
            113.98176291793314,
            103.79061371841155
        ],
        [
            131.1630847029077,
            107.3428749222153
        ],
        [
            80.59418457648546,
            119.35905820797907
        ],
        [
            107.46910263299301,
            96.93053311793214
        ],
        [
            107.47185261003071,
            108.4788029925187
        ],
        [
            94.86607142857142,
            116.48223645894
        ],
        [
            123.36039975015613,
            91.33126934984521
        ],
        [
            100.23584905660377,
            73.09069212410502
        ],
        [
            121.15165336374002,
            99.2063492063492
        ],
        [
            105.2479815455594,
            79.29642445213379
        ],
        [
            97.84458309699377,
            110.92150170648465
        ],
        [
            106.68789808917198,
            89.80115458627326
        ],
        [
            121.77650429799428,
            101.56703424260012
        ],
        [
            123.08099523557438,
            87.16323296354992
        ],
        [
            115.62998405103669,
            129.90455991516438
        ],
        [
            114.38809261300992,
            132.79132791327913
        ]
    ],
    "losses": 11,