{
    "CompRank": 15,
    "CompositeDef": 92.69570803669956,
    "CompositeOff": 114.73258652480577,
    "CompositePace": 68.11914999734128,
    "CompositeRating": 22.036878488106215,
    "HA": [
        "H",
        "H"
    ],
    "OAst": 18.0,
    "OAvgCompRat": -11.118288598421946,
    "OBlk": 9.0,
    "ODR": 36.0,
    "OFGA": 107.0,
    "OFGA3": 46.0,
    "OFGM": 33.0,
    "OFGM3": 10.0,
    "OFTA": 7.0,
    "OFTM": 6.0,
    "OOR": 13.0,
    "OPF": 39.0,
    "OScore": 82.0,
    "OStl": 11.0,
    "OTO": 33.0,
    "Oastr": 0.11174571641420414,
    "Ocomprank": 263,
    "Ocorrdastr": 0.16335534165780605,
    "Ocorrdeff": 109.56921325720685,
    "Ocorrdeffrank": 294,
    "Ocorrdefgp": 0.5160321160501455,
    "Ocorrdftr": 0.2642655138872458,
    "Ocorrdorbp": 0.355463730585009,
    "Ocorrdtovr": 0.16404179221161008,
    "Ocorroastr": 0.13261317446507048,
    "Ocorroeff": 90.95157551904774,
    "Ocorroeffrank": 286,
    "Ocorroefgp": 0.4226061600710364,
    "Ocorroftr": 0.15515075340931525,
    "Ocorroorbp": 0.2262668849809793,
    "Ocorrotovr": 0.1730054255357289,
    "Oeff": 63.03813038130382,
    "Oefgp": 0.35514018691588783,
    "Oftr": 0.06542056074766354,
    "Oneteff": -18.617637738159118,
    "Oneteffrank": 304,
    "Oorbp": 0.18309859154929578,
    "Oposs": 130.07999999999998,
    "Otovr": 0.23064020128599388,
    "SoR": 35.00090155244303,
    "SoRrank": 54,
    "TAst": 35.0,
    "TBlk": 10.0,
    "TDR": 58.0,
    "TFGA": 127.0,
    "TFGA3": 50.0,
    "TFGM": 57.0,
    "TFGM3": 17.0,
    "TFTA": 37.0,
    "TFTM": 24.0,
    "TOR": 32.0,
    "TPF": 24.0,
    "TScore": 155.0,
    "TStl": 21.0,
    "TTO": 23.0,
    "Tastr": 0.17388712241653417,
    "Tcorrdastr": 0.11505130189286306,
    "Tcorrdastrrank": 72,
    "Tcorrdeff": 68.81402360672467,
    "Tcorrdeffrank": 5,
    "Tcorrdefgp": 0.41342563083253214,
    "Tcorrdefgprank": 35,
    "Tcorrdftr": 0.1372021184665327,
    "Tcorrdftrrank": 11,
    "Tcorrdorbp": 0.21904510130319976,
    "Tcorrdorbprank": 88,
    "Tcorrdtovr": 0.22392348780027854,
    "Tcorrdtovrrank": 56,
    "Tcorroastr": 0.14761766187396363,
    "Tcorroastrrank": 125,
    "Tcorroeff": 106.01742523598418,
    "Tcorroeffrank": 93,
    "Tcorroefgp": 0.4994771869568338,
    "Tcorroefgprank": 163,
    "Tcorroftr": 0.3743189483140682,
    "Tcorroftrrank": 126,
    "Tcorroorbp": 0.3715113814295139,
    "Tcorroorbprank": 38,
    "Tcorrotovr": 0.14110986522048594,
    "Tcorrotovrrank": 109,
    "Teff": 115.43044384867441,
    "Tefgp": 0.515748031496063,
    "Tftr": 0.29133858267716534,
    "Tneteff": 37.2034016292595,
    "Tneteffrank": 7,
    "Torbp": 0.47058823529411764,
    "Tposs": 134.28,
    "Ttovr": 0.13832090449843637,
    "closses": 0,
    "confplace": 1,
    "cwins": 0,
    "dates": [
        [
            11,
            7
        ],
        [
            11,
            11
        ]
    ],
    "geff": [
        [
            116.69953977646284,
            73.08970099667773
        ],
        [
            114.37908496732027,
            54.37893531768747
        ]
    ],
    "losses": 0,
    "nOT": [
        0,
        0
    ],
    "pace": 61.835063993540686,
    "poss": [
        [
            60.84,
            60.2
        ],
        [
            73.44,
            69.88
        ]
    ],
    "preseason_pace": 68.80876163013147,
    "preseason_pred": 20.372513808692958,
    "preseason_predd": 95.31646901666936,
    "preseason_predo": 115.68898282536232,
    "schedule": [
        "jacksonville",
        "south-carolina-upstate"
    ],
    "scores": [
        [
            71,
            44
        ],
        [
            84,
            38
        ]
    ],
    "wins": 2
}