{
    "CompRank": 214,
    "CompositeDef": 104.13482895704807,
    "CompositeOff": 99.20713858064109,
    "CompositePace": 68.55813466215722,
    "CompositeRating": -4.92769037640699,
    "HA": [
        "A"
    ],
    "OAst": 17.0,
    "OAvgCompRat": 15.693521916252754,
    "OBlk": 3.0,
    "ODR": 27.0,
    "OFGA": 48.0,
    "OFGA3": 23.0,
    "OFGM": 20.0,
    "OFGM3": 5.0,
    "OFTA": 22.0,
    "OFTM": 18.0,
    "OOR": 6.0,
    "OPF": 16.0,
    "OScore": 63.0,
    "OStl": 6.0,
    "OTO": 10.0,
    "Oastr": 0.20075578649031647,
    "Ocomprank": 67,
    "Ocorrdastr": 0.11029379418261863,
    "Ocorrdeff": 85.08478787604993,
    "Ocorrdeffrank": 23,
    "Ocorrdefgp": 0.42341163620115757,
    "Ocorrdftr": 0.3110760295167247,
    "Ocorrdorbp": 0.22018780811396876,
    "Ocorrdtovr": 0.16335360582516298,
    "Ocorroastr": 0.16462264333742077,
    "Ocorroeff": 102.71405557539894,
    "Ocorroeffrank": 109,
    "Ocorroefgp": 0.47855721034834336,
    "Ocorroftr": 0.38736796686925606,
    "Ocorroorbp": 0.23972994216879054,
    "Ocorrotovr": 0.1496871554985223,
    "Oeff": 102.14007782101167,
    "Oefgp": 0.46875,
    "Oftr": 0.4583333333333333,
    "Oneteff": 17.629267699349015,
    "Oneteffrank": 50,
    "Oorbp": 0.21428571428571427,
    "Oposs": 61.68,
    "Otovr": 0.14775413711583923,
    "SoR": 0.0,
    "SoRrank": 128,
    "TAst": 7.0,
    "TBlk": 1.0,
    "TDR": 22.0,
    "TFGA": 50.0,
    "TFGA3": 12.0,
    "TFGM": 16.0,
    "TFGM3": 5.0,
    "TFTA": 15.0,
    "TFTM": 10.0,
    "TOR": 6.0,
    "TPF": 20.0,
    "TScore": 47.0,
    "TStl": 7.0,
    "TTO": 12.0,
    "Tastr": 0.0925925925925926,
    "Tcorrdastr": 0.16526916113658882,
    "Tcorrdastrrank": 236,
    "Tcorrdeff": 99.81063769991896,
    "Tcorrdeffrank": 119,
    "Tcorrdefgp": 0.47829734716482564,
    "Tcorrdefgprank": 108,
    "Tcorrdftr": 0.38855021603246426,
    "Tcorrdftrrank": 201,
    "Tcorrdorbp": 0.2390695122888764,
    "Tcorrdorbprank": 61,
    "Tcorrdtovr": 0.14960625571678712,
    "Tcorrdtovrrank": 251,
    "Tcorroastr": 0.109852601051278,
    "Tcorroastrrank": 212,
    "Tcorroeff": 87.12093898044604,
    "Tcorroeffrank": 232,
    "Tcorroefgp": 0.4221574082202044,
    "Tcorroefgprank": 228,
    "Tcorroftr": 0.3106736732936232,
    "Tcorroftrrank": 145,
    "Tcorroorbp": 0.2192119374973326,
    "Tcorroorbprank": 215,
    "Tcorrotovr": 0.16354791839402258,
    "Tcorrotovrrank": 287,
    "Teff": 75.07987220447284,
    "Tefgp": 0.37,
    "Tftr": 0.3,
    "Tneteff": -12.689698719472915,
    "Tneteffrank": 207,
    "Torbp": 0.18181818181818182,
    "Tposs": 62.6,
    "Ttovr": 0.17492711370262393,
    "closses": 0,
    "confplace": 1,
    "cwins": 0,
    "dates": [
        [
            11,
            6
        ]
    ],
    "geff": [
        [
            75.07987220447284,
            102.14007782101167
        ]
    ],
    "losses": 1,
    "nOT": [
        0
    ],
    "pace": 43.60099447513813,
    "poss": [
        [
            62.6,
            61.68
        ]
    ],
    "preseason_pace": 69.24282986619066,
    "preseason_pred": -4.714740901974455,
    "preseason_predd": 104.25346246204477,
    "preseason_predo": 99.53872156007031,
    "schedule": [
        "dayton"
    ],
    "scores": [
        [
            47,
            63
        ]
    ],
    "wins": 0
}