{
    "CompRank": 227,
    "CompositeDef": 108.61746570814189,
    "CompositeOff": 103.09137156518325,
    "CompositePace": 75.89363009946128,
    "CompositeRating": -5.526094142958642,
    "HA": [
        "A",
        "N",
        "N",
        "A",
        "A",
        "H",
        "H",
        "A",
        "A",
        "A",
        "A",
        "H",
        "H",
        "H",
        "A",
        "A",
        "H",
        "A"
    ],
    "OAst": 239.0,
    "OAvgCompRat": -4.416808927068377,
    "OBlk": 83.0,
    "ODR": 466.0,
    "OFGA": 1109.0,
    "OFGA3": 427.0,
    "OFGM": 501.0,
    "OFGM3": 150.0,
    "OFTA": 475.0,
    "OFTM": 347.0,
    "OOR": 182.0,
    "OPF": 333.0,
    "OScore": 1499.0,
    "OStl": 129.0,
    "OTO": 254.0,
    "Oastr": 0.1319712865819989,
    "Ocomprank": 328,
    "Ocorrdastr": 0.14951579840251003,
    "Ocorrdeff": 108.4607076347614,
    "Ocorrdeffrank": 356,
    "Ocorrdefgp": 0.5275284444424992,
    "Ocorrdftr": 0.3677078400389573,
    "Ocorrdorbp": 0.294284208043124,
    "Ocorrdtovr": 0.14680176593685992,
    "Ocorroastr": 0.1361925026444853,
    "Ocorroeff": 103.51199629880333,
    "Ocorroeffrank": 239,
    "Ocorroefgp": 0.5002942268204621,
    "Ocorroftr": 0.33342968692535463,
    "Ocorroorbp": 0.26531697603741383,
    "Ocorrotovr": 0.15614279699728506,
    "Oeff": 107.84172661870504,
    "Oefgp": 0.5193868349864743,
    "Oftr": 0.42831379621280435,
    "Oneteff": -4.94871133595808,
    "Oneteffrank": 319,
    "Oorbp": 0.2978723404255319,
    "Oposs": 1390.0,
    "Otovr": 0.16157760814249364,
    "SoR": 0.0,
    "SoRrank": 170,
    "TAst": 242.0,
    "TBlk": 79.0,
    "TDR": 429.0,
    "TFGA": 1150.0,
    "TFGA3": 499.0,
    "TFGM": 513.0,
    "TFGM3": 163.0,
    "TFTA": 432.0,
    "TFTM": 298.0,
    "TOR": 174.0,
    "TPF": 340.0,
    "TScore": 1487.0,
    "TStl": 140.0,
    "TTO": 222.0,
    "Tastr": 0.1341403928872334,
    "Tcorrdastr": 0.13765216661783417,
    "Tcorrdastrrank": 142,
    "Tcorrdeff": 108.77683599926718,
    "Tcorrdeffrank": 264,
    "Tcorrdefgp": 0.5227551359433537,
    "Tcorrdefgprank": 246,
    "Tcorrdftr": 0.4257305547873285,
    "Tcorrdftrrank": 330,
    "Tcorrdorbp": 0.3113058829928319,
    "Tcorrdorbprank": 299,
    "Tcorrdtovr": 0.15434343969464714,
    "Tcorrdtovrrank": 127,
    "Tcorroastr": 0.12754784391425564,
    "Tcorroastrrank": 262,
    "Tcorroeff": 103.12011210459892,
    "Tcorroeffrank": 200,
    "Tcorroefgp": 0.49361900354884863,
    "Tcorroefgprank": 212,
    "Tcorroftr": 0.3396186683248664,
    "Tcorroftrrank": 160,
    "Tcorroorbp": 0.2568300607607502,
    "Tcorroorbprank": 237,
    "Tcorrotovr": 0.1443921698617867,
    "Tcorrotovrrank": 147,
    "Teff": 107.12639040977466,
    "Tefgp": 0.5169565217391304,
    "Tftr": 0.37565217391304345,
    "Tneteff": -5.656723894668261,
    "Tneteffrank": 231,
    "Torbp": 0.271875,
    "Tposs": 1388.08,
    "Ttovr": 0.14211820137252895,
    "closses": 3,
    "confplace": 4,
    "cwins": 4,
    "dates": [
        [
            11,
            10
        ],
        [
            11,
            19
        ],
        [
            11,
            20
        ],
        [
            11,
            21
        ],
        [
            11,
            26
        ],
        [
            12,
            2
        ],
        [
            12,
            5
        ],
        [
            12,
            9
        ],
        [
            12,
            16
        ],
        [
            12,
            23
        ],
        [
            12,
            29
        ],
        [
            1,
            6
        ],
        [
            1,
            10
        ],
        [
            1,
            12
        ],
        [
            1,
            18
        ],
        [
            1,
            20
        ],
        [
            1,
            24
        ],
        [
            1,
            27
        ]
    ],
    "geff": [
        [
            79.3462813832307,
            106.81818181818181
        ],
        [
            115.60693641618498,
            113.58024691358025
        ],
        [
            100.66258919469928,
            101.36914165350183
        ],
        [
            107.63710917478215,
            109.53608247422682
        ],
        [
            105.90015128593042,
            113.29681274900399
        ],
        [
            124.57531143827859,
            100.10400416016641
        ],
        [
            100.10136847440445,
            94.76309226932668
        ],
        [
            108.92116182572613,
            94.45534838076546
        ],
        [
            122.52346193952033,
            108.75194199896427
        ],
        [
            91.86351706036746,
            108.75550660792952
        ],
        [
            106.72227674190383,
            124.19274714356682
        ],
        [
            103.25245224574083,
            98.36484414920797
        ],
        [
            117.83610069630421,
            90.11328527291451
        ],
        [
            106.03588907014682,
            102.85244103126713
        ],
        [
            101.73629951166576,
            117.71300448430493
        ],
        [
            121.20327102803738,
            121.0913549969344
        ],
        [
            103.4992607195663,
            114.79591836734693
        ],
        [
            116.68454935622317,
            123.98921832884096
        ]
    ],
    "losses": 8,
    "nOT": [
        0,
        0,
        0,
        0,
        0,
        0,
        1,
        0,
        0,
        0,
        0,
        0,
        0,
        0,
        0,
        0,
        0,
        0
    ],
    "pace": 76.47559702863218,
    "poss": [
        [
            84.44,
            88.0
        ],
        [
            83.03999999999999,
            81.0
        ],
        [
            78.48,
            75.96000000000001
        ],
        [
            78.04,
            77.6
        ],
        [
            79.32,
            80.32
        ],
        [
            70.64,
            76.92
        ],
        [
            78.92,
            80.2
        ],
        [
            77.12,
            81.52
        ],
        [
            76.72,
            77.24
        ],
        [
            76.2,
            72.64
        ],
        [
            81.52,
            80.52
        ],
        [
            77.48,
            78.28
        ],
        [
            74.68,
            77.68
        ],
        [
            73.56,
            72.92
        ],
        [
            73.72,
            71.36
        ],
        [
            68.48,
            65.24
        ],
        [
            81.16,
            78.4
        ],
        [
            74.56,
            74.2
        ]
    ],
    "preseason_pace": 68.7063385242007,
    "preseason_pred": -3.9128167093448525,
    "preseason_predd": 106.64924261274463,
    "preseason_predo": 102.73642590339978,
    "schedule": [
        "florida-state",
        "georgia-southern",
        "northeastern",
        "east-carolina",
        "florida-international",
        "georgia-state",
        "north-carolina-asheville",
        "south-carolina-upstate",
        "presbyterian",
        "north-carolina-asheville",
        "indiana",
        "queens-nc",
        "stetson",
        "florida-gulf-coast",
        "north-florida",
        "jacksonville",
        "north-alabama",
        "central-arkansas"
    ],