{
    "CompRank": 151,
    "CompositeDef": 108.92697347057974,
    "CompositeOff": 110.53261808917085,
    "CompositePace": 72.72292500824764,
    "CompositeRating": 1.6056446185911144,
    "HA": [
        "A",
        "H",
        "N",
        "N",
        "A",
        "H",
        "H",
        "A",
        "N",
        "A",
        "A",
        "H",
        "H",
        "H",
        "A",
        "A",
        "A",
        "H",
        "H"
    ],
    "OAst": 228.0,
    "OAvgCompRat": -2.797378270737704,
    "OBlk": 88.0,
    "ODR": 467.0,
    "OFGA": 1167.0,
    "OFGA3": 436.0,
    "OFGM": 480.0,
    "OFGM3": 150.0,
    "OFTA": 551.0,
    "OFTM": 405.0,
    "OOR": 217.0,
    "OPF": 276.0,
    "OScore": 1515.0,
    "OStl": 155.0,
    "OTO": 219.0,
    "Oastr": 0.12281571179246299,
    "Ocomprank": 249,
    "Ocorrdastr": 0.1485300516890636,
    "Ocorrdeff": 110.17409394282909,
    "Ocorrdeffrank": 238,
    "Ocorrdefgp": 0.5119113002887509,
    "Ocorrdftr": 0.3854925353727495,
    "Ocorrdorbp": 0.31515950839730517,
    "Ocorrdtovr": 0.14646820576870628,
    "Ocorroastr": 0.14165477847998184,
    "Ocorroeff": 107.01061981412813,
    "Ocorroeffrank": 264,
    "Ocorroefgp": 0.5016401119235399,
    "Ocorroftr": 0.34376640520198626,
    "Ocorroorbp": 0.299949529397768,
    "Ocorrotovr": 0.1462725659895648,
    "Oeff": 107.33718755313721,
    "Oefgp": 0.4755784061696658,
    "Oftr": 0.4721508140531277,
    "Oneteff": -3.1634741287009547,
    "Oneteffrank": 249,
    "Oorbp": 0.3013888888888889,
    "Oposs": 1411.44,
    "Otovr": 0.13448453734862814,
    "SoR": 0.0,
    "SoRrank": 107,
    "TAst": 261.0,
    "TBlk": 114.0,
    "TDR": 503.0,
    "TFGA": 1184.0,
    "TFGA3": 510.0,
    "TFGM": 507.0,
    "TFGM3": 168.0,
    "TFTA": 543.0,
    "TFTM": 385.0,
    "TOR": 271.0,
    "TPF": 264.0,
    "TScore": 1567.0,
    "TStl": 125.0,
    "TTO": 246.0,
    "Tastr": 0.1352387663737357,
    "Tcorrdastr": 0.12823475769752576,
    "Tcorrdastrrank": 51,
    "Tcorrdeff": 109.23446678880504,
    "Tcorrdeffrank": 176,
    "Tcorrdefgp": 0.4872386059465527,
    "Tcorrdefgprank": 89,
    "Tcorrdftr": 0.48919256879695805,
    "Tcorrdftrrank": 359,
    "Tcorrdorbp": 0.3054872143330868,
    "Tcorrdorbprank": 189,
    "Tcorrdtovr": 0.13624996575842016,
    "Tcorrdtovrrank": 250,
    "Tcorroastr": 0.13477903636742225,
    "Tcorroastrrank": 257,
    "Tcorroeff": 110.85486637476714,
    "Tcorroeffrank": 136,
    "Tcorroefgp": 0.5015088033032428,
    "Tcorroefgprank": 215,
    "Tcorroftr": 0.42487981388739526,
    "Tcorroftrrank": 37,
    "Tcorroorbp": 0.3552538137156063,
    "Tcorroorbprank": 57,
    "Tcorrotovr": 0.14902155343190204,
    "Tcorrotovrrank": 194,
    "Teff": 112.0951127389264,
    "Tefgp": 0.49915540540540543,
    "Tftr": 0.45861486486486486,
    "Tneteff": 1.6203995859621045,
    "Tneteffrank": 151,
    "Torbp": 0.36720867208672087,
    "Tposs": 1397.92,
    "Ttovr": 0.14740071423435513,
    "closses": 5,
    "confplace": 5,
    "cwins": 6,
    "dates": [
        [
            11,
            8
        ],
        [
            11,
            16
        ],
        [
            11,
            24
        ],
        [
            11,
            25
        ],
        [
            11,
            26
        ],
        [
            12,
            2
        ],
        [
            12,
            6
        ],
        [
            12,
            17
        ],
        [
            12,
            21
        ],
        [
            1,
            2
        ],
        [
            1,
            4
        ],
        [
            1,
            7
        ],
        [
            1,
            10
        ],
        [
            1,
            14
        ],
        [
            1,
            17
        ],
        [
            1,
            21
        ],
        [
            1,
            23
        ],
        [
            1,
            28
        ],
        [
            1,
            31
        ]
    ],
    "geff": [
        [
            117.46680286006129,
            88.32188420019628
        ],
        [
            112.43052046488125,
            139.82392542723977
        ],
        [
            106.97115384615384,
            101.54738878143134
        ],
        [
            108.63874345549738,
            119.23480083857443
        ],
        [
            117.4573929064947,
            112.15791834903544
        ],
        [
            127.24117987275882,
            98.96963123644251
        ],
        [
            109.83763132760267,
            83.61609306834707
        ],
        [
            98.99527186761229,
            98.43659525188188
        ],
        [
            103.95277207392196,
            117.76753712237583
        ],
        [
            99.023331524688,
            113.19172722191168
        ],
        [
            82.17446270543616,
            105.54505356017643
        ],
        [
            121.4902807775378,
            110.13215859030836
        ],
        [
            124.01352874859074,
            114.07902058987202
        ],
        [
            122.31995601979108,
            117.8082191780822
        ],
        [
            114.47145279819107,
            90.1275651691625
        ],
        [
            120.23217247097844,
            126.77208287895311
        ],
        [
            119.64735516372797,
            125.07626601586333
        ],
        [
            105.57184750733137,
            95.83333333333333
        ],
        [
            115.43134872417983,
            81.03975535168195
        ]
    ],
    "losses": 8,
    "nOT": [
        0,
        0,
        1,
        0,
        1,
        0,
        0,
        0,
        0,
        0,
        0,
        0,
        0,
        0,
        0,
        0,
        0,
        0,
        0
    ],
    "pace": 72.84909338956027,
    "poss": [
        [
            78.32,
            81.52
        ],
        [
            79.16,
            77.24
        ],
        [
            83.2,
            82.72
        ],
        [
            76.4,
            76.32
        ],
        [
            86.84,
            89.16
        ],
        [
            69.16,
            73.76
        ],
        [
            83.76,
            82.52
        ],
        [
            67.68,
            69.08
        ],
        [
            77.92,
            78.12
        ],
        [
            73.72,
            71.56
        ],
        [
            63.28,
            63.480000000000004
        ],
        [
            74.08,
            72.64
        ],
        [
            70.96000000000001,
            71.88
        ],
        [
            72.76,
            73.0
        ],
        [
            70.76,
            72.12
        ],
        [
            72.36,
            73.36
        ],
        [
            63.519999999999996,
            65.56
        ],
        [
            68.2,
            72.0
        ],
        [
            65.84,
            65.4
        ]
    ],
    "preseason_pace": 70.75969242486416,
    "preseason_pred": 1.3760511783954361,
    "preseason_predd": 104.14224931677813,
    "preseason_predo": 105.51830049517358,
    "schedule": [
        "florida-am",
        "south-florida",
        "rice",
        "oral-roberts",
        "florida-gulf-coast",
        "jackson-state",
        "georgia-state",
        "middle-tennessee",
        "alabama",
        "liberty",
        "delaware",
        "missouri-state",
        "jacksonville-state",
        "florida-international",
        "western-kentucky",
        "sam-houston-state",
        "louisiana-tech",
        "western-kentucky",
        "new-mexico-state"
    ],