{
    "CompRank": 352,
    "CompositeDef": 114.64015459139378,
    "CompositeOff": 93.31083171209696,
    "CompositePace": 71.88778108856407,
    "CompositeRating": -21.329322879296804,
    "HA": [
        "A",
        "A",
        "A",
        "A",
        "A",
        "H",
        "A",
        "A",
        "A",
        "H"
    ],
    "OAst": 183.0,
    "OAvgCompRat": 2.05925861935373,
    "OBlk": 37.0,
    "ODR": 254.0,
    "OFGA": 584.0,
    "OFGA3": 250.0,
    "OFGM": 283.0,
    "OFGM3": 103.0,
    "OFTA": 288.0,
    "OFTM": 214.0,
    "OOR": 110.0,
    "OPF": 205.0,
    "OScore": 883.0,
    "OStl": 94.0,
    "OTO": 149.0,
    "Oastr": 0.17550253183980358,
    "Ocomprank": 100,
    "Ocorrdastr": 0.1368831640361769,
    "Ocorrdeff": 101.98097694157288,
    "Ocorrdeffrank": 130,
    "Ocorrdefgp": 0.5026084283062666,
    "Ocorrdftr": 0.3478765132549058,
    "Ocorrdorbp": 0.28342872327584434,
    "Ocorrdtovr": 0.15032999153947313,
    "Ocorroastr": 0.13044292646977304,
    "Ocorroeff": 104.18497050179185,
    "Ocorroeffrank": 144,
    "Ocorroefgp": 0.48096832348027474,
    "Ocorroftr": 0.3538175950700444,
    "Ocorroorbp": 0.29803162238551434,
    "Ocorrotovr": 0.14682142436136097,
    "Oeff": 117.77730352664994,
    "Oefgp": 0.5727739726027398,
    "Oftr": 0.4931506849315068,
    "Oneteff": 2.2039935602189757,
    "Oneteffrank": 140,
    "Oorbp": 0.3503184713375796,
    "Oposs": 749.72,
    "Otovr": 0.1733122411948076,
    "SoR": 0.0,
    "SoRrank": 254,
    "TAst": 97.0,
    "TBlk": 31.0,
    "TDR": 204.0,
    "TFGA": 586.0,
    "TFGA3": 161.0,
    "TFGM": 226.0,
    "TFGM3": 43.0,
    "TFTA": 276.0,
    "TFTM": 203.0,
    "TOR": 103.0,
    "TPF": 221.0,
    "TScore": 698.0,
    "TStl": 88.0,
    "TTO": 152.0,
    "Tastr": 0.10141775751746057,
    "Tcorrdastr": 0.18883266455386996,
    "Tcorrdastrrank": 360,
    "Tcorrdeff": 116.61617549489448,
    "Tcorrdeffrank": 347,
    "Tcorrdefgp": 0.5960741178802867,
    "Tcorrdefgprank": 358,
    "Tcorrdftr": 0.46864691694381494,
    "Tcorrdftrrank": 345,
    "Tcorrdorbp": 0.32421273624989433,
    "Tcorrdorbprank": 318,
    "Tcorrdtovr": 0.17839290000084193,
    "Tcorrdtovrrank": 42,
    "Tcorroastr": 0.10409751839900007,
    "Tcorroastrrank": 347,
    "Tcorroeff": 93.35973666213557,
    "Tcorroeffrank": 314,
    "Tcorroefgp": 0.4208701714958782,
    "Tcorroefgprank": 351,
    "Tcorroftr": 0.4573249964890862,
    "Tcorroftrrank": 11,
    "Tcorroorbp": 0.2815442226010642,
    "Tcorroorbprank": 165,
    "Tcorrotovr": 0.1777762248981294,
    "Tcorrotovrrank": 323,
    "Teff": 92.27433768706044,
    "Tefgp": 0.42235494880546076,
    "Tftr": 0.4709897610921502,
    "Tneteff": -23.256438832758903,
    "Tneteffrank": 352,
    "Torbp": 0.28851540616246496,
    "Tposs": 756.44,
    "Ttovr": 0.1768593502745974,
    "closses": 0,
    "confplace": 1,
    "cwins": 0,
    "dates": [
        [
            11,
            9
        ],
        [
            11,
            18
        ],
        [
            11,
            21
        ],
        [
            11,
            24
        ],
        [
            11,
            25
        ],
        [
            11,
            29
        ],
        [
            12,
            2
        ],
        [
            12,
            9
        ],
        [
            12,
            11
        ],
        [
            12,
            13
        ]
    ],
    "geff": [
        [
            87.19416970327954,
            109.38323668950976
        ],
        [
            101.4021031547321,
            131.9064211050274
        ],
        [
            75.54560716284274,
            118.57707509881422
        ],
        [
            102.89855072463769,
            115.88468061051441
        ],
        [
            79.04608788853162,
            127.52075919335707
        ],
        [
            108.7512794268168,
            98.29464708668877
        ],
        [
            79.94579945799458,
            114.77339611536196
        ],
        [
            73.35329341317366,
            106.57734470158343
        ],
        [
            95.62841530054645,
            121.00082034454472
        ],
        [
            116.01584606677984,
            135.09587449157465
        ]
    ],
    "losses": 9,
    "nOT": [
        0,
        0,
        0,
        0,
        0,
        1,
        0,
        0,
        0,
        0
    ],
    "pace": 73.105632564184,
    "poss": [
        [
            76.84,
            75.88
        ],
        [
            79.88,
            80.36
        ],
        [
            71.48,
            70.84
        ],
        [
            69.0,
            70.76
        ],
        [
            74.64,
            67.44
        ],
        [
            78.16,
            84.44
        ],
        [
            73.8,
            67.96000000000001
        ],
        [
            66.8,
            65.68
        ],
        [
            95.16,
            97.52
        ],
        [
            70.68,
            68.84
        ]
    ],
    "preseason_pace": 68.54662477684954,
    "preseason_pred": -16.042310661293786,
    "preseason_predd": 109.21897241443709,
    "preseason_predo": 93.1766617531433,
    "schedule": [
        "north-alabama",
        "lipscomb",
        "auburn",
        "east-tennessee-state",
        "cleveland-state",
        "tennessee-state",
        "vanderbilt",
        "georgia-tech",
        "samford",
        "alabama-birmingham"
    ],
    "scores": [
        [
            67,
            83
        ],
        [
            81,
            106
        ],
        [
            54,
            84
        ],
        [
            71,
            82
        ],
        [
            59,
            86
        ],
        [
            85,
            83
        ],
        [
            59,
            78
        ],
        [
            49,
            70
        ],
        [
            91,
            118
        ],
        [
            82,
            93
        ]
    ],
    "wins": 1
}