{
    "CompRank": 341,
    "CompositeDef": 118.02162064071307,
    "CompositeOff": 100.30519825260018,
    "CompositePace": 65.13899252773118,
    "CompositeRating": -17.716422388112885,
    "HA": [
        "A",
        "A",
        "A",
        "A",
        "N",
        "A",
        "N",
        "H",
        "H",
        "H"
    ],
    "OAst": 155.0,
    "OAvgCompRat": -5.344711622302212,
    "OBlk": 27.0,
    "ODR": 244.0,
    "OFGA": 566.0,
    "OFGA3": 246.0,
    "OFGM": 256.0,
    "OFGM3": 90.0,
    "OFTA": 145.0,
    "OFTM": 117.0,
    "OOR": 82.0,
    "OPF": 146.0,
    "OScore": 719.0,
    "OStl": 55.0,
    "OTO": 87.0,
    "Oastr": 0.17779307180545997,
    "Ocomprank": 335,
    "Ocorrdastr": 0.15303664487500376,
    "Ocorrdeff": 105.22530657414127,
    "Ocorrdeffrank": 189,
    "Ocorrdefgp": 0.5045565296365006,
    "Ocorrdftr": 0.36515771456149937,
    "Ocorrdorbp": 0.29910629134063627,
    "Ocorrdtovr": 0.145992259793662,
    "Ocorroastr": 0.1336146501794776,
    "Ocorroeff": 100.30975155714421,
    "Ocorroeffrank": 338,
    "Ocorroefgp": 0.47850148390988567,
    "Ocorroftr": 0.30958708001224594,
    "Ocorroorbp": 0.2622698301461435,
    "Ocorrotovr": 0.15578383463625448,
    "Oeff": 113.26402016383113,
    "Oefgp": 0.5318021201413428,
    "Oftr": 0.25618374558303886,
    "Oneteff": -4.915555016997061,
    "Oneteffrank": 304,
    "Oorbp": 0.2662337662337662,
    "Oposs": 634.8,
    "Otovr": 0.12137276785714286,
    "SoR": 0.049977510162069194,
    "SoRrank": 189,
    "TAst": 114.0,
    "TBlk": 19.0,
    "TDR": 226.0,
    "TFGA": 528.0,
    "TFGA3": 248.0,
    "TFGM": 222.0,
    "TFGM3": 85.0,
    "TFTA": 162.0,
    "TFTM": 122.0,
    "TOR": 52.0,
    "TPF": 149.0,
    "TScore": 651.0,
    "TStl": 50.0,
    "TTO": 104.0,
    "Tastr": 0.139487079091621,
    "Tcorrdastr": 0.19333941261132015,
    "Tcorrdastrrank": 360,
    "Tcorrdeff": 118.53720468880643,
    "Tcorrdeffrank": 350,
    "Tcorrdefgp": 0.5633206923993933,
    "Tcorrdefgprank": 334,
    "Tcorrdftr": 0.2782892815906911,
    "Tcorrdftrrank": 80,
    "Tcorrdorbp": 0.28853428700106787,
    "Tcorrdorbprank": 192,
    "Tcorrdtovr": 0.11743312318563674,
    "Tcorrdtovrrank": 340,
    "Tcorroastr": 0.13244547138848786,
    "Tcorroastrrank": 246,
    "Tcorroeff": 99.77038058812207,
    "Tcorroeffrank": 260,
    "Tcorroefgp": 0.503486254122349,
    "Tcorroefgprank": 175,
    "Tcorroftr": 0.28338096293150716,
    "Tcorroftrrank": 285,
    "Tcorroorbp": 0.1674001504311675,
    "Tcorroorbprank": 362,
    "Tcorrotovr": 0.15259065090995874,
    "Tcorrotovrrank": 187,
    "Teff": 99.95700773860706,
    "Tefgp": 0.5009469696969697,
    "Tftr": 0.3068181818181818,
    "Tneteff": -18.76682410068436,
    "Tneteffrank": 340,
    "Torbp": 0.17567567567567569,
    "Tposs": 651.28,
    "Ttovr": 0.14787851211466274,
    "closses": 1,
    "confplace": 4,
    "cwins": 1,
    "dates": [
        [
            11,
            7
        ],
        [
            11,
            10
        ],
        [
            11,
            19
        ],
        [
            11,
            21
        ],
        [
            11,
            29
        ],
        [
            11,
            30
        ],
        [
            12,
            1
        ],
        [
            12,
            6
        ],
        [
            12,
            8
        ],
        [
            12,
            14
        ]
    ],
    "geff": [
        [
            84.60236886632825,
            133.33333333333334
        ],
        [
            103.33863275039745,
            112.35955056179775
        ],
        [
            99.76525821596245,
            119.87381703470032
        ],
        [
            105.61342592592592,
            119.3467336683417
        ],
        [
            107.18997361477572,
            100.38860103626943
        ],
        [
            69.65026674570242,
            94.43021766965428
        ],
        [
            99.2063492063492,
            85.13425016371971
        ],
        [
            117.34693877551021,
            114.9425287356322
        ],
        [
            110.47754811119032,
            146.19883040935673
        ],
        [
            107.67790262172285,
            106.86528497409327
        ]
    ],
    "losses": 6,
    "nOT": [
        0,
        1,
        0,
        0,
        0,
        0,
        0,
        0,
        0,
        0
    ],
    "pace": 64.40474958374706,
    "poss": [
        [
            70.92,
            72.0
        ],
        [
            75.48,
            74.76
        ],
        [
            68.16,
            63.4
        ],
        [
            69.12,
            63.68000000000001
        ],
        [
            60.64,
            61.76
        ],
        [
            67.48,
            62.480000000000004
        ],
        [
            60.480000000000004,
            61.08
        ],
        [
            58.8,
            59.16
        ],
        [
            56.12,
            54.72
        ],
        [
            64.08,
            61.76
        ]
    ],
    "preseason_pace": 67.15337646184398,
    "preseason_pred": -14.834661859796086,
    "preseason_predd": 116.60712393812497,
    "preseason_predo": 101.77246207832889,
    "schedule": [
        "michigan-state",
        "detroit-mercy",
        "bowling-green-state",
        "kent-state",
        "binghamton",
        "lafayette",
        "long-island-university",
        "siena",
        "merrimack",
        "saint-francis-pa"
    ],
    "scores": [
        [
            60,
            96
        ],
        [
            78,
            84
        ],
        [
            68,
            76
        ],
        [
            73,
            76
        ],
        [
            65,
            62
        ],
        [
            47,
            59
        ],
        [
            60,
            52
        ],
        [
            69,
            68
        ],
        [
            62,
            80
        ],
        [
            69,
            66
        ]
    ],
    "wins": 4
}