{
    "CompRank": 146,
    "CompositeDef": 107.73457854444234,
    "CompositeOff": 109.83757120964744,
    "CompositePace": 67.62404155658444,
    "CompositeRating": 2.102992665205093,
    "HA": [
        "A",
        "H",
        "H",
        "H",
        "H",
        "A",
        "A",
        "A",
        "H",
        "A",
        "A",
        "A",
        "H",
        "H",
        "H",
        "A",
        "A",
        "A",
        "H",
        "A",
        "H",
        "A",
        "A",
        "H",
        "A",
        "H",
        "A",
        "H",
        "H"
    ],
    "OAst": 373.0,
    "OAvgCompRat": -2.060850558114257,
    "OBlk": 81.0,
    "ODR": 672.0,
    "OFGA": 1776.0,
    "OFGA3": 742.0,
    "OFGM": 767.0,
    "OFGM3": 263.0,
    "OFTA": 481.0,
    "OFTM": 328.0,
    "OOR": 279.0,
    "OPF": 451.0,
    "OScore": 2125.0,
    "OStl": 176.0,
    "OTO": 284.0,
    "Oastr": 0.14103999032004355,
    "Ocomprank": 214,
    "Ocorrdastr": 0.14316450527684155,
    "Ocorrdeff": 107.11884878793553,
    "Ocorrdeffrank": 247,
    "Ocorrdefgp": 0.510348519076043,
    "Ocorrdftr": 0.35258283249263206,
    "Ocorrdorbp": 0.28227991021912013,
    "Ocorrdtovr": 0.14025185756613795,
    "Ocorroastr": 0.1414457440939426,
    "Ocorroeff": 104.32064563462531,
    "Ocorroeffrank": 210,
    "Ocorroefgp": 0.5048656333992165,
    "Ocorroftr": 0.30339442853096765,
    "Ocorroorbp": 0.27653706872182193,
    "Ocorrotovr": 0.15611660193467955,
    "Oeff": 106.64244419463625,
    "Oefgp": 0.5059121621621622,
    "Oftr": 0.2708333333333333,
    "Oneteff": -2.798203153310226,
    "Oneteffrank": 225,
    "Oorbp": 0.2703488372093023,
    "Oposs": 1992.64,
    "Otovr": 0.1250198094768537,
    "SoR": 0.0,
    "SoRrank": 136,
    "TAst": 380.0,
    "TBlk": 99.0,
    "TDR": 753.0,
    "TFGA": 1687.0,
    "TFGA3": 857.0,
    "TFGM": 773.0,
    "TFGM3": 304.0,
    "TFTA": 494.0,
    "TFTM": 371.0,
    "TOR": 242.0,
    "TPF": 445.0,
    "TScore": 2221.0,
    "TStl": 180.0,
    "TTO": 327.0,
    "Tastr": 0.14551804423748543,
    "Tcorrdastr": 0.14238705153702744,
    "Tcorrdastrrank": 172,
    "Tcorrdeff": 107.73457854444234,
    "Tcorrdeffrank": 215,
    "Tcorrdefgp": 0.5066110020356749,
    "Tcorrdefgprank": 178,
    "Tcorrdftr": 0.29548121567053004,
    "Tcorrdftrrank": 107,
    "Tcorrdorbp": 0.2734352118038795,
    "Tcorrdorbprank": 156,
    "Tcorrdtovr": 0.118452735307928,
    "Tcorrdtovrrank": 337,
    "Tcorroastr": 0.14524044760648835,
    "Tcorroastrrank": 147,
    "Tcorroeff": 109.83757120964744,
    "Tcorroeffrank": 102,
    "Tcorroefgp": 0.5432517508054276,
    "Tcorroefgprank": 65,
    "Tcorroftr": 0.2757043207559337,
    "Tcorroftrrank": 317,
    "Tcorroorbp": 0.2629756477199,
    "Tcorroorbprank": 228,
    "Tcorrotovr": 0.1545592806525554,
    "Tcorrotovrrank": 230,
    "Teff": 111.64394579161137,
    "Tefgp": 0.5483106105512745,
    "Tftr": 0.2928275044457617,
    "Tneteff": 2.102992665205093,
    "Tneteffrank": 146,
    "Torbp": 0.2647702407002188,
    "Tposs": 1989.3600000000001,
    "Ttovr": 0.146547397103112,
    "closses": 6,
    "confplace": 2,
    "cwins": 12,
    "dates": [
        [
            11,
            10
        ],
        [
            11,
            14
        ],
        [
            11,
            19
        ],
        [
            11,
            24
        ],
        [
            11,
            26
        ],
        [
            11,
            29
        ],
        [
            12,
            3
        ],
        [
            12,
            16
        ],
        [
            12,
            19
        ],
        [
            12,
            22
        ],
        [
            12,
            30
        ],
        [
            1,
            3
        ],
        [
            1,
            6
        ],
        [
            1,
            11
        ],
        [
            1,
            13
        ],
        [
            1,
            17
        ],
        [
            1,
            21
        ],
        [
            1,
            24
        ],
        [
            1,
            27
        ],
        [
            1,
            31
        ],
        [
            2,
            3
        ],
        [
            2,
            8
        ],
        [
            2,
            10
        ],
        [
            2,
            14
        ],
        [
            2,
            18
        ],
        [
            2,
            21
        ],
        [
            2,
            24
        ],
        [
            2,
            28
        ],
        [
            3,
            2
        ]
    ],
    "geff": [
        [
            113.50896860986548,
            93.66754617414249
        ],
        [
            108.10810810810811,
            94.78672985781989
        ],
        [
            108.69565217391305,
            97.16224552745219
        ],
        [
            96.44288577154308,
            109.08624229979466
        ],
        [
            110.42944785276073,
            81.91925102399064
        ],
        [
            98.49362688296638,
            118.01957397812319
        ],
        [
            112.61261261261261,
            133.76383763837637
        ],
        [
            123.3875490745934,
            99.66777408637874
        ],
        [
            103.10818888224746,
            98.5663082437276
        ],
        [
            108.18561001042752,
            105.87942202291978
        ],
        [
            91.61576901721266,
            143.79271070615036
        ],
        [
            102.0971302428256,
            123.74860956618464
        ],
        [
            97.54142169962586,
            80.28792912513843
        ],
        [
            146.34801288936626,
            81.33333333333333
        ],
        [
            86.26198083067092,
            108.29207920792079
        ],
        [
            117.01454775458572,
            88.91523414344991
        ],
        [
            122.80169799878716,
            110.2502979737783
        ],
        [
            116.24484991171276,
            96.66864961332539
        ],
        [
            134.00833829660513,
            91.39150943396226
        ],
        [
            131.19953863898502,
            122.54901960784314
        ],
        [
            81.25362739408008,
            119.92619926199261
        ],
        [
            112.47443762781187,
            105.3687907676869
        ],
        [
            147.64432647644327,
            102.3489932885906
        ],
        [
            131.16801998750782,
            111.63522012578618
        ],
        [
            94.03935185185185,
            125.00000000000001
        ],
        [
            124.30939226519338,
            100.24676125848241
        ],
        [
            92.26190476190476,
            110.66084788029926
        ],
        [
            135.04823151125402,
            115.45566502463055
        ],
        [
            99.2438563327032,
            128.93081761006292
        ]
    ],
    "losses": 11,
    "nOT": [
        0,
        0,
        0,
        1,
        0,
        0,
        0,
        0,
        0,
        1,
        0,
        0,
        0,
        0,
        0,
        0,
        0,
        0,
        0,
        0,
        0,
        0,
        0,
        0,
        0,
        0,
        0,
        0,
        0
    ],
    "pace": 67.62404155658444,