{
    "CompRank": 69,
    "CompositeDef": 92.82469997540046,
    "CompositeOff": 105.35734015681487,
    "CompositePace": 67.77647787746291,
    "CompositeRating": 12.532640181414422,
    "HA": [
        "H",
        "H",
        "A",
        "N",
        "N",
        "N",
        "H",
        "H",
        "H",
        "N",
        "H",
        "H",
        "A",
        "A",
        "A",
        "H",
        "H",
        "A",
        "H",
        "A",
        "A",
        "H",
        "A",
        "H",
        "A"
    ],
    "Name": "creighton",
    "OAst": 287.0,
    "OAvgCompRat": 5.614118079399309,
    "OBlk": 86.0,
    "ODR": 595.0,
    "OFGA": 1570.0,
    "OFGA3": 522.0,
    "OFGM": 612.0,
    "OFGM3": 168.0,
    "OFTA": 340.0,
    "OFTM": 250.0,
    "OOR": 290.0,
    "OPFwins": 385.0,
    "OScore": 1642.0,
    "OStl": 173.0,
    "OTO": 275.0,
    "Oastr": 0.12578892005610098,
    "Ocomprank": 42,
    "Ocorrdastr": 0.13191862944263227,
    "Ocorrdeff": 98.90881474836746,
    "Ocorrdeffrank": 45,
    "Ocorrdefgp": 0.4778110090840515,
    "Ocorrdftr": 0.2825623570444227,
    "Ocorrdorbp": 0.26654528663675525,
    "Ocorrdtovr": 0.16924740104158528,
    "Ocorroastr": 0.14769017121519118,
    "Ocorroeff": 106.5398461577017,
    "Ocorroeffrank": 37,
    "Ocorroefgp": 0.5157838881861789,
    "Ocorroftr": 0.3311652658852223,
    "Ocorroorbp": 0.29771256395009005,
    "Ocorrotovr": 0.15453723069978664,
    "Oeff": 96.32758418397279,
    "Oefgp": 0.44331210191082804,
    "Oftr": 0.21656050955414013,
    "Oneteff": 7.631031409334241,
    "Oneteffrank": 42,
    "Oorbp": 0.2885572139303483,
    "Oposs": 1704.6,
    "Otovr": 0.1378722550887396,
    "SoR": 71.830693806219,
    "SoRrank": 43,
    "TAst": 335.0,
    "TBlk": 116.0,
    "TDR": 715.0,
    "TFGA": 1427.0,
    "TFGA3": 545.0,
    "TFGM": 644.0,
    "TFGM3": 170.0,
    "TFTA": 376.0,
    "TFTM": 274.0,
    "TOR": 248.0,
    "TPF": 352.0,
    "TScore": 1732.0,
    "TStl": 135.0,
    "TTO": 362.0,
    "Tastr": 0.14632399189321404,
    "Tcorrdastr": 0.1200973105753985,
    "Tcorrdastrrank": 39,
    "Tcorrdeff": 92.80873173155189,
    "Tcorrdeffrank": 31,
    "Tcorrdefgp": 0.42999064715427376,
    "Tcorrdefgprank": 11,
    "Tcorrdftr": 0.2001991960251244,
    "Tcorrdftrrank": 4,
    "Tcorrdorbp": 0.27348703273800085,
    "Tcorrdorbprank": 138,
    "Tcorrdtovr": 0.14684461628404702,
    "Tcorrdtovrrank": 283,
    "Tcorroastr": 0.15635614210155943,
    "Tcorroastrrank": 82,
    "Tcorroeff": 105.31826549746019,
    "Tcorroeffrank": 122,
    "Tcorroefgp": 0.5348161747000872,
    "Tcorroefgprank": 59,
    "Tcorroftr": 0.28621561486709196,
    "Tcorroftrrank": 234,
    "Tcorroorbp": 0.31197422480843634,
    "Tcorroorbprank": 92,
    "Tcorrotovr": 0.18008321695368884,
    "Tcorrotovrrank": 289,
    "Teff": 101.4978551838916,
    "Tefgp": 0.5108619481429573,
    "Tftr": 0.263489838822705,
    "Tneteff": 12.509533765908301,
    "Tneteffrank": 69,
    "Torbp": 0.2941874258600237,
    "Tposs": 1706.44,
    "Ttovr": 0.1852192955526903,
    "closses": 5,
    "confplace": 4,
    "cwins": 9,
    "dates": [
        [
            11,
            9
        ],
        [
            11,
            11
        ],
        [
            11,
            16
        ],
        [
            11,
            19
        ],
        [
            11,
            21
        ],
        [
            11,
            22
        ],
        [
            11,
            27
        ],
        [
            11,
            30
        ],
        [
            12,
            4
        ],
        [
            12,
            11
        ],
        [
            12,
            14
        ],
        [
            12,
            17
        ],
        [
            1,
            1
        ],
        [
            1,
            5
        ],
        [
            1,
            15
        ],
        [
            1,
            19
        ],
        [
            1,
            22
        ],
        [
            1,
            26
        ],
        [
            1,
            29
        ],
        [
            2,
            1
        ],
        [
            2,
            4
        ],
        [
            2,
            8
        ],
        [
            2,
            12
        ],
        [
            2,
            14
        ],
        [
            2,
            17
        ]
    ],
    "geff": [
        [
            116.45962732919254,
            101.85185185185186
        ],
        [
            78.55822550831793,
            66.26506024096385
        ],
        [
            107.24233983286908,
            95.88660366870485
        ],
        [
            107.0840197693575,
            78.99113082039912
        ],
        [
            116.91685912240185,
            130.99834528405958
        ],
        [
            108.48126232741616,
            105.96026490066225
        ],
        [
            102.3990637799883,
            95.19625073227886
        ],
        [
            132.71400132714,
            91.42287234042554
        ],
        [
            89.34072704867529,
            97.26443768996961
        ],
        [
            120.28985507246377,
            100.6806579693704
        ],
        [
            85.02386634844869,
            86.30952380952381
        ],
        [
            122.67080745341613,
            93.59137055837563
        ],
        [
            94.50604838709677,
            86.16383616383617
        ],
        [
            70.06151742993848,
            127.03252032520324
        ],
        [
            96.81697612732094,
            108.45986984815617
        ],
        [
            119.83471074380166,
            87.33624454148472
        ],
        [
            93.86733416770963,
            72.35221674876847
        ],
        [
            76.68711656441718,
            110.49723756906079
        ],
        [
            93.29446064139943,
            112.05330102967898
        ],
        [
            92.24515322076297,
            85.72319201995013
        ],
        [
            85.40372670807453,
            109.79228486646883
        ],
        [
            84.3222985633979,
            81.19925046845722
        ],
        [
            115.47344110854503,
            91.16022099447513
        ],
        [
            115.97258829731155,
            103.2725321888412
        ],
        [
            104.71976401179941,
            89.82947624847746
        ]
    ],
    "losses": 8,
    "nOT": [
        0,
        0,
        0,
        0,
        0,
        0,
        0,
        0,
        0,
        0,
        0,
        0,
        1,
        0,
        0,
        0,
        0,
        0,
        0,
        0,
        0,
        0,
        0,
        0,
        0
    ],
    "pace": 67.75810629624327,