{
    "CompRank": 174,
    "CompositeDef": 109.84695614018467,
    "CompositeOff": 109.02033661453774,
    "CompositePace": 67.89618401230707,
    "CompositeRating": -0.8266195256469363,
    "HA": [
        "A",
        "A",
        "A",
        "N",
        "N",
        "A",
        "H",
        "H",
        "A",
        "A",
        "A",
        "H",
        "A",
        "A",
        "A",
        "H",
        "H",
        "A",
        "H",
        "A",
        "A",
        "H"
    ],
    "OAst": 286.0,
    "OAvgCompRat": 0.9675762503459934,
    "OBlk": 63.0,
    "ODR": 530.0,
    "OFGA": 1333.0,
    "OFGA3": 447.0,
    "OFGM": 609.0,
    "OFGM3": 132.0,
    "OFTA": 456.0,
    "OFTM": 334.0,
    "OOR": 260.0,
    "OPF": 356.0,
    "OScore": 1684.0,
    "OStl": 160.0,
    "OTO": 268.0,
    "Oastr": 0.13699680021459637,
    "Ocomprank": 127,
    "Ocorrdastr": 0.1439466053287332,
    "Ocorrdeff": 106.46047426656574,
    "Ocorrdeffrank": 87,
    "Ocorrdefgp": 0.5162035039104862,
    "Ocorrdftr": 0.3884856781770382,
    "Ocorrdorbp": 0.29722245672898506,
    "Ocorrdtovr": 0.1576614199888781,
    "Ocorroastr": 0.14233253222406558,
    "Ocorroeff": 108.3439810625848,
    "Ocorroeffrank": 206,
    "Ocorroefgp": 0.5048713571294481,
    "Ocorroftr": 0.36024607328552155,
    "Ocorroorbp": 0.323621720667418,
    "Ocorrotovr": 0.1584807191682446,
    "Oeff": 109.23432189097325,
    "Oefgp": 0.5063765941485371,
    "Oftr": 0.3420855213803451,
    "Oneteff": 1.8835067960190628,
    "Oneteffrank": 125,
    "Oorbp": 0.33986928104575165,
    "Oposs": 1541.64,
    "Otovr": 0.14875335805155301,
    "SoR": 0.0,
    "SoRrank": 107,
    "TAst": 310.0,
    "TBlk": 70.0,
    "TDR": 505.0,
    "TFGA": 1300.0,
    "TFGA3": 493.0,
    "TFGM": 598.0,
    "TFGM3": 166.0,
    "TFTA": 379.0,
    "TFTM": 269.0,
    "TOR": 211.0,
    "TPF": 301.0,
    "TScore": 1631.0,
    "TStl": 162.0,
    "TTO": 272.0,
    "Tastr": 0.151311036919893,
    "Tcorrdastr": 0.1423201293276896,
    "Tcorrdastrrank": 142,
    "Tcorrdeff": 109.79895366916142,
    "Tcorrdeffrank": 195,
    "Tcorrdefgp": 0.5151840265970667,
    "Tcorrdefgprank": 183,
    "Tcorrdftr": 0.33770728243202175,
    "Tcorrdftrrank": 154,
    "Tcorrdorbp": 0.319187062041901,
    "Tcorrdorbprank": 243,
    "Tcorrdtovr": 0.138904298488414,
    "Tcorrdtovrrank": 234,
    "Tcorroastr": 0.1555594627562254,
    "Tcorroastrrank": 118,
    "Tcorroeff": 109.25890497033245,
    "Tcorroeffrank": 160,
    "Tcorroefgp": 0.5216565152312961,
    "Tcorroefgprank": 142,
    "Tcorroftr": 0.26755162680095373,
    "Tcorroftrrank": 348,
    "Tcorroorbp": 0.29199097371022303,
    "Tcorroorbprank": 213,
    "Tcorrotovr": 0.1467241642712078,
    "Tcorrotovrrank": 177,
    "Teff": 106.75760590668692,
    "Tefgp": 0.5238461538461539,
    "Tftr": 0.2915384615384615,
    "Tneteff": -0.5400486988289686,
    "Tneteffrank": 173,
    "Torbp": 0.28475033738191635,
    "Tposs": 1527.76,
    "Ttovr": 0.15643332029722332,
    "closses": 4,
    "confplace": 3,
    "cwins": 7,
    "dates": [
        [
            11,
            3
        ],
        [
            11,
            7
        ],
        [
            11,
            9
        ],
        [
            11,
            12
        ],
        [
            11,
            14
        ],
        [
            11,
            15
        ],
        [
            11,
            25
        ],
        [
            11,
            29
        ],
        [
            12,
            3
        ],
        [
            12,
            20
        ],
        [
            12,
            22
        ],
        [
            12,
            29
        ],
        [
            1,
            1
        ],
        [
            1,
            8
        ],
        [
            1,
            10
        ],
        [
            1,
            15
        ],
        [
            1,
            17
        ],
        [
            1,
            21
        ],
        [
            1,
            24
        ],
        [
            1,
            29
        ],
        [
            1,
            31
        ],
        [
            2,
            5
        ]
    ],
    "geff": [
        [
            97.92069632495165,
            95.87378640776699
        ],
        [
            95.87864911276475,
            131.35593220338984
        ],
        [
            93.3786078098472,
            114.02027027027026
        ],
        [
            112.61261261261262,
            123.82445141065831
        ],
        [
            112.00221238938055,
            100.21378941742384
        ],
        [
            87.8186968838527,
            98.55072463768116
        ],
        [
            88.23529411764706,
            97.757331799885
        ],
        [
            124.35400516795865,
            110.43533930857873
        ],
        [
            107.35373054213635,
            115.80030880082347
        ],
        [
            124.01693889897156,
            122.69938650306747
        ],
        [
            96.47651006711408,
            128.49162011173186
        ],
        [
            111.54489682097044,
            92.64458169567659
        ],
        [
            122.89981331673927,
            95.01187648456057
        ],
        [
            116.27906976744185,
            136.71875
        ],
        [
            102.98102981029811,
            118.13045711350797
        ],
        [
            76.56065959952886,
            82.06330597889801
        ],
        [
            110.09982384028184,
            101.89437428243397
        ],
        [
            105.96026490066224,
            117.28791773778921
        ],
        [
            142.06128133704735,
            127.80898876404494
        ],
        [
            102.42587601078166,
            97.76536312849163
        ],
        [
            105.65669700910273,
            91.50124069478908
        ],
        [
            117.88617886178862,
            107.91366906474819
        ]
    ],
    "losses": 11,
    "nOT": [
        1,
        0,
        0,
        0,
        1,
        0,
        0,
        0,
        0,
        0,
        0,
        0,
        0,
        0,
        0,
        0,
        0,
        0,
        0,
        0,
        0,
        1
    ],
    "pace": 67.87015084979295,
    "poss": [
        [
            82.72,
            82.4
        ],
        [
            69.88,
            70.8
        ],
        [
            70.68,
            71.04
        ],
        [
            66.6,
            63.8
        ],
        [
            72.32,
            74.84
        ],
        [
            70.6,
            69.0
        ],
        [
            71.4,
            69.56
        ],
        [
            61.92,
            62.480000000000004
        ],
        [
            74.52,
            77.72
        ],
        [
            66.12,
            65.2
        ],
        [
            71.52000000000001,
            71.6
        ],
        [
            71.72,
            71.24
        ],
        [
            64.28,
            67.36
        ],
        [
            61.92,
            61.44
        ],
        [
            73.8,
            77.88
        ],
        [
            67.92,
            68.24
        ],
        [
            68.12,
            69.68
        ],
        [
            60.400000000000006,
            62.239999999999995
        ],
        [
            71.8,
            71.2
        ],
        [
            74.2,
            71.6
        ],
        [
            61.52,
            64.48
        ],
        [
            73.8,
            77.84
        ]
    ],
    "preseason_pace": 68.77341481182498,
    "preseason_pred": -10.483101153323053,
    "preseason_predd": 111.46447940543163,
    "preseason_predo": 100.98137825210858,