{
    "CompRank": 268,
    "CompositeDef": 105.67939786510391,
    "CompositeOff": 97.13315959785191,
    "CompositePace": 71.10400620651181,
    "CompositeRating": -8.546238267251994,
    "HA": [
        "A",
        "A",
        "A",
        "A",
        "A",
        "H",
        "A",
        "H",
        "A",
        "H",
        "A",
        "H",
        "A",
        "H",
        "H",
        "A",
        "A",
        "A",
        "A",
        "H"
    ],
    "OAst": 258.0,
    "OAvgCompRat": 0.7028717438925757,
    "OBlk": 82.0,
    "ODR": 492.0,
    "OFGA": 1176.0,
    "OFGA3": 429.0,
    "OFGM": 513.0,
    "OFGM3": 143.0,
    "OFTA": 504.0,
    "OFTM": 361.0,
    "OOR": 199.0,
    "OPF": 388.0,
    "OScore": 1530.0,
    "OStl": 171.0,
    "OTO": 256.0,
    "Oastr": 0.1349541783487467,
    "Ocomprank": 131,
    "Ocorrdastr": 0.13960542071664583,
    "Ocorrdeff": 103.12296275747106,
    "Ocorrdeffrank": 102,
    "Ocorrdefgp": 0.5076403490998982,
    "Ocorrdftr": 0.3593675865533231,
    "Ocorrdorbp": 0.2704684346445752,
    "Ocorrdtovr": 0.15537784993698492,
    "Ocorroastr": 0.13460057462217107,
    "Ocorroeff": 104.04732577890059,
    "Ocorroeffrank": 213,
    "Ocorroefgp": 0.4898763798809259,
    "Ocorroftr": 0.34668748693777435,
    "Ocorroorbp": 0.29183630765670066,
    "Ocorrotovr": 0.1522076299911863,
    "Oeff": 105.17198713189805,
    "Oefgp": 0.49702380952380953,
    "Oftr": 0.42857142857142855,
    "Oneteff": 0.924363021429528,
    "Oneteffrank": 146,
    "Oorbp": 0.29790419161676646,
    "Oposs": 1454.76,
    "Otovr": 0.15479876160990713,
    "SoR": 0.0,
    "SoRrank": 165,
    "TAst": 262.0,
    "TBlk": 96.0,
    "TDR": 469.0,
    "TFGA": 1121.0,
    "TFGA3": 398.0,
    "TFGM": 491.0,
    "TFGM3": 139.0,
    "TFTA": 419.0,
    "TFTM": 264.0,
    "TOR": 170.0,
    "TPF": 365.0,
    "TScore": 1385.0,
    "TStl": 121.0,
    "TTO": 313.0,
    "Tastr": 0.13933502095343445,
    "Tcorrdastr": 0.1424786361293294,
    "Tcorrdastrrank": 182,
    "Tcorrdeff": 105.66561144167179,
    "Tcorrdeffrank": 195,
    "Tcorrdefgp": 0.5111791759991319,
    "Tcorrdefgprank": 201,
    "Tcorrdftr": 0.40947951142480804,
    "Tcorrdftrrank": 317,
    "Tcorrdorbp": 0.28365137768624943,
    "Tcorrdorbprank": 207,
    "Tcorrdtovr": 0.15174455460562336,
    "Tcorrdtovrrank": 147,
    "Tcorroastr": 0.1419487345694627,
    "Tcorroastrrank": 169,
    "Tcorroeff": 96.93316716582271,
    "Tcorroeffrank": 302,
    "Tcorroefgp": 0.4964115685913607,
    "Tcorroefgprank": 200,
    "Tcorroftr": 0.3455569154716725,
    "Tcorroftrrank": 142,
    "Tcorroorbp": 0.26450833320341005,
    "Tcorroorbprank": 215,
    "Tcorrotovr": 0.185715499425811,
    "Tcorrotovrrank": 351,
    "Teff": 95.62539700074566,
    "Tefgp": 0.5,
    "Tftr": 0.37377341659232827,
    "Tneteff": -8.732444275849076,
    "Tneteffrank": 272,
    "Torbp": 0.256797583081571,
    "Tposs": 1448.3600000000001,
    "Ttovr": 0.19340566993746755,
    "closses": 6,
    "confplace": 7,
    "cwins": 4,
    "dates": [
        [
            11,
            8
        ],
        [
            11,
            11
        ],
        [
            11,
            17
        ],
        [
            11,
            24
        ],
        [
            11,
            27
        ],
        [
            12,
            2
        ],
        [
            12,
            6
        ],
        [
            12,
            9
        ],
        [
            12,
            11
        ],
        [
            12,
            16
        ],
        [
            12,
            21
        ],
        [
            12,
            30
        ],
        [
            1,
            4
        ],
        [
            1,
            6
        ],
        [
            1,
            11
        ],
        [
            1,
            18
        ],
        [
            1,
            20
        ],
        [
            1,
            25
        ],
        [
            1,
            27
        ],
        [
            2,
            1
        ]
    ],
    "geff": [
        [
            87.83095723014256,
            98.31460674157304
        ],
        [
            105.74412532637076,
            106.6414686825054
        ],
        [
            95.13150531617235,
            101.95758564437193
        ],
        [
            74.14661443760492,
            135.41059988351776
        ],
        [
            105.30871321407965,
            87.8594249201278
        ],
        [
            95.92680047225502,
            77.30455075845974
        ],
        [
            99.44751381215468,
            98.74069834001145
        ],
        [
            103.05851063829788,
            105.70469798657717
        ],
        [
            103.02197802197803,
            105.59662090813093
        ],
        [
            89.69907407407406,
            112.47152619589978
        ],
        [
            94.46514103246408,
            136.11111111111111
        ],
        [
            108.05943268797839,
            104.4504995458674
        ],
        [
            75.80091533180777,
            99.60159362549801
        ],
        [
            93.87637203928364,
            106.29251700680271
        ],
        [
            105.992085924251,
            91.2884715701617
        ],
        [
            84.76786645800729,
            94.45843828715364
        ],
        [
            94.66666666666667,
            112.6005361930295
        ],
        [
            86.95652173913044,
            119.3942923704135
        ],
        [
            93.97457158651189,
            118.32691249312052
        ],
        [
            112.93920803123257,
            94.11764705882354
        ]
    ],
    "losses": 13,
    "nOT": [
        0,
        1,
        0,
        0,
        0,
        0,
        0,
        0,
        0,
        0,
        0,
        1,
        0,
        0,
        0,
        0,
        0,
        0,
        0,
        0
    ],
    "pace": 71.19465474173857,
    "poss": [
        [
            78.56,
            78.32
        ],
        [
            76.6,
            74.08
        ],
        [
            71.48,
            73.56
        ],
        [
            71.48,
            68.68
        ],
        [
            69.32,
            75.12
        ],
        [
            67.75999999999999,
            68.56
        ],
        [
            72.4,
            69.88
        ],
        [
            60.16,
            59.6
        ],
        [
            72.8,
            75.76
        ],
        [
            69.12,
            70.24
        ],
        [
            75.16,
            72.0
        ],
        [
            88.84,
            88.08
        ],
        [
            69.92,
            70.28
        ],
        [
            69.24000000000001,
            70.56
        ],
        [
            70.75999999999999,
            76.68
        ],
        [
            76.68,
            79.4
        ],
        [
            75.0,
            74.6
        ],
        [
            69.0,
            68.68
        ],
        [
            72.36,
            72.68
        ],
        [
            71.72,
            68.0
        ]
    ],
    "preseason_pace": 69.31067601794223,
    "preseason_pred": -4.8624627305064045,
    "preseason_predd": 105.95213927533624,
    "preseason_predo": 101.08967654482983,
    "schedule": [
        "santa-clara",
        "jacksonville-state",
        "youngstown-state",
        "washington-state",
        "lindenwood",
        "utah-valley",
        "california-baptist",
        "idaho",
        "cal-state-northridge",
        "north-dakota",
        "colorado",
        "florida-international",
        "seattle",
        "grand-canyon",
        "stephen-f-austin",
        "southern-utah",
        "utah-valley",
        "abilene-christian",
        "tarleton-state",
        "texas-pan-american"
    ],