{
    "CompRank": 143,
    "CompositeDef": 108.40428701217542,
    "CompositeOff": 109.6310498254001,
    "CompositePace": 70.52151609213541,
    "CompositeRating": 1.2267628132246828,
    "HA": [
        "H",
        "A",
        "H",
        "H",
        "N"
    ],
    "OAst": 58.0,
    "OAvgCompRat": -13.780909037469243,
    "OBlk": 10.0,
    "ODR": 115.0,
    "OFGA": 283.0,
    "OFGA3": 106.0,
    "OFGM": 124.0,
    "OFGM3": 35.0,
    "OFTA": 101.0,
    "OFTM": 76.0,
    "OOR": 38.0,
    "OPF": 78.0,
    "OScore": 359.0,
    "OStl": 33.0,
    "OTO": 70.0,
    "Oastr": 0.1273493764271913,
    "Ocomprank": 365,
    "Ocorrdastr": 0.14753397240746455,
    "Ocorrdeff": 112.88276520081334,
    "Ocorrdeffrank": 345,
    "Ocorrdefgp": 0.5096690919792881,
    "Ocorrdftr": 0.44572624120346144,
    "Ocorrdorbp": 0.3299508055797937,
    "Ocorrdtovr": 0.13279368444544568,
    "Ocorroastr": 0.13829944365955787,
    "Ocorroeff": 97.06996929494645,
    "Ocorroeffrank": 364,
    "Ocorroefgp": 0.48383844401128656,
    "Ocorroftr": 0.36696152305366303,
    "Ocorroorbp": 0.24083010208293604,
    "Ocorrotovr": 0.15965042658957307,
    "Oeff": 99.87758735811262,
    "Oefgp": 0.5,
    "Oftr": 0.3568904593639576,
    "Oneteff": -15.812795905866892,
    "Oneteffrank": 364,
    "Oorbp": 0.23030303030303031,
    "Oposs": 359.44,
    "Otovr": 0.17612721417069244,
    "SoR": 42.2849047280869,
    "SoRrank": 58,
    "TAst": 74.0,
    "TBlk": 17.0,
    "TDR": 127.0,
    "TFGA": 294.0,
    "TFGA3": 134.0,
    "TFGM": 145.0,
    "TFGM3": 48.0,
    "TFTA": 114.0,
    "TFTM": 94.0,
    "TOR": 37.0,
    "TPF": 95.0,
    "TScore": 432.0,
    "TStl": 34.0,
    "TTO": 53.0,
    "Tastr": 0.15705917310467782,
    "Tcorrdastr": 0.13414211151141356,
    "Tcorrdastrrank": 105,
    "Tcorrdeff": 109.87663658414583,
    "Tcorrdeffrank": 230,
    "Tcorrdefgp": 0.5273079554429444,
    "Tcorrdefgprank": 238,
    "Tcorrdftr": 0.3550817131407032,
    "Tcorrdftrrank": 175,
    "Tcorrdorbp": 0.28527676724772993,
    "Tcorrdorbprank": 154,
    "Tcorrdtovr": 0.1666495558707551,
    "Tcorrdtovrrank": 95,
    "Tcorroastr": 0.15526027127073555,
    "Tcorroastrrank": 119,
    "Tcorroeff": 113.55251386847624,
    "Tcorroeffrank": 96,
    "Tcorroefgp": 0.5759583639632334,
    "Tcorroefgprank": 37,
    "Tcorroftr": 0.3183869057015076,
    "Tcorroftrrank": 259,
    "Tcorroorbp": 0.22067729889509535,
    "Tcorroorbprank": 341,
    "Tcorrotovr": 0.1516343454584714,
    "Tcorrotovrrank": 191,
    "Teff": 119.94669035984006,
    "Tefgp": 0.5748299319727891,
    "Tftr": 0.3877551020408163,
    "Tneteff": 3.6758772843304115,
    "Tneteffrank": 143,
    "Torbp": 0.24342105263157895,
    "Tposs": 360.16,
    "Ttovr": 0.13344747708731997,
    "closses": 0,
    "confplace": 1,
    "cwins": 0,
    "dates": [
        [
            11,
            3
        ],
        [
            11,
            15
        ],
        [
            11,
            20
        ],
        [
            11,
            23
        ],
        [
            11,
            26
        ]
    ],
    "geff": [
        [
            117.75852734163509,
            95.94882729211088
        ],
        [
            109.82658959537572,
            91.48170365926813
        ],
        [
            115.7830591102986,
            111.42498430634024
        ],
        [
            136.90182535767144,
            102.4390243902439
        ],
        [
            116.54349061967027,
            98.61111111111111
        ]
    ],
    "losses": 0,
    "nOT": [
        0,
        0,
        0,
        0,
        0
    ],
    "pace": 72.82409103779264,
    "poss": [
        [
            73.88,
            75.03999999999999
        ],
        [
            69.2,
            66.68
        ],
        [
            65.64,
            63.72
        ],
        [
            81.08,
            82.0
        ],
        [
            70.36,
            72.0
        ]
    ],
    "preseason_pace": 68.94224658208243,
    "preseason_pred": -0.45301391592876605,
    "preseason_predd": 107.39444505609146,
    "preseason_predo": 106.94143114016269,
    "schedule": [
        "old-dominion",
        "air-force",
        "mercyhurst",
        "arkansas-pine-bluff",
        "north-carolina-greensboro"
    ],
    "scores": [
        [
            87,
            72
        ],
        [
            76,
            61
        ],
        [
            76,
            71
        ],
        [
            111,
            84
        ],
        [
            82,
            71
        ]
    ],
    "wins": 5
}