{
    "CompRank": 113,
    "CompositeDef": 103.19505789961542,
    "CompositeOff": 108.42681537636582,
    "CompositePace": 65.5369454235005,
    "CompositeRating": 5.231757476750403,
    "HA": [
        "H",
        "H",
        "H",
        "H",
        "H",
        "N",
        "N",
        "H",
        "H",
        "H",
        "A",
        "H",
        "A",
        "A",
        "H",
        "H",
        "A",
        "H",
        "H",
        "A",
        "H",
        "A",
        "A",
        "H",
        "H",
        "A",
        "H",
        "A",
        "A",
        "H"
    ],
    "OAst": 367.0,
    "OAvgCompRat": 5.162599655082584,
    "OBlk": 90.0,
    "ODR": 735.0,
    "OFGA": 1664.0,
    "OFGA3": 545.0,
    "OFGM": 755.0,
    "OFGM3": 186.0,
    "OFTA": 542.0,
    "OFTM": 415.0,
    "OOR": 289.0,
    "OPF": 384.0,
    "OScore": 2111.0,
    "OStl": 153.0,
    "OTO": 353.0,
    "Oastr": 0.13994386992465147,
    "Ocomprank": 73,
    "Ocorrdastr": 0.13824597902044805,
    "Ocorrdeff": 103.73417840499275,
    "Ocorrdeffrank": 87,
    "Ocorrdefgp": 0.49314496926858176,
    "Ocorrdftr": 0.3041629336925038,
    "Ocorrdorbp": 0.2636080443363852,
    "Ocorrdtovr": 0.15122261794768999,
    "Ocorroastr": 0.1570571147718179,
    "Ocorroeff": 110.78799178535536,
    "Ocorroeffrank": 66,
    "Ocorroefgp": 0.5352568730971019,
    "Ocorroftr": 0.34998420988319984,
    "Ocorroorbp": 0.30617200861067295,
    "Ocorrotovr": 0.14216845570385603,
    "Oeff": 107.34917212481184,
    "Oefgp": 0.5096153846153846,
    "Oftr": 0.32572115384615385,
    "Oneteff": 7.053813380362612,
    "Oneteffrank": 75,
    "Oorbp": 0.3144722524483134,
    "Oposs": 1966.48,
    "Otovr": 0.15650770567684041,
    "SoR": 0.0,
    "SoRrank": 117,
    "TAst": 379.0,
    "TBlk": 116.0,
    "TDR": 630.0,
    "TFGA": 1741.0,
    "TFGA3": 622.0,
    "TFGM": 743.0,
    "TFGM3": 200.0,
    "TFTA": 557.0,
    "TFTM": 402.0,
    "TOR": 290.0,
    "TPF": 444.0,
    "TScore": 2088.0,
    "TStl": 196.0,
    "TTO": 281.0,
    "Tastr": 0.14323074132301367,
    "Tcorrdastr": 0.13057312281966152,
    "Tcorrdastrrank": 72,
    "Tcorrdeff": 103.19505789961542,
    "Tcorrdeffrank": 109,
    "Tcorrdefgp": 0.48558716714685507,
    "Tcorrdefgprank": 90,
    "Tcorrdftr": 0.30896120536301785,
    "Tcorrdftrrank": 126,
    "Tcorrdorbp": 0.29563080976927203,
    "Tcorrdorbprank": 219,
    "Tcorrdtovr": 0.1635099267900754,
    "Tcorrdtovrrank": 85,
    "Tcorroastr": 0.1518419423114439,
    "Tcorroastrrank": 139,
    "Tcorroeff": 108.42681537636582,
    "Tcorroeffrank": 138,
    "Tcorroefgp": 0.5008859577566142,
    "Tcorroefgprank": 200,
    "Tcorroftr": 0.3501357655373794,
    "Tcorroftrrank": 122,
    "Tcorroorbp": 0.3096542503535145,
    "Tcorroorbprank": 124,
    "Tcorrotovr": 0.12174582740005449,
    "Tcorrotovrrank": 30,
    "Teff": 105.61029396888341,
    "Tefgp": 0.4842044801838024,
    "Tftr": 0.3199310740953475,
    "Tneteff": 5.231757476750403,
    "Tneteffrank": 113,
    "Torbp": 0.28292682926829266,
    "Tposs": 1977.08,
    "Ttovr": 0.12394798595550223,
    "closses": 14,
    "confplace": 16,
    "cwins": 5,
    "dates": [
        [
            11,
            4
        ],
        [
            11,
            8
        ],
        [
            11,
            13
        ],
        [
            11,
            18
        ],
        [
            11,
            22
        ],
        [
            11,
            28
        ],
        [
            11,
            29
        ],
        [
            12,
            4
        ],
        [
            12,
            7
        ],
        [
            12,
            10
        ],
        [
            12,
            14
        ],
        [
            12,
            22
        ],
        [
            12,
            31
        ],
        [
            1,
            4
        ],
        [
            1,
            8
        ],
        [
            1,
            11
        ],
        [
            1,
            15
        ],
        [
            1,
            18
        ],
        [
            1,
            25
        ],
        [
            1,
            27
        ],
        [
            2,
            1
        ],
        [
            2,
            5
        ],
        [
            2,
            8
        ],
        [
            2,
            12
        ],
        [
            2,
            15
        ],
        [
            2,
            19
        ],
        [
            2,
            22
        ],
        [
            2,
            26
        ],
        [
            3,
            1
        ],
        [
            3,
            5
        ]
    ],
    "geff": [
        [
            130.65732758620692,
            88.14102564102565
        ],
        [
            122.0614828209765,
            107.39856801909306
        ],
        [
            113.25966850828729,
            108.0246913580247
        ],
        [
            99.39260077305356,
            67.86703601108033
        ],
        [
            113.32973556395035,
            78.93374741200829
        ],
        [
            102.3489932885906,
            117.47187293183323
        ],
        [
            95.07481296758105,
            110.7011070110701
        ],
        [
            99.72954699121028,
            108.32187070151308
        ],
        [
            123.96694214876032,
            107.62070971495055
        ],
        [
            103.83889238514789,
            91.14583333333334
        ],
        [
            93.86733416770963,
            124.83355525965379
        ],
        [
            134.93026076409944,
            95.39672925499696
        ],
        [
            110.56105610561056,
            122.20670391061452
        ],
        [
            93.29538266919671,
            123.47658755612572
        ],
        [
            106.72703751617075,
            107.04874835309619
        ],
        [
            96.39696586599241,
            100.76775431861803
        ],
        [
            121.63892445582586,
            126.4404609475032
        ],
        [
            98.16339455351489,
            109.28043039677202
        ],
        [
            87.8003696857671,
            98.00871188550093
        ],
        [
            92.64620729588883,
            109.92275698158052
        ],
        [
            94.09474367293964,
            112.80690112806901
        ],
        [
            91.39150943396226,
            108.37727006444054
        ],
        [
            106.66277030976038,
            111.7149758454106
        ],
        [
            99.27797833935017,
            128.4584980237154
        ],
        [
            104.4776119402985,
            94.11050394656952
        ],
        [
            108.89021479713603,
            130.09656652360513
        ],
        [
            125.96324836988737,
            105.85846867749419
        ],
        [
            91.74311926605503,
            116.42542479546884
        ],
        [
            92.2070196311719,
            125.21588946459413
        ],
        [
            107.18599033816423,
            95.74468085106383
        ]
    ],
    "losses": 18,
    "nOT": [
        0,
        0,
        0,
        0,
        0,
        0,
        0,
        0,
        1,
        0,
        0,
        0,
        0,
        0,
        0,
        0,
        0,
        0,
        0,
        0,
        0,
        0,
        0,
        0,
        0,
        0,
        0,
        0,
        0,
        0
    ],
    "pace": 65.5369454235005,