{
    "CompRank": 81,
    "CompositeDef": 100.3760281739517,
    "CompositeOff": 111.50592862856834,
    "CompositePace": 69.1690174196044,
    "CompositeRating": 11.129900454616646,
    "HA": [
        "H",
        "H",
        "H",
        "N",
        "N",
        "A",
        "A",
        "H",
        "H",
        "N",
        "H",
        "H",
        "A",
        "H",
        "H",
        "A",
        "H",
        "H",
        "A",
        "A",
        "H",
        "H",
        "H",
        "A",
        "A",
        "H",
        "H"
    ],
    "OAst": 321.0,
    "OAvgCompRat": 4.1141182821219635,
    "OBlk": 84.0,
    "ODR": 699.0,
    "OFGA": 1543.0,
    "OFGA3": 548.0,
    "OFGM": 670.0,
    "OFGM3": 193.0,
    "OFTA": 545.0,
    "OFTM": 395.0,
    "OOR": 245.0,
    "OPF": 348.0,
    "OScore": 1928.0,
    "OStl": 137.0,
    "OTO": 337.0,
    "Oastr": 0.1315142576204523,
    "Ocomprank": 86,
    "Ocorrdastr": 0.1366302446957105,
    "Ocorrdeff": 102.5105356967186,
    "Ocorrdeffrank": 83,
    "Ocorrdefgp": 0.4892109382622213,
    "Ocorrdftr": 0.28814626307906455,
    "Ocorrdorbp": 0.26230752276123426,
    "Ocorrdtovr": 0.15386214416561697,
    "Ocorroastr": 0.15221947167165986,
    "Ocorroeff": 107.71444614233171,
    "Ocorroeffrank": 91,
    "Ocorroefgp": 0.5190991976495297,
    "Ocorroftr": 0.3328345942942036,
    "Ocorroorbp": 0.2803579499150655,
    "Ocorrotovr": 0.13573063023338655,
    "Oeff": 102.83763601450822,
    "Oefgp": 0.4967595593000648,
    "Oftr": 0.35320803629293585,
    "Oneteff": 5.203910445613104,
    "Oneteffrank": 84,
    "Oorbp": 0.27071823204419887,
    "Oposs": 1874.8,
    "Otovr": 0.1589772620058496,
    "SoR": 22.01650865487178,
    "SoRrank": 72,
    "TAst": 346.0,
    "TBlk": 87.0,
    "TDR": 660.0,
    "TFGA": 1671.0,
    "TFGA3": 575.0,
    "TFGM": 739.0,
    "TFGM3": 193.0,
    "TFTA": 519.0,
    "TFTM": 380.0,
    "TOR": 265.0,
    "TPF": 429.0,
    "TScore": 2051.0,
    "TStl": 207.0,
    "TTO": 252.0,
    "Tastr": 0.13854630489797226,
    "Tcorrdastr": 0.12313273035439369,
    "Tcorrdastrrank": 46,
    "Tcorrdeff": 100.3760281739517,
    "Tcorrdeffrank": 92,
    "Tcorrdefgp": 0.482997979347669,
    "Tcorrdefgprank": 97,
    "Tcorrdftr": 0.3522826897458673,
    "Tcorrdftrrank": 247,
    "Tcorrdorbp": 0.2696189478373956,
    "Tcorrdorbprank": 143,
    "Tcorrdtovr": 0.17357271802285448,
    "Tcorrdtovrrank": 39,
    "Tcorroastr": 0.14462462385961472,
    "Tcorroastrrank": 151,
    "Tcorroeff": 111.50592862856834,
    "Tcorroeffrank": 80,
    "Tcorroefgp": 0.5159868117651848,
    "Tcorroefgprank": 146,
    "Tcorroftr": 0.3589230902699497,
    "Tcorroftrrank": 104,
    "Tcorroorbp": 0.2933229852196626,
    "Tcorroorbprank": 123,
    "Tcorrotovr": 0.11283235137836586,
    "Tcorrotovrrank": 4,
    "Teff": 108.7279204393647,
    "Tefgp": 0.5,
    "Tftr": 0.3105924596050269,
    "Tneteff": 11.129900454616646,
    "Tneteffrank": 81,
    "Torbp": 0.274896265560166,
    "Tposs": 1886.3600000000001,
    "Ttovr": 0.11713520749665328,
    "closses": 7,
    "confplace": 5,
    "cwins": 9,
    "dates": [
        [
            11,
            6
        ],
        [
            11,
            10
        ],
        [
            11,
            17
        ],
        [
            11,
            23
        ],
        [
            11,
            24
        ],
        [
            11,
            28
        ],
        [
            12,
            2
        ],
        [
            12,
            6
        ],
        [
            12,
            12
        ],
        [
            12,
            16
        ],
        [
            12,
            20
        ],
        [
            12,
            23
        ],
        [
            1,
            3
        ],
        [
            1,
            6
        ],
        [
            1,
            10
        ],
        [
            1,
            13
        ],
        [
            1,
            16
        ],
        [
            1,
            20
        ],
        [
            1,
            24
        ],
        [
            1,
            27
        ],
        [
            1,
            30
        ],
        [
            2,
            3
        ],
        [
            2,
            7
        ],
        [
            2,
            10
        ],
        [
            2,
            17
        ],
        [
            2,
            20
        ],
        [
            2,
            24
        ]
    ],
    "geff": [
        [
            104.22698320787492,
            87.32978093546477
        ],
        [
            122.52042007001167,
            97.14632665452338
        ],
        [
            124.07301768397033,
            80.49817739975698
        ],
        [
            103.397341211226,
            98.48484848484848
        ],
        [
            112.15440792905581,
            122.10796915167096
        ],
        [
            76.15700058582308,
            107.78443113772455
        ],
        [
            106.00706713780919,
            98.18731117824774
        ],
        [
            137.00648202710667,
            91.42685851318944
        ],
        [
            115.05681818181817,
            92.84922394678493
        ],
        [
            107.6923076923077,
            121.46371463714635
        ],
        [
            121.15839243498817,
            104.85320551228281
        ],
        [
            116.31165919282512,
            92.02453987730061
        ],
        [
            89.94003997335109,
            87.54208754208754
        ],
        [
            120.10113780025284,
            97.21322099805573
        ],
        [
            73.73020207536865,
            95.98853868194843
        ],
        [
            121.12139357648338,
            116.90140845070422
        ],
        [
            112.89445048966269,
            102.26049515608182
        ],
        [
            103.22922181048173,
            110.06289308176102
        ],
        [
            78.35600236546422,
            85.85564610011642
        ],
        [
            88.0281690140845,
            108.32864378165448
        ],
        [
            115.76971214017522,
            103.15533980582524
        ],
        [
            114.07902058987202,
            108.57142857142857
        ],
        [
            102.23642172523961,
            105.01567398119123
        ],
        [
            111.51891586674195,
            114.89479512735328
        ],
        [
            116.97660467906418,
            112.44158878504672
        ],
        [
            126.21654501216544,
            127.2674078408426
        ],
        [
            118.14469078179697,
            101.86263096623982
        ]
    ],
    "losses": 10,
    "nOT": [
        0,
        0,
        0,
        0,
        0,
        0,
        1,
        0,
        0,
        0,
        0,
        0,
        0,
        0,
        0,
        0,
        0,
        0,
        1,
        0,
        0,
        0,
        0,
        0,
        0,
        0,
        0
    ],
    "pace": 69.1690174196044,