{
    "CompRank": 119,
    "CompositeDef": 103.68692279719198,
    "CompositeOff": 108.16466916632822,
    "CompositePace": 65.50763816379796,
    "CompositeRating": 4.477746369136241,
    "HA": [
        "H",
        "H",
        "H",
        "H",
        "H",
        "N",
        "N",
        "H",
        "H",
        "H",
        "A",
        "H",
        "A",
        "A",
        "H",
        "H",
        "A",
        "H",
        "H",
        "A",
        "H",
        "A",
        "A",
        "H",
        "H",
        "A",
        "H",
        "A",
        "A"
    ],
    "OAst": 356.0,
    "OAvgCompRat": 4.901014887645829,
    "OBlk": 87.0,
    "ODR": 712.0,
    "OFGA": 1613.0,
    "OFGA3": 528.0,
    "OFGM": 734.0,
    "OFGM3": 180.0,
    "OFTA": 522.0,
    "OFTM": 400.0,
    "OOR": 281.0,
    "OPF": 376.0,
    "OScore": 2048.0,
    "OStl": 147.0,
    "OTO": 339.0,
    "Oastr": 0.14028561520759117,
    "Ocomprank": 74,
    "Ocorrdastr": 0.1386077203902149,
    "Ocorrdeff": 103.8382213306123,
    "Ocorrdeffrank": 90,
    "Ocorrdefgp": 0.4943146532637772,
    "Ocorrdftr": 0.30483531514740986,
    "Ocorrdorbp": 0.2630479458659521,
    "Ocorrdtovr": 0.150743094430049,
    "Ocorroastr": 0.15689248593171712,
    "Ocorroeff": 110.58011314587178,
    "Ocorroeffrank": 66,
    "Ocorroefgp": 0.5346131400129767,
    "Ocorroftr": 0.34946054983435587,
    "Ocorroorbp": 0.3053599335739095,
    "Ocorrotovr": 0.14262941229543677,
    "Oeff": 107.7509102005598,
    "Oefgp": 0.5108493490390577,
    "Oftr": 0.3236205827650341,
    "Oneteff": 6.7418918152594784,
    "Oneteffrank": 75,
    "Oorbp": 0.31679819616685456,
    "Oposs": 1900.68,
    "Otovr": 0.1553848410399325,
    "SoR": 0.0,
    "SoRrank": 112,
    "TAst": 363.0,
    "TBlk": 113.0,
    "TDR": 606.0,
    "TFGA": 1687.0,
    "TFGA3": 593.0,
    "TFGM": 721.0,
    "TFGM3": 190.0,
    "TFTA": 536.0,
    "TFTM": 385.0,
    "TOR": 282.0,
    "TPF": 429.0,
    "TScore": 2017.0,
    "TStl": 188.0,
    "TTO": 270.0,
    "Tastr": 0.14202766996369098,
    "Tcorrdastr": 0.13097389268023005,
    "Tcorrdastrrank": 75,
    "Tcorrdeff": 103.68692279719198,
    "Tcorrdeffrank": 123,
    "Tcorrdefgp": 0.48726491313549275,
    "Tcorrdefgprank": 91,
    "Tcorrdftr": 0.307797150351082,
    "Tcorrdftrrank": 126,
    "Tcorrdorbp": 0.29812344117253026,
    "Tcorrdorbprank": 229,
    "Tcorrdtovr": 0.16195873736963023,
    "Tcorrdtovrrank": 91,
    "Tcorroastr": 0.150098716178802,
    "Tcorroastrrank": 147,
    "Tcorroeff": 108.16466916632822,
    "Tcorroeffrank": 138,
    "Tcorroefgp": 0.49907279201459104,
    "Tcorroefgprank": 205,
    "Tcorroftr": 0.347336993636551,
    "Tcorroftrrank": 128,
    "Tcorroorbp": 0.3106213925966892,
    "Tcorroorbprank": 121,
    "Tcorrotovr": 0.12143901760562134,
    "Tcorrotovrrank": 29,
    "Teff": 105.55567185112307,
    "Tefgp": 0.4836988737403675,
    "Tftr": 0.31772377000592766,
    "Tneteff": 4.477746369136241,
    "Tneteffrank": 119,
    "Torbp": 0.2837022132796781,
    "Tposs": 1910.84,
    "Ttovr": 0.12312799839477571,
    "closses": 14,
    "confplace": 16,
    "cwins": 4,
    "dates": [
        [
            11,
            4
        ],
        [
            11,
            8
        ],
        [
            11,
            13
        ],
        [
            11,
            18
        ],
        [
            11,
            22
        ],
        [
            11,
            28
        ],
        [
            11,
            29
        ],
        [
            12,
            4
        ],
        [
            12,
            7
        ],
        [
            12,
            10
        ],
        [
            12,
            14
        ],
        [
            12,
            22
        ],
        [
            12,
            31
        ],
        [
            1,
            4
        ],
        [
            1,
            8
        ],
        [
            1,
            11
        ],
        [
            1,
            15
        ],
        [
            1,
            18
        ],
        [
            1,
            25
        ],
        [
            1,
            27
        ],
        [
            2,
            1
        ],
        [
            2,
            5
        ],
        [
            2,
            8
        ],
        [
            2,
            12
        ],
        [
            2,
            15
        ],
        [
            2,
            19
        ],
        [
            2,
            22
        ],
        [
            2,
            26
        ],
        [
            3,
            1
        ]
    ],
    "geff": [
        [
            130.65732758620692,
            88.14102564102565
        ],
        [
            122.0614828209765,
            107.39856801909306
        ],
        [
            113.25966850828729,
            108.0246913580247
        ],
        [
            99.39260077305356,
            67.86703601108033
        ],
        [
            113.32973556395035,
            78.93374741200829
        ],
        [
            102.3489932885906,
            117.47187293183323
        ],
        [
            95.07481296758105,
            110.7011070110701
        ],
        [
            99.72954699121028,
            108.32187070151308
        ],
        [
            123.96694214876032,
            107.62070971495055
        ],
        [
            103.83889238514789,
            91.14583333333334
        ],
        [
            93.86733416770963,
            124.83355525965379
        ],
        [
            134.93026076409944,
            95.39672925499696
        ],
        [
            110.56105610561056,
            122.20670391061452
        ],
        [
            93.29538266919671,
            123.47658755612572
        ],
        [
            106.72703751617075,
            107.04874835309619
        ],
        [
            96.39696586599241,
            100.76775431861803
        ],
        [
            121.63892445582586,
            126.4404609475032
        ],
        [
            98.16339455351489,
            109.28043039677202
        ],
        [
            87.8003696857671,
            98.00871188550093
        ],
        [
            92.64620729588883,
            109.92275698158052
        ],
        [
            94.09474367293964,
            112.80690112806901
        ],
        [
            91.39150943396226,
            108.37727006444054
        ],
        [
            106.66277030976038,
            111.7149758454106
        ],
        [
            99.27797833935017,
            128.4584980237154
        ],
        [
            104.4776119402985,
            94.11050394656952
        ],
        [
            108.89021479713603,
            130.09656652360513
        ],
        [
            125.96324836988737,
            105.85846867749419
        ],
        [
            91.74311926605503,
            116.42542479546884
        ],
        [
            92.2070196311719,
            125.21588946459413
        ]
    ],
    "losses": 18,
    "nOT": [
        0,
        0,
        0,
        0,
        0,
        0,
        0,
        0,
        1,
        0,
        0,
        0,
        0,
        0,
        0,
        0,
        0,
        0,
        0,
        0,
        0,
        0,
        0,
        0,
        0,
        0,
        0,
        0,
        0
    ],
    "pace": 65.50763816379796,