{
    "CompRank": 4,
    "CompositeDef": 83.49406270899479,
    "CompositeOff": 119.36111572905688,
    "CompositePace": 65.19452014667756,
    "CompositeRating": 35.86705302006208,
    "HA": [
        "H",
        "A",
        "H",
        "H",
        "N",
        "N",
        "H",
        "H",
        "N",
        "A",
        "H",
        "H",
        "H",
        "H",
        "A",
        "A",
        "H",
        "A",
        "H",
        "A",
        "H",
        "H",
        "H",
        "A",
        "A"
    ],
    "OAst": 233.0,
    "OAvgCompRat": 7.537960330400427,
    "OBlk": 77.0,
    "ODR": 479.0,
    "OFGA": 1411.0,
    "OFGA3": 647.0,
    "OFGM": 518.0,
    "OFGM3": 178.0,
    "OFTA": 387.0,
    "OFTM": 283.0,
    "OOR": 214.0,
    "OPF": 382.0,
    "OScore": 1497.0,
    "OStl": 150.0,
    "OTO": 295.0,
    "Oastr": 0.11046423424106805,
    "Ocomprank": 29,
    "Ocorrdastr": 0.13294782345942374,
    "Ocorrdeff": 101.54245159726278,
    "Ocorrdeffrank": 39,
    "Ocorrdefgp": 0.4827912480521853,
    "Ocorrdftr": 0.30527606329713003,
    "Ocorrdorbp": 0.26498101714464,
    "Ocorrdtovr": 0.15379066637705288,
    "Ocorroastr": 0.15928768919379352,
    "Ocorroeff": 114.49484243219494,
    "Ocorroeffrank": 3,
    "Ocorroefgp": 0.5472972574769474,
    "Ocorroftr": 0.3494048804730142,
    "Ocorroorbp": 0.31670988612902695,
    "Ocorrotovr": 0.13452428395459623,
    "Oeff": 90.05703010323171,
    "Oefgp": 0.4301913536498937,
    "Oftr": 0.2742735648476258,
    "Oneteff": 12.95239083493216,
    "Oneteffrank": 12,
    "Oorbp": 0.25690276110444177,
    "Oposs": 1662.28,
    "Otovr": 0.15722600038373805,
    "SoR": 94.38362470392819,
    "SoRrank": 5,
    "TAst": 393.0,
    "TBlk": 132.0,
    "TDR": 619.0,
    "TFGA": 1444.0,
    "TFGA3": 621.0,
    "TFGM": 651.0,
    "TFGM3": 210.0,
    "TFTA": 461.0,
    "TFTM": 346.0,
    "TOR": 276.0,
    "TPF": 377.0,
    "TScore": 1858.0,
    "TStl": 186.0,
    "TTO": 255.0,
    "Tastr": 0.17125376932596606,
    "Tcorrdastr": 0.10132582495968118,
    "Tcorrdastrrank": 2,
    "Tcorrdeff": 83.4304875285638,
    "Tcorrdeffrank": 1,
    "Tcorrdefgp": 0.40000707998512725,
    "Tcorrdefgprank": 1,
    "Tcorrdftr": 0.2619567806375758,
    "Tcorrdftrrank": 34,
    "Tcorrdorbp": 0.23349747653625666,
    "Tcorrdorbprank": 19,
    "Tcorrdtovr": 0.17459287703170756,
    "Tcorrdtovrrank": 51,
    "Tcorroastr": 0.18822264688332419,
    "Tcorroastrrank": 14,
    "Tcorroeff": 119.38352499201764,
    "Tcorroeffrank": 25,
    "Tcorroefgp": 0.5520441228399741,
    "Tcorroefgprank": 62,
    "Tcorroftr": 0.34997614650720127,
    "Tcorroftrrank": 129,
    "Tcorroorbp": 0.39811097495134845,
    "Tcorroorbprank": 5,
    "Tcorrotovr": 0.1302277794716508,
    "Tcorrotovrrank": 61,
    "Teff": 114.27938788564681,
    "Tefgp": 0.5235457063711911,
    "Tftr": 0.3192520775623269,
    "Tneteff": 35.95303746345384,
    "Tneteffrank": 4,
    "Torbp": 0.3655629139072848,
    "Tposs": 1625.84,
    "Ttovr": 0.13408067976275606,
    "closses": 5,
    "confplace": 7,
    "cwins": 7,
    "dates": [
        [
            11,
            4
        ],
        [
            11,
            9
        ],
        [
            11,
            13
        ],
        [
            11,
            17
        ],
        [
            11,
            21
        ],
        [
            11,
            22
        ],
        [
            11,
            27
        ],
        [
            12,
            3
        ],
        [
            12,
            10
        ],
        [
            12,
            14
        ],
        [
            12,
            17
        ],
        [
            12,
            23
        ],
        [
            12,
            31
        ],
        [
            1,
            4
        ],
        [
            1,
            7
        ],
        [
            1,
            11
        ],
        [
            1,
            15
        ],
        [
            1,
            18
        ],
        [
            1,
            21
        ],
        [
            1,
            25
        ],
        [
            1,
            28
        ],
        [
            2,
            1
        ],
        [
            2,
            5
        ],
        [
            2,
            8
        ],
        [
            2,
            11
        ]
    ],
    "geff": [
        [
            118.97679952409281,
            93.29446064139943
        ],
        [
            115.20047875523638,
            82.43405275779376
        ],
        [
            133.33333333333334,
            83.38209479227619
        ],
        [
            144.0156599552573,
            86.64627930682975
        ],
        [
            102.56410256410255,
            66.8364099299809
        ],
        [
            129.0214477211796,
            102.44547257105089
        ],
        [
            131.3131313131313,
            57.3018991486575
        ],
        [
            134.15315818893237,
            99.65831435079726
        ],
        [
            113.77427184466019,
            90.64327485380116
        ],
        [
            105.90500641848524,
            94.33962264150944
        ],
        [
            118.04384485666105,
            48.15409309791332
        ],
        [
            115.29808773903261,
            87.4794969928923
        ],
        [
            115.43762922122674,
            79.36507936507935
        ],
        [
            117.64705882352942,
            80.34610630407911
        ],
        [
            63.23529411764706,
            105.06620610247553
        ],
        [
            117.8343949044586,
            114.45389143230871
        ],
        [
            120.52117263843647,
            82.01523140011716
        ],
        [
            122.4689745264533,
            116.27906976744187
        ],
        [
            111.98945981554678,
            88.49557522123894
        ],
        [
            80.9010152284264,
            86.3754889178618
        ],
        [
            100.71743929359823,
            120.817843866171
        ],
        [
            103.89610389610391,
            68.36544437538844
        ],
        [
            128.39879154078548,
            123.17518248175182
        ],
        [
            109.03426791277258,
            80.89607965152457
        ],
        [
            101.01010101010101,
            118.74604179860673
        ]
    ],
    "losses": 5,
    "nOT": [
        0,
        0,
        0,
        0,
        0,
        0,
        0,
        0,
        0,
        0,
        0,
        0,
        0,
        0,
        0,
        0,
        0,
        0,
        0,
        0,
        0,
        0,
        0,
        0,
        0
    ],
    "pace": 65.16344138691055,