{
    "CompRank": 6,
    "CompositeDef": 89.777033530013,
    "CompositeOff": 119.1373333496429,
    "CompositePace": 69.93578253343078,
    "CompositeRating": 29.36029981962989,
    "HA": [
        "H",
        "A",
        "H",
        "N",
        "N",
        "N",
        "A",
        "H",
        "H",
        "H",
        "N",
        "H",
        "H",
        "H",
        "A",
        "A",
        "H",
        "H",
        "A",
        "H",
        "A",
        "H",
        "A",
        "A",
        "H"
    ],
    "OAst": 269.0,
    "OAvgCompRat": 6.8869338699172,
    "OBlk": 67.0,
    "ODR": 577.0,
    "OFGA": 1463.0,
    "OFGA3": 583.0,
    "OFGM": 563.0,
    "OFGM3": 181.0,
    "OFTA": 530.0,
    "OFTM": 372.0,
    "OOR": 255.0,
    "OPF": 346.0,
    "OScore": 1679.0,
    "OStl": 163.0,
    "OTO": 324.0,
    "Oastr": 0.11750829984273983,
    "Ocomprank": 24,
    "Ocorrdastr": 0.13319780474902335,
    "Ocorrdeff": 101.4242145467003,
    "Ocorrdeffrank": 44,
    "Ocorrdefgp": 0.48117633041292346,
    "Ocorrdftr": 0.30732273266032756,
    "Ocorrdorbp": 0.2617798646766134,
    "Ocorrdtovr": 0.15156163672808698,
    "Ocorroastr": 0.15137312560692712,
    "Ocorroeff": 111.12975425900434,
    "Ocorroeffrank": 11,
    "Ocorroefgp": 0.5306871584647863,
    "Ocorroftr": 0.36371115400973086,
    "Ocorroorbp": 0.3063111540723497,
    "Ocorrotovr": 0.13593252290484573,
    "Oeff": 95.11670065714932,
    "Oefgp": 0.44668489405331513,
    "Oftr": 0.3622693096377307,
    "Oneteff": 9.705539712304045,
    "Oneteffrank": 21,
    "Oorbp": 0.27991218441273324,
    "Oposs": 1765.2,
    "Otovr": 0.16038016038016037,
    "SoR": 89.96669318685548,
    "SoRrank": 9,
    "TAst": 433.0,
    "TBlk": 118.0,
    "TDR": 656.0,
    "TFGA": 1543.0,
    "TFGA3": 633.0,
    "TFGM": 702.0,
    "TFGM3": 219.0,
    "TFTA": 516.0,
    "TFTM": 386.0,
    "TOR": 277.0,
    "TPF": 413.0,
    "TScore": 2009.0,
    "TStl": 202.0,
    "TTO": 251.0,
    "Tastr": 0.17644374174830077,
    "Tcorrdastr": 0.11049569182473362,
    "Tcorrdastrrank": 10,
    "Tcorrdeff": 89.83058757887623,
    "Tcorrdeffrank": 5,
    "Tcorrdefgp": 0.4246875478175665,
    "Tcorrdefgprank": 3,
    "Tcorrdftr": 0.3300461458244503,
    "Tcorrdftrrank": 189,
    "Tcorrdorbp": 0.2548677137366219,
    "Tcorrdorbprank": 83,
    "Tcorrdtovr": 0.17513343500121364,
    "Tcorrdtovrrank": 36,
    "Tcorroastr": 0.1887003586865663,
    "Tcorroastrrank": 14,
    "Tcorroeff": 119.19812963160197,
    "Tcorroeffrank": 15,
    "Tcorroefgp": 0.5516204811728997,
    "Tcorroefgprank": 45,
    "Tcorroftr": 0.36166905023765716,
    "Tcorroftrrank": 96,
    "Tcorroorbp": 0.3464041545616351,
    "Tcorroorbprank": 27,
    "Tcorrotovr": 0.12163925978051096,
    "Tcorrotovrrank": 23,
    "Teff": 115.19231210293343,
    "Tefgp": 0.5259235255994815,
    "Tftr": 0.33441348023331174,
    "Tneteff": 29.36754205272574,
    "Tneteffrank": 6,
    "Torbp": 0.32435597189695553,
    "Tposs": 1744.04,
    "Ttovr": 0.12419348454261173,
    "closses": 3,
    "confplace": 2,
    "cwins": 9,
    "dates": [
        [
            11,
            6
        ],
        [
            11,
            10
        ],
        [
            11,
            14
        ],
        [
            11,
            20
        ],
        [
            11,
            21
        ],
        [
            11,
            22
        ],
        [
            11,
            29
        ],
        [
            12,
            5
        ],
        [
            12,
            9
        ],
        [
            12,
            12
        ],
        [
            12,
            16
        ],
        [
            12,
            21
        ],
        [
            1,
            2
        ],
        [
            1,
            6
        ],
        [
            1,
            10
        ],
        [
            1,
            13
        ],
        [
            1,
            16
        ],
        [
            1,
            20
        ],
        [
            1,
            27
        ],
        [
            1,
            30
        ],
        [
            2,
            3
        ],
        [
            2,
            7
        ],
        [
            2,
            10
        ],
        [
            2,
            14
        ],
        [
            2,
            17
        ]
    ],
    "geff": [
        [
            113.63636363636363,
            59.69300739056282
        ],
        [
            114.09013120365087,
            98.42519685039369
        ],
        [
            127.88521522145976,
            93.1013431013431
        ],
        [
            93.73394966615307,
            71.35575942915392
        ],
        [
            92.797783933518,
            94.51544195953142
        ],
        [
            83.89261744966443,
            96.26116071428571
        ],
        [
            120.9889531825355,
            133.83297644539616
        ],
        [
            119.70280682443587,
            94.50171821305841
        ],
        [
            121.19503945885005,
            102.17278841179514
        ],
        [
            103.23660714285714,
            77.4764803541782
        ],
        [
            121.46371463714635,
            107.6923076923077
        ],
        [
            108.9142091152815,
            74.38551099611901
        ],
        [
            121.71236709569109,
            69.63788300835655
        ],
        [
            130.9662398137369,
            93.45794392523364
        ],
        [
            101.35135135135134,
            105.65312843029639
        ],
        [
            117.85912368275096,
            108.04157549234135
        ],
        [
            122.76140958983248,
            92.95774647887323
        ],
        [
            126.38888888888889,
            89.24082453494218
        ],
        [
            125.67024128686327,
            100.45366169799092
        ],
        [
            92.47648902821317,
            97.04251386321626
        ],
        [
            138.3664696399785,
            127.1420674405749
        ],
        [
            131.7365269461078,
            101.97960407918416
        ],
        [
            100.0,
            128.78787878787878
        ],
        [
            126.79162072767365,
            89.23512747875355
        ],
        [
            124.22360248447204,
            72.80219780219781
        ]
    ],
    "losses": 6,
    "nOT": [
        0,
        0,
        0,
        0,
        0,
        0,
        0,
        0,
        0,
        0,
        0,
        0,
        0,
        0,
        0,
        0,
        0,
        0,
        0,
        0,
        0,
        0,
        0,
        0,
        0
    ],
    "pace": 69.96389057937404,