{
    "CompRank": 27,
    "CompositeDef": 95.70956981381389,
    "CompositeOff": 119.24562180942198,
    "CompositePace": 67.71721951908187,
    "CompositeRating": 23.536051995608087,
    "HA": [
        "N",
        "H",
        "H",
        "H",
        "N",
        "N",
        "H",
        "A",
        "H",
        "H",
        "H",
        "H",
        "H",
        "A",
        "H",
        "H",
        "A",
        "A",
        "H",
        "H"
    ],
    "OAst": 230.0,
    "OAvgCompRat": 2.8256848229652554,
    "OBlk": 56.0,
    "ODR": 436.0,
    "OFGA": 1154.0,
    "OFGA3": 406.0,
    "OFGM": 475.0,
    "OFGM3": 133.0,
    "OFTA": 370.0,
    "OFTM": 243.0,
    "OOR": 194.0,
    "OPF": 320.0,
    "OScore": 1326.0,
    "OStl": 105.0,
    "OTO": 237.0,
    "Oastr": 0.12893822177374145,
    "Ocomprank": 77,
    "Ocorrdastr": 0.13861927830471488,
    "Ocorrdeff": 103.76473651206115,
    "Ocorrdeffrank": 86,
    "Ocorrdefgp": 0.4850369856825176,
    "Ocorrdftr": 0.3291235817743295,
    "Ocorrdorbp": 0.2894904897485141,
    "Ocorrdtovr": 0.15495067163353335,
    "Ocorroastr": 0.14821404804936564,
    "Ocorroeff": 107.54235801796176,
    "Ocorroeffrank": 94,
    "Ocorroefgp": 0.5177543932993083,
    "Ocorroftr": 0.34922444098476796,
    "Ocorroorbp": 0.31677242007002193,
    "Ocorrotovr": 0.14391391542665607,
    "Oeff": 97.51434034416826,
    "Oefgp": 0.4692374350086655,
    "Oftr": 0.32062391681109187,
    "Oneteff": 3.777621505900612,
    "Oneteffrank": 87,
    "Oorbp": 0.2840409956076135,
    "Oposs": 1359.8,
    "Otovr": 0.15252928304801133,
    "SoR": 65.64396083417918,
    "SoRrank": 39,
    "TAst": 266.0,
    "TBlk": 91.0,
    "TDR": 489.0,
    "TFGA": 1145.0,
    "TFGA3": 414.0,
    "TFGM": 552.0,
    "TFGM3": 155.0,
    "TFTA": 425.0,
    "TFTM": 319.0,
    "TOR": 170.0,
    "TPF": 324.0,
    "TScore": 1578.0,
    "TStl": 136.0,
    "TTO": 186.0,
    "Tastr": 0.1491031390134529,
    "Tcorrdastr": 0.12688555135439555,
    "Tcorrdastrrank": 64,
    "Tcorrdeff": 95.85092635626958,
    "Tcorrdeffrank": 44,
    "Tcorrdefgp": 0.45985642808287563,
    "Tcorrdefgprank": 45,
    "Tcorrdftr": 0.3076678775254392,
    "Tcorrdftrrank": 128,
    "Tcorrdorbp": 0.2582745960625842,
    "Tcorrdorbprank": 75,
    "Tcorrdtovr": 0.15909457792435244,
    "Tcorrdtovrrank": 108,
    "Tcorroastr": 0.1569193943780175,
    "Tcorroastrrank": 110,
    "Tcorroeff": 119.27074976254542,
    "Tcorroeffrank": 27,
    "Tcorroefgp": 0.5753620408003134,
    "Tcorroefgprank": 24,
    "Tcorroftr": 0.3790090260441619,
    "Tcorroftrrank": 74,
    "Tcorroorbp": 0.27982880600933197,
    "Tcorroorbprank": 214,
    "Tcorrotovr": 0.1186690761244163,
    "Tcorrotovrrank": 16,
    "Teff": 117.06231454005935,
    "Tefgp": 0.5497816593886463,
    "Tftr": 0.37117903930131,
    "Tneteff": 23.41982340627584,
    "Tneteffrank": 29,
    "Torbp": 0.28052805280528054,
    "Tposs": 1348.0,
    "Ttovr": 0.1225296442687747,
    "closses": 4,
    "confplace": 11,
    "cwins": 3,
    "dates": [
        [
            11,
            4
        ],
        [
            11,
            8
        ],
        [
            11,
            12
        ],
        [
            11,
            16
        ],
        [
            11,
            21
        ],
        [
            11,
            22
        ],
        [
            11,
            29
        ],
        [
            12,
            4
        ],
        [
            12,
            8
        ],
        [
            12,
            12
        ],
        [
            12,
            15
        ],
        [
            12,
            19
        ],
        [
            12,
            29
        ],
        [
            1,
            4
        ],
        [
            1,
            7
        ],
        [
            1,
            11
        ],
        [
            1,
            15
        ],
        [
            1,
            18
        ],
        [
            1,
            21
        ],
        [
            1,
            25
        ]
    ],
    "geff": [
        [
            96.25668449197862,
            110.86474501108648
        ],
        [
            139.06056860321385,
            84.91652274035694
        ],
        [
            132.04225352112678,
            74.9741468459152
        ],
        [
            146.2853385930309,
            67.4827369742624
        ],
        [
            104.22870756402621,
            95.76320371445154
        ],
        [
            100.78219013237063,
            84.69626168224299
        ],
        [
            120.70815450643777,
            92.84543965046423
        ],
        [
            108.32187070151308,
            99.72954699121028
        ],
        [
            103.9002557544757,
            122.501611863314
        ],
        [
            127.95275590551181,
            96.09868043602984
        ],
        [
            161.76470588235296,
            74.52928870292887
        ],
        [
            142.94049008168028,
            88.26879271070615
        ],
        [
            131.39931740614335,
            87.63227513227513
        ],
        [
            88.49557522123894,
            119.26058437686345
        ],
        [
            115.16853932584269,
            120.83333333333333
        ],
        [
            114.45389143230871,
            117.8343949044586
        ],
        [
            101.42255005268704,
            100.7730535615682
        ],
        [
            86.50519031141869,
            118.9801699716714
        ],
        [
            103.04054054054053,
            84.28753180661577
        ],
        [
            113.85816525699414,
            114.0118968935889
        ]
    ],
    "losses": 6,
    "nOT": [
        0,
        0,
        0,
        0,
        0,
        0,
        0,
        0,
        0,
        0,
        0,
        0,
        0,
        0,
        0,
        0,
        0,
        0,
        0,
        0
    ],
    "pace": 67.68555487256755,
    "poss": [
        [
            74.8,
            72.16
        ],
        [
            64.72,
            69.48
        ],
        [
            79.52,
            77.36
        ],
        [
            60.84,
            63.72
        ],
        [
            67.16,
            68.92
        ],
        [
            66.48,
            68.48
        ],
        [
            74.56,
            73.24
        ],
        [
            58.16,
            59.16
        ],
        [
            62.56,
            62.04
        ],
        [
            71.12,
            69.72
        ],
        [
            74.8,
            76.48
        ],
        [
            68.56,
            70.24
        ],
        [
            58.6,
            60.480000000000004
        ],
        [
            67.8,
            67.08
        ],
        [
            71.2,
            72.0
        ],
        [
            61.16,
            62.8
        ],
        [
            75.92,
            72.44
        ],
        [
            69.36,
            70.6
        ],
        [
            59.2,
            62.88
        ],
        [
            61.480000000000004,
            60.519999999999996
        ]
    ],
    "preseason_pace": 68.34365177595662,
    "preseason_pred": 25.835440921231065,
    "preseason_predd": 92.9130662155655,
    "preseason_predo": 118.74850713679656,
    "schedule": [
        "ohio-state",
        "houston-baptist",
        "chicago-state",
        "mississippi-valley-state",
        "syracuse",
        "saint-josephs",
        "delaware-state",
        "north-carolina-state",
        "connecticut",
        "new-mexico-state",
        "arkansas-pine-bluff",
        "new-orleans",
        "northwestern-state",
        "texas-am",
        "auburn",
        "tennessee",
        "oklahoma",
        "florida",
        "missouri",
        "texas-am"
    ],