{
    "CompRank": 52,
    "CompositeDef": 99.57754690270245,
    "CompositeOff": 115.245984188155,
    "CompositePace": 74.05570502590768,
    "CompositeRating": 15.668437285452539,
    "HA": [
        "H",
        "N",
        "H",
        "H",
        "N",
        "N",
        "A",
        "H",
        "N",
        "N",
        "N",
        "H",
        "H",
        "H",
        "A",
        "H",
        "A"
    ],
    "OAst": 194.0,
    "OAvgCompRat": 3.6763310104664226,
    "OBlk": 73.0,
    "ODR": 380.0,
    "OFGA": 1092.0,
    "OFGA3": 343.0,
    "OFGM": 467.0,
    "OFGM3": 116.0,
    "OFTA": 359.0,
    "OFTM": 251.0,
    "OOR": 164.0,
    "OPF": 309.0,
    "OScore": 1301.0,
    "OStl": 146.0,
    "OTO": 189.0,
    "Oastr": 0.1188026650989614,
    "Ocomprank": 46,
    "Ocorrdastr": 0.13745223463013603,
    "Ocorrdeff": 101.20000297399302,
    "Ocorrdeffrank": 40,
    "Ocorrdefgp": 0.48562572847589747,
    "Ocorrdftr": 0.31391419603204995,
    "Ocorrdorbp": 0.2709344977764552,
    "Ocorrdtovr": 0.1594947670815892,
    "Ocorroastr": 0.15158631962880104,
    "Ocorroeff": 105.81343394445219,
    "Ocorroeffrank": 90,
    "Ocorroefgp": 0.5178492539421597,
    "Ocorroftr": 0.33694674987193085,
    "Ocorroorbp": 0.27466202082117724,
    "Ocorrotovr": 0.14036412706859538,
    "Oeff": 102.04241701700445,
    "Oefgp": 0.4807692307692308,
    "Oftr": 0.32875457875457875,
    "Oneteff": 4.613430970459163,
    "Oneteffrank": 61,
    "Oorbp": 0.25990491283676703,
    "Oposs": 1274.96,
    "Otovr": 0.13134486017679434,
    "SoR": 39.643106950621565,
    "SoRrank": 64,
    "TAst": 262.0,
    "TBlk": 87.0,
    "TDR": 467.0,
    "TFGA": 1129.0,
    "TFGA3": 389.0,
    "TFGM": 515.0,
    "TFGM3": 127.0,
    "TFTA": 435.0,
    "TFTM": 291.0,
    "TOR": 256.0,
    "TPF": 274.0,
    "TScore": 1448.0,
    "TStl": 121.0,
    "TTO": 218.0,
    "Tastr": 0.1455232170628749,
    "Tcorrdastr": 0.11133952603008786,
    "Tcorrdastrrank": 16,
    "Tcorrdeff": 100.31009152620906,
    "Tcorrdeffrank": 111,
    "Tcorrdefgp": 0.46647835996684095,
    "Tcorrdefgprank": 62,
    "Tcorrdftr": 0.32304371332382115,
    "Tcorrdftrrank": 175,
    "Tcorrdorbp": 0.26259368694656193,
    "Tcorrdorbprank": 128,
    "Tcorrdtovr": 0.1401388897458337,
    "Tcorrdtovrrank": 245,
    "Tcorroastr": 0.15055846598917913,
    "Tcorroastrrank": 115,
    "Tcorroeff": 116.06384105173912,
    "Tcorroeffrank": 25,
    "Tcorroefgp": 0.5303966361732003,
    "Tcorroefgprank": 90,
    "Tcorroftr": 0.4077364923377262,
    "Tcorroftrrank": 35,
    "Tcorroorbp": 0.41325888837750857,
    "Tcorroorbprank": 5,
    "Tcorrotovr": 0.13304664042321676,
    "Tcorrotovrrank": 77,
    "Teff": 112.91328758577666,
    "Tefgp": 0.5124003542958371,
    "Tftr": 0.3852967227635075,
    "Tneteff": 15.753749525530054,
    "Tneteffrank": 53,
    "Torbp": 0.4025157232704403,
    "Tposs": 1282.4,
    "Ttovr": 0.14170566822672906,
    "closses": 3,
    "confplace": 9,
    "cwins": 1,
    "dates": [
        [
            11,
            6
        ],
        [
            11,
            10
        ],
        [
            11,
            14
        ],
        [
            11,
            17
        ],
        [
            11,
            22
        ],
        [
            11,
            24
        ],
        [
            11,
            29
        ],
        [
            12,
            5
        ],
        [
            12,
            9
        ],
        [
            12,
            14
        ],
        [
            12,
            19
        ],
        [
            12,
            22
        ],
        [
            12,
            30
        ],
        [
            1,
            6
        ],
        [
            1,
            10
        ],
        [
            1,
            13
        ],
        [
            1,
            16
        ]
    ],
    "geff": [
        [
            125.33692722371967,
            101.95530726256985
        ],
        [
            99.1501416430595,
            113.0731102850062
        ],
        [
            126.42045454545453,
            92.34111895708854
        ],
        [
            117.35232067510547,
            91.10396570203645
        ],
        [
            109.47046843177189,
            90.74642126789367
        ],
        [
            119.92619926199262,
            125.0
        ],
        [
            92.9806181246726,
            108.2365364308342
        ],
        [
            107.96410544026922,
            79.25472747497219
        ],
        [
            116.0,
            100.84925690021231
        ],
        [
            98.1491867638811,
            89.92805755395683
        ],
        [
            111.8615449556775,
            107.72184300341296
        ],
        [
            138.32853025936598,
            81.75559380378658
        ],
        [
            123.15896394108684,
            88.75739644970413
        ],
        [
            105.25012382367508,
            106.98475159862274
        ],
        [
            112.67232237539767,
            139.56639566395665
        ],
        [
            123.62637362637363,
            94.44444444444444
        ],
        [
            92.95774647887323,
            122.76140958983248
        ]
    ],
    "losses": 6,
    "nOT": [
        0,
        0,
        0,
        0,
        0,
        0,
        0,
        0,
        0,
        0,
        2,
        0,
        0,
        0,
        0,
        0,
        0
    ],
    "pace": 74.5594835772202,
    "poss": [
        [
            74.2,
            71.6
        ],
        [
            70.6,
            64.56
        ],
        [
            70.4,
            73.64
        ],
        [
            75.84,
            74.64
        ],
        [
            78.56,
            78.24
        ],
        [
            75.88,
            76.0
        ],
        [
            76.36,
            75.76
        ],
        [
            71.32,
            71.92
        ],
        [
            75.0,
            75.36
        ],
        [
            71.32,
            72.28
        ],
        [
            94.76,
            93.76
        ],
        [
            69.4,
            69.72
        ],
        [
            78.76,
            81.12
        ],
        [
            80.76,
            81.32
        ],
        [
            75.44,
            73.8
        ],
        [
            72.8,
            72.0
        ],
        [
            71.0,
            69.24
        ]
    ],
    "preseason_pace": 69.09432592639821,
    "preseason_pred": 14.828253907755817,
    "preseason_predd": 92.36320326886826,
    "preseason_predo": 107.19145717662408,
    "schedule": [
        "loyola-md",
        "virginia",
        "florida-am",
        "florida-state",
        "pittsburgh",
        "baylor",
        "wake-forest",
        "merrimack",
        "richmond",
        "east-carolina",
        "michigan",
        "grambling",
        "quinnipiac",
        "kentucky",
        "mississippi",
        "arkansas",
        "tennessee"
    ],
    "scores": [
        [
            93,
            73
        ],
        [
            70,
            73
        ],
        [
            89,
            68
        ],
        [
            89,
            68
        ],
        [
            86,
            71
        ],
        [
            91,
            95
        ],
        [
            71,
            82
        ],
        [
            77,
            57
        ],
        [
            87,
            76
        ],
        [
            70,
            65
        ],
        [
            106,
            101
        ],
        [
            96,
            57
        ],
        [
            97,
            72
        ],
        [
            85,
            87
        ],
        [
            85,
            103
        ],
        [
            90,
            68
        ],
        [
            66,
            85
        ]
    ],
    "wins": 11
}