{
    "CompRank": 32,
    "CompositeDef": 100.23201876021744,
    "CompositeOff": 119.19882933356533,
    "CompositePace": 72.00364618139302,
    "CompositeRating": 18.966810573347885,
    "HA": [
        "H",
        "N",
        "H",
        "H",
        "N",
        "N",
        "A",
        "H",
        "N",
        "N",
        "N",
        "H",
        "H",
        "H",
        "A",
        "H",
        "A",
        "A",
        "H",
        "H",
        "A",
        "A",
        "H",
        "H",
        "A",
        "A",
        "H",
        "H",
        "A",
        "H"
    ],
    "OAst": 337.0,
    "OAvgCompRat": 6.3791288038540515,
    "OBlk": 124.0,
    "ODR": 696.0,
    "OFGA": 1917.0,
    "OFGA3": 638.0,
    "OFGM": 836.0,
    "OFGM3": 204.0,
    "OFTA": 648.0,
    "OFTM": 450.0,
    "OOR": 310.0,
    "OPF": 509.0,
    "OScore": 2326.0,
    "OStl": 228.0,
    "OTO": 321.0,
    "Oastr": 0.11782722403255808,
    "Ocomprank": 45,
    "Ocorrdastr": 0.1340722690792629,
    "Ocorrdeff": 101.78089714318381,
    "Ocorrdeffrank": 59,
    "Ocorrdefgp": 0.4822221179983567,
    "Ocorrdftr": 0.31902646307123583,
    "Ocorrdorbp": 0.2713730199042988,
    "Ocorrdtovr": 0.1578846391872947,
    "Ocorroastr": 0.15250064784951306,
    "Ocorroeff": 110.48666807465257,
    "Ocorroeffrank": 40,
    "Ocorroefgp": 0.5310930834196944,
    "Ocorroftr": 0.3546502259811459,
    "Ocorroorbp": 0.2972844418242934,
    "Ocorrotovr": 0.13749318510893066,
    "Oeff": 105.10049161364951,
    "Oefgp": 0.48930620761606675,
    "Oftr": 0.3380281690140845,
    "Oneteff": 8.705770931468763,
    "Oneteffrank": 43,
    "Oorbp": 0.27604630454140694,
    "Oposs": 2213.12,
    "Otovr": 0.1272234376486255,
    "SoR": 78.52382438867518,
    "SoRrank": 28,
    "TAst": 457.0,
    "TBlk": 159.0,
    "TDR": 813.0,
    "TFGA": 1976.0,
    "TFGA3": 694.0,
    "TFGM": 901.0,
    "TFGM3": 236.0,
    "TFTA": 730.0,
    "TFTM": 515.0,
    "TOR": 429.0,
    "TPF": 457.0,
    "TScore": 2553.0,
    "TStl": 199.0,
    "TTO": 349.0,
    "Tastr": 0.14726733694251096,
    "Tcorrdastr": 0.11032993096296355,
    "Tcorrdastrrank": 11,
    "Tcorrdeff": 100.23201876021744,
    "Tcorrdeffrank": 85,
    "Tcorrdefgp": 0.46570517594160404,
    "Tcorrdefgprank": 52,
    "Tcorrdftr": 0.31552079188696397,
    "Tcorrdftrrank": 161,
    "Tcorrdorbp": 0.2596405935236053,
    "Tcorrdorbprank": 106,
    "Tcorrdtovr": 0.13688772315599562,
    "Tcorrdtovrrank": 261,
    "Tcorroastr": 0.15695156839971444,
    "Tcorroastrrank": 86,
    "Tcorroeff": 119.19882933356533,
    "Tcorroeffrank": 19,
    "Tcorroefgp": 0.5406410741402996,
    "Tcorroefgprank": 71,
    "Tcorroftr": 0.38445901843171515,
    "Tcorroftrrank": 54,
    "Tcorroorbp": 0.39385644723290947,
    "Tcorroorbprank": 7,
    "Tcorrotovr": 0.12358084571316884,
    "Tcorrotovrrank": 28,
    "Teff": 115.14522821576764,
    "Tefgp": 0.5156882591093117,
    "Tftr": 0.3694331983805668,
    "Tneteff": 18.966810573347885,
    "Tneteffrank": 32,
    "Torbp": 0.38133333333333336,
    "Tposs": 2217.2,
    "Ttovr": 0.13188723452497922,
    "closses": 6,
    "confplace": 6,
    "cwins": 11,
    "dates": [
        [
            11,
            6
        ],
        [
            11,
            10
        ],
        [
            11,
            14
        ],
        [
            11,
            17
        ],
        [
            11,
            22
        ],
        [
            11,
            24
        ],
        [
            11,
            29
        ],
        [
            12,
            5
        ],
        [
            12,
            9
        ],
        [
            12,
            14
        ],
        [
            12,
            19
        ],
        [
            12,
            22
        ],
        [
            12,
            30
        ],
        [
            1,
            6
        ],
        [
            1,
            10
        ],
        [
            1,
            13
        ],
        [
            1,
            16
        ],
        [
            1,
            20
        ],
        [
            1,
            24
        ],
        [
            1,
            27
        ],
        [
            1,
            31
        ],
        [
            2,
            3
        ],
        [
            2,
            10
        ],
        [
            2,
            13
        ],
        [
            2,
            17
        ],
        [
            2,
            21
        ],
        [
            2,
            24
        ],
        [
            2,
            28
        ],
        [
            3,
            2
        ],
        [
            3,
            5
        ]
    ],
    "geff": [
        [
            125.33692722371967,
            101.95530726256985
        ],
        [
            99.1501416430595,
            113.0731102850062
        ],
        [
            126.42045454545453,
            92.34111895708854
        ],
        [
            117.35232067510547,
            91.10396570203645
        ],
        [
            109.47046843177189,
            90.74642126789367
        ],
        [
            119.92619926199262,
            125.0
        ],
        [
            92.9806181246726,
            108.2365364308342
        ],
        [
            107.96410544026922,
            79.25472747497219
        ],
        [
            116.0,
            100.84925690021231
        ],
        [
            98.1491867638811,
            89.92805755395683
        ],
        [
            111.8615449556775,
            107.72184300341296
        ],
        [
            138.32853025936598,
            81.75559380378658
        ],
        [
            123.15896394108684,
            88.75739644970413
        ],
        [
            105.25012382367508,
            106.98475159862274
        ],
        [
            112.67232237539767,
            139.56639566395665
        ],
        [
            123.62637362637363,
            94.44444444444444
        ],
        [
            92.95774647887323,
            122.76140958983248
        ],
        [
            123.90213299874529,
            105.94560404807083
        ],
        [
            121.91358024691358,
            98.64712514092447
        ],
        [
            123.18840579710145,
            117.39338763775754
        ],
        [
            108.44485463774804,
            113.07157057654075
        ],
        [
            103.38345864661653,
            103.77942998760842
        ],
        [
            116.64746543778803,
            93.60599078341014
        ],
        [
            124.62006079027356,
            120.77294685990339
        ],
        [
            123.18029115341545,
            111.17136659436008
        ],
        [
            114.92832427088483,
            122.80701754385966
        ],
        [
            109.43718021603183,
            91.74311926605503
        ],
        [
            120.0810185185185,
            107.55813953488372
        ],
        [
            115.85365853658537,
            121.23004139562389
        ],
        [
            130.85742771684946,
            108.75
        ]
    ],
    "losses": 9,
    "nOT": [
        0,
        0,
        0,
        0,
        0,
        0,
        0,
        0,
        0,
        0,
        2,
        0,
        0,
        0,
        0,
        0,
        0,
        0,
        0,
        1,
        1,
        0,
        0,
        0,
        0,
        1,
        0,
        0,
        0,
        0
    ],
    "pace": 72.00364618139302,