{
    "CompRank": 39,
    "CompositeDef": 93.49680803996267,
    "CompositeOff": 109.84561230836502,
    "CompositePace": 67.49947711150601,
    "CompositeRating": 16.348804268402333,
    "HA": [
        "H"
    ],
    "OAst": 9.0,
    "OAvgCompRat": -15.459316034738078,
    "OBlk": 2.0,
    "ODR": 20.0,
    "OFGA": 52.0,
    "OFGA3": 28.0,
    "OFGM": 16.0,
    "OFGM3": 6.0,
    "OFTA": 13.0,
    "OFTM": 7.0,
    "OOR": 5.0,
    "OPF": 14.0,
    "OScore": 45.0,
    "OStl": 6.0,
    "OTO": 18.0,
    "Oastr": 0.10623229461756374,
    "Ocomprank": 240,
    "Ocorrdastr": 0.13293236917760237,
    "Ocorrdeff": 108.95041053848304,
    "Ocorrdeffrank": 253,
    "Ocorrdefgp": 0.5249591041032098,
    "Ocorrdftr": 0.3076010615463689,
    "Ocorrdorbp": 0.28744429361254786,
    "Ocorrdtovr": 0.143611519708332,
    "Ocorroastr": 0.11843751065511313,
    "Ocorroeff": 77.9223573368511,
    "Ocorroeffrank": 294,
    "Ocorroefgp": 0.42055893884383794,
    "Ocorroftr": 0.2834525477643293,
    "Ocorroorbp": 0.19080571367194277,
    "Ocorrotovr": 0.19976980019492077,
    "Oeff": 63.63122171945702,
    "Oefgp": 0.36538461538461536,
    "Oftr": 0.25,
    "Oneteff": -31.028053201631934,
    "Oneteffrank": 289,
    "Oorbp": 0.1388888888888889,
    "Oposs": 70.72,
    "Otovr": 0.2377179080824089,
    "SoR": 13.718839375148018,
    "SoRrank": 97,
    "TAst": 12.0,
    "TBlk": 4.0,
    "TDR": 31.0,
    "TFGA": 61.0,
    "TFGA3": 25.0,
    "TFGM": 29.0,
    "TFGM3": 10.0,
    "TFTA": 18.0,
    "TFTM": 13.0,
    "TOR": 9.0,
    "TPF": 12.0,
    "TScore": 81.0,
    "TStl": 8.0,
    "TTO": 10.0,
    "Tastr": 0.13198416190057194,
    "Tcorrdastr": 0.11847004610739723,
    "Tcorrdastrrank": 85,
    "Tcorrdeff": 78.95588912087155,
    "Tcorrdeffrank": 10,
    "Tcorrdefgp": 0.42073017828576215,
    "Tcorrdefgprank": 36,
    "Tcorrdftr": 0.281375279514768,
    "Tcorrdftrrank": 97,
    "Tcorrdorbp": 0.1883609831848273,
    "Tcorrdorbprank": 47,
    "Tcorrdtovr": 0.19945837611462064,
    "Tcorrdtovrrank": 104,
    "Tcorroastr": 0.13236934684799903,
    "Tcorroastrrank": 157,
    "Tcorroeff": 105.6482153158254,
    "Tcorroeffrank": 70,
    "Tcorroefgp": 0.5235098452033285,
    "Tcorroefgprank": 73,
    "Tcorroftr": 0.30824164606017035,
    "Tcorroftrrank": 168,
    "Tcorroorbp": 0.2891224997776404,
    "Tcorroorbprank": 108,
    "Tcorrotovr": 0.1439714467898345,
    "Tcorrotovrrank": 140,
    "Teff": 115.8466819221968,
    "Tefgp": 0.5573770491803278,
    "Tftr": 0.29508196721311475,
    "Tneteff": 26.69232619495385,
    "Tneteffrank": 14,
    "Torbp": 0.3103448275862069,
    "Tposs": 69.92,
    "Ttovr": 0.12671059300557527,
    "closses": 0,
    "confplace": 1,
    "cwins": 0,
    "dates": [
        [
            11,
            7
        ]
    ],
    "geff": [
        [
            115.8466819221968,
            63.63122171945702
        ]
    ],
    "losses": 0,
    "nOT": [
        0
    ],
    "pace": 58.183050218616955,
    "poss": [
        [
            69.92,
            70.72
        ]
    ],
    "preseason_pace": 67.75507181364289,
    "preseason_pred": 16.065031376041524,
    "preseason_predd": 93.895735856673,
    "preseason_predo": 109.96076723271453,
    "schedule": [
        "stony-brook"
    ],
    "scores": [
        [
            81,
            45
        ]
    ],
    "wins": 1
}