{
    "CompRank": 42,
    "CompositeDef": 100.42324290979151,
    "CompositeOff": 119.02806033350491,
    "CompositePace": 70.68270298259989,
    "CompositeRating": 18.604817423713392,
    "HA": [
        "H",
        "H",
        "H",
        "H",
        "N",
        "N",
        "N",
        "H",
        "H",
        "A",
        "N",
        "H",
        "H",
        "H",
        "H",
        "A"
    ],
    "OAst": 209.0,
    "OAvgCompRat": 3.15184205234684,
    "OBlk": 58.0,
    "ODR": 391.0,
    "OFGA": 967.0,
    "OFGA3": 374.0,
    "OFGM": 424.0,
    "OFGM3": 121.0,
    "OFTA": 320.0,
    "OFTM": 231.0,
    "OOR": 137.0,
    "OPF": 231.0,
    "OScore": 1200.0,
    "OStl": 90.0,
    "OTO": 177.0,
    "Oastr": 0.13991163475699558,
    "Ocomprank": 63,
    "Ocorrdastr": 0.1470070922094869,
    "Ocorrdeff": 105.64933566275188,
    "Ocorrdeffrank": 56,
    "Ocorrdefgp": 0.494813462551577,
    "Ocorrdftr": 0.30976360054520585,
    "Ocorrdorbp": 0.30043797863950533,
    "Ocorrdtovr": 0.15852497720376008,
    "Ocorroastr": 0.16385021530471006,
    "Ocorroeff": 112.24830623339446,
    "Ocorroeffrank": 35,
    "Ocorroefgp": 0.5336309438289863,
    "Ocorroftr": 0.3681708295898137,
    "Ocorroorbp": 0.32857960914447376,
    "Ocorrotovr": 0.1356101092833881,
    "Oeff": 104.54783063251438,
    "Oefgp": 0.5010341261633919,
    "Oftr": 0.3309203722854188,
    "Oneteff": 6.598970570642578,
    "Oneteffrank": 38,
    "Oorbp": 0.24508050089445438,
    "Oposs": 1147.8,
    "Otovr": 0.13776463262764632,
    "SoR": 55.12121031752888,
    "SoRrank": 42,
    "TAst": 250.0,
    "TBlk": 51.0,
    "TDR": 422.0,
    "TFGA": 979.0,
    "TFGA3": 493.0,
    "TFGM": 444.0,
    "TFGM3": 165.0,
    "TFTA": 361.0,
    "TFTM": 276.0,
    "TOR": 160.0,
    "TPF": 221.0,
    "TScore": 1329.0,
    "TStl": 101.0,
    "TTO": 166.0,
    "Tastr": 0.16089172630386656,
    "Tcorrdastr": 0.12582939501033277,
    "Tcorrdastrrank": 44,
    "Tcorrdeff": 100.78898099390497,
    "Tcorrdeffrank": 63,
    "Tcorrdefgp": 0.4806171223026243,
    "Tcorrdefgprank": 79,
    "Tcorrdftr": 0.32215654505863045,
    "Tcorrdftrrank": 100,
    "Tcorrdorbp": 0.22727565241367503,
    "Tcorrdorbprank": 8,
    "Tcorrdtovr": 0.15229085132865205,
    "Tcorrdtovrrank": 154,
    "Tcorroastr": 0.16147654046853532,
    "Tcorroastrrank": 90,
    "Tcorroeff": 119.09535055179464,
    "Tcorroeffrank": 52,
    "Tcorroefgp": 0.5569407526329286,
    "Tcorroefgprank": 57,
    "Tcorroftr": 0.4279815047997533,
    "Tcorroftrrank": 48,
    "Tcorroorbp": 0.2953402838498981,
    "Tcorroorbprank": 201,
    "Tcorrotovr": 0.12026990978149883,
    "Tcorrotovrrank": 23,
    "Teff": 116.1875786823332,
    "Tefgp": 0.5377936670071501,
    "Tftr": 0.3687436159346272,
    "Tneteff": 18.306369557889667,
    "Tneteffrank": 45,
    "Torbp": 0.29038112522686027,
    "Tposs": 1143.84,
    "Ttovr": 0.12731623512087373,
    "closses": 2,
    "confplace": 6,
    "cwins": 3,
    "dates": [
        [
            11,
            3
        ],
        [
            11,
            7
        ],
        [
            11,
            11
        ],
        [
            11,
            17
        ],
        [
            11,
            21
        ],
        [
            11,
            27
        ],
        [
            11,
            28
        ],
        [
            12,
            3
        ],
        [
            12,
            6
        ],
        [
            12,
            10
        ],
        [
            12,
            19
        ],
        [
            12,
            22
        ],
        [
            12,
            30
        ],
        [
            1,
            3
        ],
        [
            1,
            6
        ],
        [
            1,
            10
        ]
    ],
    "geff": [
        [
            130.86150490730643,
            92.11283822682786
        ],
        [
            138.0193511667615,
            99.11894273127753
        ],
        [
            123.70540851553511,
            79.43385326400923
        ],
        [
            137.10618436406068,
            103.23159784560143
        ],
        [
            92.78897136797455,
            132.8633405639913
        ],
        [
            127.51348700343306,
            102.97766749379653
        ],
        [
            84.08969567538708,
            102.72071071626873
        ],
        [
            126.4128494943486,
            104.10724472333142
        ],
        [
            123.45679012345678,
            98.24198552223372
        ],
        [
            87.15862870424172,
            129.31034482758622
        ],
        [
            95.10086455331411,
            112.82660332541568
        ],
        [
            134.47432762836186,
            90.3971547125074
        ],
        [
            109.46907498631637,
            80.81896551724138
        ],
        [
            105.12672811059907,
            122.99613045881702
        ],
        [
            116.14401858304298,
            99.83361064891847
        ],
        [
            129.7775242441529,
            121.27894156560087
        ]
    ],
    "losses": 5,
    "nOT": [
        0,
        0,
        0,
        0,
        0,
        0,
        0,
        0,
        0,
        0,
        1,
        0,
        0,
        0,
        0,
        0
    ],
    "pace": 71.00151050120076,
    "poss": [
        [
            73.36,
            69.48
        ],
        [
            70.28,
            72.64
        ],
        [
            69.52,
            69.24000000000001
        ],
        [
            68.56,
            66.84
        ],
        [
            75.44,
            73.76
        ],
        [
            81.56,
            80.6
        ],
        [
            74.92,
            72.04
        ],
        [
            67.24,
            70.12
        ],
        [
            77.76,
            77.36
        ],
        [
            68.84,
            69.6
        ],
        [
            69.4,
            67.36
        ],
        [
            65.44,
            67.48
        ],
        [
            73.08,
            74.24
        ],
        [
            69.44,
            72.36
        ],
        [
            68.88,
            72.12
        ],
        [
            70.12,
            72.56
        ]
    ],
    "preseason_pace": 68.1761996280243,
    "preseason_pred": 20.951250720318427,
    "preseason_predd": 97.54776576060253,
    "preseason_predo": 118.49901648092096,
    "schedule": [
        "campbell",
        "northern-illinois",
        "ball-state",
        "southern-illinois-edwardsville",
        "brigham-young",
        "providence",
        "texas-christian",
        "northwestern",
        "marquette",
        "nebraska",
        "villanova",
        "central-michigan",
        "milwaukee",
        "purdue",
        "ucla",
        "michigan"
    ],
    "scores": [
        [
            96,
            64
        ],
        [
            97,
            72
        ],
        [
            86,
            55
        ],
        [
            94,
            69
        ],
        [
            70,
            98
        ],
        [
            104,
            83
        ],
        [
            63,
            74
        ],
        [
            85,
            73
        ],
        [
            96,
            76
        ],
        [
            60,
            90
        ],
        [
            66,
            76
        ],
        [
            88,
            61
        ],
        [
            80,
            60
        ],
        [
            73,
            89
        ],
        [
            80,
            72
        ],
        [
            91,
            88
        ]
    ],
    "wins": 11
}