{
    "CompRank": 303,
    "CompositeDef": 118.56334234107284,
    "CompositeOff": 103.83251811910702,
    "CompositePace": 67.55433808510043,
    "CompositeRating": -14.730824221965824,
    "HA": [
        "H",
        "A",
        "N",
        "N",
        "H",
        "A",
        "A",
        "A",
        "A",
        "A",
        "A",
        "H",
        "H",
        "A",
        "H",
        "A",
        "H",
        "A",
        "H",
        "H",
        "A",
        "A"
    ],
    "OAst": 354.0,
    "OAvgCompRat": -1.82811173682841,
    "OBlk": 68.0,
    "ODR": 533.0,
    "OFGA": 1273.0,
    "OFGA3": 493.0,
    "OFGM": 607.0,
    "OFGM3": 180.0,
    "OFTA": 517.0,
    "OFTM": 361.0,
    "OOR": 248.0,
    "OPF": 355.0,
    "OScore": 1755.0,
    "OStl": 167.0,
    "OTO": 238.0,
    "Oastr": 0.16917724422694602,
    "Ocomprank": 218,
    "Ocorrdastr": 0.1525351616703323,
    "Ocorrdeff": 109.63265667402207,
    "Ocorrdeffrank": 209,
    "Ocorrdefgp": 0.5188514641245396,
    "Ocorrdftr": 0.35370615334773164,
    "Ocorrdorbp": 0.3129245866353289,
    "Ocorrdtovr": 0.14786998780831528,
    "Ocorroastr": 0.14575561428688585,
    "Ocorroeff": 107.97215553349673,
    "Ocorroeffrank": 222,
    "Ocorroefgp": 0.5106713219022921,
    "Ocorroftr": 0.3516784944705851,
    "Ocorroorbp": 0.29041512689955634,
    "Ocorrotovr": 0.14805084602456067,
    "Oeff": 117.74730288229296,
    "Oefgp": 0.5475255302435192,
    "Oftr": 0.406127258444619,
    "Oneteff": -1.6605011405253407,
    "Oneteffrank": 213,
    "Oorbp": 0.34492350486787204,
    "Oposs": 1490.48,
    "Otovr": 0.1369012010491924,
    "SoR": 0.0,
    "SoRrank": 107,
    "TAst": 317.0,
    "TBlk": 90.0,
    "TDR": 471.0,
    "TFGA": 1268.0,
    "TFGA3": 438.0,
    "TFGM": 572.0,
    "TFGM3": 144.0,
    "TFTA": 393.0,
    "TFTM": 276.0,
    "TOR": 212.0,
    "TPF": 296.0,
    "TScore": 1564.0,
    "TStl": 122.0,
    "TTO": 265.0,
    "Tastr": 0.15670417020940028,
    "Tcorrdastr": 0.17162349278557873,
    "Tcorrdastrrank": 325,
    "Tcorrdeff": 118.76352256187896,
    "Tcorrdeffrank": 331,
    "Tcorrdefgp": 0.5507219712499888,
    "Tcorrdefgprank": 301,
    "Tcorrdftr": 0.4106967974627558,
    "Tcorrdftrrank": 303,
    "Tcorrdorbp": 0.36097288943173084,
    "Tcorrdorbprank": 339,
    "Tcorrdtovr": 0.13684272222028657,
    "Tcorrdtovrrank": 247,
    "Tcorroastr": 0.15203299180893906,
    "Tcorroastrrank": 139,
    "Tcorroeff": 104.04372275348136,
    "Tcorroeffrank": 253,
    "Tcorroefgp": 0.5031823413914706,
    "Tcorroefgprank": 211,
    "Tcorroftr": 0.31240460916872154,
    "Tcorroftrrank": 279,
    "Tcorroorbp": 0.27715754103020546,
    "Tcorroorbprank": 252,
    "Tcorrotovr": 0.15534775840048864,
    "Tcorrotovrrank": 242,
    "Teff": 104.69101424440397,
    "Tefgp": 0.5078864353312302,
    "Tftr": 0.3099369085173502,
    "Tneteff": -14.719799808397596,
    "Tneteffrank": 302,
    "Torbp": 0.28456375838926173,
    "Tposs": 1493.92,
    "Ttovr": 0.15534139936222097,
    "closses": 8,
    "confplace": 11,
    "cwins": 3,
    "dates": [
        [
            11,
            3
        ],
        [
            11,
            8
        ],
        [
            11,
            13
        ],
        [
            11,
            14
        ],
        [
            11,
            20
        ],
        [
            11,
            22
        ],
        [
            12,
            2
        ],
        [
            12,
            7
        ],
        [
            12,
            13
        ],
        [
            12,
            20
        ],
        [
            12,
            22
        ],
        [
            12,
            30
        ],
        [
            1,
            3
        ],
        [
            1,
            6
        ],
        [
            1,
            10
        ],
        [
            1,
            13
        ],
        [
            1,
            20
        ],
        [
            1,
            24
        ],
        [
            1,
            27
        ],
        [
            1,
            31
        ],
        [
            2,
            3
        ],
        [
            2,
            7
        ]
    ],
    "geff": [
        [
            127.17121588089329,
            105.1625239005736
        ],
        [
            78.71720116618077,
            123.18840579710145
        ],
        [
            100.94637223974763,
            106.24597553122987
        ],
        [
            116.1473087818697,
            84.38215102974829
        ],
        [
            97.17314487632508,
            132.90017720023627
        ],
        [
            99.77515458122541,
            122.47838616714697
        ],
        [
            111.66253101736972,
            124.77450390859893
        ],
        [
            96.8414779499404,
            153.55912743972445
        ],
        [
            85.13931888544893,
            124.60063897763578
        ],
        [
            111.07729762629337,
            113.91625615763546
        ],
        [
            90.3971547125074,
            134.47432762836186
        ],
        [
            85.19701810436634,
            103.95010395010394
        ],
        [
            106.71599317017643,
            114.5710928319624
        ],
        [
            97.34762979683974,
            117.20983419096625
        ],
        [
            124.07301768397033,
            115.67773543821447
        ],
        [
            88.04849884526558,
            144.25851125216388
        ],
        [
            114.72602739726028,
            115.56764106050305
        ],
        [
            94.97369959088253,
            117.52136752136752
        ],
        [
            132.5556733828208,
            87.55387931034481
        ],
        [
            91.71597633136095,
            81.62700608743774
        ],
        [
            126.13378684807256,
            141.11705288175878
        ],
        [
            128.53470437017995,
            132.06960845245493
        ]
    ],
    "losses": 17,
    "nOT": [
        0,
        0,
        0,
        0,
        0,
        0,
        0,
        0,
        0,
        0,
        0,
        0,
        0,
        0,
        0,
        0,
        0,
        0,
        0,
        0,
        0,
        0
    ],
    "pace": 67.54373693072442,
    "poss": [
        [
            64.48,
            62.760000000000005
        ],
        [
            68.6,
            69.0
        ],
        [
            63.400000000000006,
            62.120000000000005
        ],
        [
            70.6,
            69.92
        ],
        [
            67.92,
            67.72
        ],
        [
            71.16,
            69.4
        ],
        [
            64.48,
            66.52
        ],
        [
            67.12,
            69.68
        ],
        [
            64.6,
            62.6
        ],
        [
            65.72,
            64.96000000000001
        ],
        [
            67.48,
            65.44
        ],
        [
            75.12,
            76.96000000000001
        ],
        [
            70.28,
            68.08
        ],
        [
            70.88,
            69.96000000000001
        ],
        [
            70.12,
            73.48
        ],
        [
            69.28,
            69.32
        ],
        [
            58.4,
            58.84
        ],
        [
            68.44,
            65.52
        ],
        [
            75.44,
            74.24000000000001
        ],
        [
            67.6,
            72.28
        ],
        [
            70.56,
            67.32
        ],
        [
            62.24,
            64.36
        ]
    ],
    "preseason_pace": 67.91156165039081,
    "preseason_pred": -15.102310211169913,
    "preseason_predd": 111.81793616730936,
    "preseason_predo": 96.71562595613945,