{
    "CompRank": 224,
    "CompositeDef": 109.33092032607102,
    "CompositeOff": 103.47213147989952,
    "CompositePace": 68.69702236942494,
    "CompositeRating": -5.858788846171507,
    "HA": [
        "A",
        "A"
    ],
    "OAst": 27.0,
    "OAvgCompRat": 10.262430433822795,
    "OBlk": 6.0,
    "ODR": 50.0,
    "OFGA": 131.0,
    "OFGA3": 50.0,
    "OFGM": 58.0,
    "OFGM3": 14.0,
    "OFTA": 40.0,
    "OFTM": 34.0,
    "OOR": 14.0,
    "OPF": 27.0,
    "OScore": 164.0,
    "OStl": 9.0,
    "OTO": 21.0,
    "Oastr": 0.1373346897253306,
    "Ocomprank": 99,
    "Ocorrdastr": 0.09619309463951445,
    "Ocorrdeff": 90.29998561584144,
    "Ocorrdeffrank": 51,
    "Ocorrdefgp": 0.44508290013031054,
    "Ocorrdftr": 0.3313993030369538,
    "Ocorrdorbp": 0.3002679009628098,
    "Ocorrdtovr": 0.16918325538886297,
    "Ocorroastr": 0.13821968085340486,
    "Ocorroeff": 105.19981609815157,
    "Ocorroeffrank": 125,
    "Ocorroefgp": 0.48767655975991187,
    "Ocorroftr": 0.3426681501748601,
    "Ocorroorbp": 0.2943627525299902,
    "Ocorrotovr": 0.13399677651686318,
    "Oeff": 105.39845758354757,
    "Oefgp": 0.4961832061068702,
    "Oftr": 0.3053435114503817,
    "Oneteff": 14.899830482310136,
    "Oneteffrank": 80,
    "Oorbp": 0.22950819672131148,
    "Oposs": 155.6,
    "Otovr": 0.12382075471698113,
    "SoR": 0.0,
    "SoRrank": 186,
    "TAst": 12.0,
    "TBlk": 9.0,
    "TDR": 47.0,
    "TFGA": 128.0,
    "TFGA3": 46.0,
    "TFGM": 48.0,
    "TFGM3": 9.0,
    "TFTA": 28.0,
    "TFTM": 19.0,
    "TOR": 18.0,
    "TPF": 37.0,
    "TScore": 124.0,
    "TStl": 11.0,
    "TTO": 29.0,
    "Tastr": 0.06618133686300463,
    "Tcorrdastr": 0.1351138842517078,
    "Tcorrdastrrank": 164,
    "Tcorrdeff": 101.69783037863077,
    "Tcorrdeffrank": 173,
    "Tcorrdefgp": 0.5031302747667723,
    "Tcorrdefgprank": 190,
    "Tcorrdftr": 0.3192061148885133,
    "Tcorrdftrrank": 143,
    "Tcorrdorbp": 0.21865197217883628,
    "Tcorrdorbprank": 75,
    "Tcorrdtovr": 0.14074106849583573,
    "Tcorrdtovrrank": 250,
    "Tcorroastr": 0.09106334864957755,
    "Tcorroastrrank": 311,
    "Tcorroeff": 91.08782721835898,
    "Tcorroeffrank": 266,
    "Tcorroefgp": 0.4529727658560015,
    "Tcorroefgprank": 249,
    "Tcorroftr": 0.23618141144535798,
    "Tcorroftrrank": 289,
    "Tcorroorbp": 0.24774109744280098,
    "Tcorroorbprank": 228,
    "Tcorrotovr": 0.15689385892843485,
    "Tcorrotovrrank": 207,
    "Teff": 81.94554586307164,
    "Tefgp": 0.41015625,
    "Tftr": 0.21875,
    "Tneteff": -10.610003160271788,
    "Tneteffrank": 239,
    "Torbp": 0.2647058823529412,
    "Tposs": 151.32,
    "Ttovr": 0.17127332860855185,
    "closses": 0,
    "confplace": 1,
    "cwins": 0,
    "dates": [
        [
            11,
            6
        ],
        [
            11,
            10
        ]
    ],
    "geff": [
        [
            83.87445887445887,
            91.64969450101833
        ],
        [
            80.1033591731266,
            119.4184839044652
        ]
    ],
    "losses": 2,
    "nOT": [
        0,
        0
    ],
    "pace": 70.31223367150758,
    "poss": [
        [
            73.92,
            78.56
        ],
        [
            77.4,
            77.04
        ]
    ],
    "preseason_pace": 68.51977010033494,
    "preseason_pred": -5.337393585364891,
    "preseason_predd": 110.1685708004129,
    "preseason_predo": 104.831177215048,
    "schedule": [
        "louisiana-lafayette",
        "michigan"
    ],
    "scores": [
        [
            62,
            72
        ],
        [
            62,
            92
        ]
    ],
    "wins": 0
}