{
    "CompRank": 183,
    "CompositeDef": 103.47324298832459,
    "CompositeOff": 102.73777342043547,
    "CompositePace": 65.55896987685215,
    "CompositeRating": -0.7354695678891258,
    "HA": [
        "A",
        "A",
        "A",
        "H",
        "H",
        "A",
        "H",
        "H",
        "A",
        "H",
        "A",
        "A",
        "A",
        "H",
        "H",
        "A",
        "A",
        "A",
        "A",
        "H",
        "H",
        "A",
        "A",
        "H",
        "H"
    ],
    "OAst": 315.0,
    "OAvgCompRat": -3.4654981528547695,
    "OBlk": 90.0,
    "ODR": 533.0,
    "OFGA": 1422.0,
    "OFGA3": 548.0,
    "OFGM": 605.0,
    "OFGM3": 171.0,
    "OFTA": 445.0,
    "OFTM": 323.0,
    "OOR": 277.0,
    "OPF": 408.0,
    "OScore": 1704.0,
    "OStl": 146.0,
    "OTO": 332.0,
    "Oastr": 0.1390851289297068,
    "Ocomprank": 287,
    "Ocorrdastr": 0.1545396291101934,
    "Ocorrdeff": 106.15723223182748,
    "Ocorrdeffrank": 333,
    "Ocorrdefgp": 0.5268358228650765,
    "Ocorrdftr": 0.3147322663891658,
    "Ocorrdorbp": 0.2860785751756153,
    "Ocorrdtovr": 0.15508265632252058,
    "Ocorroastr": 0.1344414892852695,
    "Ocorroeff": 101.04622919106895,
    "Ocorroeffrank": 261,
    "Ocorroefgp": 0.4900419666244268,
    "Ocorroftr": 0.2917515368439385,
    "Ocorroorbp": 0.26344601493878633,
    "Ocorrotovr": 0.15877454378594608,
    "Oeff": 101.86513629842182,
    "Oefgp": 0.48558368495077353,
    "Oftr": 0.3129395218002813,
    "Oneteff": -5.111003040758533,
    "Oneteffrank": 308,
    "Oorbp": 0.3436724565756824,
    "Oposs": 1672.8,
    "Otovr": 0.17027387424351215,
    "SoR": 0.049977510162069194,
    "SoRrank": 143,
    "TAst": 311.0,
    "TBlk": 80.0,
    "TDR": 529.0,
    "TFGA": 1461.0,
    "TFGA3": 398.0,
    "TFGM": 661.0,
    "TFGM3": 124.0,
    "TFTA": 460.0,
    "TFTM": 319.0,
    "TOR": 269.0,
    "TPF": 426.0,
    "TScore": 1765.0,
    "TStl": 175.0,
    "TTO": 266.0,
    "Tastr": 0.13881449741117657,
    "Tcorrdastr": 0.14805890091508817,
    "Tcorrdastrrank": 226,
    "Tcorrdeff": 103.42824744200593,
    "Tcorrdeffrank": 195,
    "Tcorrdefgp": 0.499895264497837,
    "Tcorrdefgprank": 154,
    "Tcorrdftr": 0.34094400303104905,
    "Tcorrdftrrank": 247,
    "Tcorrdorbp": 0.35158406555735594,
    "Tcorrdorbprank": 361,
    "Tcorrdtovr": 0.16955870929764366,
    "Tcorrdtovrrank": 100,
    "Tcorroastr": 0.12847282069545557,
    "Tcorroastrrank": 283,
    "Tcorroeff": 102.74983283701062,
    "Tcorroeffrank": 171,
    "Tcorroefgp": 0.4739548030494088,
    "Tcorroefgprank": 290,
    "Tcorroftr": 0.3188954555445611,
    "Tcorroftrrank": 161,
    "Tcorroorbp": 0.31686897794243474,
    "Tcorroorbprank": 63,
    "Tcorrotovr": 0.1404663151434914,
    "Tcorrotovrrank": 61,
    "Teff": 106.29968682245241,
    "Tefgp": 0.4948665297741273,
    "Tftr": 0.31485284052019163,
    "Tneteff": -0.6784146049953108,
    "Tneteffrank": 183,
    "Torbp": 0.33541147132169574,
    "Tposs": 1660.4,
    "Ttovr": 0.13786669430911164,
    "closses": 5,
    "confplace": 3,
    "cwins": 11,
    "dates": [
        [
            11,
            10
        ],
        [
            11,
            12
        ],
        [
            11,
            16
        ],
        [
            11,
            18
        ],
        [
            11,
            23
        ],
        [
            11,
            26
        ],
        [
            12,
            1
        ],
        [
            12,
            3
        ],
        [
            12,
            7
        ],
        [
            12,
            10
        ],
        [
            12,
            18
        ],
        [
            12,
            29
        ],
        [
            12,
            31
        ],
        [
            1,
            5
        ],
        [
            1,
            7
        ],
        [
            1,
            14
        ],
        [
            1,
            16
        ],
        [
            1,
            19
        ],
        [
            1,
            21
        ],
        [
            1,
            27
        ],
        [
            1,
            29
        ],
        [
            2,
            2
        ],
        [
            2,
            4
        ],
        [
            2,
            10
        ],
        [
            2,
            12
        ]
    ],
    "geff": [
        [
            92.12198221092758,
            106.67903525046381
        ],
        [
            110.13215859030836,
            129.89095574085954
        ],
        [
            85.74807806031934,
            78.99113082039912
        ],
        [
            96.76487579433852,
            86.56716417910448
        ],
        [
            126.64473684210527,
            106.85210312075984
        ],
        [
            114.14790996784565,
            80.1177240026161
        ],
        [
            119.33174224343675,
            94.73060982830077
        ],
        [
            126.58227848101265,
            111.20739456961294
        ],
        [
            68.09338521400778,
            100.2629848783695
        ],
        [
            89.39580764488286,
            98.76179245283018
        ],
        [
            92.3028785982478,
            114.67889908256879
        ],
        [
            110.66084788029926,
            132.3163138231631
        ],
        [
            99.2438563327032,
            79.36507936507937
        ],
        [
            84.29926238145416,
            89.52080042127436
        ],
        [
            125.68976088289394,
            120.08733624454148
        ],
        [
            133.1538001196888,
            81.32530120481927
        ],
        [
            117.95543905635648,
            94.04388714733543
        ],
        [
            90.03215434083602,
            88.23529411764707
        ],
        [
            119.3820224719101,
            103.88559093362115
        ],
        [
            126.6025641025641,
            108.88758092995882
        ],
        [
            114.03508771929823,
            107.0791195716835
        ],
        [
            93.62772498602571,
            115.05143475906877
        ],
        [
            114.57260556127703,
            117.70726714431935
        ],
        [
            90.41878172588832,
            92.5925925925926
        ],
        [
            114.66591166477916,
            108.27318156579678
        ]
    ],
    "losses": 10,
    "nOT": [
        0,
        0,
        1,
        0,
        0,
        0,
        0,
        0,
        0,
        0,
        0,
        0,
        0,
        1,
        0,
        0,
        0,
        0,
        0,
        0,
        0,
        0,
        1,
        0,
        0
    ],
    "pace": 65.53262661949883,