{
    "CompRank": 195,
    "CompositeDef": 105.20921474417014,
    "CompositeOff": 101.8840278713045,
    "CompositePace": 67.973114839929,
    "CompositeRating": -3.3251868728656366,
    "HA": [
        "A",
        "A",
        "A",
        "H",
        "A",
        "H",
        "H",
        "H",
        "A",
        "A",
        "H",
        "H",
        "H",
        "A",
        "A",
        "H",
        "A"
    ],
    "OAst": 230.0,
    "OAvgCompRat": -3.7748476379048577,
    "OBlk": 85.0,
    "ODR": 336.0,
    "OFGA": 879.0,
    "OFGA3": 366.0,
    "OFGM": 392.0,
    "OFGM3": 130.0,
    "OFTA": 346.0,
    "OFTM": 245.0,
    "OOR": 151.0,
    "OPF": 259.0,
    "OScore": 1159.0,
    "OStl": 119.0,
    "OTO": 256.0,
    "Oastr": 0.15159104690095174,
    "Ocomprank": 300,
    "Ocorrdastr": 0.1523549168238101,
    "Ocorrdeff": 107.60168583216824,
    "Ocorrdeffrank": 284,
    "Ocorrdefgp": 0.5167899576797452,
    "Ocorrdftr": 0.34850564035945586,
    "Ocorrdorbp": 0.29373130890268717,
    "Ocorrdtovr": 0.146921344361623,
    "Ocorroastr": 0.1378716897299061,
    "Ocorroeff": 103.06132305901743,
    "Ocorroeffrank": 299,
    "Ocorroefgp": 0.48802450781729856,
    "Ocorroftr": 0.33020439171609484,
    "Ocorroorbp": 0.2851713982191604,
    "Ocorrotovr": 0.14911110746505632,
    "Oeff": 102.00309793705556,
    "Oefgp": 0.5199089874857793,
    "Oftr": 0.39362912400455063,
    "Oneteff": -4.540362773150818,
    "Oneteffrank": 303,
    "Oorbp": 0.3199152542372881,
    "Oposs": 1136.24,
    "Otovr": 0.19887511264410676,
    "SoR": 0.049977510162069194,
    "SoRrank": 143,
    "TAst": 222.0,
    "TBlk": 69.0,
    "TDR": 321.0,
    "TFGA": 981.0,
    "TFGA3": 309.0,
    "TFGM": 430.0,
    "TFGM3": 100.0,
    "TFTA": 303.0,
    "TFTM": 223.0,
    "TOR": 175.0,
    "TPF": 319.0,
    "TScore": 1183.0,
    "TStl": 147.0,
    "TTO": 202.0,
    "Tastr": 0.14431327682146758,
    "Tcorrdastr": 0.1601396760959965,
    "Tcorrdastrrank": 289,
    "Tcorrdeff": 104.45278785839997,
    "Tcorrdeffrank": 145,
    "Tcorrdefgp": 0.5403379694760967,
    "Tcorrdefgprank": 291,
    "Tcorrdftr": 0.3999744760106114,
    "Tcorrdftrrank": 309,
    "Tcorrdorbp": 0.32247823946229004,
    "Tcorrdorbprank": 289,
    "Tcorrdtovr": 0.20068968596677095,
    "Tcorrdtovrrank": 4,
    "Tcorroastr": 0.1379889118292349,
    "Tcorroastrrank": 212,
    "Tcorroeff": 101.68177640468515,
    "Tcorroeffrank": 234,
    "Tcorroefgp": 0.4804531793833744,
    "Tcorroefgprank": 257,
    "Tcorroftr": 0.29829911529325165,
    "Tcorroftrrank": 270,
    "Tcorroorbp": 0.3359992492292601,
    "Tcorroorbprank": 59,
    "Tcorrotovr": 0.15713324167318146,
    "Tcorrotovrrank": 235,
    "Teff": 103.65191182139979,
    "Tefgp": 0.4892966360856269,
    "Tftr": 0.308868501529052,
    "Tneteff": -2.77101145371482,
    "Tneteffrank": 192,
    "Torbp": 0.3424657534246575,
    "Tposs": 1141.32,
    "Ttovr": 0.15345812568372433,
    "closses": 1,
    "confplace": 1,
    "cwins": 8,
    "dates": [
        [
            11,
            4
        ],
        [
            11,
            9
        ],
        [
            11,
            12
        ],
        [
            11,
            16
        ],
        [
            11,
            19
        ],
        [
            11,
            23
        ],
        [
            11,
            26
        ],
        [
            11,
            29
        ],
        [
            12,
            5
        ],
        [
            12,
            7
        ],
        [
            12,
            19
        ],
        [
            12,
            29
        ],
        [
            1,
            4
        ],
        [
            1,
            8
        ],
        [
            1,
            11
        ],
        [
            1,
            15
        ],
        [
            1,
            19
        ]
    ],
    "geff": [
        [
            68.974492451848,
            131.71622326551903
        ],
        [
            94.0623162845385,
            109.31289040318002
        ],
        [
            106.05203619909503,
            97.72462077012835
        ],
        [
            109.36537276648183,
            91.09311740890689
        ],
        [
            71.4720194647202,
            86.10451306413302
        ],
        [
            79.60808328230252,
            106.71688637790334
        ],
        [
            86.74101610904584,
            80.79268292682927
        ],
        [
            104.22960725075528,
            108.16575258988422
        ],
        [
            101.08630054315027,
            126.84649967886962
        ],
        [
            119.8729058347776,
            90.71980963712075
        ],
        [
            137.23150357995226,
            113.15630657815329
        ],
        [
            117.54068716094032,
            98.0392156862745
        ],
        [
            116.40027797081306,
            101.80240320427237
        ],
        [
            111.23470522803115,
            99.82638888888889
        ],
        [
            115.87485515643104,
            105.82010582010584
        ],
        [
            114.87303506650545,
            85.64678086237448
        ],
        [
            111.68910648714811,
            98.10126582278481
        ]
    ],
    "losses": 6,
    "nOT": [
        0,
        0,
        0,
        0,
        0,
        0,
        0,
        0,
        0,
        0,
        0,
        0,
        0,
        0,
        0,
        0,
        0
    ],
    "pace": 67.97705062068682,
    "poss": [
        [
            76.84,
            76.68
        ],
        [
            68.04,
            70.44
        ],
        [
            70.72,
            68.56
        ],
        [
            64.92,
            69.16
        ],
        [
            65.75999999999999,
            67.36
        ],
        [
            65.32,
            63.72
        ],
        [
            64.56,
            65.6
        ],
        [
            66.2,
            65.64
        ],
        [
            66.28,
            62.28
        ],
        [
            69.24,
            67.24000000000001
        ],
        [
            67.04,
            66.28
        ],
        [
            66.36,
            65.28
        ],
        [
            57.56,
            59.92
        ],
        [
            71.92,
            69.12
        ],
        [
            69.04,
            68.03999999999999
        ],
        [
            66.16,
            67.72
        ],
        [
            65.36,
            63.2
        ]
    ],
    "preseason_pace": 67.93435395909904,
    "preseason_pred": -8.782891125802593,
    "preseason_predd": 112.65875885752993,
    "preseason_predo": 103.87586773172734,
    "schedule": [
        "michigan",
        "kansas-state",
        "valparaiso",
        "eastern-michigan",
        "minnesota",
        "kent-state",
        "njit",
        "morehead-state",
        "milwaukee",
        "green-bay",
        "oakland",
        "wright-state",
        "iupui",
        "robert-morris",
        "youngstown-state",
        "northern-kentucky",
        "iupui"
    ],