{
    "CompRank": 152,
    "CompositeDef": 111.23865980433463,
    "CompositeOff": 111.64995144277756,
    "CompositePace": 70.0321590177603,
    "CompositeRating": 0.41129163844292566,
    "HA": [
        "A",
        "A",
        "A",
        "A",
        "N",
        "A",
        "N",
        "A",
        "H",
        "A",
        "A"
    ],
    "OAst": 186.0,
    "OAvgCompRat": 4.011978633982933,
    "OBlk": 31.0,
    "ODR": 239.0,
    "OFGA": 647.0,
    "OFGA3": 264.0,
    "OFGM": 317.0,
    "OFGM3": 100.0,
    "OFTA": 226.0,
    "OFTM": 161.0,
    "OOR": 113.0,
    "OPF": 186.0,
    "OScore": 895.0,
    "OStl": 76.0,
    "OTO": 135.0,
    "Oastr": 0.17424866971445702,
    "Ocomprank": 40,
    "Ocorrdastr": 0.1438149088974858,
    "Ocorrdeff": 100.5312969268935,
    "Ocorrdeffrank": 22,
    "Ocorrdefgp": 0.48989192417432803,
    "Ocorrdftr": 0.33463920546476966,
    "Ocorrdorbp": 0.2873429990390584,
    "Ocorrdtovr": 0.1529710195701293,
    "Ocorroastr": 0.15057221425838987,
    "Ocorroeff": 107.72859270238932,
    "Ocorroeffrank": 74,
    "Ocorroefgp": 0.5067837757096288,
    "Ocorroftr": 0.3309117235096309,
    "Ocorroorbp": 0.2945538557058942,
    "Ocorrotovr": 0.14717842877435106,
    "Oeff": 116.46973088334808,
    "Oefgp": 0.5672333848531684,
    "Oftr": 0.34930448222565685,
    "Oneteff": 7.197295775495817,
    "Oneteffrank": 40,
    "Oorbp": 0.345565749235474,
    "Oposs": 768.44,
    "Otovr": 0.1531584679615175,
    "SoR": 0.0,
    "SoRrank": 182,
    "TAst": 149.0,
    "TBlk": 24.0,
    "TDR": 214.0,
    "TFGA": 647.0,
    "TFGA3": 239.0,
    "TFGM": 292.0,
    "TFGM3": 92.0,
    "TFTA": 224.0,
    "TFTM": 154.0,
    "TOR": 115.0,
    "TPF": 199.0,
    "TScore": 830.0,
    "TStl": 74.0,
    "TTO": 131.0,
    "Tastr": 0.1452864776317329,
    "Tcorrdastr": 0.16847660537715645,
    "Tcorrdastrrank": 323,
    "Tcorrdeff": 113.64813004345656,
    "Tcorrdeffrank": 321,
    "Tcorrdefgp": 0.5669181202906048,
    "Tcorrdefgprank": 341,
    "Tcorrdftr": 0.35333610478869676,
    "Tcorrdftrrank": 227,
    "Tcorrdorbp": 0.33503992066031474,
    "Tcorrdorbprank": 328,
    "Tcorrdtovr": 0.15702697775125007,
    "Tcorrdtovrrank": 138,
    "Tcorroastr": 0.14708193485099963,
    "Tcorroastrrank": 167,
    "Tcorroeff": 113.99854433679444,
    "Tcorroeffrank": 55,
    "Tcorroefgp": 0.5404381744064269,
    "Tcorroefgprank": 90,
    "Tcorroftr": 0.34731210033566534,
    "Tcorroftrrank": 148,
    "Tcorroorbp": 0.32366187434044763,
    "Tcorroorbprank": 87,
    "Tcorrotovr": 0.14737424438355679,
    "Tcorrotovrrank": 157,
    "Teff": 108.98681653448186,
    "Tefgp": 0.5224111282843895,
    "Tftr": 0.3462132921174652,
    "Tneteff": 0.3504142933378773,
    "Tneteffrank": 158,
    "Torbp": 0.3248587570621469,
    "Tposs": 761.56,
    "Ttovr": 0.14944784156247148,
    "closses": 1,
    "confplace": 5,
    "cwins": 0,
    "dates": [
        [
            11,
            4
        ],
        [
            11,
            9
        ],
        [
            11,
            12
        ],
        [
            11,
            17
        ],
        [
            11,
            27
        ],
        [
            11,
            29
        ],
        [
            11,
            30
        ],
        [
            12,
            3
        ],
        [
            12,
            7
        ],
        [
            12,
            21
        ],
        [
            1,
            2
        ]
    ],
    "geff": [
        [
            108.31889081455807,
            132.57575757575756
        ],
        [
            112.51236399604353,
            82.27176220806794
        ],
        [
            91.83114035087718,
            140.8450704225352
        ],
        [
            128.94417475728156,
            100.0
        ],
        [
            95.22370012091899,
            98.98020395920815
        ],
        [
            90.9090909090909,
            107.00992555831264
        ],
        [
            127.01363073110285,
            121.11801242236024
        ],
        [
            93.66754617414249,
            124.74279835390945
        ],
        [
            132.70286760219645,
            106.60660660660662
        ],
        [
            110.16949152542374,
            150.43763676148797
        ],
        [
            111.49497487437185,
            114.39902379499695
        ]
    ],
    "losses": 7,
    "nOT": [
        0,
        0,
        0,
        0,
        0,
        0,
        0,
        0,
        0,
        0,
        0
    ],
    "pace": 70.65575891375018,
    "poss": [
        [
            69.24,
            68.64
        ],
        [
            80.88,
            75.36
        ],
        [
            72.96000000000001,
            73.84
        ],
        [
            65.92,
            72.0
        ],
        [
            66.16,
            66.68
        ],
        [
            66.0,
            64.48
        ],
        [
            64.56,
            64.4
        ],
        [
            75.8,
            77.76
        ],
        [
            65.56,
            66.6
        ],
        [
            70.8,
            73.12
        ],
        [
            63.68000000000001,
            65.56
        ]
    ],
    "preseason_pace": 67.96204688018082,
    "preseason_pred": 0.6133810419466528,
    "preseason_predd": 103.24014405855267,
    "preseason_predo": 103.85352510049933,
    "schedule": [
        "nevada",
        "tarleton-state",
        "baylor",
        "lamar",
        "appalachian-state",
        "north-carolina-wilmington",
        "colgate",
        "indiana",
        "texas-southern",
        "pittsburgh",
        "new-mexico-state"
    ],
    "scores": [
        [
            75,
            91
        ],
        [
            91,
            62
        ],
        [
            67,
            104
        ],
        [
            85,
            72
        ],
        [
            63,
            66
        ],
        [
            60,
            69
        ],
        [
            82,
            78
        ],
        [
            71,
            97
        ],
        [
            87,
            71
        ],
        [
            78,
            110
        ],
        [
            71,
            75
        ]
    ],
    "wins": 4
}