{
    "CompRank": 77,
    "CompositeDef": 97.76595508488332,
    "CompositeOff": 109.40179485095646,
    "CompositePace": 70.85924130704275,
    "CompositeRating": 11.635839766073143,
    "HA": [
        "H",
        "H",
        "H",
        "H",
        "N",
        "N",
        "H",
        "H",
        "H",
        "N",
        "H",
        "A"
    ],
    "OAst": 158.0,
    "OAvgCompRat": 0.3793171292691448,
    "OBlk": 38.0,
    "ODR": 265.0,
    "OFGA": 763.0,
    "OFGA3": 290.0,
    "OFGM": 323.0,
    "OFGM3": 96.0,
    "OFTA": 215.0,
    "OFTM": 155.0,
    "OOR": 129.0,
    "OPF": 228.0,
    "OScore": 897.0,
    "OStl": 85.0,
    "OTO": 166.0,
    "Oastr": 0.13371699390656738,
    "Ocomprank": 137,
    "Ocorrdastr": 0.14067240715882737,
    "Ocorrdeff": 104.9831138613552,
    "Ocorrdeffrank": 183,
    "Ocorrdefgp": 0.5001726299031004,
    "Ocorrdftr": 0.29976155382994696,
    "Ocorrdorbp": 0.28672917151135513,
    "Ocorrdtovr": 0.15544295809179512,
    "Ocorroastr": 0.14900988182336722,
    "Ocorroeff": 106.7823210631402,
    "Ocorroeffrank": 106,
    "Ocorroefgp": 0.5180959341107364,
    "Ocorroftr": 0.3353446132714428,
    "Ocorroorbp": 0.3095831721168864,
    "Ocorrotovr": 0.1458263171928998,
    "Oeff": 100.26827632461435,
    "Oefgp": 0.48623853211009177,
    "Oftr": 0.2817824377457405,
    "Oneteff": 1.799207201784995,
    "Oneteffrank": 130,
    "Oorbp": 0.30861244019138756,
    "Oposs": 894.6,
    "Otovr": 0.1621727237202032,
    "SoR": 70.5590955834285,
    "SoRrank": 34,
    "TAst": 181.0,
    "TBlk": 54.0,
    "TDR": 289.0,
    "TFGA": 730.0,
    "TFGA3": 286.0,
    "TFGM": 322.0,
    "TFGM3": 100.0,
    "TFTA": 298.0,
    "TFTM": 232.0,
    "TOR": 121.0,
    "TPF": 224.0,
    "TScore": 976.0,
    "TStl": 100.0,
    "TTO": 149.0,
    "Tastr": 0.1519578212102895,
    "Tcorrdastr": 0.130679930416247,
    "Tcorrdastrrank": 80,
    "Tcorrdeff": 98.6640989617337,
    "Tcorrdeffrank": 79,
    "Tcorrdefgp": 0.47568924868859963,
    "Tcorrdefgprank": 84,
    "Tcorrdftr": 0.2810416821842992,
    "Tcorrdftrrank": 84,
    "Tcorrdorbp": 0.2842283305482273,
    "Tcorrdorbprank": 180,
    "Tcorrdtovr": 0.1679696564698395,
    "Tcorrdtovrrank": 86,
    "Tcorroastr": 0.1573016384239585,
    "Tcorroastrrank": 108,
    "Tcorroeff": 109.9025450995997,
    "Tcorroeffrank": 102,
    "Tcorroefgp": 0.5166547204895748,
    "Tcorroefgprank": 144,
    "Tcorroftr": 0.45675458716970907,
    "Tcorroftrrank": 11,
    "Tcorroorbp": 0.31252648534374167,
    "Tcorroorbprank": 109,
    "Tcorrotovr": 0.14328875532595475,
    "Tcorrotovrrank": 125,
    "Teff": 109.77145942055066,
    "Tefgp": 0.5095890410958904,
    "Tftr": 0.40821917808219177,
    "Tneteff": 11.238446137866006,
    "Tneteffrank": 84,
    "Torbp": 0.3134715025906736,
    "Tposs": 889.12,
    "Ttovr": 0.14750722686413495,
    "closses": 0,
    "confplace": 1,
    "cwins": 1,
    "dates": [
        [
            11,
            4
        ],
        [
            11,
            8
        ],
        [
            11,
            12
        ],
        [
            11,
            19
        ],
        [
            11,
            22
        ],
        [
            11,
            24
        ],
        [
            11,
            27
        ],
        [
            12,
            1
        ],
        [
            12,
            8
        ],
        [
            12,
            14
        ],
        [
            12,
            21
        ],
        [
            12,
            31
        ]
    ],
    "geff": [
        [
            93.24009324009324,
            93.6157151626765
        ],
        [
            105.33707865168539,
            95.66685424873383
        ],
        [
            125.0,
            114.97064579256359
        ],
        [
            110.19283746556475,
            103.47930413917216
        ],
        [
            90.57971014492753,
            110.19989748846744
        ],
        [
            103.03030303030303,
            106.07240171272868
        ],
        [
            111.94029850746267,
            105.32150776053216
        ],
        [
            108.1239041496201,
            84.62421113023522
        ],
        [
            103.64321608040201,
            77.31958762886597
        ],
        [
            124.71655328798185,
            108.00691244239631
        ],
        [
            122.85714285714286,
            90.51014810751508
        ],
        [
            119.70280682443587,
            105.16979219462746
        ]
    ],
    "losses": 2,
    "nOT": [
        0,
        0,
        0,
        0,
        0,
        3,
        0,
        0,
        0,
        0,
        0,
        0
    ],
    "pace": 71.46280707424981,
    "poss": [
        [
            68.64,
            65.16
        ],
        [
            71.2,
            71.08
        ],
        [
            80.0,
            81.76
        ],
        [
            72.6,
            66.68
        ],
        [
            77.28,
            78.04
        ],
        [
            99.0,
            102.76
        ],
        [
            75.04,
            72.16
        ],
        [
            68.44,
            69.72
        ],
        [
            63.68,
            65.96000000000001
        ],
        [
            70.56,
            69.44
        ],
        [
            70.0,
            72.92
        ],
        [
            72.68,
            78.92
        ]
    ],
    "preseason_pace": 68.47478395511365,
    "preseason_pred": 13.205789902200094,
    "preseason_predd": 94.21773236152376,
    "preseason_predo": 107.42352226372385,
    "schedule": [
        "texas-am",
        "ipfw",
        "florida-atlantic",
        "tennessee-tech",
        "wisconsin",
        "louisiana-state",
        "milwaukee",
        "california-baptist",
        "tarleton-state",
        "tulsa",
        "jacksonville",
        "texas-tech"
    ],
    "scores": [
        [
            64,
            61
        ],
        [
            75,
            68
        ],
        [
            100,
            94
        ],
        [
            80,
            69
        ],
        [
            70,
            86
        ],
        [
            102,
            109
        ],
        [
            84,
            76
        ],
        [
            74,
            59
        ],
        [
            66,
            51
        ],
        [
            88,
            75
        ],
        [
            86,
            66
        ],
        [
            87,
            83
        ]
    ],
    "wins": 10
}