{
    "CompRank": 84,
    "CompositeDef": 94.86635735983215,
    "CompositeOff": 103.44258825329314,
    "CompositePace": 71.40594511281677,
    "CompositeRating": 8.576230893460991,
    "HA": [
        "H",
        "A",
        "H",
        "A",
        "N",
        "H",
        "H"
    ],
    "OAst": 84.0,
    "OAvgCompRat": -0.6340300584227797,
    "OBlk": 25.0,
    "ODR": 170.0,
    "OFGA": 374.0,
    "OFGA3": 154.0,
    "OFGM": 152.0,
    "OFGM3": 55.0,
    "OFTA": 167.0,
    "OFTM": 128.0,
    "OOR": 42.0,
    "OPF": 129.0,
    "OScore": 487.0,
    "OStl": 55.0,
    "OTO": 120.0,
    "Oastr": 0.1289371891692761,
    "Ocomprank": 201,
    "Ocorrdastr": 0.14838470359873004,
    "Ocorrdeff": 103.52295476806242,
    "Ocorrdeffrank": 212,
    "Ocorrdefgp": 0.5024135664420818,
    "Ocorrdftr": 0.2670056519760969,
    "Ocorrdorbp": 0.2988437974929347,
    "Ocorrdtovr": 0.1555121557338786,
    "Ocorroastr": 0.14032060748128952,
    "Ocorroeff": 102.95256154104062,
    "Ocorroeffrank": 184,
    "Ocorroefgp": 0.5263342893457669,
    "Ocorroftr": 0.2754702632748969,
    "Ocorroorbp": 0.25375457456328,
    "Ocorrotovr": 0.16066386456548448,
    "Oeff": 92.67717134810079,
    "Oefgp": 0.4799465240641711,
    "Oftr": 0.446524064171123,
    "Oneteff": -0.5703932270217962,
    "Oneteffrank": 209,
    "Oorbp": 0.19004524886877827,
    "Oposs": 525.48,
    "Otovr": 0.2114611968703743,
    "SoR": 24.39664395946647,
    "SoRrank": 92,
    "TAst": 80.0,
    "TBlk": 37.0,
    "TDR": 179.0,
    "TFGA": 448.0,
    "TFGA3": 155.0,
    "TFGM": 196.0,
    "TFGM3": 48.0,
    "TFTA": 141.0,
    "TFTM": 100.0,
    "TOR": 71.0,
    "TPF": 133.0,
    "TScore": 540.0,
    "TStl": 63.0,
    "TTO": 89.0,
    "Tastr": 0.117813383600377,
    "Tcorrdastr": 0.12759747061263868,
    "Tcorrdastrrank": 108,
    "Tcorrdeff": 92.60799125802401,
    "Tcorrdeffrank": 32,
    "Tcorrdefgp": 0.4549908290845092,
    "Tcorrdefgprank": 59,
    "Tcorrdftr": 0.5505370422415916,
    "Tcorrdftrrank": 356,
    "Tcorrdorbp": 0.20676597022000678,
    "Tcorrdorbprank": 19,
    "Tcorrdtovr": 0.19925074029910486,
    "Tcorrdtovrrank": 13,
    "Tcorroastr": 0.11033354033146306,
    "Tcorroastrrank": 315,
    "Tcorroeff": 101.64280386674095,
    "Tcorroeffrank": 192,
    "Tcorroefgp": 0.4880907250609535,
    "Tcorroefgprank": 216,
    "Tcorroftr": 0.402237814362424,
    "Tcorroftrrank": 65,
    "Tcorroorbp": 0.2732512758530033,
    "Tcorroorbprank": 192,
    "Tcorrotovr": 0.1445736842256477,
    "Tcorrotovrrank": 149,
    "Teff": 102.2649799257632,
    "Tefgp": 0.49107142857142855,
    "Tftr": 0.31473214285714285,
    "Tneteff": 9.034812608716933,
    "Tneteffrank": 96,
    "Torbp": 0.2946058091286307,
    "Tposs": 528.04,
    "Ttovr": 0.148571047008547,
    "closses": 0,
    "confplace": 1,
    "cwins": 0,
    "dates": [
        [
            11,
            6
        ],
        [
            11,
            10
        ],
        [
            11,
            16
        ],
        [
            11,
            19
        ],
        [
            11,
            20
        ],
        [
            11,
            26
        ],
        [
            12,
            2
        ]
    ],
    "geff": [
        [
            110.21784232365144,
            78.40161861406172
        ],
        [
            85.87786259541984,
            111.1111111111111
        ],
        [
            107.59115361625821,
            65.43723973825104
        ],
        [
            119.32144910868315,
            113.05822498586771
        ],
        [
            97.93541556379036,
            92.15991692627206
        ],
        [
            103.37871911245588,
            111.02403343782653
        ],
        [
            95.08716323296355,
            75.3968253968254
        ]
    ],
    "losses": 2,
    "nOT": [
        0,
        0,
        0,
        0,
        1,
        0,
        0
    ],
    "pace": 74.9468486804707,
    "poss": [
        [
            77.12,
            79.08
        ],
        [
            83.84,
            79.2
        ],
        [
            66.92,
            67.24000000000001
        ],
        [
            69.56,
            70.76
        ],
        [
            75.56,
            77.04
        ],
        [
            79.32,
            76.56
        ],
        [
            75.72,
            75.6
        ]
    ],
    "preseason_pace": 66.64588270362492,
    "preseason_pred": 7.959756159646421,
    "preseason_predd": 97.90229532934104,
    "preseason_predo": 105.86205148898748,
    "schedule": [
        "florida-international",
        "miami-fl",
        "cal-state-fullerton",
        "south-dakota-state",
        "charlotte",
        "stetson",
        "lipscomb"
    ],
    "scores": [
        [
            85,
            62
        ],
        [
            72,
            88
        ],
        [
            72,
            44
        ],
        [
            83,
            80
        ],
        [
            74,
            71
        ],
        [
            82,
            85
        ],
        [
            72,
            57
        ]
    ],
    "wins": 5
}