{
    "CompRank": 344,
    "CompositeDef": 109.30679169500823,
    "CompositeOff": 90.94605703896363,
    "CompositePace": 69.89562863709892,
    "CompositeRating": -18.360734656044592,
    "HA": [
        "A",
        "A",
        "A",
        "H",
        "A",
        "A",
        "A",
        "H",
        "A",
        "A",
        "H",
        "H",
        "A",
        "H",
        "H"
    ],
    "OAst": 255.0,
    "OAvgCompRat": 2.260512719191389,
    "OBlk": 60.0,
    "ODR": 354.0,
    "OFGA": 847.0,
    "OFGA3": 322.0,
    "OFGM": 423.0,
    "OFGM3": 122.0,
    "OFTA": 310.0,
    "OFTM": 218.0,
    "OOR": 138.0,
    "OPF": 269.0,
    "OScore": 1186.0,
    "OStl": 160.0,
    "OTO": 198.0,
    "Oastr": 0.17752715121136173,
    "Ocomprank": 82,
    "Ocorrdastr": 0.1470499305932918,
    "Ocorrdeff": 104.60910901724262,
    "Ocorrdeffrank": 154,
    "Ocorrdefgp": 0.513159560296733,
    "Ocorrdftr": 0.3508370334939074,
    "Ocorrdorbp": 0.29422161069219543,
    "Ocorrdtovr": 0.16433832213675867,
    "Ocorroastr": 0.1471264506311108,
    "Ocorroeff": 109.79529965064994,
    "Ocorroeffrank": 28,
    "Ocorroefgp": 0.5146058070664785,
    "Ocorroftr": 0.33841730939731,
    "Ocorroorbp": 0.2894968154770916,
    "Ocorrotovr": 0.1357301119629973,
    "Oeff": 113.66685834770941,
    "Oefgp": 0.5714285714285714,
    "Oftr": 0.3659976387249115,
    "Oneteff": 5.186190633407321,
    "Oneteffrank": 64,
    "Oorbp": 0.32547169811320753,
    "Oposs": 1043.4,
    "Otovr": 0.16759776536312848,
    "SoR": 0.0,
    "SoRrank": 171,
    "TAst": 186.0,
    "TBlk": 49.0,
    "TDR": 286.0,
    "TFGA": 822.0,
    "TFGA3": 405.0,
    "TFGM": 338.0,
    "TFGM3": 119.0,
    "TFTA": 241.0,
    "TFTM": 155.0,
    "TOR": 126.0,
    "TPF": 269.0,
    "TScore": 950.0,
    "TStl": 121.0,
    "TTO": 251.0,
    "Tastr": 0.13625974330422552,
    "Tcorrdastr": 0.1757481724246696,
    "Tcorrdastrrank": 345,
    "Tcorrdeff": 108.93905844336253,
    "Tcorrdeffrank": 238,
    "Tcorrdefgp": 0.562293380555775,
    "Tcorrdefgprank": 336,
    "Tcorrdftr": 0.36203647762239394,
    "Tcorrdftrrank": 248,
    "Tcorrdorbp": 0.3219714453483108,
    "Tcorrdorbprank": 300,
    "Tcorrdtovr": 0.18632431684809306,
    "Tcorrdtovrrank": 31,
    "Tcorroastr": 0.1349739302349068,
    "Tcorroastrrank": 237,
    "Tcorroeff": 90.76947040613844,
    "Tcorroeffrank": 352,
    "Tcorroefgp": 0.4774303331687518,
    "Tcorroefgprank": 264,
    "Tcorroftr": 0.28054301679123717,
    "Tcorroftrrank": 297,
    "Tcorroorbp": 0.2561498482635963,
    "Tcorroorbprank": 262,
    "Tcorrotovr": 0.1954131064032757,
    "Tcorrotovrrank": 360,
    "Teff": 90.21499658132645,
    "Tefgp": 0.4835766423357664,
    "Tftr": 0.29318734793187345,
    "Tneteff": -18.169588037224088,
    "Tneteffrank": 336,
    "Torbp": 0.2625,
    "Tposs": 1053.04,
    "Ttovr": 0.21288505903107613,
    "closses": 4,
    "confplace": 10,
    "cwins": 0,
    "dates": [
        [
            11,
            4
        ],
        [
            11,
            6
        ],
        [
            11,
            8
        ],
        [
            11,
            13
        ],
        [
            11,
            19
        ],
        [
            11,
            21
        ],
        [
            11,
            25
        ],
        [
            11,
            30
        ],
        [
            12,
            5
        ],
        [
            12,
            7
        ],
        [
            12,
            15
        ],
        [
            12,
            18
        ],
        [
            12,
            21
        ],
        [
            1,
            4
        ],
        [
            1,
            6
        ]
    ],
    "geff": [
        [
            85.19837232960326,
            112.94416243654823
        ],
        [
            96.51162790697674,
            109.85031385803958
        ],
        [
            78.75143184421535,
            128.77442273534635
        ],
        [
            98.70276367738296,
            91.05516871987145
        ],
        [
            61.596143545795385,
            109.2233009708738
        ],
        [
            82.9875518672199,
            118.84550084889642
        ],
        [
            106.0704960835509,
            108.5547634478289
        ],
        [
            87.7463054187192,
            121.0691823899371
        ],
        [
            111.77136389360497,
            120.01156737998843
        ],
        [
            83.07210031347962,
            104.43444730077121
        ],
        [
            106.1320754716981,
            123.17518248175182
        ],
        [
            96.75583380762663,
            94.1540191118606
        ],
        [
            86.30289532293986,
            124.78729438457174
        ],
        [
            81.72796263864565,
            110.61946902654867
        ],
        [
            92.03379601689801,
            132.3341836734694
        ]
    ],
    "losses": 13,
    "nOT": [
        0,
        0,
        0,
        0,
        0,
        0,
        0,
        0,
        0,
        0,
        0,
        0,
        0,
        0,
        0
    ],
    "pace": 70.27268645435475,
    "poss": [
        [
            78.64,
            78.8
        ],
        [
            86.0,
            82.84
        ],
        [
            69.84,
            67.56
        ],
        [
            70.92,
            74.68
        ],
        [
            74.68,
            74.16
        ],
        [
            67.48,
            70.68
        ],
        [
            61.28,
            61.72
        ],
        [
            64.96000000000001,
            63.6
        ],
        [
            70.68,
            69.16
        ],
        [
            63.8,
            62.24
        ],
        [
            67.84,
            65.76
        ],
        [
            70.28,
            71.16
        ],
        [
            71.84,
            70.52000000000001
        ],
        [
            68.52,
            67.8
        ],
        [
            66.28,
            62.72
        ]
    ],
    "preseason_pace": 67.53430405653435,
    "preseason_pred": -19.557790356407995,
    "preseason_predd": 111.60972118343942,
    "preseason_predo": 92.05193082703143,
    "schedule": [
        "iowa",
        "south-dakota",
        "texas-am",
        "southern",
        "connecticut",
        "oklahoma",
        "stonehill",
        "ipfw",
        "houston-baptist",
        "incarnate-word",
        "south-alabama",
        "abilene-christian",
        "south-florida",
        "mcneese-state",
        "nicholls-state"
    ],
    "scores": [
        [
            67,
            89
        ],
        [
            83,
            91
        ],
        [
            55,
            87
        ],
        [
            70,
            68
        ],
        [
            46,
            81
        ],
        [
            56,
            84
        ],
        [
            65,
            67
        ],
        [
            57,
            77
        ],
        [
            79,
            83
        ],
        [
            53,
            65
        ],
        [
            72,
            81
        ],
        [
            68,
            67
        ],
        [
            62,
            88
        ],
        [
            56,
            75
        ],
        [
            61,
            83
        ]
    ],
    "wins": 2
}