{
    "CompRank": 90,
    "CompositeDef": 105.26355869132519,
    "CompositeOff": 114.7521457555689,
    "CompositePace": 72.41021963819749,
    "CompositeRating": 9.488587064243712,
    "HA": [
        "H",
        "H",
        "H",
        "H",
        "H",
        "N",
        "A",
        "H",
        "H",
        "H",
        "A",
        "H",
        "H",
        "H",
        "A",
        "A",
        "H",
        "A",
        "H",
        "H",
        "A",
        "H",
        "A"
    ],
    "OAst": 364.0,
    "OAvgCompRat": 5.987141341974298,
    "OBlk": 85.0,
    "ODR": 558.0,
    "OFGA": 1431.0,
    "OFGA3": 541.0,
    "OFGM": 649.0,
    "OFGM3": 178.0,
    "OFTA": 517.0,
    "OFTM": 372.0,
    "OOR": 268.0,
    "OPF": 326.0,
    "OScore": 1848.0,
    "OStl": 168.0,
    "OTO": 284.0,
    "Oastr": 0.15781623946446532,
    "Ocomprank": 41,
    "Ocorrdastr": 0.14475570436816518,
    "Ocorrdeff": 105.74902224261177,
    "Ocorrdeffrank": 62,
    "Ocorrdefgp": 0.49757259870804055,
    "Ocorrdftr": 0.3152643097226529,
    "Ocorrdorbp": 0.28310280673147514,
    "Ocorrdtovr": 0.1542771116454659,
    "Ocorroastr": 0.1600323997534283,
    "Ocorroeff": 114.01172487837675,
    "Ocorroeffrank": 41,
    "Ocorroefgp": 0.5428640951216829,
    "Ocorroftr": 0.37760993190882525,
    "Ocorroorbp": 0.31155268988445295,
    "Ocorrotovr": 0.13622608852587154,
    "Oeff": 110.3626200372653,
    "Oefgp": 0.5157232704402516,
    "Oftr": 0.3612858141160028,
    "Oneteff": 8.262702635764981,
    "Oneteffrank": 50,
    "Oorbp": 0.3325062034739454,
    "Oposs": 1674.48,
    "Otovr": 0.14620485153000287,
    "SoR": 0.0,
    "SoRrank": 102,
    "TAst": 420.0,
    "TBlk": 87.0,
    "TDR": 538.0,
    "TFGA": 1481.0,
    "TFGA3": 631.0,
    "TFGM": 686.0,
    "TFGM3": 234.0,
    "TFTA": 382.0,
    "TFTM": 273.0,
    "TOR": 248.0,
    "TPF": 310.0,
    "TScore": 1879.0,
    "TStl": 158.0,
    "TTO": 285.0,
    "Tastr": 0.17841364779446747,
    "Tcorrdastr": 0.14579095097052802,
    "Tcorrdastrrank": 172,
    "Tcorrdeff": 105.44097094283495,
    "Tcorrdeffrank": 112,
    "Tcorrdefgp": 0.4880388703590194,
    "Tcorrdefgprank": 87,
    "Tcorrdftr": 0.3404041473747233,
    "Tcorrdftrrank": 163,
    "Tcorrdorbp": 0.32440216419242407,
    "Tcorrdorbprank": 263,
    "Tcorrdtovr": 0.15879073070846078,
    "Tcorrdtovrrank": 103,
    "Tcorroastr": 0.1823730226181116,
    "Tcorroastrrank": 28,
    "Tcorroeff": 114.84711410773622,
    "Tcorroeffrank": 86,
    "Tcorroefgp": 0.5602426123840869,
    "Tcorroefgprank": 55,
    "Tcorroftr": 0.2918250515425277,
    "Tcorroftrrank": 322,
    "Tcorroorbp": 0.3312902142223047,
    "Tcorroorbprank": 97,
    "Tcorrotovr": 0.14120756786956126,
    "Tcorrotovrrank": 135,
    "Teff": 111.44192446384514,
    "Tefgp": 0.5422012153950033,
    "Tftr": 0.2579338284942606,
    "Tneteff": 9.406143164901266,
    "Tneteffrank": 92,
    "Torbp": 0.3076923076923077,
    "Tposs": 1686.08,
    "Ttovr": 0.14735688285903376,
    "closses": 9,
    "confplace": 15,
    "cwins": 1,
    "dates": [
        [
            11,
            4
        ],
        [
            11,
            8
        ],
        [
            11,
            13
        ],
        [
            11,
            17
        ],
        [
            11,
            20
        ],
        [
            11,
            21
        ],
        [
            11,
            25
        ],
        [
            12,
            1
        ],
        [
            12,
            6
        ],
        [
            12,
            8
        ],
        [
            12,
            13
        ],
        [
            12,
            20
        ],
        [
            12,
            28
        ],
        [
            1,
            3
        ],
        [
            1,
            7
        ],
        [
            1,
            10
        ],
        [
            1,
            14
        ],
        [
            1,
            17
        ],
        [
            1,
            20
        ],
        [
            1,
            24
        ],
        [
            1,
            27
        ],
        [
            2,
            1
        ],
        [
            2,
            7
        ]
    ],
    "geff": [
        [
            110.97852028639619,
            79.20792079207921
        ],
        [
            141.7824074074074,
            103.67990654205607
        ],
        [
            120.37937743190662,
            124.41679626749612
        ],
        [
            111.6427432216906,
            112.52711496746203
        ],
        [
            132.71939328277355,
            102.50266240681576
        ],
        [
            108.03253685815963,
            116.53116531165313
        ],
        [
            92.49329758713138,
            113.51636747624076
        ],
        [
            103.643216080402,
            129.41919191919192
        ],
        [
            90.05376344086021,
            99.13573970513471
        ],
        [
            143.9232409381663,
            64.43976854287217
        ],
        [
            124.62462462462463,
            115.85365853658537
        ],
        [
            143.1658562938952,
            100.26385224274406
        ],
        [
            119.65376782077392,
            109.03027193432528
        ],
        [
            95.59979046621268,
            106.57421674370828
        ],
        [
            91.17082533589252,
            127.58969176351694
        ],
        [
            110.17838405036727,
            115.87639850825786
        ],
        [
            96.56084656084657,
            114.01557285873191
        ],
        [
            116.57303370786516,
            120.75905692926969
        ],
        [
            116.71469740634005,
            114.03508771929823
        ],
        [
            99.74259974259975,
            129.20673076923077
        ],
        [
            88.87425938117183,
            95.22272433828276
        ],
        [
            86.3533408833522,
            134.180790960452
        ],
        [
            116.27906976744187,
            118.57707509881422
        ]
    ],
    "losses": 13,
    "nOT": [
        0,
        0,
        0,
        0,
        0,
        0,
        0,
        0,
        0,
        0,
        0,
        0,
        0,
        0,
        0,
        0,
        0,
        0,
        0,
        0,
        0,
        0,
        0
    ],
    "pace": 72.50964135984277,
    "poss": [
        [
            83.8,
            80.8
        ],
        [
            69.12,
            68.48
        ],
        [
            82.24,
            77.16
        ],
        [
            75.24,
            73.76
        ],
        [
            73.84,
            75.12
        ],
        [
            78.68,
            73.8
        ],
        [
            74.6,
            75.76
        ],
        [
            63.68000000000001,
            63.36
        ],
        [
            74.4,
            78.68
        ],
        [
            75.04,
            76.04
        ],
        [
            66.6,
            65.6
        ],
        [
            74.04,
            75.8
        ],
        [
            78.56,
            77.96000000000001
        ],
        [
            76.36,
            77.88
        ],
        [
            83.36,
            79.16
        ],
        [
            76.24,
            75.08
        ],
        [
            75.6,
            71.92
        ],
        [
            71.2,
            69.56
        ],
        [
            69.4,
            68.4
        ],
        [
            62.16,
            66.56
        ],
        [
            60.76,
            61.96
        ],
        [
            70.64,
            70.8
        ],
        [
            70.52,
            70.84
        ]
    ],
    "preseason_pace": 67.82480698448175,
    "preseason_pred": 13.290968405166707,
    "preseason_predd": 97.08115780815174,
    "preseason_predo": 110.37212621331845,