{
    "CompRank": 190,
    "CompositeDef": 97.52750197774304,
    "CompositeOff": 95.7065661494712,
    "CompositePace": 67.89274572527759,
    "CompositeRating": -1.8209358282718333,
    "HA": [
        "H",
        "H",
        "H",
        "N",
        "N",
        "N",
        "H",
        "A",
        "A",
        "H",
        "N",
        "H",
        "H",
        "A",
        "H",
        "H"
    ],
    "OAst": 195.0,
    "OAvgCompRat": 1.064231857076484,
    "OBlk": 53.0,
    "ODR": 397.0,
    "OFGA": 904.0,
    "OFGA3": 346.0,
    "OFGM": 391.0,
    "OFGM3": 126.0,
    "OFTA": 242.0,
    "OFTM": 169.0,
    "OOR": 131.0,
    "OPF": 271.0,
    "OScore": 1077.0,
    "OStl": 104.0,
    "OTO": 208.0,
    "Oastr": 0.13795738178113592,
    "Ocomprank": 129,
    "Ocorrdastr": 0.13914124820236878,
    "Ocorrdeff": 101.8634692370535,
    "Ocorrdeffrank": 237,
    "Ocorrdefgp": 0.49427116878840205,
    "Ocorrdftr": 0.27245582698847187,
    "Ocorrdorbp": 0.2703206963435798,
    "Ocorrdtovr": 0.1570533460037193,
    "Ocorroastr": 0.14308793401843956,
    "Ocorroeff": 102.84085769059615,
    "Ocorroeffrank": 87,
    "Ocorroefgp": 0.5124510993237188,
    "Ocorroftr": 0.31611366826388676,
    "Ocorroorbp": 0.26933245563796226,
    "Ocorrotovr": 0.15375510410006313,
    "Oeff": 99.03630411593777,
    "Oefgp": 0.5022123893805309,
    "Oftr": 0.2676991150442478,
    "Oneteff": 0.9773884535426589,
    "Oneteffrank": 157,
    "Oorbp": 0.26305220883534136,
    "Oposs": 1087.48,
    "Otovr": 0.1707044842754908,
    "SoR": 0.3489009761768358,
    "SoRrank": 167,
    "TAst": 169.0,
    "TBlk": 61.0,
    "TDR": 367.0,
    "TFGA": 929.0,
    "TFGA3": 270.0,
    "TFGM": 389.0,
    "TFGM3": 73.0,
    "TFTA": 272.0,
    "TFTM": 184.0,
    "TOR": 151.0,
    "TPF": 249.0,
    "TScore": 1035.0,
    "TStl": 110.0,
    "TTO": 187.0,
    "Tastr": 0.12031209955292307,
    "Tcorrdastr": 0.1349413015191791,
    "Tcorrdastrrank": 149,
    "Tcorrdeff": 97.31560637410746,
    "Tcorrdeffrank": 106,
    "Tcorrdefgp": 0.4903709043437504,
    "Tcorrdefgprank": 143,
    "Tcorrdftr": 0.26683982737064854,
    "Tcorrdftrrank": 78,
    "Tcorrdorbp": 0.2627250617514037,
    "Tcorrdorbprank": 164,
    "Tcorrdtovr": 0.18047243016487502,
    "Tcorrdtovrrank": 65,
    "Tcorroastr": 0.12092899508599994,
    "Tcorroastrrank": 302,
    "Tcorroeff": 94.67119574596597,
    "Tcorroeffrank": 293,
    "Tcorroefgp": 0.46371812572573695,
    "Tcorroefgprank": 300,
    "Tcorroftr": 0.3397351002302487,
    "Tcorroftrrank": 109,
    "Tcorroorbp": 0.27526222405303313,
    "Tcorroorbprank": 166,
    "Tcorrotovr": 0.15652210836196342,
    "Tcorrotovrrank": 144,
    "Teff": 95.41984732824427,
    "Tefgp": 0.4580193756727664,
    "Tftr": 0.29278794402583425,
    "Tneteff": -2.644410628141486,
    "Tneteffrank": 208,
    "Torbp": 0.2755474452554745,
    "Tposs": 1084.68,
    "Ttovr": 0.15133367862229702,
    "closses": 3,
    "confplace": 11,
    "cwins": 2,
    "dates": [
        [
            11,
            7
        ],
        [
            11,
            11
        ],
        [
            11,
            14
        ],
        [
            11,
            18
        ],
        [
            11,
            20
        ],
        [
            11,
            21
        ],
        [
            11,
            27
        ],
        [
            11,
            30
        ],
        [
            12,
            3
        ],
        [
            12,
            6
        ],
        [
            12,
            10
        ],
        [
            12,
            13
        ],
        [
            12,
            21
        ],
        [
            12,
            31
        ],
        [
            1,
            3
        ],
        [
            1,
            7
        ]
    ],
    "geff": [
        [
            94.36215957955089,
            92.95026557218735
        ],
        [
            100.92272202998846,
            93.74999999999999
        ],
        [
            99.44064636420137,
            99.13793103448276
        ],
        [
            101.54462242562929,
            80.59873344847438
        ],
        [
            82.51833740831296,
            116.66666666666667
        ],
        [
            98.99328859060402,
            80.64516129032258
        ],
        [
            80.15728977616455,
            67.60485651214128
        ],
        [
            108.76623376623377,
            139.86013986013987
        ],
        [
            93.71029224904703,
            121.51652624756967
        ],
        [
            100.96700796359501,
            106.87463893703062
        ],
        [
            82.40141259564449,
            124.59546925566343
        ],
        [
            87.06467661691542,
            75.51240560949299
        ],
        [
            99.60159362549801,
            90.32795997776543
        ],
        [
            91.24087591240877,
            113.50574712643679
        ],
        [
            108.76320696084525,
            99.36908517350157
        ],
        [
            98.34050399508298,
            95.08484493856056
        ]
    ],
    "losses": 8,
    "nOT": [
        0,
        0,
        0,
        0,
        0,
        0,
        0,
        0,
        0,
        1,
        0,
        0,
        1,
        0,
        0,
        0
    ],
    "pace": 67.9313169928454,
    "poss": [
        [
            83.72,
            82.84
        ],
        [
            69.36,
            70.4
        ],
        [
            64.36,
            69.6
        ],
        [
            69.92,
            69.48
        ],
        [
            65.44,
            60.0
        ],
        [
            59.6,
            59.52
        ],
        [
            66.12,
            72.48
        ],
        [
            61.6,
            62.92
        ],
        [
            62.959999999999994,
            61.72
        ],
        [
            70.32,
            69.24
        ],
        [
            67.96000000000001,
            61.8
        ],
        [
            72.36,
            74.16
        ],
        [
            70.28,
            71.96
        ],
        [
            71.24,
            69.6
        ],
        [
            64.36,
            63.400000000000006
        ],
        [
            65.08,
            68.36
        ]
    ],
    "preseason_pace": 67.5894937443544,
    "preseason_pred": 4.653322863430634,
    "preseason_predd": 99.19345089784153,
    "preseason_predo": 103.84677376127216,
    "schedule": [
        "cornell",
        "detroit-mercy",
        "maine",
        "george-mason",
        "tarleton-state",
        "wyoming",
        "rhode-island",
        "nebraska",
        "duke",
        "new-hampshire",
        "villanova",
        "stonehill",
        "virginia-tech",
        "syracuse",
        "notre-dame",
        "duke"
    ],
    "scores": [
        [
            79,
            77
        ],
        [
            70,
            66
        ],
        [
            64,
            69
        ],
        [
            71,
            56
        ],
        [
            54,
            70
        ],
        [
            59,
            48
        ],
        [
            53,
            49
        ],
        [
            67,
            88
        ],
        [
            59,
            75
        ],
        [
            71,
            74
        ],
        [
            56,
            77
        ],
        [
            63,
            56
        ],
        [
            70,
            65
        ],
        [
            65,
            79
        ],
        [
            70,
            63
        ],
        [
            64,
            65
        ]
    ],
    "wins": 8
}