{
    "CompRank": 134,
    "CompositeDef": 99.53773107904581,
    "CompositeOff": 101.82259893952121,
    "CompositePace": 66.89098583849008,
    "CompositeRating": 2.2848678604754102,
    "HA": [
        "H"
    ],
    "OAst": 9.0,
    "OAvgCompRat": -16.572434132983815,
    "OBlk": 2.0,
    "ODR": 21.0,
    "OFGA": 68.0,
    "OFGA3": 27.0,
    "OFGM": 26.0,
    "OFGM3": 10.0,
    "OFTA": 13.0,
    "OFTM": 8.0,
    "OOR": 11.0,
    "OPF": 16.0,
    "OScore": 70.0,
    "OStl": 8.0,
    "OTO": 14.0,
    "Oastr": 0.09305210918114144,
    "Ocomprank": 199,
    "Ocorrdastr": 0.14041523093979355,
    "Ocorrdeff": 109.73717920953183,
    "Ocorrdeffrank": 202,
    "Ocorrdefgp": 0.5317492132884268,
    "Ocorrdftr": 0.26735337081670596,
    "Ocorrdorbp": 0.29625071907570144,
    "Ocorrdtovr": 0.15092047632908565,
    "Ocorroastr": 0.11057673448146775,
    "Ocorroeff": 93.75426584648719,
    "Ocorroeffrank": 172,
    "Ocorroefgp": 0.4717128106268359,
    "Ocorroftr": 0.2463725004894954,
    "Ocorroorbp": 0.2727667920008291,
    "Ocorrotovr": 0.155781751053919,
    "Oeff": 91.24087591240875,
    "Oefgp": 0.45588235294117646,
    "Oftr": 0.19117647058823528,
    "Oneteff": -15.982913363044645,
    "Oneteffrank": 193,
    "Oorbp": 0.275,
    "Oposs": 76.72,
    "Otovr": 0.15959872321021432,
    "SoR": 12.276098765926935,
    "SoRrank": 73,
    "TAst": 15.0,
    "TBlk": 7.0,
    "TDR": 29.0,
    "TFGA": 67.0,
    "TFGA3": 27.0,
    "TFGM": 33.0,
    "TFGM3": 11.0,
    "TFTA": 15.0,
    "TFTM": 12.0,
    "TOR": 10.0,
    "TPF": 17.0,
    "TScore": 89.0,
    "TStl": 6.0,
    "TTO": 13.0,
    "Tastr": 0.14763779527559057,
    "Tcorrdastr": 0.11013999502498394,
    "Tcorrdastrrank": 44,
    "Tcorrdeff": 96.90330515978962,
    "Tcorrdeffrank": 91,
    "Tcorrdefgp": 0.4713222498756871,
    "Tcorrdefgprank": 95,
    "Tcorrdftr": 0.24492069663350016,
    "Tcorrdftrrank": 39,
    "Tcorrdorbp": 0.272711379224967,
    "Tcorrdorbprank": 132,
    "Tcorrdtovr": 0.15582060076194618,
    "Tcorrdtovrrank": 219,
    "Tcorroastr": 0.1405235700661439,
    "Tcorroastrrank": 98,
    "Tcorroeff": 106.88892723056199,
    "Tcorroeffrank": 59,
    "Tcorroefgp": 0.5325703777588047,
    "Tcorroefgprank": 54,
    "Tcorroftr": 0.26620823452614034,
    "Tcorroftrrank": 195,
    "Tcorroorbp": 0.29667513999299727,
    "Tcorroorbprank": 82,
    "Tcorrotovr": 0.1508634117042229,
    "Tcorrotovrrank": 228,
    "Teff": 116.18798955613578,
    "Tefgp": 0.5746268656716418,
    "Tftr": 0.22388059701492538,
    "Tneteff": 9.985622070772365,
    "Tneteffrank": 66,
    "Torbp": 0.3225806451612903,
    "Tposs": 76.6,
    "Ttovr": 0.15011547344110857,
    "closses": 0,
    "confplace": 1,
    "cwins": 0,
    "dates": [
        [
            11,
            6
        ]
    ],
    "geff": [
        [
            116.18798955613578,
            91.24087591240875
        ]
    ],
    "losses": 0,
    "nOT": [
        0
    ],
    "pace": 53.789060773480664,
    "poss": [
        [
            76.6,
            76.72
        ]
    ],
    "preseason_pace": 67.25043508581544,
    "preseason_pred": 2.073598883512531,
    "preseason_predd": 99.610006138559,
    "preseason_predo": 101.68360502207153,
    "schedule": [
        "fairfield"
    ],
    "scores": [
        [
            89,
            70
        ]
    ],
    "wins": 1
}