{
    "CompRank": 340,
    "CompositeDef": 109.83057396093317,
    "CompositeOff": 92.69195568798898,
    "CompositePace": 67.85593055397136,
    "CompositeRating": -17.13861827294419,
    "HA": [
        "H",
        "A",
        "A",
        "N",
        "N",
        "A",
        "A",
        "A",
        "H",
        "A",
        "A",
        "A",
        "H",
        "H",
        "H",
        "A",
        "A",
        "H",
        "H",
        "A",
        "A"
    ],
    "OAst": 301.0,
    "OAvgCompRat": -7.057120490012391,
    "OBlk": 67.0,
    "ODR": 503.0,
    "OFGA": 1203.0,
    "OFGA3": 421.0,
    "OFGM": 568.0,
    "OFGM3": 149.0,
    "OFTA": 392.0,
    "OFTM": 277.0,
    "OOR": 196.0,
    "OPF": 355.0,
    "OScore": 1562.0,
    "OStl": 145.0,
    "OTO": 297.0,
    "Oastr": 0.15252244765591746,
    "Ocomprank": 355,
    "Ocorrdastr": 0.15842955092630492,
    "Ocorrdeff": 107.07369140176678,
    "Ocorrdeffrank": 359,
    "Ocorrdefgp": 0.5396135066424012,
    "Ocorrdftr": 0.37109650912502506,
    "Ocorrdorbp": 0.2936773157257253,
    "Ocorrdtovr": 0.1675435563704117,
    "Ocorroastr": 0.13391941106055613,
    "Ocorroeff": 98.71537761265753,
    "Ocorroeffrank": 341,
    "Ocorroefgp": 0.48451041109650417,
    "Ocorroftr": 0.30724953541369165,
    "Ocorroorbp": 0.2546725594519903,
    "Ocorrotovr": 0.16580946735208504,
    "Oeff": 105.79215431296055,
    "Oefgp": 0.5340814630091438,
    "Oftr": 0.3258520365752286,
    "Oneteff": -8.358313789109246,
    "Oneteffrank": 355,
    "Oorbp": 0.31309904153354634,
    "Oposs": 1476.48,
    "Otovr": 0.17758059887113747,
    "SoR": 0.0,
    "SoRrank": 158,
    "TAst": 242.0,
    "TBlk": 59.0,
    "TDR": 430.0,
    "TFGA": 1175.0,
    "TFGA3": 378.0,
    "TFGM": 501.0,
    "TFGM3": 125.0,
    "TFTA": 389.0,
    "TFTM": 290.0,
    "TOR": 161.0,
    "TPF": 365.0,
    "TScore": 1417.0,
    "TStl": 171.0,
    "TTO": 278.0,
    "Tastr": 0.1296780554721996,
    "Tcorrdastr": 0.16302440044772812,
    "Tcorrdastrrank": 315,
    "Tcorrdeff": 109.7058880020089,
    "Tcorrdeffrank": 310,
    "Tcorrdefgp": 0.5556120198847706,
    "Tcorrdefgprank": 339,
    "Tcorrdftr": 0.3365670309720397,
    "Tcorrdftrrank": 237,
    "Tcorrdorbp": 0.33027744344401694,
    "Tcorrdorbprank": 343,
    "Tcorrdtovr": 0.1694316322511943,
    "Tcorrdtovrrank": 98,
    "Tcorroastr": 0.11707973325816876,
    "Tcorroastrrank": 340,
    "Tcorroeff": 92.60251608719638,
    "Tcorroeffrank": 339,
    "Tcorroefgp": 0.4480332887202813,
    "Tcorroefgprank": 344,
    "Tcorroftr": 0.2839963622028282,
    "Tcorroftrrank": 278,
    "Tcorroorbp": 0.22245875032618107,
    "Tcorroorbprank": 306,
    "Tcorrotovr": 0.16152395558388008,
    "Tcorrotovrrank": 223,
    "Teff": 96.84518439541813,
    "Tefgp": 0.4795744680851064,
    "Tftr": 0.33106382978723403,
    "Tneteff": -17.103371914812527,
    "Tneteffrank": 338,
    "Torbp": 0.24246987951807228,
    "Tposs": 1463.16,
    "Ttovr": 0.17116540242340655,
    "closses": 6,
    "confplace": 6,
    "cwins": 5,
    "dates": [
        [
            11,
            7
        ],
        [
            11,
            12
        ],
        [
            11,
            19
        ],
        [
            11,
            25
        ],
        [
            11,
            27
        ],
        [
            11,
            28
        ],
        [
            12,
            3
        ],
        [
            12,
            11
        ],
        [
            12,
            16
        ],
        [
            12,
            21
        ],
        [
            12,
            31
        ],
        [
            1,
            4
        ],
        [
            1,
            7
        ],
        [
            1,
            12
        ],
        [
            1,
            14
        ],
        [
            1,
            19
        ],
        [
            1,
            21
        ],
        [
            1,
            26
        ],
        [
            1,
            28
        ],
        [
            2,
            2
        ],
        [
            2,
            4
        ]
    ],
    "geff": [
        [
            83.09037900874637,
            101.75328741390106
        ],
        [
            81.47956544231765,
            120.94557449147882
        ],
        [
            99.87515605493134,
            104.42260442260442
        ],
        [
            95.6738768718802,
            84.29926238145416
        ],
        [
            96.38922888616891,
            90.50445103857567
        ],
        [
            91.98813056379821,
            110.74918566775244
        ],
        [
            58.77034358047016,
            109.22330097087378
        ],
        [
            72.97139521307646,
            137.7178189994379
        ],
        [
            109.81175128351397,
            88.55585831062669
        ],
        [
            102.26644555002764,
            109.1763405196241
        ],
        [
            101.98456449834619,
            109.50854700854701
        ],
        [
            86.15819209039549,
            125.89928057553956
        ],
        [
            99.49551569506727,
            108.69565217391305
        ],
        [
            95.96695821185618,
            103.25558794946551
        ],
        [
            110.24844720496894,
            113.63636363636364
        ],
        [
            124.78968031407742,
            107.20175920835624
        ],
        [
            103.2448377581121,
            91.53318077803203
        ],
        [
            104.29082240762813,
            100.24676125848241
        ],
        [
            103.16985645933015,
            99.28867812685239
        ],
        [
            94.90084985835695,
            108.02469135802468
        ],
        [
            118.6131386861314,
            97.49303621169916
        ]
    ],
    "losses": 13,
    "nOT": [
        0,
        0,
        0,
        0,
        0,
        0,
        0,
        0,
        0,
        0,
        1,
        0,
        0,
        1,
        0,
        0,
        0,
        0,
        0,
        0,
        0
    ],
    "pace": 67.90502960472391,
    "poss": [
        [
            68.6,
            63.88
        ],
        [
            77.32,
            72.76
        ],
        [
            64.08,
            65.12
        ],
        [
            72.12,
            75.92
        ],
        [
            65.36,
            67.4
        ],
        [
            67.4,
            61.4
        ],
        [
            66.36,
            65.92
        ],
        [
            68.52000000000001,
            71.16
        ],
        [
            70.12,
            73.4
        ],
        [
            72.36,
            72.36
        ],
        [
            72.56,
            74.88
        ],
        [
            70.8,
            72.28
        ],
        [
            71.36,
            73.6
        ],
        [
            82.32,
            82.32
        ],
        [
            64.4,
            66.0
        ],
        [
            71.32,
            72.76
        ],
        [
            67.8,
            69.92
        ],
        [
            67.12,
            64.84
        ],
        [
            66.88,
            67.48
        ],
        [
            70.6,
            71.28
        ],
        [
            65.75999999999999,
            71.8
        ]
    ],
    "preseason_pace": 66.60267728351295,
    "preseason_pred": -18.038281564254824,
    "preseason_predd": 113.01318306247501,
    "preseason_predo": 94.97490149822018,