{
    "CompRank": 201,
    "CompositeDef": 113.60951227712209,
    "CompositeOff": 108.46032343418796,
    "CompositePace": 66.87445592950618,
    "CompositeRating": -5.14918884293413,
    "HA": [
        "A",
        "A",
        "N",
        "N"
    ],
    "OAst": 65.0,
    "OAvgCompRat": 6.948775342453378,
    "OBlk": 7.0,
    "ODR": 105.0,
    "OFGA": 218.0,
    "OFGA3": 88.0,
    "OFGM": 112.0,
    "OFGM3": 28.0,
    "OFTA": 108.0,
    "OFTM": 87.0,
    "OOR": 40.0,
    "OPF": 61.0,
    "OScore": 339.0,
    "OStl": 16.0,
    "OTO": 36.0,
    "Oastr": 0.17734366473862273,
    "Ocomprank": 30,
    "Ocorrdastr": 0.12943320857171536,
    "Ocorrdeff": 101.54410257699051,
    "Ocorrdeffrank": 56,
    "Ocorrdefgp": 0.4746418827457308,
    "Ocorrdftr": 0.3670986658775663,
    "Ocorrdorbp": 0.29378302427044733,
    "Ocorrdtovr": 0.15309751092637972,
    "Ocorroastr": 0.16374766343892508,
    "Ocorroeff": 115.01038163854517,
    "Ocorroeffrank": 20,
    "Ocorroefgp": 0.5325960670011338,
    "Ocorroftr": 0.418106140992328,
    "Ocorroorbp": 0.28919020966143644,
    "Ocorrotovr": 0.1270265890341142,
    "Oeff": 129.6267971856837,
    "Oefgp": 0.5779816513761468,
    "Oftr": 0.4954128440366973,
    "Oneteff": 13.466279061554658,
    "Oneteffrank": 22,
    "Oorbp": 0.35398230088495575,
    "Oposs": 261.52,
    "Otovr": 0.11939506500397984,
    "SoR": 0.3489009761768358,
    "SoRrank": 213,
    "TAst": 41.0,
    "TBlk": 6.0,
    "TDR": 73.0,
    "TFGA": 239.0,
    "TFGA3": 86.0,
    "TFGM": 104.0,
    "TFGM3": 29.0,
    "TFTA": 81.0,
    "TFTM": 55.0,
    "TOR": 37.0,
    "TPF": 67.0,
    "TScore": 292.0,
    "TStl": 18.0,
    "TTO": 33.0,
    "Tastr": 0.11759981642955485,
    "Tcorrdastr": 0.15726621695230567,
    "Tcorrdastrrank": 268,
    "Tcorrdeff": 120.16223757608441,
    "Tcorrdeffrank": 342,
    "Tcorrdefgp": 0.5529562381495653,
    "Tcorrdefgprank": 293,
    "Tcorrdftr": 0.43843033158158784,
    "Tcorrdftrrank": 287,
    "Tcorrdorbp": 0.3648871690768299,
    "Tcorrdorbprank": 320,
    "Tcorrdtovr": 0.1423943504665876,
    "Tcorrdtovrrank": 216,
    "Tcorroastr": 0.13213922756989366,
    "Tcorroastrrank": 243,
    "Tcorroeff": 113.35809675277996,
    "Tcorroeffrank": 98,
    "Tcorroefgp": 0.5327944317093569,
    "Tcorroefgprank": 118,
    "Tcorroftr": 0.3424188970934622,
    "Tcorroftrrank": 225,
    "Tcorroorbp": 0.26508615284895426,
    "Tcorroorbprank": 255,
    "Tcorrotovr": 0.10604311684924293,
    "Tcorrotovrrank": 7,
    "Teff": 107.89240319243275,
    "Tefgp": 0.49581589958158995,
    "Tftr": 0.3389121338912134,
    "Tneteff": -6.804140823304451,
    "Tneteffrank": 236,
    "Torbp": 0.2605633802816901,
    "Tposs": 270.64,
    "Ttovr": 0.10726823560005201,
    "closses": 0,
    "confplace": 1,
    "cwins": 0,
    "dates": [
        [
            11,
            3
        ],
        [
            11,
            16
        ],
        [
            11,
            20
        ],
        [
            11,
            22
        ]
    ],
    "geff": [
        [
            96.61835748792271,
            160.13071895424835
        ],
        [
            93.9039408866995,
            110.50608584240872
        ],
        [
            122.95081967213113,
            110.59530311305298
        ],
        [
            116.48223645894,
            140.77970297029702
        ]
    ],
    "losses": 3,
    "nOT": [
        0,
        0,
        0,
        0
    ],
    "pace": 66.29416508618304,
    "poss": [
        [
            66.24,
            61.2
        ],
        [
            64.96000000000001,
            62.44
        ],
        [
            70.76,
            73.24
        ],
        [
            68.68,
            64.64
        ]
    ],
    "preseason_pace": 67.12917893343403,
    "preseason_pred": -4.422735298738653,
    "preseason_predd": 110.7331445190042,
    "preseason_predo": 106.31040922026554,
    "schedule": [
        "colorado-state",
        "indiana",
        "southern-indiana",
        "high-point"
    ],
    "scores": [
        [
            64,
            98
        ],
        [
            61,
            69
        ],
        [
            87,
            81
        ],
        [
            80,
            91
        ]
    ],
    "wins": 1
}