{
    "CompRank": 46,
    "CompositeDef": 89.72844985479558,
    "CompositeOff": 105.35404558457891,
    "CompositePace": 69.96965100868371,
    "CompositeRating": 15.625595729783319,
    "HA": [
        "H",
        "H",
        "H",
        "H",
        "N",
        "N",
        "H",
        "H",
        "A",
        "H",
        "H",
        "A",
        "N",
        "A",
        "A",
        "H",
        "H"
    ],
    "OAst": 191.0,
    "OAvgCompRat": 0.9365546273186669,
    "OBlk": 53.0,
    "ODR": 363.0,
    "OFGA": 1042.0,
    "OFGA3": 388.0,
    "OFGM": 381.0,
    "OFGM3": 104.0,
    "OFTA": 278.0,
    "OFTM": 179.0,
    "OOR": 155.0,
    "OPF": 300.0,
    "OScore": 1045.0,
    "OStl": 115.0,
    "OTO": 172.0,
    "Oastr": 0.12505565303931068,
    "Ocomprank": 135,
    "Ocorrdastr": 0.14211166741755418,
    "Ocorrdeff": 100.66193108729115,
    "Ocorrdeffrank": 158,
    "Ocorrdefgp": 0.48857919897732743,
    "Ocorrdftr": 0.29917508995260117,
    "Ocorrdorbp": 0.2588284653199287,
    "Ocorrdtovr": 0.15963434668297527,
    "Ocorroastr": 0.14301253049130463,
    "Ocorroeff": 100.9877457856295,
    "Ocorroeffrank": 205,
    "Ocorroefgp": 0.5060683056008122,
    "Ocorroftr": 0.33077594243422576,
    "Ocorroorbp": 0.2859536732767184,
    "Ocorrotovr": 0.16652579765493208,
    "Oeff": 88.46036636982359,
    "Oefgp": 0.41554702495201534,
    "Oftr": 0.2667946257197697,
    "Oneteff": 0.3258146983383483,
    "Oneteffrank": 178,
    "Oorbp": 0.23882896764252695,
    "Oposs": 1181.32,
    "Otovr": 0.1287116858237548,
    "SoR": 40.98855370323133,
    "SoRrank": 65,
    "TAst": 253.0,
    "TBlk": 83.0,
    "TDR": 494.0,
    "TFGA": 969.0,
    "TFGA3": 334.0,
    "TFGM": 444.0,
    "TFGM3": 115.0,
    "TFTA": 336.0,
    "TFTM": 238.0,
    "TOR": 147.0,
    "TPF": 273.0,
    "TScore": 1241.0,
    "TStl": 86.0,
    "TTO": 216.0,
    "Tastr": 0.15953690157897393,
    "Tcorrdastr": 0.12238612983462382,
    "Tcorrdastrrank": 60,
    "Tcorrdeff": 88.51845270547135,
    "Tcorrdeffrank": 15,
    "Tcorrdefgp": 0.41086650626768545,
    "Tcorrdefgprank": 5,
    "Tcorrdftr": 0.2541500218898673,
    "Tcorrdftrrank": 58,
    "Tcorrdorbp": 0.22466714285183703,
    "Tcorrdorbprank": 47,
    "Tcorrdtovr": 0.12564115906679751,
    "Tcorrdtovrrank": 352,
    "Tcorroastr": 0.15700318089071158,
    "Tcorroastrrank": 64,
    "Tcorroeff": 105.06983170570433,
    "Tcorroeffrank": 104,
    "Tcorroefgp": 0.5300876511097158,
    "Tcorroefgprank": 79,
    "Tcorroftr": 0.3664151310941047,
    "Tcorroftrrank": 64,
    "Tcorroorbp": 0.30072161470839354,
    "Tcorroorbprank": 99,
    "Tcorrotovr": 0.16490608740650414,
    "Tcorrotovrrank": 214,
    "Teff": 104.65155501585375,
    "Tefgp": 0.5175438596491229,
    "Tftr": 0.34674922600619196,
    "Tneteff": 16.551379000232984,
    "Tneteffrank": 42,
    "Torbp": 0.28823529411764703,
    "Tposs": 1185.84,
    "Ttovr": 0.16205996218600882,
    "closses": 1,
    "confplace": 2,
    "cwins": 5,
    "dates": [
        [
            11,
            7
        ],
        [
            11,
            11
        ],
        [
            11,
            14
        ],
        [
            11,
            17
        ],
        [
            11,
            21
        ],
        [
            11,
            23
        ],
        [
            11,
            26
        ],
        [
            12,
            1
        ],
        [
            12,
            4
        ],
        [
            12,
            8
        ],
        [
            12,
            13
        ],
        [
            12,
            17
        ],
        [
            12,
            21
        ],
        [
            12,
            29
        ],
        [
            12,
            31
        ],
        [
            1,
            5
        ],
        [
            1,
            7
        ]
    ],
    "geff": [
        [
            117.29045861887191,
            64.13682522715125
        ],
        [
            112.85266457680251,
            66.82867557715674
        ],
        [
            104.97900419916016,
            84.10672853828306
        ],
        [
            83.28285887341006,
            101.30922693266834
        ],
        [
            98.20912767186596,
            95.80838323353294
        ],
        [
            76.65832290362954,
            79.95079950799507
        ],
        [
            143.1585292344786,
            100.7941356139279
        ],
        [
            104.7052740434333,
            81.56203657933762
        ],
        [
            89.19062832800851,
            88.50762527233115
        ],
        [
            139.5152198421646,
            83.1899024670109
        ],
        [
            115.95310907237513,
            91.96006305832896
        ],
        [
            84.3558282208589,
            96.00614439324116
        ],
        [
            99.66311061201571,
            106.59465605457646
        ],
        [
            97.31543624161074,
            71.90635451505017
        ],
        [
            110.72988147223954,
            102.2938623682579
        ],
        [
            121.91358024691358,
            87.97653958944281
        ],
        [
            81.08108108108108,
            101.44927536231884
        ]
    ],
    "losses": 5,
    "nOT": [
        0,
        0,
        0,
        0,
        0,
        0,
        0,
        0,
        1,
        0,
        0,
        0,
        0,
        0,
        0,
        0,
        0
    ],
    "pace": 70.1560867173209,
    "poss": [
        [
            75.88,
            74.84
        ],
        [
            63.8,
            65.84
        ],
        [
            66.68,
            68.96
        ],
        [
            66.03999999999999,
            64.16
        ],
        [
            69.24000000000001,
            66.8
        ],
        [
            63.92,
            65.04
        ],
        [
            66.36,
            65.48
        ],
        [
            77.36,
            80.92
        ],
        [
            75.12,
            73.44
        ],
        [
            70.96,
            69.72
        ],
        [
            78.48,
            76.12
        ],
        [
            78.24,
            78.12
        ],
        [
            71.24000000000001,
            70.36
        ],
        [
            59.6,
            59.8
        ],
        [
            64.12,
            64.52
        ],
        [
            64.8,
            68.2
        ],
        [
            74.0,
            69.0
        ]
    ],
    "preseason_pace": 68.13357000478845,
    "preseason_pred": 6.508173487971541,
    "preseason_predd": 101.64490511372378,
    "preseason_predo": 108.15307860169531,
    "schedule": [
        "long-island-university",
        "cal-state-bakersfield",
        "idaho-state",
        "sam-houston-state",
        "georgia-tech",
        "mississippi-state",
        "st-thomas-mn",
        "arizona",
        "washington-state",
        "jacksonville-state",
        "texas-san-antonio",
        "brigham-young",
        "texas-christian",
        "california",
        "stanford",
        "oregon-state",
        "oregon"
    ],