{
    "CompRank": 110,
    "CompositeDef": 107.88320435999695,
    "CompositeOff": 114.41789713400487,
    "CompositePace": 70.3420156100058,
    "CompositeRating": 6.534692774007928,
    "HA": [
        "H",
        "H",
        "H",
        "H",
        "H",
        "H",
        "A",
        "A",
        "A",
        "H",
        "N",
        "H",
        "A",
        "H"
    ],
    "OAst": 174.0,
    "OAvgCompRat": 1.4434534715836576,
    "OBlk": 56.0,
    "ODR": 338.0,
    "OFGA": 888.0,
    "OFGA3": 288.0,
    "OFGM": 413.0,
    "OFGM3": 98.0,
    "OFTA": 280.0,
    "OFTM": 193.0,
    "OOR": 155.0,
    "OPF": 220.0,
    "OScore": 1117.0,
    "OStl": 89.0,
    "OTO": 149.0,
    "Oastr": 0.1304152301004347,
    "Ocomprank": 105,
    "Ocorrdastr": 0.14267905044046317,
    "Ocorrdeff": 106.45686193361075,
    "Ocorrdeffrank": 104,
    "Ocorrdefgp": 0.5048472534252729,
    "Ocorrdftr": 0.3361772054226281,
    "Ocorrdorbp": 0.285752077137919,
    "Ocorrdtovr": 0.15262493921103923,
    "Ocorroastr": 0.14483320558615911,
    "Ocorroeff": 109.52173724975049,
    "Ocorroeffrank": 122,
    "Ocorroefgp": 0.51684745898459,
    "Ocorroftr": 0.35354191574085864,
    "Ocorroorbp": 0.3262513832136101,
    "Ocorrotovr": 0.14562357469840584,
    "Oeff": 111.12216474333465,
    "Oefgp": 0.5202702702702703,
    "Oftr": 0.3153153153153153,
    "Oneteff": 3.0648753161397337,
    "Oneteffrank": 110,
    "Oorbp": 0.3118712273641851,
    "Oposs": 1005.2,
    "Otovr": 0.1284261334252715,
    "SoR": 1.0892171896242253,
    "SoRrank": 115,
    "TAst": 204.0,
    "TBlk": 54.0,
    "TDR": 342.0,
    "TFGA": 840.0,
    "TFGA3": 332.0,
    "TFGM": 395.0,
    "TFGM3": 119.0,
    "TFTA": 302.0,
    "TFTM": 223.0,
    "TOR": 137.0,
    "TPF": 188.0,
    "TScore": 1132.0,
    "TStl": 84.0,
    "TTO": 165.0,
    "Tastr": 0.152025516439622,
    "Tcorrdastr": 0.1326361854137153,
    "Tcorrdastrrank": 79,
    "Tcorrdeff": 109.57247930530308,
    "Tcorrdeffrank": 201,
    "Tcorrdefgp": 0.515178660831146,
    "Tcorrdefgprank": 191,
    "Tcorrdftr": 0.3200807569112985,
    "Tcorrdftrrank": 101,
    "Tcorrdorbp": 0.29062869114105905,
    "Tcorrdorbprank": 129,
    "Tcorrdtovr": 0.13261135257848097,
    "Tcorrdtovrrank": 292,
    "Tcorroastr": 0.15715935540614087,
    "Tcorroastrrank": 116,
    "Tcorroeff": 114.81732945983659,
    "Tcorroeffrank": 85,
    "Tcorroefgp": 0.549118241496111,
    "Tcorroefgprank": 75,
    "Tcorroftr": 0.38495376985235114,
    "Tcorroftrrank": 115,
    "Tcorroorbp": 0.3076987321676515,
    "Tcorroorbprank": 165,
    "Tcorrotovr": 0.1427043095649427,
    "Tcorrotovrrank": 132,
    "Teff": 113.1004715850052,
    "Tefgp": 0.5410714285714285,
    "Tftr": 0.3595238095238095,
    "Tneteff": 5.244850154533509,
    "Tneteffrank": 124,
    "Torbp": 0.28842105263157897,
    "Tposs": 1000.88,
    "Ttovr": 0.14500650332196716,
    "closses": 1,
    "confplace": 9,
    "cwins": 0,
    "dates": [
        [
            11,
            3
        ],
        [
            11,
            8
        ],
        [
            11,
            10
        ],
        [
            11,
            15
        ],
        [
            11,
            18
        ],
        [
            11,
            20
        ],
        [
            11,
            25
        ],
        [
            11,
            26
        ],
        [
            12,
            2
        ],
        [
            12,
            6
        ],
        [
            12,
            13
        ],
        [
            12,
            20
        ],
        [
            12,
            29
        ],
        [
            1,
            3
        ]
    ],
    "geff": [
        [
            121.10726643598616,
            98.7881981032666
        ],
        [
            103.27795240233498,
            104.31317393342711
        ],
        [
            129.15676959619952,
            99.65337954939342
        ],
        [
            113.03191489361701,
            104.33174854727945
        ],
        [
            130.04895960832314,
            115.75466025255562
        ],
        [
            102.80599903241412,
            111.32623426911907
        ],
        [
            89.34072704867529,
            99.88249118683902
        ],
        [
            115.74074074074075,
            114.76426799007443
        ],
        [
            106.88836104513064,
            116.93309650680875
        ],
        [
            129.4820717131474,
            122.54901960784314
        ],
        [
            106.38297872340425,
            118.90951276102089
        ],
        [
            145.3655728267127,
            109.43718021603183
        ],
        [
            95.36384976525822,
            109.14454277286136
        ],
        [
            100.93167701863354,
            132.44128891316223
        ]
    ],
    "losses": 6,
    "nOT": [
        0,
        1,
        0,
        0,
        0,
        0,
        0,
        0,
        0,
        0,
        0,
        0,
        0,
        0
    ],
    "pace": 70.48450713240013,
    "poss": [
        [
            69.36,
            75.92
        ],
        [
            89.08,
            85.32
        ],
        [
            67.36,
            69.24
        ],
        [
            75.2,
            75.72
        ],
        [
            65.36,
            66.52
        ],
        [
            82.68,
            82.64
        ],
        [
            64.92,
            68.08
        ],
        [
            64.8,
            64.48
        ],
        [
            67.36,
            67.56
        ],
        [
            70.28,
            69.36
        ],
        [
            69.56,
            68.96
        ],
        [
            69.48,
            70.36
        ],
        [
            68.16,
            67.8
        ],
        [
            77.28,
            73.24
        ]
    ],
    "preseason_pace": 69.57580605200066,
    "preseason_pred": 13.470472017272293,
    "preseason_predd": 98.79958599840569,
    "preseason_predo": 112.27005801567798,
    "schedule": [
        "san-jose-state",
        "weber-state",
        "holy-cross",
        "sam-houston-state",
        "ipfw",
        "cal-poly",
        "grand-canyon",
        "mississippi",
        "california",
        "california-baptist",
        "mississippi-state",
        "eastern-washington",
        "washington",
        "arizona"
    ],
    "scores": [
        [
            84,
            75
        ],
        [
            92,
            89
        ],
        [
            87,
            69
        ],
        [
            85,
            79
        ],
        [
            85,
            77
        ],
        [
            85,
            92
        ],
        [
            58,
            68
        ],
        [
            75,
            74
        ],
        [
            72,
            79
        ],
        [
            91,
            85
        ],
        [
            74,
            82
        ],
        [
            101,
            77
        ],
        [
            65,
            74
        ],
        [
            78,
            97
        ]
    ],
    "wins": 8
}