{
    "CompRank": 124,
    "CompositeDef": 105.17922071525696,
    "CompositeOff": 109.2631553533837,
    "CompositePace": 65.51180903244494,
    "CompositeRating": 4.083934638126735,
    "HA": [
        "A",
        "H",
        "A",
        "N",
        "N",
        "N",
        "A",
        "H",
        "A",
        "A",
        "A",
        "A",
        "A",
        "H",
        "H",
        "A",
        "A",
        "H",
        "H",
        "H",
        "H",
        "A",
        "A",
        "H",
        "H",
        "A",
        "A",
        "H",
        "N",
        "N",
        "N"
    ],
    "OAst": 395.0,
    "OAvgCompRat": 1.3956342646315536,
    "OBlk": 99.0,
    "ODR": 720.0,
    "OFGA": 1821.0,
    "OFGA3": 775.0,
    "OFGM": 767.0,
    "OFGM3": 267.0,
    "OFTA": 511.0,
    "OFTM": 356.0,
    "OOR": 269.0,
    "OPF": 439.0,
    "OScore": 2157.0,
    "OStl": 182.0,
    "OTO": 263.0,
    "Oastr": 0.14608852594828095,
    "Ocomprank": 113,
    "Ocorrdastr": 0.14671748576331844,
    "Ocorrdeff": 105.09894681685765,
    "Ocorrdeffrank": 114,
    "Ocorrdefgp": 0.5001567160577565,
    "Ocorrdftr": 0.3339178167058439,
    "Ocorrdorbp": 0.2880833033121753,
    "Ocorrdtovr": 0.14492109616395946,
    "Ocorroastr": 0.14123506987059067,
    "Ocorroeff": 107.13475375587781,
    "Ocorroeffrank": 136,
    "Ocorroefgp": 0.5144646625698106,
    "Ocorroftr": 0.3422559086438563,
    "Ocorroorbp": 0.28058942366748557,
    "Ocorrotovr": 0.14937431639463536,
    "Oeff": 105.74358773237117,
    "Oefgp": 0.49450851180669964,
    "Oftr": 0.28061504667764964,
    "Oneteff": 2.035806939020162,
    "Oneteffrank": 115,
    "Oorbp": 0.2542533081285444,
    "Oposs": 2039.84,
    "Otovr": 0.11391001541899828,
    "SoR": 0.0,
    "SoRrank": 107,
    "TAst": 330.0,
    "TBlk": 104.0,
    "TDR": 789.0,
    "TFGA": 1783.0,
    "TFGA3": 651.0,
    "TFGM": 775.0,
    "TFGM3": 218.0,
    "TFTA": 574.0,
    "TFTM": 431.0,
    "TOR": 305.0,
    "TPF": 370.0,
    "TScore": 2199.0,
    "TStl": 144.0,
    "TTO": 310.0,
    "Tastr": 0.12333866555038946,
    "Tcorrdastr": 0.15135488607078865,
    "Tcorrdastrrank": 221,
    "Tcorrdeff": 105.17922071525696,
    "Tcorrdeffrank": 144,
    "Tcorrdefgp": 0.48993735899043356,
    "Tcorrdefgprank": 103,
    "Tcorrdftr": 0.2725094129564449,
    "Tcorrdftrrank": 52,
    "Tcorrdorbp": 0.26115875330169147,
    "Tcorrdorbprank": 77,
    "Tcorrdtovr": 0.11307493597341099,
    "Tcorrdtovrrank": 350,
    "Tcorroastr": 0.12302134815201636,
    "Tcorroastrrank": 317,
    "Tcorroeff": 109.2631553533837,
    "Tcorroeffrank": 126,
    "Tcorroefgp": 0.505359820656164,
    "Tcorroefgprank": 178,
    "Tcorroftr": 0.3213141825960794,
    "Tcorroftrrank": 200,
    "Tcorroorbp": 0.29844663602169896,
    "Tcorroorbprank": 155,
    "Tcorrotovr": 0.13523015933623833,
    "Tcorrotovrrank": 90,
    "Teff": 107.76453522562434,
    "Tefgp": 0.49579360628154795,
    "Tftr": 0.32192933258553,
    "Tneteff": 4.083934638126735,
    "Tneteffrank": 124,
    "Torbp": 0.2975609756097561,
    "Tposs": 2040.56,
    "Ttovr": 0.13216460035130204,
    "closses": 6,
    "confplace": 2,
    "cwins": 12,
    "dates": [
        [
            11,
            7
        ],
        [
            11,
            13
        ],
        [
            11,
            17
        ],
        [
            11,
            21
        ],
        [
            11,
            22
        ],
        [
            11,
            23
        ],
        [
            12,
            8
        ],
        [
            12,
            14
        ],
        [
            12,
            17
        ],
        [
            12,
            21
        ],
        [
            1,
            4
        ],
        [
            1,
            9
        ],
        [
            1,
            11
        ],
        [
            1,
            16
        ],
        [
            1,
            18
        ],
        [
            1,
            23
        ],
        [
            1,
            25
        ],
        [
            1,
            30
        ],
        [
            2,
            1
        ],
        [
            2,
            6
        ],
        [
            2,
            8
        ],
        [
            2,
            13
        ],
        [
            2,
            15
        ],
        [
            2,
            20
        ],
        [
            2,
            22
        ],
        [
            2,
            27
        ],
        [
            3,
            1
        ],
        [
            3,
            8
        ],
        [
            3,
            12
        ],
        [
            3,
            14
        ],
        [
            3,
            15
        ]
    ],
    "geff": [
        [
            99.46555819477435,
            119.59370904325033
        ],
        [
            99.33774834437085,
            89.14316125598724
        ],
        [
            121.82566918325325,
            88.09840425531915
        ],
        [
            129.0516206482593,
            112.0689655172414
        ],
        [
            116.61807580174928,
            123.49397590361444
        ],
        [
            100.12322858903265,
            116.31716906946265
        ],
        [
            112.8048780487805,
            118.89862327909887
        ],
        [
            104.79041916167665,
            95.3206239168111
        ],
        [
            116.65586519766688,
            139.07506702412866
        ],
        [
            134.4562647754137,
            117.02750146284377
        ],
        [
            107.05669481302776,
            121.20327102803738
        ],
        [
            106.1046511627907,
            92.74640088593577
        ],
        [
            92.59259259259258,
            115.51625784369651
        ],
        [
            111.46496815286623,
            109.16249105225482
        ],
        [
            113.48897535667962,
            99.87113402061856
        ],
        [
            107.4793875147232,
            95.93023255813954
        ],
        [
            99.57107843137254,
            87.53709198813056
        ],
        [
            102.5418833044483,
            94.1540191118606
        ],
        [
            113.99620012666244,
            95.19350811485643
        ],
        [
            110.75949367088609,
            94.02985074626865
        ],
        [
            120.80727686185332,
            119.04761904761905
        ],
        [
            89.60047003525264,
            99.93943064809207
        ],
        [
            112.54019292604501,
            106.38297872340425
        ],
        [
            86.95652173913044,
            102.41773002014774
        ],
        [
            107.86052009456263,
            95.92680047225501
        ],
        [
            88.76694641704326,
            97.55291005291005
        ],
        [
            105.31594784353058,
            98.45463609172484
        ],
        [
            103.7344398340249,
            113.9864448552064
        ],
        [
            100.30864197530865,
            90.43927648578811
        ],
        [
            117.05685618729098,
            110.60507482108002
        ],
        [
            109.8360655737705,
            127.50161394448031
        ]
    ],
    "losses": 12,
    "nOT": [
        0,
        0,
        0,
        0,
        0,
        0,
        0,
        0,
        0,
        0,
        0,
        0,
        0,
        0,
        0,
        0,
        0,
        0,
        0,
        0,
        0,
        0,
        0,
        0,
        0,
        0,
        1,
        0,
        0,
        0,
        0
    ],
    "pace": 65.51180903244494,