{
    "CompRank": 285,
    "CompositeDef": 117.01014529739525,
    "CompositeOff": 104.81612675477697,
    "CompositePace": 65.99747610844057,
    "CompositeRating": -12.194018542618284,
    "HA": [
        "A",
        "A",
        "A",
        "A",
        "A",
        "H",
        "A",
        "A",
        "A",
        "H",
        "H",
        "H",
        "A",
        "H",
        "H",
        "A",
        "A",
        "A",
        "A",
        "H",
        "H"
    ],
    "OAst": 301.0,
    "OAvgCompRat": 0.6354424955349205,
    "OBlk": 74.0,
    "ODR": 493.0,
    "OFGA": 1154.0,
    "OFGA3": 448.0,
    "OFGM": 562.0,
    "OFGM3": 166.0,
    "OFTA": 460.0,
    "OFTM": 328.0,
    "OOR": 209.0,
    "OPF": 331.0,
    "OScore": 1618.0,
    "OStl": 148.0,
    "OTO": 234.0,
    "Oastr": 0.15914137675795706,
    "Ocomprank": 140,
    "Ocorrdastr": 0.15016717296034482,
    "Ocorrdeff": 106.99568295174686,
    "Ocorrdeffrank": 98,
    "Ocorrdefgp": 0.513565581042506,
    "Ocorrdftr": 0.3997753659655539,
    "Ocorrdorbp": 0.3133581118691177,
    "Ocorrdtovr": 0.1589789729603576,
    "Ocorroastr": 0.14150451980944811,
    "Ocorroeff": 108.57707318606629,
    "Ocorroeffrank": 195,
    "Ocorroefgp": 0.4982031744666926,
    "Ocorroftr": 0.3446788598391542,
    "Ocorroorbp": 0.30866861889891545,
    "Ocorrotovr": 0.14264468092282462,
    "Oeff": 117.12755175908498,
    "Oefgp": 0.5589254766031195,
    "Oftr": 0.3986135181975737,
    "Oneteff": 1.5813902343194286,
    "Oneteffrank": 135,
    "Oorbp": 0.33174603174603173,
    "Oposs": 1381.4,
    "Otovr": 0.14713279678068408,
    "SoR": 0.0,
    "SoRrank": 110,
    "TAst": 246.0,
    "TBlk": 37.0,
    "TDR": 421.0,
    "TFGA": 1102.0,
    "TFGA3": 390.0,
    "TFGM": 488.0,
    "TFGM3": 133.0,
    "TFTA": 447.0,
    "TFTM": 329.0,
    "TOR": 160.0,
    "TPF": 316.0,
    "TScore": 1438.0,
    "TStl": 136.0,
    "TTO": 255.0,
    "Tastr": 0.13669096728307253,
    "Tcorrdastr": 0.1662447461812428,
    "Tcorrdastrrank": 308,
    "Tcorrdeff": 117.44337868701923,
    "Tcorrdeffrank": 318,
    "Tcorrdefgp": 0.5763274855778964,
    "Tcorrdefgprank": 347,
    "Tcorrdftr": 0.41201550849565,
    "Tcorrdftrrank": 302,
    "Tcorrdorbp": 0.3268310114531547,
    "Tcorrdorbprank": 274,
    "Tcorrdtovr": 0.15283540572909254,
    "Tcorrdtovrrank": 142,
    "Tcorroastr": 0.13466370375597897,
    "Tcorroastrrank": 256,
    "Tcorroeff": 105.03809804653838,
    "Tcorroeffrank": 238,
    "Tcorroefgp": 0.5037228789927137,
    "Tcorroefgprank": 204,
    "Tcorroftr": 0.36245798524416534,
    "Tcorroftrrank": 168,
    "Tcorroorbp": 0.23845644421570206,
    "Tcorroorbprank": 338,
    "Tcorrotovr": 0.15285574472078564,
    "Tcorrotovrrank": 223,
    "Teff": 103.18007003042305,
    "Tefgp": 0.5031760435571688,
    "Tftr": 0.4056261343012704,
    "Tneteff": -12.405280640480854,
    "Tneteffrank": 286,
    "Torbp": 0.2450229709035222,
    "Tposs": 1393.68,
    "Ttovr": 0.1641264610473199,
    "closses": 10,
    "confplace": 9,
    "cwins": 4,
    "dates": [
        [
            11,
            3
        ],
        [
            11,
            6
        ],
        [
            11,
            11
        ],
        [
            11,
            18
        ],
        [
            11,
            21
        ],
        [
            11,
            29
        ],
        [
            12,
            5
        ],
        [
            12,
            7
        ],
        [
            12,
            13
        ],
        [
            12,
            29
        ],
        [
            12,
            31
        ],
        [
            1,
            3
        ],
        [
            1,
            5
        ],
        [
            1,
            10
        ],
        [
            1,
            12
        ],
        [
            1,
            17
        ],
        [
            1,
            19
        ],
        [
            1,
            27
        ],
        [
            1,
            31
        ],
        [
            2,
            2
        ],
        [
            2,
            4
        ]
    ],
    "geff": [
        [
            92.84543965046423,
            122.31652521218172
        ],
        [
            88.51035404141616,
            138.69625520110958
        ],
        [
            111.02193686463349,
            117.12439418416801
        ],
        [
            100.88272383354351,
            138.52242744063324
        ],
        [
            103.50776308223116,
            126.5634306134604
        ],
        [
            103.39943342776205,
            107.57314974182444
        ],
        [
            80.78994614003591,
            139.30950938824952
        ],
        [
            117.13933415536376,
            104.29447852760735
        ],
        [
            105.10510510510511,
            119.2632850241546
        ],
        [
            93.38640538885488,
            116.20795107033638
        ],
        [
            96.96969696969697,
            115.98746081504703
        ],
        [
            113.08068459657702,
            105.06798516687269
        ],
        [
            105.50996483001173,
            107.80885780885781
        ],
        [
            116.93309650680875,
            117.61158021712909
        ],
        [
            98.28009828009827,
            95.33898305084746
        ],
        [
            112.12121212121212,
            118.75
        ],
        [
            143.98848092152627,
            152.75707898658717
        ],
        [
            93.41885108756274,
            98.68421052631578
        ],
        [
            94.17304296645086,
            113.8433515482696
        ],
        [
            92.35668789808918,
            97.63124199743918
        ],
        [
            109.3951093951094,
            116.71924290220821
        ]
    ],
    "losses": 17,
    "nOT": [
        0,
        0,
        1,
        0,
        0,
        0,
        0,
        0,
        0,
        0,
        0,
        0,
        0,
        0,
        0,
        0,
        0,
        0,
        0,
        0,
        0
    ],
    "pace": 65.98097328725598,
    "poss": [
        [
            73.24,
            80.12
        ],
        [
            59.88,
            57.68
        ],
        [
            74.76,
            74.28
        ],
        [
            63.44,
            60.64
        ],
        [
            69.56,
            67.16
        ],
        [
            70.6,
            69.72
        ],
        [
            66.84,
            66.04
        ],
        [
            64.88,
            65.2
        ],
        [
            66.6,
            66.24
        ],
        [
            65.32,
            65.4
        ],
        [
            66.0,
            63.8
        ],
        [
            65.44,
            64.72
        ],
        [
            68.24,
            68.64
        ],
        [
            67.56,
            66.32
        ],
        [
            65.12,
            66.08
        ],
        [
            66.0,
            64.0
        ],
        [
            55.56,
            53.68
        ],
        [
            71.72,
            69.92
        ],
        [
            67.96,
            65.88
        ],
        [
            62.8,
            62.480000000000004
        ],
        [
            62.16,
            63.4
        ]
    ],
    "preseason_pace": 66.41871061917738,
    "preseason_pred": -6.8015534946762575,
    "preseason_predd": 105.95186302724342,
    "preseason_predo": 99.15030953256716,