{
    "CompRank": 241,
    "CompositeDef": 107.20004890469863,
    "CompositeOff": 99.7490501493057,
    "CompositePace": 66.43781295245812,
    "CompositeRating": -7.450998755392944,
    "HA": [
        "A",
        "A",
        "A",
        "H",
        "H",
        "A",
        "A",
        "A",
        "A"
    ],
    "OAst": 103.0,
    "OAvgCompRat": 3.460446848497521,
    "OBlk": 35.0,
    "ODR": 196.0,
    "OFGA": 499.0,
    "OFGA3": 204.0,
    "OFGM": 222.0,
    "OFGM3": 73.0,
    "OFTA": 179.0,
    "OFTM": 130.0,
    "OOR": 80.0,
    "OPF": 121.0,
    "OScore": 647.0,
    "OStl": 64.0,
    "OTO": 98.0,
    "Oastr": 0.13226154399301454,
    "Ocomprank": 50,
    "Ocorrdastr": 0.13557874018327634,
    "Ocorrdeff": 102.78946422686899,
    "Ocorrdeffrank": 75,
    "Ocorrdefgp": 0.5032671957233166,
    "Ocorrdftr": 0.32226597715881783,
    "Ocorrdorbp": 0.28627636778023535,
    "Ocorrdtovr": 0.15547055683720115,
    "Ocorroastr": 0.13689582255155078,
    "Ocorroeff": 109.05051352624959,
    "Ocorroeffrank": 49,
    "Ocorroefgp": 0.5134003089948272,
    "Ocorroftr": 0.3353490739298347,
    "Ocorroorbp": 0.30767074284540397,
    "Ocorrotovr": 0.14691418265472714,
    "Oeff": 108.60077883711561,
    "Oefgp": 0.5180360721442886,
    "Oftr": 0.3587174348697395,
    "Oneteff": 6.261049299380602,
    "Oneteffrank": 54,
    "Oorbp": 0.291970802919708,
    "Oposs": 595.76,
    "Otovr": 0.1450219012667219,
    "SoR": 0.049977510162069194,
    "SoRrank": 181,
    "TAst": 120.0,
    "TBlk": 41.0,
    "TDR": 194.0,
    "TFGA": 510.0,
    "TFGA3": 175.0,
    "TFGM": 223.0,
    "TFGM3": 62.0,
    "TFTA": 126.0,
    "TFTM": 78.0,
    "TOR": 86.0,
    "TPF": 140.0,
    "TScore": 586.0,
    "TStl": 61.0,
    "TTO": 113.0,
    "Tastr": 0.15029307148940432,
    "Tcorrdastr": 0.1405868292866021,
    "Tcorrdastrrank": 141,
    "Tcorrdeff": 104.64861035495352,
    "Tcorrdeffrank": 161,
    "Tcorrdefgp": 0.5114890443789321,
    "Tcorrdefgprank": 185,
    "Tcorrdftr": 0.3579220641111544,
    "Tcorrdftrrank": 240,
    "Tcorrdorbp": 0.2707866072457276,
    "Tcorrdorbprank": 132,
    "Tcorrdtovr": 0.1490216911706253,
    "Tcorrdtovrrank": 183,
    "Tcorroastr": 0.16131090599989192,
    "Tcorroastrrank": 90,
    "Tcorroeff": 101.159042498671,
    "Tcorroeffrank": 237,
    "Tcorroefgp": 0.5019175070749846,
    "Tcorroefgprank": 186,
    "Tcorroftr": 0.2572305930852649,
    "Tcorroftrrank": 330,
    "Tcorroorbp": 0.3047900468159458,
    "Tcorroorbprank": 131,
    "Tcorrotovr": 0.16167005171739884,
    "Tcorrotovrrank": 256,
    "Teff": 98.91297008979811,
    "Tefgp": 0.4980392156862745,
    "Tftr": 0.24705882352941178,
    "Tneteff": -3.4895678562825196,
    "Tneteffrank": 195,
    "Torbp": 0.3049645390070922,
    "Tposs": 592.44,
    "Ttovr": 0.16655857555568657,
    "closses": 0,
    "confplace": 1,
    "cwins": 2,
    "dates": [
        [
            11,
            8
        ],
        [
            11,
            11
        ],
        [
            11,
            16
        ],
        [
            11,
            22
        ],
        [
            11,
            24
        ],
        [
            11,
            29
        ],
        [
            12,
            5
        ],
        [
            12,
            7
        ],
        [
            12,
            14
        ]
    ],
    "geff": [
        [
            97.48050389922014,
            125.07271669575334
        ],
        [
            84.02122641509433,
            107.86052009456263
        ],
        [
            105.10089686098655,
            108.88009049773756
        ],
        [
            96.98275862068964,
            98.42519685039369
        ],
        [
            113.78205128205128,
            93.79042690815005
        ],
        [
            71.23655913978494,
            113.36866902237927
        ],
        [
            118.18778726198292,
            107.95805058605798
        ],
        [
            106.951871657754,
            93.87351778656127
        ],
        [
            103.06058713304184,
            124.92563950029742
        ]
    ],
    "losses": 6,
    "nOT": [
        0,
        0,
        1,
        0,
        0,
        0,
        0,
        0,
        0
    ],
    "pace": 65.59839020725914,
    "poss": [
        [
            66.68,
            68.76
        ],
        [
            67.84,
            67.68
        ],
        [
            71.36,
            70.72
        ],
        [
            64.96000000000001,
            66.04
        ],
        [
            62.4,
            61.84
        ],
        [
            74.4,
            67.92
        ],
        [
            60.92,
            64.84
        ],
        [
            59.84,
            60.72
        ],
        [
            64.04,
            67.24000000000001
        ]
    ],
    "preseason_pace": 68.30319683067806,
    "preseason_pred": -16.254178531193887,
    "preseason_predd": 112.86991234857666,
    "preseason_predo": 96.61573381738278,
    "schedule": [
        "texas-tech",
        "oklahoma",
        "rice",
        "louisiana-monroe",
        "north-alabama",
        "louisiana-state",
        "incarnate-word",
        "houston-baptist",
        "california"
    ],
    "scores": [
        [
            65,
            86
        ],
        [
            57,
            73
        ],
        [
            75,
            77
        ],
        [
            63,
            65
        ],
        [
            71,
            58
        ],
        [
            53,
            77
        ],
        [
            72,
            70
        ],
        [
            64,
            57
        ],
        [
            66,
            84
        ]
    ],
    "wins": 3
}