{
    "CompRank": 220,
    "CompositeDef": 105.82645945300976,
    "CompositeOff": 101.11872143130667,
    "CompositePace": 68.06346797510925,
    "CompositeRating": -4.707738021703088,
    "HA": [
        "A",
        "H",
        "A",
        "A",
        "A",
        "N",
        "A",
        "H",
        "H",
        "A",
        "A",
        "A",
        "H",
        "A",
        "H",
        "H",
        "A",
        "A",
        "A",
        "H",
        "H"
    ],
    "OAst": 276.0,
    "OAvgCompRat": -3.2269884022726822,
    "OBlk": 73.0,
    "ODR": 496.0,
    "OFGA": 1157.0,
    "OFGA3": 394.0,
    "OFGM": 521.0,
    "OFGM3": 123.0,
    "OFTA": 481.0,
    "OFTM": 353.0,
    "OOR": 212.0,
    "OPF": 346.0,
    "OScore": 1518.0,
    "OStl": 118.0,
    "OTO": 295.0,
    "Oastr": 0.142294446392114,
    "Ocomprank": 296,
    "Ocorrdastr": 0.16016151382754595,
    "Ocorrdeff": 104.9053732775859,
    "Ocorrdeffrank": 317,
    "Ocorrdefgp": 0.5337687531210801,
    "Ocorrdftr": 0.36065677528436274,
    "Ocorrdorbp": 0.28656587100145636,
    "Ocorrdtovr": 0.17568816207299234,
    "Ocorroastr": 0.13585627837991845,
    "Ocorroeff": 101.05064330753326,
    "Ocorroeffrank": 244,
    "Ocorroefgp": 0.49077400723432807,
    "Ocorroftr": 0.308520138693254,
    "Ocorroorbp": 0.2800648002756193,
    "Ocorrotovr": 0.16144938699486394,
    "Oeff": 104.57138133421509,
    "Oefgp": 0.503457216940363,
    "Oftr": 0.4157303370786517,
    "Oneteff": -3.854729970052631,
    "Oneteffrank": 293,
    "Oorbp": 0.3328100470957614,
    "Oposs": 1451.64,
    "Otovr": 0.17732201678247697,
    "SoR": 0.44818488149606095,
    "SoRrank": 132,
    "TAst": 265.0,
    "TBlk": 43.0,
    "TDR": 425.0,
    "TFGA": 1332.0,
    "TFGA3": 532.0,
    "TFGM": 563.0,
    "TFGM3": 193.0,
    "TFTA": 329.0,
    "TFTM": 221.0,
    "TOR": 230.0,
    "TPF": 400.0,
    "TScore": 1540.0,
    "TStl": 168.0,
    "TTO": 233.0,
    "Tastr": 0.13419352225080516,
    "Tcorrdastr": 0.14964680271417657,
    "Tcorrdastrrank": 237,
    "Tcorrdeff": 105.6474326799793,
    "Tcorrdeffrank": 248,
    "Tcorrdefgp": 0.5165050488168678,
    "Tcorrdefgprank": 222,
    "Tcorrdftr": 0.4267043774909789,
    "Tcorrdftrrank": 346,
    "Tcorrdorbp": 0.3188608385395904,
    "Tcorrdorbprank": 320,
    "Tcorrdtovr": 0.174638087988412,
    "Tcorrdtovrrank": 77,
    "Tcorroastr": 0.11961237625409113,
    "Tcorroastrrank": 326,
    "Tcorroeff": 101.28998638824244,
    "Tcorroeffrank": 190,
    "Tcorroefgp": 0.46712932613359476,
    "Tcorroefgprank": 311,
    "Tcorroftr": 0.21762875347672211,
    "Tcorroftrrank": 358,
    "Tcorroorbp": 0.29763535221063697,
    "Tcorroorbprank": 95,
    "Tcorrotovr": 0.12327092773861563,
    "Tcorrotovrrank": 7,
    "Teff": 104.07093042114937,
    "Tefgp": 0.49512012012012013,
    "Tftr": 0.246996996996997,
    "Tneteff": -4.3574462917368635,
    "Tneteffrank": 219,
    "Torbp": 0.3168044077134986,
    "Tposs": 1479.76,
    "Ttovr": 0.1362764364589182,
    "closses": 3,
    "confplace": 2,
    "cwins": 6,
    "dates": [
        [
            11,
            7
        ],
        [
            11,
            12
        ],
        [
            11,
            14
        ],
        [
            11,
            17
        ],
        [
            11,
            26
        ],
        [
            11,
            27
        ],
        [
            12,
            1
        ],
        [
            12,
            4
        ],
        [
            12,
            10
        ],
        [
            12,
            17
        ],
        [
            12,
            20
        ],
        [
            12,
            27
        ],
        [
            12,
            31
        ],
        [
            1,
            5
        ],
        [
            1,
            7
        ],
        [
            1,
            12
        ],
        [
            1,
            14
        ],
        [
            1,
            19
        ],
        [
            1,
            21
        ],
        [
            1,
            26
        ],
        [
            1,
            28
        ]
    ],
    "geff": [
        [
            74.87775061124695,
            112.86332714904142
        ],
        [
            107.23431498079384,
            117.66712141882674
        ],
        [
            96.2116656644618,
            92.81084266352387
        ],
        [
            107.82501540357363,
            101.08630054315027
        ],
        [
            93.67088607594937,
            82.78976417461114
        ],
        [
            104.79951397326852,
            100.30395136778115
        ],
        [
            128.78787878787878,
            129.79989183342346
        ],
        [
            110.46817464492372,
            110.21505376344085
        ],
        [
            122.97297297297297,
            108.50178359096314
        ],
        [
            81.69203222918532,
            127.96649604467193
        ],
        [
            79.15567282321899,
            95.33201840894148
        ],
        [
            86.7244829886591,
            106.88042752171008
        ],
        [
            85.55684454756381,
            95.75721862109606
        ],
        [
            115.47690461907618,
            131.956397016638
        ],
        [
            103.15533980582524,
            72.55139056831923
        ],
        [
            118.66666666666667,
            96.59969088098919
        ],
        [
            84.08969567538708,
            112.44158878504672
        ],
        [
            118.18181818181819,
            110.29411764705883
        ],
        [
            127.02078521939954,
            95.70082449941107
        ],
        [
            115.16853932584269,
            92.2671353251318
        ],
        [
            118.69436201780414,
            97.3053892215569
        ]
    ],
    "losses": 8,
    "nOT": [
        0,
        0,
        0,
        0,
        1,
        0,
        0,
        0,
        0,
        0,
        0,
        0,
        0,
        0,
        0,
        0,
        0,
        1,
        0,
        0,
        0
    ],
    "pace": 67.93826598166895,
    "poss": [
        [
            65.44,
            64.68
        ],
        [
            62.480000000000004,
            58.64
        ],
        [
            66.52000000000001,
            67.88
        ],
        [
            64.92,
            66.28
        ],
        [
            79.0,
            79.72
        ],
        [
            65.84,
            65.8
        ],
        [
            79.2,
            73.96000000000001
        ],
        [
            76.04,
            74.4
        ],
        [
            74.0,
            67.28
        ],
        [
            89.36,
            85.96000000000001
        ],
        [
            60.64,
            60.84
        ],
        [
            59.96,
            59.88
        ],
        [
            68.96,
            67.88
        ],
        [
            66.68,
            69.72
        ],
        [
            65.92,
            66.16
        ],
        [
            75.0,
            77.64
        ],
        [
            74.92,
            68.48
        ],
        [
            77.0,
            73.44
        ],
        [
            69.28,
            67.92
        ],
        [
            71.2,
            68.28
        ],
        [
            67.4,
            66.8
        ]
    ],
    "preseason_pace": 71.2592488576731,
    "preseason_pred": -13.648934429090978,
    "preseason_predd": 110.39611783461217,
    "preseason_predo": 96.74718340552118,