{
    "CompRank": 103,
    "CompositeDef": 99.97517725061435,
    "CompositeOff": 107.72347491937315,
    "CompositePace": 69.4502228774383,
    "CompositeRating": 7.748297668751866,
    "HA": [
        "A",
        "H",
        "A",
        "H",
        "A",
        "H",
        "A",
        "H",
        "N",
        "H",
        "H",
        "A",
        "A",
        "H",
        "A",
        "H",
        "H",
        "H",
        "A",
        "A",
        "A",
        "H"
    ],
    "Name": "louisiana-tech",
    "OAst": 287.0,
    "OAvgCompRat": -0.9265459691994085,
    "OBlk": 62.0,
    "ODR": 582.0,
    "OFGA": 1303.0,
    "OFGA3": 501.0,
    "OFGM": 552.0,
    "OFGM3": 171.0,
    "OFTA": 358.0,
    "OFTM": 261.0,
    "OOR": 227.0,
    "OPFwins": 384.0,
    "OScore": 1536.0,
    "OStl": 132.0,
    "OTO": 307.0,
    "Oastr": 0.13969199618402353,
    "Ocomprank": 190,
    "Ocorrdastr": 0.1437865027611557,
    "Ocorrdeff": 103.03107021965064,
    "Ocorrdeffrank": 193,
    "Ocorrdefgp": 0.5026125838655717,
    "Ocorrdftr": 0.30980165739183163,
    "Ocorrdorbp": 0.28335158223196344,
    "Ocorrdtovr": 0.16732228740297764,
    "Ocorroastr": 0.13844082304191505,
    "Ocorroeff": 102.17325787331102,
    "Ocorroeffrank": 191,
    "Ocorroefgp": 0.4987820806277199,
    "Ocorroftr": 0.28592415183372083,
    "Ocorroorbp": 0.2841404571456635,
    "Ocorrotovr": 0.1611362051275925,
    "Oeff": 99.70659257912912,
    "Oefgp": 0.4892555640828857,
    "Oftr": 0.2747505755947813,
    "Oneteff": -0.8578123463396281,
    "Oneteffrank": 191,
    "Oorbp": 0.2819875776397516,
    "Oposs": 1540.52,
    "Otovr": 0.17368968950846383,
    "SoR": 9.258702032958144,
    "SoRrank": 91,
    "TAst": 308.0,
    "TBlk": 43.0,
    "TDR": 578.0,
    "TFGA": 1305.0,
    "TFGA3": 544.0,
    "TFGM": 587.0,
    "TFGM3": 187.0,
    "TFTA": 419.0,
    "TFTM": 304.0,
    "TOR": 205.0,
    "TPF": 327.0,
    "TScore": 1665.0,
    "TStl": 149.0,
    "TTO": 252.0,
    "Tastr": 0.15029082250068312,
    "Tcorrdastr": 0.14224187842716393,
    "Tcorrdastrrank": 194,
    "Tcorrdeff": 100.1054268735729,
    "Tcorrdeffrank": 128,
    "Tcorrdefgp": 0.49059654684483056,
    "Tcorrdefgprank": 136,
    "Tcorrdftr": 0.29353818949694965,
    "Tcorrdftrrank": 162,
    "Tcorrdorbp": 0.2804143868665045,
    "Tcorrdorbprank": 174,
    "Tcorrdtovr": 0.17769676020953173,
    "Tcorrdtovrrank": 91,
    "Tcorroastr": 0.14730128828390088,
    "Tcorroastrrank": 133,
    "Tcorroeff": 107.88873985389631,
    "Tcorroeffrank": 82,
    "Tcorroefgp": 0.5188379159285804,
    "Tcorroefgprank": 109,
    "Tcorroftr": 0.31741173896648417,
    "Tcorroftrrank": 145,
    "Tcorroorbp": 0.2602454968517917,
    "Tcorroorbprank": 244,
    "Tcorrotovr": 0.14252737945119642,
    "Tcorrotovrrank": 47,
    "Teff": 108.37303756931968,
    "Tefgp": 0.521455938697318,
    "Tftr": 0.3210727969348659,
    "Tneteff": 7.783312980323416,
    "Tneteffrank": 103,
    "Torbp": 0.2604828462515883,
    "Tposs": 1536.3600000000001,
    "Ttovr": 0.1447144760417145,
    "closses": 4,
    "confplace": 4,
    "cwins": 9,
    "dates": [
        [
            11,
            9
        ],
        [
            11,
            12
        ],
        [
            11,
            19
        ],
        [
            11,
            24
        ],
        [
            11,
            27
        ],
        [
            12,
            1
        ],
        [
            12,
            4
        ],
        [
            12,
            11
        ],
        [
            12,
            18
        ],
        [
            12,
            30
        ],
        [
            1,
            1
        ],
        [
            1,
            6
        ],
        [
            1,
            8
        ],
        [
            1,
            13
        ],
        [
            1,
            16
        ],
        [
            1,
            22
        ],
        [
            1,
            27
        ],
        [
            1,
            29
        ],
        [
            2,
            3
        ],
        [
            2,
            5
        ],
        [
            2,
            10
        ],
        [
            2,
            17
        ]
    ],
    "geff": [
        [
            90.96077316657191,
            128.95174708818635
        ],
        [
            97.65624999999999,
            92.7947598253275
        ],
        [
            117.03327693175409,
            92.11283822682786
        ],
        [
            131.36288998357963,
            99.35553168635874
        ],
        [
            117.5275681950087,
            131.65593914569925
        ],
        [
            123.02036199095024,
            85.03401360544217
        ],
        [
            111.87607573149742,
            110.29411764705883
        ],
        [
            107.49724366041896,
            97.2378804960541
        ],
        [
            80.87400681044268,
            95.15570934256056
        ],
        [
            110.64425770308122,
            78.08142777467931
        ],
        [
            107.55813953488372,
            102.41301907968574
        ],
        [
            90.24252679075013,
            73.03370786516854
        ],
        [
            117.41973840665874,
            94.5945945945946
        ],
        [
            118.3431952662722,
            82.51302837290099
        ],
        [
            114.87303506650545,
            90.69631363370392
        ],
        [
            99.73753280839895,
            111.31974248927038
        ],
        [
            121.06537530266344,
            93.52731591448931
        ],
        [
            107.93871866295265,
            111.30742049469964
        ],
        [
            103.39943342776205,
            118.77504293073842
        ],
        [
            120.17887087758524,
            113.07225592939879
        ],
        [
            118.42865395725015,
            108.02469135802468
        ],
        [
            80.38585209003216,
            85.73761567773543
        ]
    ],
    "losses": 7,
    "nOT": [
        0,
        0,
        0,
        0,
        0,
        0,
        0,
        0,
        0,
        0,
        0,
        0,
        0,
        0,
        0,
        0,
        0,
        0,
        0,
        0,
        0,
        0
    ],
    "pace": 69.43201435096994,
    "poss": [
        [
            70.36,
            72.12
        ],
        [
            71.68,
            73.28
        ],
        [
            70.92,
            69.48
        ],
        [
            73.08,
            74.48
        ],
        [
            68.92,
            68.36
        ],
        [
            70.72,
            70.56
        ],
        [
            69.72,
            68.0
        ],
        [
            72.56,
            70.96000000000001
        ],
        [
            70.48,
            69.36
        ],
        [
            71.4,
            71.72
        ],
        [
            68.8,
            71.28
        ],
        [
            70.92,
            71.2
        ],
        [
            67.28,
            66.6
        ],
        [
            67.6,
            69.08
        ],
        [
            66.16,
            68.36
        ],
        [
            76.2,
            74.56
        ],
        [
            66.08,
            67.36
        ],
        [
            57.44,
            56.6
        ],
        [
            70.6,
            69.88
        ],
        [
            71.56,
            72.52
        ],
        [
            69.24,
            71.28
        ],
        [
            74.64,
            73.48
        ]
    ],
    "preseason_pace": 70.06378952433408,
    "preseason_pred": 6.568398386495877,
    "preseason_predd": 95.58619912232145,
    "preseason_predo": 102.15459750905733,