{
    "CompRank": 92,
    "CompositeDef": 99.01444507248509,
    "CompositeOff": 107.39238453894933,
    "CompositePace": 68.70281188940535,
    "CompositeRating": 8.377939466464237,
    "HA": [
        "H",
        "H",
        "H",
        "N",
        "N",
        "H",
        "A",
        "A",
        "H",
        "H",
        "H",
        "H",
        "H",
        "H",
        "A",
        "A",
        "H",
        "H",
        "A",
        "A",
        "H",
        "A",
        "H"
    ],
    "OAst": 416.0,
    "OAvgCompRat": 1.428573648719645,
    "OBlk": 60.0,
    "ODR": 499.0,
    "OFGA": 1401.0,
    "OFGA3": 644.0,
    "OFGM": 585.0,
    "OFGM3": 220.0,
    "OFTA": 344.0,
    "OFTM": 233.0,
    "OOR": 233.0,
    "OPF": 375.0,
    "OScore": 1623.0,
    "OStl": 148.0,
    "OTO": 287.0,
    "Oastr": 0.18444948921679907,
    "Ocomprank": 115,
    "Ocorrdastr": 0.14392879295170005,
    "Ocorrdeff": 102.16568684700785,
    "Ocorrdeffrank": 176,
    "Ocorrdefgp": 0.498191438848057,
    "Ocorrdftr": 0.2663957505071344,
    "Ocorrdorbp": 0.2582352328321658,
    "Ocorrdtovr": 0.15511045499471388,
    "Ocorroastr": 0.15105218730955763,
    "Ocorroeff": 104.27590399624275,
    "Ocorroeffrank": 80,
    "Ocorroefgp": 0.5222076321001975,
    "Ocorroftr": 0.3246389291364052,
    "Ocorroorbp": 0.25326726374837266,
    "Ocorrotovr": 0.14952853447917833,
    "Oeff": 101.03588236758883,
    "Oefgp": 0.49607423269093504,
    "Oftr": 0.24553890078515347,
    "Oneteff": 2.1102171492348987,
    "Oneteffrank": 116,
    "Oorbp": 0.30103359173126615,
    "Oposs": 1606.3600000000001,
    "Otovr": 0.15603253305497564,
    "SoR": 0.4977601209564475,
    "SoRrank": 130,
    "TAst": 343.0,
    "TBlk": 128.0,
    "TDR": 541.0,
    "TFGA": 1355.0,
    "TFGA3": 398.0,
    "TFGM": 637.0,
    "TFGM3": 145.0,
    "TFTA": 403.0,
    "TFTM": 293.0,
    "TOR": 199.0,
    "TPF": 323.0,
    "TScore": 1712.0,
    "TStl": 178.0,
    "TTO": 262.0,
    "Tastr": 0.16048135047629744,
    "Tcorrdastr": 0.1745104247778361,
    "Tcorrdastrrank": 347,
    "Tcorrdeff": 98.96398431544453,
    "Tcorrdeffrank": 117,
    "Tcorrdefgp": 0.47840781279610517,
    "Tcorrdefgprank": 93,
    "Tcorrdftr": 0.23953665460672358,
    "Tcorrdftrrank": 27,
    "Tcorrdorbp": 0.3188365145149423,
    "Tcorrdorbprank": 320,
    "Tcorrdtovr": 0.1657209033705536,
    "Tcorrdtovrrank": 123,
    "Tcorroastr": 0.15922835903622326,
    "Tcorroastrrank": 68,
    "Tcorroeff": 107.29866472604411,
    "Tcorroeffrank": 85,
    "Tcorroefgp": 0.5294147448109338,
    "Tcorroefgprank": 88,
    "Tcorroftr": 0.3548087767599923,
    "Tcorroftrrank": 74,
    "Tcorroorbp": 0.2971403874600533,
    "Tcorroorbprank": 98,
    "Tcorrotovr": 0.14941775908228347,
    "Tcorrotovrrank": 118,
    "Teff": 107.31389313742697,
    "Tefgp": 0.5236162361623616,
    "Tftr": 0.2974169741697417,
    "Tneteff": 8.334680410599574,
    "Tneteffrank": 93,
    "Torbp": 0.2851002865329513,
    "Tposs": 1595.32,
    "Ttovr": 0.14601631815952562,
    "closses": 6,
    "confplace": 8,
    "cwins": 6,
    "dates": [
        [
            11,
            7
        ],
        [
            11,
            15
        ],
        [
            11,
            19
        ],
        [
            11,
            21
        ],
        [
            11,
            23
        ],
        [
            11,
            26
        ],
        [
            11,
            29
        ],
        [
            12,
            3
        ],
        [
            12,
            6
        ],
        [
            12,
            10
        ],
        [
            12,
            12
        ],
        [
            12,
            17
        ],
        [
            12,
            20
        ],
        [
            12,
            31
        ],
        [
            1,
            3
        ],
        [
            1,
            7
        ],
        [
            1,
            11
        ],
        [
            1,
            14
        ],
        [
            1,
            16
        ],
        [
            1,
            21
        ],
        [
            1,
            24
        ],
        [
            1,
            28
        ],
        [
            1,
            30
        ]
    ],
    "geff": [
        [
            120.57877813504822,
            96.35974304068523
        ],
        [
            93.66391184573004,
            115.80775911986103
        ],
        [
            112.02830188679245,
            66.00660066006601
        ],
        [
            112.39368165249088,
            107.64099454214677
        ],
        [
            89.70358814352574,
            97.13701431492844
        ],
        [
            102.0408163265306,
            107.16382853787434
        ],
        [
            66.18531889290011,
            103.28239954725522
        ],
        [
            105.5139550714772,
            101.32890365448505
        ],
        [
            117.16822890971879,
            85.58091286307054
        ],
        [
            121.62954279015241,
            90.09009009009009
        ],
        [
            129.67430639324488,
            110.24844720496894
        ],
        [
            109.79729729729729,
            85.2734163508392
        ],
        [
            107.89473684210526,
            114.69142545057346
        ],
        [
            110.33519553072627,
            89.97785160575859
        ],
        [
            98.59154929577464,
            96.63865546218487
        ],
        [
            96.20991253644316,
            111.14494518879414
        ],
        [
            111.29207383279044,
            95.7956359765833
        ],
        [
            130.173564753004,
            123.3108108108108
        ],
        [
            110.66969353007944,
            121.80629827688652
        ],
        [
            125.15644555694618,
            91.78321678321679
        ],
        [
            96.70079635949944,
            95.84664536741214
        ],
        [
            102.10035005834305,
            122.1264367816092
        ],
        [
            101.77281680892975,
            107.02875399361022
        ]
    ],
    "losses": 10,
    "nOT": [
        0,
        0,
        0,
        1,
        1,
        0,
        0,
        0,
        0,
        0,
        0,
        0,
        0,
        0,
        0,
        0,
        0,
        0,
        0,
        0,
        0,
        0,
        0
    ],
    "pace": 68.69099007396073,
    "poss": [
        [
            74.64,
            74.72
        ],
        [
            72.6,
            69.08
        ],
        [
            67.84,
            72.72
        ],
        [
            65.84,
            65.96
        ],
        [
            76.92,
            78.24
        ],
        [
            70.56,
            68.12
        ],
        [
            66.48,
            70.68
        ],
        [
            58.76,
            60.2
        ],
        [
            81.08,
            77.12
        ],
        [
            68.24,
            71.04
        ],
        [
            66.32,
            64.4
        ],
        [
            71.04,
            73.88
        ],
        [
            76.0,
            73.24
        ],
        [
            71.6,
            72.24
        ],
        [
            71.0,
            71.4
        ],
        [
            68.6,
            65.68
        ],
        [
            73.68,
            75.16
        ],
        [
            59.92,
            59.2
        ],
        [
            70.48,
            67.32
        ],
        [
            63.92,
            68.64
        ],
        [
            70.32,
            75.12
        ],
        [
            68.56,
            69.6
        ],
        [
            60.92,
            62.6
        ]
    ],
    "preseason_pace": 69.24804386922445,
    "preseason_pred": 10.373083172155711,
    "preseason_predd": 101.34173723782638,