{
    "CompRank": 138,
    "CompositeDef": 105.38227633005447,
    "CompositeOff": 107.95632752755039,
    "CompositePace": 70.67884906272754,
    "CompositeRating": 2.5740511974959235,
    "HA": [
        "H",
        "H",
        "H",
        "N",
        "N",
        "H",
        "A",
        "A",
        "H",
        "H",
        "N",
        "H",
        "H",
        "A",
        "H",
        "A",
        "H",
        "H",
        "A",
        "H"
    ],
    "OAst": 276.0,
    "OAvgCompRat": 4.929986689954593,
    "OBlk": 65.0,
    "ODR": 493.0,
    "OFGA": 1232.0,
    "OFGA3": 476.0,
    "OFGM": 564.0,
    "OFGM3": 163.0,
    "OFTA": 372.0,
    "OFTM": 268.0,
    "OOR": 168.0,
    "OPF": 358.0,
    "OScore": 1559.0,
    "OStl": 156.0,
    "OTO": 192.0,
    "Oastr": 0.1480940934065934,
    "Ocomprank": 42,
    "Ocorrdastr": 0.13744916851381697,
    "Ocorrdeff": 101.90026956100988,
    "Ocorrdeffrank": 37,
    "Ocorrdefgp": 0.48634455725142045,
    "Ocorrdftr": 0.31496223825580444,
    "Ocorrdorbp": 0.26969944152450864,
    "Ocorrdtovr": 0.15833194269195713,
    "Ocorroastr": 0.15476113974910594,
    "Ocorroeff": 109.6883991795841,
    "Ocorroeffrank": 43,
    "Ocorroefgp": 0.534004606041984,
    "Ocorroftr": 0.341920005655879,
    "Ocorroorbp": 0.30211578099539904,
    "Ocorrotovr": 0.14472621732776642,
    "Oeff": 109.8134790938803,
    "Oefgp": 0.5239448051948052,
    "Oftr": 0.30194805194805197,
    "Oneteff": 7.788129618574217,
    "Oneteffrank": 37,
    "Oorbp": 0.24347826086956523,
    "Oposs": 1419.68,
    "Otovr": 0.12093117000906983,
    "SoR": 0.049977510162069194,
    "SoRrank": 133,
    "TAst": 271.0,
    "TBlk": 52.0,
    "TDR": 522.0,
    "TFGA": 1208.0,
    "TFGA3": 404.0,
    "TFGM": 547.0,
    "TFGM3": 126.0,
    "TFTA": 402.0,
    "TFTM": 277.0,
    "TOR": 190.0,
    "TPF": 267.0,
    "TScore": 1497.0,
    "TStl": 94.0,
    "TTO": 247.0,
    "Tastr": 0.1424157067182376,
    "Tcorrdastr": 0.13960707012880968,
    "Tcorrdastrrank": 114,
    "Tcorrdeff": 105.84014506170388,
    "Tcorrdeffrank": 177,
    "Tcorrdefgp": 0.49792750568108024,
    "Tcorrdefgprank": 139,
    "Tcorrdftr": 0.29609564602663035,
    "Tcorrdftrrank": 103,
    "Tcorrdorbp": 0.23203488653657553,
    "Tcorrdorbprank": 14,
    "Tcorrdtovr": 0.12539932237870696,
    "Tcorrdtovrrank": 323,
    "Tcorroastr": 0.15119496576819574,
    "Tcorroastrrank": 137,
    "Tcorroeff": 107.72791057094436,
    "Tcorroeffrank": 141,
    "Tcorroefgp": 0.5271250261970433,
    "Tcorroefgprank": 117,
    "Tcorroftr": 0.3552687499081539,
    "Tcorroftrrank": 120,
    "Tcorroorbp": 0.2977293227562764,
    "Tcorroorbprank": 159,
    "Tcorrotovr": 0.14342919410456242,
    "Tcorrotovrrank": 138,
    "Teff": 103.82278691708046,
    "Tefgp": 0.5049668874172185,
    "Tftr": 0.33278145695364236,
    "Tneteff": 1.8877655092404808,
    "Tneteffrank": 146,
    "Torbp": 0.2781844802342606,
    "Tposs": 1441.88,
    "Ttovr": 0.15135916856631615,
    "closses": 6,
    "confplace": 12,
    "cwins": 3,
    "dates": [
        [
            11,
            4
        ],
        [
            11,
            12
        ],
        [
            11,
            16
        ],
        [
            11,
            21
        ],
        [
            11,
            22
        ],
        [
            11,
            27
        ],
        [
            12,
            3
        ],
        [
            12,
            7
        ],
        [
            12,
            10
        ],
        [
            12,
            14
        ],
        [
            12,
            21
        ],
        [
            12,
            28
        ],
        [
            12,
            31
        ],
        [
            1,
            4
        ],
        [
            1,
            7
        ],
        [
            1,
            11
        ],
        [
            1,
            14
        ],
        [
            1,
            18
        ],
        [
            1,
            22
        ],
        [
            1,
            25
        ]
    ],
    "geff": [
        [
            109.35910478128179,
            104.96671786994366
        ],
        [
            104.93477027793534,
            101.63749294184076
        ],
        [
            115.91618368256799,
            104.16666666666666
        ],
        [
            95.76320371445154,
            104.22870756402621
        ],
        [
            106.75129832660129,
            119.2632850241546
        ],
        [
            105.39845758354757,
            96.93053311793214
        ],
        [
            99.65831435079726,
            134.15315818893237
        ],
        [
            94.73060982830077,
            103.16985645933015
        ],
        [
            139.8793198025233,
            119.11434977578476
        ],
        [
            98.94091415830546,
            107.38831615120274
        ],
        [
            81.21277747698971,
            116.55948553054662
        ],
        [
            102.57111597374178,
            89.23512747875355
        ],
        [
            94.56579648375067,
            110.29411764705883
        ],
        [
            103.52546166759932,
            129.2360712234348
        ],
        [
            83.829096809086,
            76.55902004454343
        ],
        [
            120.28014616321558,
            106.28742514970061
        ],
        [
            85.96392333709132,
            123.47472399767577
        ],
        [
            105.53728070175437,
            100.11607661056297
        ],
        [
            113.13639220615964,
            135.9898798228969
        ],
        [
            114.56371625863152,
            119.86301369863014
        ]
    ],
    "losses": 11,
    "nOT": [
        0,
        0,
        2,
        0,
        0,
        0,
        0,
        0,
        0,
        0,
        0,
        0,
        0,
        0,
        0,
        0,
        0,
        0,
        0,
        0
    ],
    "pace": 70.70483838976713,
    "poss": [
        [
            78.64,
            78.12
        ],
        [
            70.52,
            70.84
        ],
        [
            89.72,
            91.2
        ],
        [
            68.92,
            67.16
        ],
        [
            69.32,
            66.24
        ],
        [
            77.8,
            74.28
        ],
        [
            70.24000000000001,
            71.56
        ],
        [
            67.56,
            66.88
        ],
        [
            72.92,
            71.36
        ],
        [
            71.76,
            69.84
        ],
        [
            73.88,
            74.64
        ],
        [
            73.12,
            70.6
        ],
        [
            75.08,
            73.44
        ],
        [
            71.48,
            69.64
        ],
        [
            73.96,
            71.84
        ],
        [
            65.68,
            66.8
        ],
        [
            70.96000000000001,
            68.84
        ],
        [
            72.96000000000001,
            68.92
        ],
        [
            63.64,
            63.239999999999995
        ],
        [
            63.72,
            64.24
        ]
    ],
    "preseason_pace": 70.16469354279427,
    "preseason_pred": 16.151069730149423,
    "preseason_predd": 96.3241065889235,
    "preseason_predo": 112.47517631907292,
    "schedule": [
        "le-moyne",
        "colgate",
        "youngstown-state",
        "texas",
        "texas-tech",
        "cornell",
        "tennessee",
        "notre-dame",
        "albany-ny",
        "georgetown",
        "maryland",
        "bucknell",
        "wake-forest",
        "florida-state",
        "georgia-tech",
        "boston-college",
        "louisville",
        "notre-dame",
        "clemson",
        "pittsburgh"
    ],