{
    "CompRank": 56,
    "CompositeDef": 94.14501252415344,
    "CompositeOff": 108.07408549810059,
    "CompositePace": 64.28335729296646,
    "CompositeRating": 13.929072973947143,
    "HA": [
        "H",
        "H",
        "H",
        "H",
        "N",
        "N",
        "N",
        "H",
        "H",
        "A",
        "H",
        "A",
        "H",
        "H",
        "A",
        "H",
        "A",
        "H",
        "A",
        "H",
        "H",
        "A",
        "A",
        "H",
        "H",
        "A",
        "A",
        "H",
        "A",
        "A",
        "H"
    ],
    "Name": "dayton",
    "OAst": 375.0,
    "OAvgCompRat": 1.2050553132614377,
    "OBlk": 119.0,
    "ODR": 623.0,
    "OFGA": 1684.0,
    "OFGA3": 634.0,
    "OFGM": 691.0,
    "OFGM3": 210.0,
    "OFTA": 398.0,
    "OFTM": 286.0,
    "OOR": 201.0,
    "OPFwins": 500.0,
    "OScore": 1878.0,
    "OStl": 190.0,
    "OTO": 332.0,
    "Oastr": 0.14613502096550435,
    "Ocomprank": 128,
    "Ocorrdastr": 0.14087767629940137,
    "Ocorrdeff": 100.25850588400107,
    "Ocorrdeffrank": 120,
    "Ocorrdefgp": 0.49063231320499123,
    "Ocorrdftr": 0.29838476129500335,
    "Ocorrdorbp": 0.26504286799837984,
    "Ocorrdtovr": 0.16335845136506089,
    "Ocorroastr": 0.14834828437022118,
    "Ocorroeff": 101.84717614398505,
    "Ocorroeffrank": 156,
    "Ocorroefgp": 0.5099533583905581,
    "Ocorroftr": 0.30690263851503796,
    "Ocorroorbp": 0.25749905001514906,
    "Ocorrotovr": 0.15513821778238004,
    "Oeff": 94.36616887423874,
    "Oefgp": 0.47268408551068886,
    "Oftr": 0.23634204275534443,
    "Oneteff": 1.588670259983985,
    "Oneteffrank": 127,
    "Oorbp": 0.21047120418848167,
    "Oposs": 1990.12,
    "Otovr": 0.15152068348607106,
    "SoR": 38.86629730715914,
    "SoRrank": 64,
    "TAst": 447.0,
    "TBlk": 118.0,
    "TDR": 754.0,
    "TFGA": 1660.0,
    "TFGA3": 566.0,
    "TFGM": 791.0,
    "TFGM3": 211.0,
    "TFTA": 512.0,
    "TFTM": 349.0,
    "TOR": 249.0,
    "TPF": 431.0,
    "TScore": 2142.0,
    "TStl": 182.0,
    "TTO": 372.0,
    "Tastr": 0.16529353469315308,
    "Tcorrdastr": 0.13980217948780185,
    "Tcorrdastrrank": 166,
    "Tcorrdeff": 94.14501252415344,
    "Tcorrdeffrank": 54,
    "Tcorrdefgp": 0.46427259342235155,
    "Tcorrdefgprank": 61,
    "Tcorrdftr": 0.23555428441302143,
    "Tcorrdftrrank": 37,
    "Tcorrdorbp": 0.21478690503478862,
    "Tcorrdorbprank": 36,
    "Tcorrdtovr": 0.15337541173485963,
    "Tcorrdtovrrank": 191,
    "Tcorroastr": 0.16643550829570297,
    "Tcorroastrrank": 39,
    "Tcorroeff": 108.07408549810059,
    "Tcorroeffrank": 71,
    "Tcorroefgp": 0.5512554969093049,
    "Tcorroefgprank": 35,
    "Tcorroftr": 0.3169952414465069,
    "Tcorroftrrank": 148,
    "Tcorroorbp": 0.28353747525183,
    "Tcorroorbprank": 112,
    "Tcorrotovr": 0.15845014074134267,
    "Tcorrotovrrank": 185,
    "Teff": 106.6584340828968,
    "Tefgp": 0.5400602409638554,
    "Tftr": 0.30843373493975906,
    "Tneteff": 13.929072973947143,
    "Tneteffrank": 56,
    "Torbp": 0.2855504587155963,
    "Tposs": 2008.28,
    "Ttovr": 0.16480011341083076,
    "closses": 4,
    "confplace": 2,
    "cwins": 14,
    "dates": [
        [
            11,
            9
        ],
        [
            11,
            13
        ],
        [
            11,
            17
        ],
        [
            11,
            20
        ],
        [
            11,
            25
        ],
        [
            11,
            26
        ],
        [
            11,
            28
        ],
        [
            12,
            1
        ],
        [
            12,
            4
        ],
        [
            12,
            8
        ],
        [
            12,
            12
        ],
        [
            12,
            18
        ],
        [
            12,
            21
        ],
        [
            1,
            5
        ],
        [
            1,
            8
        ],
        [
            1,
            11
        ],
        [
            1,
            15
        ],
        [
            1,
            18
        ],
        [
            1,
            22
        ],
        [
            1,
            25
        ],
        [
            1,
            28
        ],
        [
            2,
            2
        ],
        [
            2,
            5
        ],
        [
            2,
            9
        ],
        [
            2,
            12
        ],
        [
            2,
            14
        ],
        [
            2,
            19
        ],
        [
            2,
            23
        ],
        [
            2,
            26
        ],
        [
            3,
            1
        ],
        [
            3,
            5
        ]
    ],
    "geff": [
        [
            104.71204188481676,
            88.69908015768725
        ],
        [
            96.28154050464808,
            90.82512315270937
        ],
        [
            91.50124069478908,
            120.51915945611867
        ],
        [
            105.96546310832025,
            120.36524626452683
        ],
        [
            113.36515513126493,
            89.179548156956
        ],
        [
            108.25043885313049,
            114.42006269592477
        ],
        [
            105.84677419354838,
            96.03274559193954
        ],
        [
            133.08528906697197,
            79.88165680473374
        ],
        [
            117.2106824925816,
            61.85878092939046
        ],
        [
            97.73371104815865,
            114.10788381742738
        ],
        [
            96.51307596513075,
            86.15477629987909
        ],
        [
            94.54949944382648,
            109.76314269208548
        ],
        [
            105.44009779951101,
            87.15862870424172
        ],
        [
            86.84034736138945,
            85.64964447317388
        ],
        [
            111.67922497308935,
            81.73618940248028
        ],
        [
            107.18789407313997,
            98.00871188550093
        ],
        [
            117.41682974559687,
            86.37873754152824
        ],
        [
            115.96180081855388,
            86.44536652835407
        ],
        [
            74.2874469375379,
            84.9762066621346
        ],
        [
            98.83720930232559,
            89.60047003525264
        ],
        [
            80.4004854368932,
            77.17917675544794
        ],
        [
            127.80548628428929,
            85.19003931847969
        ],
        [
            99.80366492146597,
            117.57021554539516
        ],
        [
            134.79511143062544,
            97.26224783861672
        ],
        [
            120.26458208057726,
            79.74010632014176
        ],
        [
            97.22222222222223,
            88.84039900249377
        ],
        [
            113.84615384615384,
            99.23175416133162
        ],
        [
            139.6457765667575,
            104.45205479452055
        ],
        [
            98.10333551340746,
            103.05851063829788
        ],
        [
            83.38386901152212,
            81.18872549019608
        ],
        [
            136.12217795484727,
            120.78830260648442
        ]
    ],
    "losses": 9,
    "nOT": [
        0,
        0,
        0,
        0,
        0,
        0,
        0,
        0,
        0,
        0,
        0,
        0,
        0,
        0,
        0,
        0,
        0,
        0,
        0,
        0,
        0,
        0,
        0,
        0,
        0,
        0,
        0,
        0,
        0,
        0,
        0
    ],
    "pace": 64.28335729296646,