{
    "CompRank": 18,
    "CompositeDef": 97.13795703364325,
    "CompositeOff": 120.08156520591989,
    "CompositePace": 64.07266432996546,
    "CompositeRating": 22.943608172276623,
    "HA": [
        "H",
        "A",
        "N",
        "N",
        "N",
        "H",
        "A",
        "H",
        "H",
        "A",
        "H",
        "H",
        "A",
        "H",
        "A",
        "H",
        "H",
        "A",
        "A",
        "H",
        "H",
        "A",
        "A",
        "H",
        "H"
    ],
    "OAst": 306.0,
    "OAvgCompRat": 3.630969313699308,
    "OBlk": 64.0,
    "ODR": 545.0,
    "OFGA": 1487.0,
    "OFGA3": 584.0,
    "OFGM": 607.0,
    "OFGM3": 180.0,
    "OFTA": 302.0,
    "OFTM": 213.0,
    "OOR": 249.0,
    "OPF": 300.0,
    "OScore": 1607.0,
    "OStl": 135.0,
    "OTO": 244.0,
    "Oastr": 0.14102162331557505,
    "Ocomprank": 89,
    "Ocorrdastr": 0.14033973171138728,
    "Ocorrdeff": 102.11238363262117,
    "Ocorrdeffrank": 72,
    "Ocorrdefgp": 0.4855311285023977,
    "Ocorrdftr": 0.3314999767067876,
    "Ocorrdorbp": 0.27576170213751383,
    "Ocorrdtovr": 0.15608015184078078,
    "Ocorroastr": 0.14498484713538526,
    "Ocorroeff": 107.55539782515618,
    "Ocorroeffrank": 86,
    "Ocorroefgp": 0.5146396870880273,
    "Ocorroftr": 0.33803572548313043,
    "Ocorroorbp": 0.30117792310233327,
    "Ocorrotovr": 0.1412027503336385,
    "Oeff": 99.5120380461706,
    "Oefgp": 0.468728984532616,
    "Oftr": 0.203093476798924,
    "Oneteff": 5.443014192535003,
    "Oneteffrank": 79,
    "Oorbp": 0.2881944444444444,
    "Oposs": 1614.88,
    "Otovr": 0.13090971521771788,
    "SoR": 90.49040079350851,
    "SoRrank": 9,
    "TAst": 365.0,
    "TBlk": 103.0,
    "TDR": 615.0,
    "TFGA": 1321.0,
    "TFGA3": 584.0,
    "TFGM": 628.0,
    "TFGM3": 228.0,
    "TFTA": 503.0,
    "TFTM": 366.0,
    "TOR": 190.0,
    "TPF": 322.0,
    "TScore": 1850.0,
    "TStl": 132.0,
    "TTO": 230.0,
    "Tastr": 0.170774614938334,
    "Tcorrdastr": 0.13847087121178486,
    "Tcorrdastrrank": 143,
    "Tcorrdeff": 97.13701767336669,
    "Tcorrdeffrank": 50,
    "Tcorrdefgp": 0.4595032519439605,
    "Tcorrdefgprank": 40,
    "Tcorrdftr": 0.19921631485718386,
    "Tcorrdftrrank": 2,
    "Tcorrdorbp": 0.26688007362099175,
    "Tcorrdorbprank": 137,
    "Tcorrdtovr": 0.13755860321242216,
    "Tcorrdtovrrank": 250,
    "Tcorroastr": 0.1733686171322045,
    "Tcorroastrrank": 42,
    "Tcorroeff": 120.2045805957882,
    "Tcorroeffrank": 11,
    "Tcorroefgp": 0.5838078535386686,
    "Tcorroefgprank": 8,
    "Tcorroftr": 0.38201952125432276,
    "Tcorroftrrank": 61,
    "Tcorroorbp": 0.2620824777815115,
    "Tcorroorbprank": 227,
    "Tcorrotovr": 0.12337494673492655,
    "Tcorrotovrrank": 33,
    "Teff": 116.91693209970171,
    "Tefgp": 0.5616956850870553,
    "Tftr": 0.380772142316427,
    "Tneteff": 23.067562922421516,
    "Tneteffrank": 18,
    "Torbp": 0.2585034013605442,
    "Tposs": 1582.32,
    "Ttovr": 0.12977340435135867,
    "closses": 2,
    "confplace": 1,
    "cwins": 11,
    "dates": [
        [
            11,
            6
        ],
        [
            11,
            10
        ],
        [
            11,
            16
        ],
        [
            11,
            17
        ],
        [
            11,
            19
        ],
        [
            11,
            24
        ],
        [
            11,
            29
        ],
        [
            12,
            2
        ],
        [
            12,
            9
        ],
        [
            12,
            16
        ],
        [
            12,
            20
        ],
        [
            12,
            30
        ],
        [
            1,
            3
        ],
        [
            1,
            7
        ],
        [
            1,
            12
        ],
        [
            1,
            16
        ],
        [
            1,
            20
        ],
        [
            1,
            23
        ],
        [
            1,
            27
        ],
        [
            1,
            30
        ],
        [
            2,
            2
        ],
        [
            2,
            6
        ],
        [
            2,
            9
        ],
        [
            2,
            13
        ],
        [
            2,
            17
        ]
    ],
    "geff": [
        [
            102.14007782101167,
            75.07987220447284
        ],
        [
            114.58333333333333,
            122.83737024221453
        ],
        [
            108.22510822510822,
            104.23148724331051
        ],
        [
            121.68141592920355,
            112.62513904338154
        ],
        [
            91.60559626915389,
            115.92741935483872
        ],
        [
            119.49099937926754,
            100.87719298245614
        ],
        [
            105.86319218241043,
            94.7083583884546
        ],
        [
            123.7785016286645,
            76.15894039735099
        ],
        [
            124.62006079027356,
            102.69953051643193
        ],
        [
            131.83279742765274,
            101.43198090692123
        ],
        [
            148.7900588620013,
            106.41677255400253
        ],
        [
            130.173564753004,
            110.78998073217726
        ],
        [
            109.62241169305723,
            88.27049670855774
        ],
        [
            102.82776349614396,
            99.00990099009901
        ],
        [
            108.499095840868,
            90.9090909090909
        ],
        [
            111.53601019757807,
            98.36561743341404
        ],
        [
            152.86624203821657,
            98.53782581055309
        ],
        [
            105.5662188099808,
            86.81672025723472
        ],
        [
            95.80838323353294,
            101.17302052785924
        ],
        [
            121.98706643151087,
            87.7950489349453
        ],
        [
            125.08229098090848,
            113.56365962891876
        ],
        [
            131.13839285714283,
            110.4586129753915
        ],
        [
            77.15036112934996,
            80.96497025776603
        ],
        [
            124.750499001996,
            97.81167108753316
        ],
        [
            132.20338983050848,
            110.06289308176102
        ]
    ],
    "losses": 4,
    "nOT": [
        0,
        0,
        0,
        0,
        0,
        0,
        0,
        0,
        0,
        0,
        0,
        0,
        0,
        0,
        0,
        0,
        0,
        0,
        0,
        0,
        0,
        0,
        0,
        0,
        0
    ],
    "pace": 64.06551840259966,