{
    "CompRank": 55,
    "CompositeDef": 100.02653164589293,
    "CompositeOff": 116.9164575368747,
    "CompositePace": 64.51608221095417,
    "CompositeRating": 16.88992589098177,
    "HA": [
        "H",
        "H",
        "H",
        "H",
        "N",
        "N",
        "N",
        "H",
        "A",
        "H",
        "H",
        "H",
        "A",
        "H"
    ],
    "OAst": 180.0,
    "OAvgCompRat": 3.1463650307145765,
    "OBlk": 39.0,
    "ODR": 289.0,
    "OFGA": 747.0,
    "OFGA3": 329.0,
    "OFGM": 315.0,
    "OFGM3": 113.0,
    "OFTA": 258.0,
    "OFTM": 187.0,
    "OOR": 112.0,
    "OPF": 246.0,
    "OScore": 930.0,
    "OStl": 71.0,
    "OTO": 162.0,
    "Oastr": 0.1496856601137611,
    "Ocomprank": 54,
    "Ocorrdastr": 0.13416060099213284,
    "Ocorrdeff": 103.08259563360694,
    "Ocorrdeffrank": 85,
    "Ocorrdefgp": 0.490202954917723,
    "Ocorrdftr": 0.33088549678818635,
    "Ocorrdorbp": 0.2708786357614043,
    "Ocorrdtovr": 0.15762419992876703,
    "Ocorroastr": 0.1558626196981452,
    "Ocorroeff": 106.63702549780575,
    "Ocorroeffrank": 105,
    "Ocorroefgp": 0.5228918680755327,
    "Ocorroftr": 0.3389815626148461,
    "Ocorroorbp": 0.3095556919539261,
    "Ocorrotovr": 0.15046634446680557,
    "Oeff": 102.139436805342,
    "Oefgp": 0.49732262382864795,
    "Oftr": 0.3453815261044177,
    "Oneteff": 3.5544298641988092,
    "Oneteffrank": 92,
    "Oorbp": 0.26229508196721313,
    "Oposs": 910.52,
    "Otovr": 0.15843210890740525,
    "SoR": 0.8435470682549906,
    "SoRrank": 128,
    "TAst": 223.0,
    "TBlk": 48.0,
    "TDR": 315.0,
    "TFGA": 753.0,
    "TFGA3": 277.0,
    "TFGM": 367.0,
    "TFGM3": 113.0,
    "TFTA": 284.0,
    "TFTM": 199.0,
    "TOR": 116.0,
    "TPF": 223.0,
    "TScore": 1046.0,
    "TStl": 89.0,
    "TTO": 148.0,
    "Tastr": 0.17854855239559314,
    "Tcorrdastr": 0.13981481572469986,
    "Tcorrdastrrank": 129,
    "Tcorrdeff": 100.68520187588352,
    "Tcorrdeffrank": 106,
    "Tcorrdefgp": 0.48173431836035313,
    "Tcorrdefgprank": 98,
    "Tcorrdftr": 0.34105077356799673,
    "Tcorrdftrrank": 199,
    "Tcorrdorbp": 0.24198137043903098,
    "Tcorrdorbprank": 47,
    "Tcorrdtovr": 0.15888439841833074,
    "Tcorrdtovrrank": 124,
    "Tcorroastr": 0.1937623479496057,
    "Tcorroastrrank": 8,
    "Tcorroeff": 117.26020816213521,
    "Tcorroeffrank": 34,
    "Tcorroefgp": 0.5814553790121271,
    "Tcorroefgprank": 19,
    "Tcorroftr": 0.38264727879946153,
    "Tcorroftrrank": 76,
    "Tcorroorbp": 0.3027093247016935,
    "Tcorroorbprank": 135,
    "Tcorrotovr": 0.13805415974905016,
    "Tcorrotovrrank": 92,
    "Teff": 114.95010769704163,
    "Tefgp": 0.5624169986719787,
    "Tftr": 0.37715803452855245,
    "Tneteff": 16.575006286251693,
    "Tneteffrank": 53,
    "Torbp": 0.28641975308641976,
    "Tposs": 909.96,
    "Ttovr": 0.14425513665250106,
    "closses": 3,
    "confplace": 8,
    "cwins": 0,
    "dates": [
        [
            11,
            4
        ],
        [
            11,
            9
        ],
        [
            11,
            13
        ],
        [
            11,
            16
        ],
        [
            11,
            21
        ],
        [
            11,
            22
        ],
        [
            11,
            24
        ],
        [
            12,
            2
        ],
        [
            12,
            7
        ],
        [
            12,
            11
        ],
        [
            12,
            14
        ],
        [
            12,
            21
        ],
        [
            12,
            28
        ],
        [
            12,
            31
        ]
    ],
    "geff": [
        [
            132.57575757575756,
            108.31889081455807
        ],
        [
            95.45454545454545,
            83.17639673571877
        ],
        [
            141.20667522464697,
            90.68167604752969
        ],
        [
            131.49752475247524,
            87.58907363420428
        ],
        [
            106.92771084337349,
            105.91990713871155
        ],
        [
            104.16666666666667,
            103.11020960108182
        ],
        [
            132.35294117647058,
            114.63844797178132
        ],
        [
            81.75559380378658,
            98.60788863109047
        ],
        [
            104.50685826257349,
            111.03853690398432
        ],
        [
            125.81699346405229,
            108.24742268041237
        ],
        [
            148.97843359818387,
            99.78130125751777
        ],
        [
            101.91082802547771,
            104.16666666666667
        ],
        [
            100.31847133757962,
            105.97302504816956
        ],
        [
            99.56440572495333,
            109.66306420851875
        ]
    ],
    "losses": 6,
    "nOT": [
        0,
        0,
        0,
        0,
        0,
        0,
        0,
        0,
        0,
        0,
        0,
        0,
        0,
        0
    ],
    "pace": 63.92812474253012,
    "poss": [
        [
            68.64,
            69.24
        ],
        [
            66.0,
            63.72
        ],
        [
            62.32,
            63.96000000000001
        ],
        [
            64.64,
            67.36
        ],
        [
            66.4,
            68.92
        ],
        [
            61.44,
            59.16
        ],
        [
            68.0,
            68.03999999999999
        ],
        [
            69.72,
            68.96000000000001
        ],
        [
            61.239999999999995,
            61.24
        ],
        [
            61.2,
            58.2
        ],
        [
            70.48,
            73.16
        ],
        [
            62.8,
            63.36
        ],
        [
            62.8,
            62.28
        ],
        [
            64.28,
            62.92
        ]
    ],
    "preseason_pace": 67.67766420851557,
    "preseason_pred": 18.58332074769222,
    "preseason_predd": 96.48471093044277,
    "preseason_predo": 115.068031678135,
    "schedule": [
        "sam-houston-state",
        "washington",
        "weber-state",
        "santa-clara",
        "vanderbilt",
        "virginia-commonwealth",
        "oklahoma-state",
        "washington-state",
        "loyola-marymount",
        "south-dakota-state",
        "texas-southern",
        "colorado-state",
        "wyoming",
        "utah-state"
    ],
    "scores": [
        [
            91,
            75
        ],
        [
            63,
            53
        ],
        [
            88,
            58
        ],
        [
            85,
            59
        ],
        [
            71,
            73
        ],
        [
            64,
            61
        ],
        [
            90,
            78
        ],
        [
            57,
            68
        ],
        [
            64,
            68
        ],
        [
            77,
            63
        ],
        [
            105,
            73
        ],
        [
            64,
            66
        ],
        [
            63,
            66
        ],
        [
            64,
            69
        ]
    ],
    "wins": 8
}