{
    "CompRank": 310,
    "CompositeDef": 111.34961837602083,
    "CompositeOff": 98.2492176687857,
    "CompositePace": 65.78234037673333,
    "CompositeRating": -13.100400707235124,
    "HA": [
        "H",
        "A",
        "A",
        "H",
        "H",
        "A",
        "A",
        "H",
        "A",
        "H",
        "A",
        "A",
        "H",
        "H",
        "H",
        "A",
        "A",
        "A",
        "H",
        "H",
        "A",
        "A",
        "H",
        "A",
        "H",
        "A",
        "A",
        "H",
        "H",
        "N"
    ],
    "OAst": 391.0,
    "OAvgCompRat": -3.696298506168721,
    "OBlk": 152.0,
    "ODR": 696.0,
    "OFGA": 1686.0,
    "OFGA3": 624.0,
    "OFGM": 791.0,
    "OFGM3": 216.0,
    "OFTA": 473.0,
    "OFTM": 332.0,
    "OOR": 264.0,
    "OPF": 467.0,
    "OScore": 2130.0,
    "OStl": 189.0,
    "OTO": 326.0,
    "Oastr": 0.1497441710836729,
    "Ocomprank": 283,
    "Ocorrdastr": 0.15025202722004993,
    "Ocorrdeff": 105.5310895673184,
    "Ocorrdeffrank": 283,
    "Ocorrdefgp": 0.5159617413752884,
    "Ocorrdftr": 0.3039139979401321,
    "Ocorrdorbp": 0.27707839177877436,
    "Ocorrdtovr": 0.14688535788180207,
    "Ocorroastr": 0.1357525548465531,
    "Ocorroeff": 100.8496948425204,
    "Ocorroeffrank": 281,
    "Ocorroefgp": 0.4913820838124977,
    "Ocorroftr": 0.3182007462466567,
    "Ocorroorbp": 0.2622840927906304,
    "Ocorrotovr": 0.16016166585253672,
    "Oeff": 108.8890252131771,
    "Oefgp": 0.533214709371293,
    "Oftr": 0.2805456702253855,
    "Oneteff": -4.681394724797997,
    "Oneteffrank": 284,
    "Oorbp": 0.29398663697104677,
    "Oposs": 1956.12,
    "Otovr": 0.14683890960848964,
    "SoR": 0.0,
    "SoRrank": 143,
    "TAst": 350.0,
    "TBlk": 56.0,
    "TDR": 634.0,
    "TFGA": 1637.0,
    "TFGA3": 616.0,
    "TFGM": 704.0,
    "TFGM3": 227.0,
    "TFTA": 490.0,
    "TFTM": 332.0,
    "TOR": 247.0,
    "TPF": 496.0,
    "TScore": 1967.0,
    "TStl": 176.0,
    "TTO": 351.0,
    "Tastr": 0.13706140350877194,
    "Tcorrdastr": 0.15786793035022373,
    "Tcorrdastrrank": 291,
    "Tcorrdeff": 111.34961837602083,
    "Tcorrdeffrank": 323,
    "Tcorrdefgp": 0.5488697508890611,
    "Tcorrdefgprank": 328,
    "Tcorrdftr": 0.28059885957687225,
    "Tcorrdftrrank": 100,
    "Tcorrdorbp": 0.30203571339257057,
    "Tcorrdorbprank": 295,
    "Tcorrdtovr": 0.14351178600220804,
    "Tcorrdtovrrank": 265,
    "Tcorroastr": 0.13045830145633902,
    "Tcorroastrrank": 259,
    "Tcorroeff": 98.2492176687857,
    "Tcorroeffrank": 276,
    "Tcorroefgp": 0.4896158640041401,
    "Tcorroefgprank": 245,
    "Tcorroftr": 0.31430406290725893,
    "Tcorroftrrank": 183,
    "Tcorroorbp": 0.2553244603617694,
    "Tcorroorbprank": 220,
    "Tcorrotovr": 0.16968667719098882,
    "Tcorrotovrrank": 283,
    "Teff": 100.5315342941838,
    "Tefgp": 0.49938912645082467,
    "Tftr": 0.29932803909590716,
    "Tneteff": -13.100400707235124,
    "Tneteffrank": 310,
    "Torbp": 0.26193001060445387,
    "Tposs": 1956.6,
    "Ttovr": 0.1592848066799782,
    "closses": 11,
    "confplace": 7,
    "cwins": 8,
    "dates": [
        [
            11,
            7
        ],
        [
            11,
            13
        ],
        [
            11,
            16
        ],
        [
            11,
            19
        ],
        [
            11,
            23
        ],
        [
            11,
            25
        ],
        [
            11,
            29
        ],
        [
            12,
            3
        ],
        [
            12,
            7
        ],
        [
            12,
            10
        ],
        [
            12,
            18
        ],
        [
            12,
            31
        ],
        [
            1,
            5
        ],
        [
            1,
            7
        ],
        [
            1,
            11
        ],
        [
            1,
            14
        ],
        [
            1,
            16
        ],
        [
            1,
            19
        ],
        [
            1,
            21
        ],
        [
            1,
            26
        ],
        [
            1,
            28
        ],
        [
            2,
            2
        ],
        [
            2,
            4
        ],
        [
            2,
            11
        ],
        [
            2,
            13
        ],
        [
            2,
            16
        ],
        [
            2,
            18
        ],
        [
            2,
            23
        ],
        [
            2,
            25
        ],
        [
            3,
            4
        ]
    ],
    "geff": [
        [
            96.09120521172639,
            118.1353767560664
        ],
        [
            116.17380808690405,
            148.54614412136536
        ],
        [
            102.10593490746649,
            113.05732484076434
        ],
        [
            109.8901098901099,
            99.64306960142771
        ],
        [
            99.42270686337396,
            79.34038581207218
        ],
        [
            94.22850412249706,
            122.39902080783354
        ],
        [
            89.13649025069638,
            117.46821448313986
        ],
        [
            98.7066031313819,
            98.14049586776859
        ],
        [
            98.66327180140037,
            117.1875
        ],
        [
            81.33824432166973,
            106.28172588832487
        ],
        [
            99.74259974259975,
            120.74303405572756
        ],
        [
            84.18520745640407,
            107.21247563352826
        ],
        [
            104.67233009708738,
            98.38998211091234
        ],
        [
            85.77753182069729,
            112.14114832535886
        ],
        [
            130.89851325145443,
            103.24015247776366
        ],
        [
            100.99531615925059,
            103.01353013530137
        ],
        [
            75.37688442211055,
            114.14253897550111
        ],
        [
            84.50255102040816,
            121.50668286755771
        ],
        [
            101.41509433962264,
            108.43373493975903
        ],
        [
            131.6689466484268,
            125.85034013605443
        ],
        [
            112.79357231149568,
            134.26736719206073
        ],
        [
            94.05940594059406,
            91.015854374633
        ],
        [
            106.70731707317073,
            119.45392491467577
        ],
        [
            88.76694641704326,
            106.5891472868217
        ],
        [
            112.43386243386243,
            112.0162932790224
        ],
        [
            95.87449157466588,
            102.01149425287358
        ],
        [
            89.62264150943396,
            108.83280757097792
        ],
        [
            111.48442272449603,
            89.76660682226212
        ],
        [
            106.75129832660129,
            86.49553571428571
        ],
        [
            122.73032952252858,
            84.43708609271523
        ]
    ],
    "losses": 19,
    "nOT": [
        0,
        0,
        0,
        0,
        0,
        0,
        0,
        0,
        0,
        0,
        0,
        0,
        0,
        0,
        0,
        0,
        0,
        0,
        0,
        0,
        0,
        0,
        0,
        0,
        0,
        1,
        0,
        0,
        0,
        0
    ],
    "pace": 65.78234037673333,