{
    "CompRank": 165,
    "CompositeDef": 100.93142157992555,
    "CompositeOff": 99.82810949601753,
    "CompositePace": 70.76264358198222,
    "CompositeRating": -1.1033120839080064,
    "HA": [
        "A",
        "A",
        "A",
        "A"
    ],
    "OAst": 50.0,
    "OAvgCompRat": 9.318284821741274,
    "OBlk": 12.0,
    "ODR": 101.0,
    "OFGA": 241.0,
    "OFGA3": 95.0,
    "OFGM": 99.0,
    "OFGM3": 26.0,
    "OFTA": 116.0,
    "OFTM": 77.0,
    "OOR": 50.0,
    "OPF": 78.0,
    "OScore": 301.0,
    "OStl": 38.0,
    "OTO": 57.0,
    "Oastr": 0.12530072173215717,
    "Ocomprank": 25,
    "Ocorrdastr": 0.12438013890735339,
    "Ocorrdeff": 103.07056613171619,
    "Ocorrdeffrank": 143,
    "Ocorrdefgp": 0.5159249946222504,
    "Ocorrdftr": 0.3463519598334407,
    "Ocorrdorbp": 0.2500812343809636,
    "Ocorrdtovr": 0.15049084801123963,
    "Ocorroastr": 0.1372499476629155,
    "Ocorroeff": 111.26702058671711,
    "Ocorroeffrank": 48,
    "Ocorroefgp": 0.5133632056120323,
    "Ocorroftr": 0.4258640413243401,
    "Ocorroorbp": 0.3360475994333766,
    "Ocorrotovr": 0.14522782341135732,
    "Oeff": 100.65543071161048,
    "Oefgp": 0.46473029045643155,
    "Oftr": 0.48132780082987553,
    "Oneteff": 8.196454455000918,
    "Oneteffrank": 84,
    "Oorbp": 0.33783783783783783,
    "Oposs": 299.04,
    "Otovr": 0.16330506532202613,
    "SoR": 27.42736950863177,
    "SoRrank": 82,
    "TAst": 31.0,
    "TBlk": 14.0,
    "TDR": 98.0,
    "TFGA": 237.0,
    "TFGA3": 85.0,
    "TFGM": 99.0,
    "TFGM3": 25.0,
    "TFTA": 87.0,
    "TFTM": 69.0,
    "TOR": 37.0,
    "TPF": 83.0,
    "TScore": 292.0,
    "TStl": 29.0,
    "TTO": 61.0,
    "Tastr": 0.08440426922239164,
    "Tcorrdastr": 0.1304930376820352,
    "Tcorrdastrrank": 107,
    "Tcorrdeff": 94.36031613165854,
    "Tcorrdeffrank": 53,
    "Tcorrdefgp": 0.4547925024158809,
    "Tcorrdefgprank": 70,
    "Tcorrdftr": 0.40031136267336337,
    "Tcorrdftrrank": 260,
    "Tcorrdorbp": 0.28896278025700306,
    "Tcorrdorbprank": 207,
    "Tcorrdtovr": 0.1708111435981094,
    "Tcorrdtovrrank": 93,
    "Tcorroastr": 0.09690515022657208,
    "Tcorroastrrank": 349,
    "Tcorroeff": 98.7101900176821,
    "Tcorroeffrank": 249,
    "Tcorroefgp": 0.4585290454237589,
    "Tcorroefgprank": 280,
    "Tcorroftr": 0.375370623384212,
    "Tcorroftrrank": 131,
    "Tcorroorbp": 0.307137251016469,
    "Tcorroorbprank": 136,
    "Tcorrotovr": 0.18302290106630295,
    "Tcorrotovrrank": 316,
    "Teff": 97.5674953221064,
    "Tefgp": 0.4704641350210971,
    "Tftr": 0.3670886075949367,
    "Tneteff": 4.349873886023559,
    "Tneteffrank": 129,
    "Torbp": 0.26811594202898553,
    "Tposs": 299.28,
    "Ttovr": 0.18139645533484003,
    "closses": 0,
    "confplace": 1,
    "cwins": 0,
    "dates": [
        [
            11,
            5
        ],
        [
            11,
            7
        ],
        [
            11,
            17
        ],
        [
            11,
            20
        ]
    ],
    "geff": [
        [
            89.63654223968567,
            96.67156142927068
        ],
        [
            109.05577029265599,
            102.73972602739725
        ],
        [
            89.67991169977924,
            111.26760563380282
        ],
        [
            102.85244103126713,
            92.74413529732679
        ]
    ],
    "losses": 2,
    "nOT": [
        0,
        0,
        0,
        0
    ],
    "pace": 76.0779688996605,
    "poss": [
        [
            81.44,
            81.72
        ],
        [
            72.44,
            73.0
        ],
        [
            72.48,
            71.0
        ],
        [
            72.92,
            73.32
        ]
    ],
    "preseason_pace": 68.42944179644442,
    "preseason_pred": -3.4970288333978568,
    "preseason_predd": 103.81585744199063,
    "preseason_predo": 100.31882860859277,
    "schedule": [
        "washington",
        "idaho",
        "stanford",
        "grand-canyon"
    ],
    "scores": [
        [
            73,
            79
        ],
        [
            79,
            75
        ],
        [
            65,
            79
        ],
        [
            75,
            68
        ]
    ],
    "wins": 2
}