{
    "CompRank": 142,
    "CompositeDef": 101.29946478806112,
    "CompositeOff": 103.52405012544723,
    "CompositePace": 71.64599640569452,
    "CompositeRating": 2.2245853373861286,
    "HA": [
        "A",
        "A",
        "H",
        "N",
        "A",
        "N",
        "N",
        "H",
        "A",
        "A",
        "A",
        "H",
        "H",
        "A",
        "H",
        "A",
        "H",
        "H",
        "A",
        "A",
        "H"
    ],
    "OAst": 234.0,
    "OAvgCompRat": -1.6515229058079934,
    "OBlk": 68.0,
    "ODR": 437.0,
    "OFGA": 1199.0,
    "OFGA3": 361.0,
    "OFGM": 539.0,
    "OFGM3": 138.0,
    "OFTA": 388.0,
    "OFTM": 273.0,
    "OOR": 180.0,
    "OPF": 432.0,
    "OScore": 1489.0,
    "OStl": 142.0,
    "OTO": 307.0,
    "Oastr": 0.12246692346340646,
    "Ocomprank": 235,
    "Ocorrdastr": 0.1369707356393413,
    "Ocorrdeff": 101.75456543518024,
    "Ocorrdeffrank": 144,
    "Ocorrdefgp": 0.4985259590759932,
    "Ocorrdftr": 0.34515515719218115,
    "Ocorrdorbp": 0.2509096147625668,
    "Ocorrdtovr": 0.1518998287891171,
    "Ocorroastr": 0.13448925020993188,
    "Ocorroeff": 100.4193726207621,
    "Ocorroeffrank": 290,
    "Ocorroefgp": 0.4901917296757156,
    "Ocorroftr": 0.30590205194767406,
    "Ocorroorbp": 0.2789249807204656,
    "Ocorrotovr": 0.16119241131137288,
    "Oeff": 99.48420546261157,
    "Oefgp": 0.5070892410341952,
    "Oftr": 0.32360300250208507,
    "Oneteff": -1.3351928144181358,
    "Oneteffrank": 216,
    "Oorbp": 0.2731411229135053,
    "Oposs": 1496.72,
    "Otovr": 0.1830955675366191,
    "SoR": 0.1996406494932934,
    "SoRrank": 138,
    "TAst": 270.0,
    "TBlk": 53.0,
    "TDR": 479.0,
    "TFGA": 1171.0,
    "TFGA3": 413.0,
    "TFGM": 536.0,
    "TFGM3": 144.0,
    "TFTA": 484.0,
    "TFTM": 326.0,
    "TOR": 197.0,
    "TPF": 396.0,
    "TScore": 1542.0,
    "TStl": 144.0,
    "TTO": 307.0,
    "Tastr": 0.1376876631853786,
    "Tcorrdastr": 0.13023814450341178,
    "Tcorrdastrrank": 84,
    "Tcorrdeff": 101.35275674746285,
    "Tcorrdeffrank": 154,
    "Tcorrdefgp": 0.5211990153266871,
    "Tcorrdefgprank": 240,
    "Tcorrdftr": 0.3356741879030514,
    "Tcorrdftrrank": 237,
    "Tcorrdorbp": 0.2630191351029222,
    "Tcorrdorbprank": 162,
    "Tcorrdtovr": 0.17988719472241563,
    "Tcorrdtovrrank": 52,
    "Tcorroastr": 0.14367178001092412,
    "Tcorroastrrank": 154,
    "Tcorroeff": 103.79009808232763,
    "Tcorroeffrank": 145,
    "Tcorroefgp": 0.5248260508114164,
    "Tcorroefgprank": 103,
    "Tcorroftr": 0.38119356069516336,
    "Tcorroftrrank": 38,
    "Tcorroorbp": 0.3336424860903937,
    "Tcorroorbprank": 31,
    "Tcorrotovr": 0.18916885992307614,
    "Tcorrotovrrank": 341,
    "Teff": 103.21561487590029,
    "Tefgp": 0.5192143467122118,
    "Tftr": 0.41332194705380015,
    "Tneteff": 2.437341334864783,
    "Tneteffrank": 141,
    "Torbp": 0.3107255520504732,
    "Tposs": 1493.96,
    "Ttovr": 0.18155367365283626,
    "closses": 4,
    "confplace": 6,
    "cwins": 7,
    "dates": [
        [
            11,
            7
        ],
        [
            11,
            12
        ],
        [
            11,
            18
        ],
        [
            11,
            22
        ],
        [
            11,
            26
        ],
        [
            11,
            27
        ],
        [
            11,
            28
        ],
        [
            12,
            1
        ],
        [
            12,
            17
        ],
        [
            12,
            21
        ],
        [
            12,
            30
        ],
        [
            1,
            5
        ],
        [
            1,
            7
        ],
        [
            1,
            11
        ],
        [
            1,
            14
        ],
        [
            1,
            16
        ],
        [
            1,
            19
        ],
        [
            1,
            21
        ],
        [
            1,
            26
        ],
        [
            1,
            28
        ],
        [
            2,
            2
        ]
    ],
    "geff": [
        [
            108.50694444444444,
            90.78212290502795
        ],
        [
            98.94459102902375,
            114.43187937533656
        ],
        [
            112.07411835026898,
            88.49557522123894
        ],
        [
            114.01557285873191,
            96.51984774333877
        ],
        [
            103.65853658536585,
            109.5166163141994
        ],
        [
            94.12068076328003,
            89.60121150933873
        ],
        [
            97.07574304889741,
            85.2411105698977
        ],
        [
            98.36065573770492,
            99.35553168635874
        ],
        [
            89.47368421052632,
            104.77453580901856
        ],
        [
            73.56948228882833,
            109.2233009708738
        ],
        [
            93.06260575296108,
            107.7460687245195
        ],
        [
            111.49919398173026,
            117.33333333333333
        ],
        [
            105.21356783919597,
            73.17073170731707
        ],
        [
            98.72611464968153,
            90.9090909090909
        ],
        [
            106.57421674370828,
            102.65072765072765
        ],
        [
            120.51915945611867,
            105.10510510510511
        ],
        [
            104.4689495066744,
            108.75955320399764
        ],
        [
            104.30038510911426,
            105.14018691588785
        ],
        [
            133.17599460552933,
            98.23848238482385
        ],
        [
            94.04388714733543,
            94.64916708732964
        ],
        [
            118.97208121827411,
            95.22370012091899
        ]
    ],
    "losses": 9,
    "nOT": [
        0,
        0,
        0,
        0,
        0,
        0,
        1,
        0,
        0,
        0,
        0,
        0,
        0,
        0,
        0,
        0,
        0,
        0,
        0,
        0,
        0
    ],
    "pace": 71.75339328383082,
    "poss": [
        [
            69.12,
            71.6
        ],
        [
            75.8,
            74.28
        ],
        [
            66.92,
            67.8
        ],
        [
            71.92,
            73.56
        ],
        [
            82.0,
            79.44
        ],
        [
            77.56,
            79.24
        ],
        [
            83.44,
            82.12
        ],
        [
            73.2,
            74.48
        ],
        [
            76.0,
            75.4
        ],
        [
            73.4,
            74.16
        ],
        [
            70.92,
            68.68
        ],
        [
            74.44,
            75.0
        ],
        [
            63.68,
            65.6
        ],
        [
            62.8,
            59.4
        ],
        [
            77.88,
            76.96000000000001
        ],
        [
            64.72,
            66.6
        ],
        [
            68.92,
            68.04
        ],
        [
            62.31999999999999,
            59.92
        ],
        [
            59.32,
            59.04
        ],
        [
            76.56,
            79.24
        ],
        [
            63.04,
            66.16
        ]
    ],
    "preseason_pace": 68.90469109126549,
    "preseason_pred": -3.2060114982565224,
    "preseason_predd": 99.9391875243318,
    "preseason_predo": 96.73317602607528,