{
    "CompRank": 61,
    "CompositeDef": 97.01563188328933,
    "CompositeOff": 109.408552221658,
    "CompositePace": 68.91578430624594,
    "CompositeRating": 12.39292033836867,
    "HA": [
        "H",
        "H"
    ],
    "OAst": 17.0,
    "OAvgCompRat": -14.073562294420544,
    "OBlk": 10.0,
    "ODR": 46.0,
    "OFGA": 116.0,
    "OFGA3": 39.0,
    "OFGM": 47.0,
    "OFGM3": 11.0,
    "OFTA": 24.0,
    "OFTM": 14.0,
    "OOR": 10.0,
    "OPF": 32.0,
    "OScore": 119.0,
    "OStl": 12.0,
    "OTO": 29.0,
    "Oastr": 0.09851645804357904,
    "Ocomprank": 293,
    "Ocorrdastr": 0.1146033104076184,
    "Ocorrdeff": 108.272434238447,
    "Ocorrdeffrank": 258,
    "Ocorrdefgp": 0.48362514081492247,
    "Ocorrdftr": 0.32815526603441525,
    "Ocorrdorbp": 0.36654743661075784,
    "Ocorrdtovr": 0.1613832753589558,
    "Ocorroastr": 0.12629173672711796,
    "Ocorroeff": 94.29814341843635,
    "Ocorroeffrank": 279,
    "Ocorroefgp": 0.4957793647207219,
    "Ocorroftr": 0.539340997995063,
    "Ocorroorbp": 0.1929277466752744,
    "Ocorrotovr": 0.17137735203614152,
    "Oeff": 81.75322890904094,
    "Oefgp": 0.4525862068965517,
    "Oftr": 0.20689655172413793,
    "Oneteff": -13.974290820010651,
    "Oneteffrank": 278,
    "Oorbp": 0.14084507042253522,
    "Oposs": 145.56,
    "Otovr": 0.18642324505014143,
    "SoR": 27.37052801339075,
    "SoRrank": 78,
    "TAst": 35.0,
    "TBlk": 4.0,
    "TDR": 61.0,
    "TFGA": 138.0,
    "TFGA3": 59.0,
    "TFGM": 63.0,
    "TFGM3": 21.0,
    "TFTA": 28.0,
    "TFTM": 15.0,
    "TOR": 26.0,
    "TPF": 22.0,
    "TScore": 162.0,
    "TStl": 16.0,
    "TTO": 21.0,
    "Tastr": 0.16963939511438542,
    "Tcorrdastr": 0.10601716080068033,
    "Tcorrdastrrank": 64,
    "Tcorrdeff": 87.86021810730227,
    "Tcorrdeffrank": 47,
    "Tcorrdefgp": 0.4537830488707687,
    "Tcorrdefgprank": 97,
    "Tcorrdftr": 0.14363731880671426,
    "Tcorrdftrrank": 9,
    "Tcorrdorbp": 0.20293008470032414,
    "Tcorrdorbprank": 56,
    "Tcorrdtovr": 0.17131820432589298,
    "Tcorrdtovrrank": 122,
    "Tcorroastr": 0.19994067503961052,
    "Tcorroastrrank": 11,
    "Tcorroeff": 105.4217795296553,
    "Tcorroeffrank": 147,
    "Tcorroefgp": 0.5464629827498556,
    "Tcorroefgprank": 83,
    "Tcorroftr": 0.22390916529628213,
    "Tcorroftrrank": 304,
    "Tcorroorbp": 0.2868373651233847,
    "Tcorroorbprank": 163,
    "Tcorrotovr": 0.11895602359246087,
    "Tcorrotovrrank": 68,
    "Teff": 111.47811725846408,
    "Tefgp": 0.532608695652174,
    "Tftr": 0.2028985507246377,
    "Tneteff": 17.561561422353023,
    "Tneteffrank": 61,
    "Torbp": 0.3611111111111111,
    "Tposs": 145.32,
    "Ttovr": 0.1225776325005837,
    "closses": 0,
    "confplace": 1,
    "cwins": 0,
    "dates": [
        [
            11,
            6
        ],
        [
            11,
            10
        ]
    ],
    "geff": [
        [
            96.207473508087,
            80.4661487236404
        ],
        [
            126.35869565217392,
            83.01578660860098
        ]
    ],
    "losses": 0,
    "nOT": [
        0,
        0
    ],
    "pace": 70.96079603559372,
    "poss": [
        [
            71.72,
            72.08
        ],
        [
            73.6,
            73.48
        ]
    ],
    "preseason_pace": 68.69136600947252,
    "preseason_pred": 11.825716927231841,
    "preseason_predd": 98.02034121398749,
    "preseason_predo": 109.84605814121933,
    "schedule": [
        "illinois-chicago",
        "detroit-mercy"
    ],
    "scores": [
        [
            69,
            58
        ],
        [
            93,
            61
        ]
    ],
    "wins": 2
}