{
    "CompRank": 152,
    "CompositeDef": 102.11798919616456,
    "CompositeOff": 102.87809951921955,
    "CompositePace": 73.34425902154445,
    "CompositeRating": 0.7601103230549998,
    "HA": [
        "H",
        "N",
        "N",
        "H"
    ],
    "OAst": 52.0,
    "OAvgCompRat": 2.0774105948321275,
    "OBlk": 19.0,
    "ODR": 95.0,
    "OFGA": 244.0,
    "OFGA3": 96.0,
    "OFGM": 104.0,
    "OFGM3": 28.0,
    "OFTA": 81.0,
    "OFTM": 54.0,
    "OOR": 29.0,
    "OPF": 74.0,
    "OScore": 290.0,
    "OStl": 36.0,
    "OTO": 48.0,
    "Oastr": 0.13697186808555475,
    "Ocomprank": 138,
    "Ocorrdastr": 0.14497070088109235,
    "Ocorrdeff": 100.73661412297295,
    "Ocorrdeffrank": 152,
    "Ocorrdefgp": 0.484653896284265,
    "Ocorrdftr": 0.29113297343780825,
    "Ocorrdorbp": 0.3261363740157414,
    "Ocorrdtovr": 0.169363735021048,
    "Ocorroastr": 0.1494711206573578,
    "Ocorroeff": 96.92371533415175,
    "Ocorroeffrank": 272,
    "Ocorroefgp": 0.48752327266468043,
    "Ocorroftr": 0.3034175352585431,
    "Ocorroorbp": 0.2673729005475189,
    "Ocorrotovr": 0.16193988998812592,
    "Oeff": 97.1068845432628,
    "Oefgp": 0.48360655737704916,
    "Oftr": 0.3319672131147541,
    "Oneteff": -3.812898788821201,
    "Oneteffrank": 232,
    "Oorbp": 0.21641791044776118,
    "Oposs": 298.64,
    "Otovr": 0.14650225857648638,
    "SoR": 8.411345150832828,
    "SoRrank": 146,
    "TAst": 40.0,
    "TBlk": 19.0,
    "TDR": 105.0,
    "TFGA": 245.0,
    "TFGA3": 69.0,
    "TFGM": 102.0,
    "TFGM3": 20.0,
    "TFTA": 96.0,
    "TFTM": 69.0,
    "TOR": 44.0,
    "TPF": 71.0,
    "TScore": 293.0,
    "TStl": 35.0,
    "TTO": 56.0,
    "Tastr": 0.10437323870159691,
    "Tcorrdastr": 0.12599883719820296,
    "Tcorrdastrrank": 133,
    "Tcorrdeff": 102.3152348354497,
    "Tcorrdeffrank": 183,
    "Tcorrdefgp": 0.4931448555436462,
    "Tcorrdefgprank": 182,
    "Tcorrdftr": 0.38415625268638354,
    "Tcorrdftrrank": 239,
    "Tcorrdorbp": 0.23013654030240413,
    "Tcorrdorbprank": 79,
    "Tcorrdtovr": 0.14038510650740563,
    "Tcorrdtovrrank": 235,
    "Tcorroastr": 0.09900301647726205,
    "Tcorroastrrank": 323,
    "Tcorroeff": 99.46122107017459,
    "Tcorroeffrank": 214,
    "Tcorroefgp": 0.46929921238737526,
    "Tcorroefgprank": 241,
    "Tcorroftr": 0.4733909963341996,
    "Tcorroftrrank": 39,
    "Tcorroorbp": 0.2788149183145214,
    "Tcorroorbprank": 176,
    "Tcorrotovr": 0.1497354074022944,
    "Tcorrotovrrank": 167,
    "Teff": 97.91471728378559,
    "Tefgp": 0.45714285714285713,
    "Tftr": 0.39183673469387753,
    "Tneteff": -2.8540137652751127,
    "Tneteffrank": 194,
    "Torbp": 0.31654676258992803,
    "Tposs": 299.24,
    "Ttovr": 0.1631511478848619,
    "closses": 0,
    "confplace": 1,
    "cwins": 0,
    "dates": [
        [
            11,
            6
        ],
        [
            11,
            10
        ],
        [
            11,
            12
        ],
        [
            11,
            16
        ]
    ],
    "geff": [
        [
            89.01705115346037,
            98.59535386277688
        ],
        [
            104.052573932092,
            108.63431151241535
        ],
        [
            94.12435824301197,
            90.25787965616047
        ],
        [
            104.8218029350105,
            91.75405147759771
        ]
    ],
    "losses": 2,
    "nOT": [
        1,
        0,
        0,
        0
    ],
    "pace": 79.59865093036106,
    "poss": [
        [
            79.76,
            74.04
        ],
        [
            73.04,
            70.88
        ],
        [
            70.12,
            69.8
        ],
        [
            76.32,
            83.92
        ]
    ],
    "preseason_pace": 70.59884693536979,
    "preseason_pred": 2.3465571107993566,
    "preseason_predd": 102.03140674819302,
    "preseason_predo": 104.37796385899237,
    "schedule": [
        "bradley",
        "clemson",
        "maryland",
        "alcorn-state"
    ],
    "scores": [
        [
            71,
            73
        ],
        [
            76,
            77
        ],
        [
            66,
            63
        ],
        [
            80,
            77
        ]
    ],
    "wins": 2
}