{
    "CompRank": 186,
    "CompositeDef": 107.95107008085667,
    "CompositeOff": 106.05302921162948,
    "CompositePace": 69.66328067087316,
    "CompositeRating": -1.8980408692271808,
    "HA": [
        "H",
        "N",
        "N",
        "H",
        "A",
        "H",
        "H",
        "H",
        "A",
        "A",
        "H",
        "H",
        "A",
        "H"
    ],
    "OAst": 192.0,
    "OAvgCompRat": -2.036336598828482,
    "OBlk": 67.0,
    "ODR": 315.0,
    "OFGA": 847.0,
    "OFGA3": 317.0,
    "OFGM": 385.0,
    "OFGM3": 114.0,
    "OFTA": 273.0,
    "OFTM": 194.0,
    "OOR": 120.0,
    "OPF": 259.0,
    "OScore": 1078.0,
    "OStl": 99.0,
    "OTO": 145.0,
    "Oastr": 0.1472257154249609,
    "Ocomprank": 267,
    "Ocorrdastr": 0.14558582439089598,
    "Ocorrdeff": 105.5215052152475,
    "Ocorrdeffrank": 302,
    "Ocorrdefgp": 0.5097589921697855,
    "Ocorrdftr": 0.332560144458431,
    "Ocorrdorbp": 0.2753414124326995,
    "Ocorrdtovr": 0.1499547785883605,
    "Ocorroastr": 0.13848709285491195,
    "Ocorroeff": 103.21275414908496,
    "Ocorroeffrank": 209,
    "Ocorroefgp": 0.49407322930696534,
    "Ocorroftr": 0.35175703339759373,
    "Ocorroorbp": 0.2864556917131065,
    "Ocorrotovr": 0.1469420902735949,
    "Oeff": 108.65621094222473,
    "Oefgp": 0.5218417945690673,
    "Oftr": 0.32231404958677684,
    "Oneteff": -2.308751066162543,
    "Oneteffrank": 266,
    "Oorbp": 0.2631578947368421,
    "Oposs": 992.12,
    "Otovr": 0.1303816134949466,
    "SoR": 1.5286761932206794,
    "SoRrank": 140,
    "TAst": 169.0,
    "TBlk": 70.0,
    "TDR": 336.0,
    "TFGA": 827.0,
    "TFGA3": 254.0,
    "TFGM": 356.0,
    "TFGM3": 82.0,
    "TFTA": 370.0,
    "TFTM": 274.0,
    "TOR": 168.0,
    "TPF": 225.0,
    "TScore": 1068.0,
    "TStl": 93.0,
    "TTO": 164.0,
    "Tastr": 0.12775929845781675,
    "Tcorrdastr": 0.15044250071126813,
    "Tcorrdastrrank": 251,
    "Tcorrdeff": 109.05194624654844,
    "Tcorrdeffrank": 279,
    "Tcorrdefgp": 0.5292599374841683,
    "Tcorrdefgprank": 274,
    "Tcorrdftr": 0.30336163455361187,
    "Tcorrdftrrank": 134,
    "Tcorrdorbp": 0.25489092577212336,
    "Tcorrdorbprank": 111,
    "Tcorrdtovr": 0.13352228236972596,
    "Tcorrdtovrrank": 289,
    "Tcorroastr": 0.12431977249107284,
    "Tcorroastrrank": 277,
    "Tcorroeff": 106.36454008970918,
    "Tcorroeffrank": 128,
    "Tcorroefgp": 0.4721046423310784,
    "Tcorroefgprank": 268,
    "Tcorroftr": 0.4470042512031418,
    "Tcorroftrrank": 8,
    "Tcorroorbp": 0.351341908961831,
    "Tcorroorbprank": 28,
    "Tcorrotovr": 0.14259505623247468,
    "Tcorrotovrrank": 132,
    "Teff": 108.338405356056,
    "Tefgp": 0.4800483675937122,
    "Tftr": 0.44740024183796856,
    "Tneteff": -2.687406156839259,
    "Tneteffrank": 198,
    "Torbp": 0.34782608695652173,
    "Tposs": 985.8,
    "Ttovr": 0.14213901889408911,
    "closses": 0,
    "confplace": 1,
    "cwins": 2,
    "dates": [
        [
            11,
            6
        ],
        [
            11,
            10
        ],
        [
            11,
            12
        ],
        [
            11,
            16
        ],
        [
            11,
            21
        ],
        [
            11,
            25
        ],
        [
            11,
            28
        ],
        [
            12,
            1
        ],
        [
            12,
            9
        ],
        [
            12,
            13
        ],
        [
            12,
            22
        ],
        [
            12,
            29
        ],
        [
            1,
            2
        ],
        [
            1,
            7
        ]
    ],
    "geff": [
        [
            89.01705115346037,
            98.59535386277688
        ],
        [
            104.052573932092,
            108.63431151241535
        ],
        [
            94.12435824301197,
            90.25787965616047
        ],
        [
            104.8218029350105,
            91.75405147759771
        ],
        [
            96.98996655518395,
            88.84039900249377
        ],
        [
            135.05578391074573,
            116.02806260118726
        ],
        [
            90.9090909090909,
            123.47560975609757
        ],
        [
            114.65324384787473,
            120.12436404748445
        ],
        [
            99.94121105232216,
            130.16157989228006
        ],
        [
            135.09587449157465,
            116.01584606677984
        ],
        [
            122.59466170080695,
            115.9334126040428
        ],
        [
            125.27839643652561,
            120.8759954493743
        ],
        [
            98.8342625443487,
            102.20548682087144
        ],
        [
            108.63267670915413,
            102.36447520184545
        ]
    ],
    "losses": 5,
    "nOT": [
        1,
        0,
        0,
        0,
        0,
        0,
        0,
        0,
        0,
        0,
        1,
        0,
        0,
        0
    ],
    "pace": 69.48929398546039,
    "poss": [
        [
            79.76,
            74.04
        ],
        [
            73.04,
            70.88
        ],
        [
            70.12,
            69.8
        ],
        [
            76.32,
            83.92
        ],
        [
            59.8,
            64.16
        ],
        [
            68.12,
            74.12
        ],
        [
            66.0,
            65.6
        ],
        [
            71.52,
            70.76
        ],
        [
            68.04,
            66.84
        ],
        [
            68.84,
            70.68
        ],
        [
            64.44,
            67.28
        ],
        [
            71.84,
            70.32
        ],
        [
            78.92,
            74.36
        ],
        [
            69.03999999999999,
            69.36
        ]
    ],
    "preseason_pace": 70.59884693536979,
    "preseason_pred": 2.3465571107993566,
    "preseason_predd": 102.03140674819302,
    "preseason_predo": 104.37796385899237,
    "schedule": [
        "bradley",
        "clemson",
        "maryland",
        "alcorn-state",
        "middle-tennessee",
        "furman",
        "mcneese-state",
        "southern-mississippi",
        "arkansas-state",
        "alabama-am",
        "drake",
        "north-carolina-asheville",
        "texas-san-antonio",
        "south-florida"
    ],
    "scores": [
        [
            71,
            73
        ],
        [
            76,
            77
        ],
        [
            66,
            63
        ],
        [
            80,
            77
        ],
        [
            58,
            57
        ],
        [
            92,
            86
        ],
        [
            60,
            81
        ],
        [
            82,
            85
        ],
        [
            68,
            87
        ],
        [
            93,
            82
        ],
        [
            79,
            78
        ],
        [
            90,
            85
        ],
        [
            78,
            76
        ],
        [
            75,
            71
        ]
    ],
    "wins": 9
}