{
    "CompRank": 359,
    "CompositeDef": 121.69995258726928,
    "CompositeOff": 97.21660280341298,
    "CompositePace": 66.48134753482773,
    "CompositeRating": -24.483349783856305,
    "HA": [
        "A",
        "H",
        "A",
        "N",
        "A",
        "A",
        "H",
        "A",
        "H",
        "H",
        "H",
        "A",
        "A"
    ],
    "OAst": 217.0,
    "OAvgCompRat": 0.11991866246906378,
    "OBlk": 43.0,
    "ODR": 332.0,
    "OFGA": 752.0,
    "OFGA3": 315.0,
    "OFGM": 375.0,
    "OFGM3": 113.0,
    "OFTA": 247.0,
    "OFTM": 184.0,
    "OOR": 129.0,
    "OPF": 157.0,
    "OScore": 1047.0,
    "OStl": 67.0,
    "OTO": 115.0,
    "Oastr": 0.18194318677264645,
    "Ocomprank": 149,
    "Ocorrdastr": 0.14103697448273012,
    "Ocorrdeff": 101.72434038108389,
    "Ocorrdeffrank": 48,
    "Ocorrdefgp": 0.49885713189358083,
    "Ocorrdftr": 0.3355373774797928,
    "Ocorrdorbp": 0.29120181615922414,
    "Ocorrdtovr": 0.1591732371972012,
    "Ocorroastr": 0.14565264404081357,
    "Ocorroeff": 104.46430924976856,
    "Ocorroeffrank": 218,
    "Ocorroefgp": 0.5032166516284678,
    "Ocorroftr": 0.31291391983098776,
    "Ocorroorbp": 0.28042606351147153,
    "Ocorrotovr": 0.15166459984928887,
    "Oeff": 123.6594699296074,
    "Oefgp": 0.5738031914893617,
    "Oftr": 0.32845744680851063,
    "Oneteff": 2.73996886868467,
    "Oneteffrank": 113,
    "Oorbp": 0.344,
    "Oposs": 846.6800000000001,
    "Otovr": 0.11786651361102,
    "SoR": 0.0,
    "SoRrank": 185,
    "TAst": 142.0,
    "TBlk": 30.0,
    "TDR": 246.0,
    "TFGA": 709.0,
    "TFGA3": 306.0,
    "TFGM": 291.0,
    "TFGM3": 101.0,
    "TFTA": 145.0,
    "TFTM": 118.0,
    "TOR": 68.0,
    "TPF": 198.0,
    "TScore": 801.0,
    "TStl": 71.0,
    "TTO": 146.0,
    "Tastr": 0.13386123680241327,
    "Tcorrdastr": 0.1819870805757651,
    "Tcorrdastrrank": 355,
    "Tcorrdeff": 124.40261826671211,
    "Tcorrdeffrank": 361,
    "Tcorrdefgp": 0.5779003583082574,
    "Tcorrdefgprank": 351,
    "Tcorrdftr": 0.3511351348891613,
    "Tcorrdftrrank": 222,
    "Tcorrdorbp": 0.34970909402191835,
    "Tcorrdorbprank": 349,
    "Tcorrdtovr": 0.11729982303152309,
    "Tcorrdtovrrank": 339,
    "Tcorroastr": 0.13828044444937687,
    "Tcorroastrrank": 211,
    "Tcorroeff": 97.29516161811607,
    "Tcorroeffrank": 299,
    "Tcorroefgp": 0.48960174636545656,
    "Tcorroefgprank": 223,
    "Tcorroftr": 0.20446114087360384,
    "Tcorroftrrank": 362,
    "Tcorroorbp": 0.16684810839561715,
    "Tcorroorbprank": 362,
    "Tcorrotovr": 0.15063673607912847,
    "Tcorrotovrrank": 176,
    "Teff": 94.14668547249647,
    "Tefgp": 0.48166431593794073,
    "Tftr": 0.20451339915373765,
    "Tneteff": -27.10745664859604,
    "Tneteffrank": 359,
    "Torbp": 0.17,
    "Tposs": 850.8,
    "Ttovr": 0.1589029168480627,
    "closses": 2,
    "confplace": 11,
    "cwins": 0,
    "dates": [
        [
            11,
            4
        ],
        [
            11,
            9
        ],
        [
            11,
            13
        ],
        [
            11,
            16
        ],
        [
            11,
            17
        ],
        [
            11,
            19
        ],
        [
            11,
            23
        ],
        [
            11,
            27
        ],
        [
            12,
            6
        ],
        [
            12,
            8
        ],
        [
            12,
            14
        ],
        [
            12,
            18
        ],
        [
            12,
            21
        ]
    ],
    "geff": [
        [
            89.23591745677635,
            125.87980508933406
        ],
        [
            121.34411947728687,
            139.06649616368287
        ],
        [
            92.3951670220327,
            100.12919896640827
        ],
        [
            86.77438659485338,
            114.4578313253012
        ],
        [
            99.94206257242178,
            136.49851632047478
        ],
        [
            50.936123348017624,
            140.25974025974025
        ],
        [
            114.66505733252866,
            138.33333333333334
        ],
        [
            92.64620729588883,
            107.27056019070321
        ],
        [
            75.89025102159954,
            91.85548071034906
        ],
        [
            90.815627141878,
            113.24639670555936
        ],
        [
            125.07916402786574,
            133.248730964467
        ],
        [
            92.82178217821782,
            112.14953271028037
        ],
        [
            98.39893262174783,
            154.4660846205507
        ]
    ],
    "losses": 13,
    "nOT": [
        0,
        0,
        0,
        0,
        0,
        0,
        0,
        0,
        0,
        0,
        0,
        0,
        0
    ],
    "pace": 66.17136128888812,
    "poss": [
        [
            71.72,
            73.88
        ],
        [
            64.28,
            62.56
        ],
        [
            56.28,
            61.92
        ],
        [
            66.84,
            66.4
        ],
        [
            69.04,
            67.4
        ],
        [
            72.64,
            77.0
        ],
        [
            66.28,
            60.0
        ],
        [
            69.08,
            67.12
        ],
        [
            68.52,
            65.32
        ],
        [
            58.36,
            58.28
        ],
        [
            63.16,
            63.04
        ],
        [
            64.64,
            64.2
        ],
        [
            59.96,
            59.56
        ]
    ],
    "preseason_pace": 67.91859514974665,
    "preseason_pred": -12.316708902072609,
    "preseason_predd": 109.16907467709537,
    "preseason_predo": 96.85236577502276,
    "schedule": [
        "arizona",
        "st-bonaventure",
        "mercyhurst",
        "southern-illinois-edwardsville",
        "western-michigan",
        "maryland",
        "brown",
        "robert-morris",
        "merrimack",
        "siena",
        "maine",
        "loyola-il",
        "bradley"
    ],
    "scores": [
        [
            64,
            93
        ],
        [
            78,
            87
        ],
        [
            52,
            62
        ],
        [
            58,
            76
        ],
        [
            69,
            92
        ],
        [
            37,
            108
        ],
        [
            76,
            83
        ],
        [
            64,
            72
        ],
        [
            52,
            60
        ],
        [
            53,
            66
        ],
        [
            79,
            84
        ],
        [
            60,
            72
        ],
        [
            59,
            92
        ]
    ],
    "wins": 0
}