{
    "CompRank": 268,
    "CompositeDef": 108.43023385611258,
    "CompositeOff": 99.46342762299967,
    "CompositePace": 68.1405200687214,
    "CompositeRating": -8.966806233112905,
    "HA": [
        "H",
        "H",
        "H",
        "A",
        "A",
        "A",
        "A",
        "A",
        "A",
        "A",
        "H",
        "H",
        "A",
        "A",
        "H",
        "H",
        "A",
        "A",
        "H",
        "A",
        "A",
        "H",
        "H",
        "A",
        "A",
        "H",
        "H"
    ],
    "OAst": 366.0,
    "OAvgCompRat": -2.273365304099108,
    "OBlk": 90.0,
    "ODR": 653.0,
    "OFGA": 1571.0,
    "OFGA3": 502.0,
    "OFGM": 740.0,
    "OFGM3": 185.0,
    "OFTA": 441.0,
    "OFTM": 315.0,
    "OOR": 236.0,
    "OPF": 429.0,
    "OScore": 1982.0,
    "OStl": 173.0,
    "OTO": 326.0,
    "Oastr": 0.1489597238954189,
    "Ocomprank": 232,
    "Ocorrdastr": 0.14185828376952547,
    "Ocorrdeff": 104.1083053654136,
    "Ocorrdeffrank": 216,
    "Ocorrdefgp": 0.5112966047954977,
    "Ocorrdftr": 0.3559367721787891,
    "Ocorrdorbp": 0.2788082050719676,
    "Ocorrdtovr": 0.1525494736465072,
    "Ocorroastr": 0.14017753426648763,
    "Ocorroeff": 101.52892051314066,
    "Ocorroeffrank": 250,
    "Ocorroefgp": 0.4905223627575526,
    "Ocorroftr": 0.2851801681429964,
    "Ocorroorbp": 0.27445759301532835,
    "Ocorrotovr": 0.1571064265898821,
    "Oeff": 106.84405727100224,
    "Oefgp": 0.5299172501591343,
    "Oftr": 0.28071292170591977,
    "Oneteff": -2.5793848522729377,
    "Oneteffrank": 233,
    "Oorbp": 0.28606060606060607,
    "Oposs": 1855.04,
    "Otovr": 0.15590328257709082,
    "SoR": 0.0,
    "SoRrank": 148,
    "TAst": 373.0,
    "TBlk": 71.0,
    "TDR": 589.0,
    "TFGA": 1616.0,
    "TFGA3": 655.0,
    "TFGM": 676.0,
    "TFGM3": 221.0,
    "TFTA": 402.0,
    "TFTM": 291.0,
    "TOR": 250.0,
    "TPF": 427.0,
    "TScore": 1866.0,
    "TStl": 142.0,
    "TTO": 314.0,
    "Tastr": 0.15041050373405165,
    "Tcorrdastr": 0.15206733769144365,
    "Tcorrdastrrank": 256,
    "Tcorrdeff": 108.43023385611258,
    "Tcorrdeffrank": 277,
    "Tcorrdefgp": 0.5462401251535786,
    "Tcorrdefgprank": 318,
    "Tcorrdftr": 0.3130861941185536,
    "Tcorrdftrrank": 180,
    "Tcorrdorbp": 0.281060454831982,
    "Tcorrdorbprank": 238,
    "Tcorrdtovr": 0.15582389488821083,
    "Tcorrdtovrrank": 169,
    "Tcorroastr": 0.1516195691765721,
    "Tcorroastrrank": 114,
    "Tcorroeff": 99.46342762299967,
    "Tcorroeffrank": 252,
    "Tcorroefgp": 0.4813630213846961,
    "Tcorroefgprank": 272,
    "Tcorroftr": 0.22290973401635167,
    "Tcorroftrrank": 360,
    "Tcorroorbp": 0.2683826687389167,
    "Tcorroorbprank": 190,
    "Tcorrotovr": 0.1533539994658944,
    "Tcorrotovrrank": 163,
    "Teff": 100.49114643918831,
    "Tefgp": 0.48669554455445546,
    "Tftr": 0.24876237623762376,
    "Tneteff": -8.966806233112905,
    "Tneteffrank": 268,
    "Torbp": 0.2768549280177187,
    "Tposs": 1856.88,
    "Ttovr": 0.14903554070473876,
    "closses": 12,
    "confplace": 8,
    "cwins": 7,
    "dates": [
        [
            11,
            7
        ],
        [
            11,
            12
        ],
        [
            11,
            16
        ],
        [
            11,
            22
        ],
        [
            11,
            27
        ],
        [
            12,
            2
        ],
        [
            12,
            4
        ],
        [
            12,
            10
        ],
        [
            12,
            18
        ],
        [
            12,
            21
        ],
        [
            12,
            31
        ],
        [
            1,
            2
        ],
        [
            1,
            6
        ],
        [
            1,
            8
        ],
        [
            1,
            13
        ],
        [
            1,
            15
        ],
        [
            1,
            20
        ],
        [
            1,
            22
        ],
        [
            1,
            29
        ],
        [
            2,
            3
        ],
        [
            2,
            5
        ],
        [
            2,
            10
        ],
        [
            2,
            12
        ],
        [
            2,
            17
        ],
        [
            2,
            19
        ],
        [
            2,
            24
        ],
        [
            2,
            26
        ]
    ],
    "geff": [
        [
            103.21100917431193,
            112.74509803921569
        ],
        [
            118.17670230725943,
            107.93308148947652
        ],
        [
            78.99113082039912,
            85.74807806031934
        ],
        [
            101.50812064965199,
            113.31038439472175
        ],
        [
            80.88235294117648,
            104.57198443579767
        ],
        [
            102.82021151586369,
            110.05353955978583
        ],
        [
            80.17103153393907,
            124.58471760797343
        ],
        [
            84.9575212393803,
            88.64337101747174
        ],
        [
            94.31306306306305,
            139.52819332566168
        ],
        [
            118.8380281690141,
            121.10726643598616
        ],
        [
            99.19404835709858,
            97.17314487632508
        ],
        [
            86.85581933989577,
            94.78672985781989
        ],
        [
            113.07420494699646,
            99.92987377279103
        ],
        [
            111.07427055702918,
            100.80645161290323
        ],
        [
            85.09389671361502,
            112.62596324836989
        ],
        [
            93.4844192634561,
            89.4919168591224
        ],
        [
            88.09234507897933,
            104.16666666666667
        ],
        [
            111.29207383279044,
            118.07817589576545
        ],
        [
            101.92837465564739,
            108.46277450455275
        ],
        [
            115.36030341340076,
            118.30635118306353
        ],
        [
            95.93356242840778,
            111.74016686531584
        ],
        [
            88.58858858858859,
            121.50668286755771
        ],
        [
            121.77650429799428,
            93.06987399770904
        ],
        [
            129.72453555413196,
            122.64150943396226
        ],
        [
            112.39368165249088,
            114.88970588235294
        ],
        [
            110.96166778749159,
            88.39226150767178
        ],
        [
            100.37641154328732,
            77.0392749244713
        ]
    ],
    "losses": 19,
    "nOT": [
        0,
        1,
        1,
        0,
        0,
        0,
        0,
        0,
        0,
        0,
        0,
        0,
        0,
        1,
        0,
        0,
        0,
        0,
        1,
        0,
        0,
        0,
        0,
        0,
        0,
        0,
        0
    ],
    "pace": 68.1405200687214,