{
    "CompRank": 91,
    "CompositeDef": 98.92599689482529,
    "CompositeOff": 107.03828161323982,
    "CompositePace": 68.15480592237516,
    "CompositeRating": 8.112284718414534,
    "HA": [
        "A",
        "A",
        "H",
        "H",
        "A",
        "A",
        "H",
        "A",
        "A",
        "H",
        "A",
        "A",
        "A",
        "H"
    ],
    "OAst": 150.0,
    "OAvgCompRat": -0.14612398300882343,
    "OBlk": 55.0,
    "ODR": 332.0,
    "OFGA": 855.0,
    "OFGA3": 312.0,
    "OFGM": 367.0,
    "OFGM3": 101.0,
    "OFTA": 184.0,
    "OFTM": 115.0,
    "OOR": 138.0,
    "OPF": 192.0,
    "OScore": 950.0,
    "OStl": 90.0,
    "OTO": 173.0,
    "Oastr": 0.1191459617462032,
    "Ocomprank": 163,
    "Ocorrdastr": 0.1459226601056288,
    "Ocorrdeff": 105.7407287836993,
    "Ocorrdeffrank": 210,
    "Ocorrdefgp": 0.5143388098082576,
    "Ocorrdftr": 0.35471018869999105,
    "Ocorrdorbp": 0.28792276182179927,
    "Ocorrdtovr": 0.14957055012281634,
    "Ocorroastr": 0.1520309184816943,
    "Ocorroeff": 106.31760062046156,
    "Ocorroeffrank": 128,
    "Ocorroefgp": 0.511928288119607,
    "Ocorroftr": 0.31087399837050095,
    "Ocorroorbp": 0.28306262540497945,
    "Ocorrotovr": 0.14941648257103082,
    "Oeff": 97.8413116915218,
    "Oefgp": 0.48830409356725146,
    "Oftr": 0.2152046783625731,
    "Oneteff": 0.5768718367622654,
    "Oneteffrank": 157,
    "Oorbp": 0.2816326530612245,
    "Oposs": 970.96,
    "Otovr": 0.15600201991054682,
    "SoR": 0.2991921900653116,
    "SoRrank": 135,
    "TAst": 218.0,
    "TBlk": 45.0,
    "TDR": 352.0,
    "TFGA": 821.0,
    "TFGA3": 341.0,
    "TFGM": 379.0,
    "TFGM3": 114.0,
    "TFTA": 224.0,
    "TFTM": 172.0,
    "TOR": 94.0,
    "TPF": 200.0,
    "TScore": 1044.0,
    "TStl": 114.0,
    "TTO": 154.0,
    "Tastr": 0.1687881321812382,
    "Tcorrdastr": 0.11410818809903524,
    "Tcorrdastrrank": 25,
    "Tcorrdeff": 96.84961629414471,
    "Tcorrdeffrank": 58,
    "Tcorrdefgp": 0.4830378804209844,
    "Tcorrdefgprank": 106,
    "Tcorrdftr": 0.23169847104024455,
    "Tcorrdftrrank": 9,
    "Tcorrdorbp": 0.2852264272468197,
    "Tcorrdorbprank": 182,
    "Tcorrdtovr": 0.15765171817706622,
    "Tcorrdtovrrank": 131,
    "Tcorroastr": 0.16844245484666306,
    "Tcorroastrrank": 60,
    "Tcorroeff": 106.09602613658458,
    "Tcorroeffrank": 165,
    "Tcorroefgp": 0.5231370514705008,
    "Tcorroefgprank": 126,
    "Tcorroftr": 0.25815819365130627,
    "Tcorroftrrank": 338,
    "Tcorroorbp": 0.2202719658323032,
    "Tcorroorbprank": 327,
    "Tcorrotovr": 0.14477329796245741,
    "Tcorrotovrrank": 141,
    "Teff": 106.57846380007351,
    "Tefgp": 0.5310596833130329,
    "Tftr": 0.2728380024360536,
    "Tneteff": 9.246409842439874,
    "Tneteffrank": 87,
    "Torbp": 0.22065727699530516,
    "Tposs": 979.56,
    "Ttovr": 0.14344796750996686,
    "closses": 1,
    "confplace": 2,
    "cwins": 2,
    "dates": [
        [
            11,
            4
        ],
        [
            11,
            6
        ],
        [
            11,
            9
        ],
        [
            11,
            12
        ],
        [
            11,
            17
        ],
        [
            11,
            19
        ],
        [
            11,
            24
        ],
        [
            11,
            30
        ],
        [
            12,
            3
        ],
        [
            12,
            5
        ],
        [
            12,
            19
        ],
        [
            1,
            2
        ],
        [
            1,
            4
        ],
        [
            1,
            9
        ]
    ],
    "geff": [
        [
            104.8474945533769,
            94.29020429544263
        ],
        [
            78.98894154818325,
            105.43840177580466
        ],
        [
            128.03676953381483,
            112.37785016286645
        ],
        [
            113.63636363636364,
            116.55011655011656
        ],
        [
            78.36587872559095,
            85.80343213728548
        ],
        [
            92.7947598253275,
            138.0979498861048
        ],
        [
            107.54189944134079,
            76.58959537572254
        ],
        [
            105.6701030927835,
            58.79208979155531
        ],
        [
            120.04801920768307,
            93.9963614311704
        ],
        [
            114.63844797178129,
            86.3060989643268
        ],
        [
            100.80645161290322,
            102.0097442143727
        ],
        [
            115.81733951025811,
            105.31432274789371
        ],
        [
            128.41091492776886,
            85.42445274959957
        ],
        [
            112.23862238622388,
            118.14744801512286
        ]
    ],
    "losses": 6,
    "nOT": [
        0,
        0,
        0,
        0,
        0,
        0,
        0,
        0,
        0,
        0,
        0,
        0,
        0,
        0
    ],
    "pace": 67.94242604524729,
    "poss": [
        [
            73.44,
            76.36
        ],
        [
            75.96000000000001,
            72.08
        ],
        [
            60.92,
            61.4
        ],
        [
            69.52,
            68.64
        ],
        [
            77.84,
            76.92
        ],
        [
            73.28,
            70.24
        ],
        [
            71.6,
            69.2
        ],
        [
            77.6,
            74.84
        ],
        [
            66.64,
            65.96000000000001
        ],
        [
            68.04,
            69.52000000000001
        ],
        [
            64.48,
            65.68
        ],
        [
            60.44,
            61.72
        ],
        [
            74.76,
            74.92
        ],
        [
            65.03999999999999,
            63.480000000000004
        ]
    ],
    "preseason_pace": 69.29682117387205,
    "preseason_pred": 2.013834120088975,
    "preseason_predd": 110.09117104388952,
    "preseason_predo": 112.1050051639785,
    "schedule": [
        "duquesne",
        "arkansas",
        "wofford",
        "belmont",
        "western-kentucky",
        "kentucky",
        "jackson-state",
        "alabama-am",
        "chattanooga",
        "southeast-missouri-state",
        "middle-tennessee",
        "jacksonville",
        "north-florida",
        "queens-nc"
    ],
    "scores": [
        [
            77,
            72
        ],
        [
            60,
            76
        ],
        [
            78,
            69
        ],
        [
            79,
            80
        ],
        [
            61,
            66
        ],
        [
            68,
            97
        ],
        [
            77,
            53
        ],
        [
            82,
            44
        ],
        [
            80,
            62
        ],
        [
            78,
            60
        ],
        [
            65,
            67
        ],
        [
            70,
            65
        ],
        [
            96,
            64
        ],
        [
            73,
            75
        ]
    ],
    "wins": 8
}