{
    "CompRank": 301,
    "CompositeDef": 112.88422271521034,
    "CompositeOff": 100.0309729230294,
    "CompositePace": 70.0313180144868,
    "CompositeRating": -12.85324979218095,
    "HA": [
        "A",
        "H",
        "A",
        "N",
        "A",
        "N",
        "A",
        "A"
    ],
    "OAst": 129.0,
    "OAvgCompRat": -4.199482144254038,
    "OBlk": 36.0,
    "ODR": 192.0,
    "OFGA": 471.0,
    "OFGA3": 198.0,
    "OFGM": 209.0,
    "OFGM3": 73.0,
    "OFTA": 208.0,
    "OFTM": 151.0,
    "OOR": 78.0,
    "OPF": 145.0,
    "OScore": 642.0,
    "OStl": 63.0,
    "OTO": 110.0,
    "Oastr": 0.1609442060085837,
    "Ocomprank": 307,
    "Ocorrdastr": 0.15136220892163854,
    "Ocorrdeff": 104.05979371862976,
    "Ocorrdeffrank": 224,
    "Ocorrdefgp": 0.5241903498025643,
    "Ocorrdftr": 0.41327638522477955,
    "Ocorrdorbp": 0.2657810300971186,
    "Ocorrdtovr": 0.1577413626176903,
    "Ocorroastr": 0.12829645552313804,
    "Ocorroeff": 98.97660433292245,
    "Ocorroeffrank": 326,
    "Ocorroefgp": 0.45607150495817633,
    "Ocorroftr": 0.3301073721226164,
    "Ocorroorbp": 0.29293984400600953,
    "Ocorrotovr": 0.15409556882562478,
    "Oeff": 107.98627464172779,
    "Oefgp": 0.5212314225053079,
    "Oftr": 0.4416135881104034,
    "Oneteff": -5.083189385707314,
    "Oneteffrank": 297,
    "Oorbp": 0.29545454545454547,
    "Oposs": 594.52,
    "Otovr": 0.1635639088800333,
    "SoR": 0.0,
    "SoRrank": 253,
    "TAst": 128.0,
    "TBlk": 27.0,
    "TDR": 186.0,
    "TFGA": 506.0,
    "TFGA3": 178.0,
    "TFGM": 216.0,
    "TFGM3": 72.0,
    "TFTA": 168.0,
    "TFTM": 121.0,
    "TOR": 87.0,
    "TPF": 164.0,
    "TScore": 625.0,
    "TStl": 59.0,
    "TTO": 104.0,
    "Tastr": 0.1576510000985319,
    "Tcorrdastr": 0.17594258038839902,
    "Tcorrdastrrank": 345,
    "Tcorrdeff": 112.53608775912836,
    "Tcorrdeffrank": 327,
    "Tcorrdefgp": 0.5718278659375469,
    "Tcorrdefgprank": 347,
    "Tcorrdftr": 0.4504082756556896,
    "Tcorrdftrrank": 332,
    "Tcorrdorbp": 0.2785766089698127,
    "Tcorrdorbprank": 188,
    "Tcorrdtovr": 0.16044543617699797,
    "Tcorrdtovrrank": 121,
    "Tcorroastr": 0.14622175069913268,
    "Tcorroastrrank": 136,
    "Tcorroeff": 103.80567782916572,
    "Tcorroeffrank": 161,
    "Tcorroefgp": 0.47565625450346405,
    "Tcorroefgprank": 243,
    "Tcorroftr": 0.2717213728307589,
    "Tcorroftrrank": 308,
    "Tcorroorbp": 0.3249658521257338,
    "Tcorroorbprank": 53,
    "Tcorrotovr": 0.14570509201444518,
    "Tcorrotovrrank": 156,
    "Teff": 104.70414795952557,
    "Tefgp": 0.4980237154150198,
    "Tftr": 0.33201581027667987,
    "Tneteff": -8.730409929962647,
    "Tneteffrank": 263,
    "Torbp": 0.3118279569892473,
    "Tposs": 596.92,
    "Ttovr": 0.15206456895543338,
    "closses": 0,
    "confplace": 1,
    "cwins": 0,
    "dates": [
        [
            11,
            9
        ],
        [
            11,
            14
        ],
        [
            11,
            18
        ],
        [
            11,
            24
        ],
        [
            11,
            25
        ],
        [
            11,
            26
        ],
        [
            11,
            30
        ],
        [
            12,
            3
        ]
    ],
    "geff": [
        [
            90.49162614802809,
            107.26072607260726
        ],
        [
            115.08951406649616,
            107.27367870225014
        ],
        [
            99.94739610731193,
            99.58613554061046
        ],
        [
            108.29853862212944,
            83.20532514080901
        ],
        [
            101.40845070422536,
            118.16628701594531
        ],
        [
            109.375,
            107.48407643312102
        ],
        [
            114.83121195351411,
            117.10239651416123
        ],
        [
            97.33036707452725,
            126.97516930022574
        ]
    ],
    "losses": 5,
    "nOT": [
        0,
        0,
        0,
        0,
        0,
        1,
        0,
        0
    ],
    "pace": 71.59417914831421,
    "poss": [
        [
            74.04,
            72.72
        ],
        [
            78.2,
            76.44
        ],
        [
            76.04,
            77.32
        ],
        [
            76.64,
            78.12
        ],
        [
            71.0,
            70.24000000000001
        ],
        [
            76.8,
            75.36
        ],
        [
            72.28,
            73.44
        ],
        [
            71.92,
            70.88
        ]
    ],
    "preseason_pace": 67.2871996999476,
    "preseason_pred": -20.0922553115766,
    "preseason_predd": 113.49548848171918,
    "preseason_predo": 93.40323317014257,
    "schedule": [
        "southern-methodist",
        "texas-san-antonio",
        "pacific",
        "bethune-cookman",
        "longwood",
        "delaware-state",
        "texas-san-antonio",
        "sam-houston-state"
    ],
    "scores": [
        [
            67,
            78
        ],
        [
            90,
            82
        ],
        [
            76,
            77
        ],
        [
            83,
            65
        ],
        [
            72,
            83
        ],
        [
            84,
            81
        ],
        [
            83,
            86
        ],
        [
            70,
            90
        ]
    ],
    "wins": 3
}