{
    "CompRank": 212,
    "CompositeDef": 103.81829956867143,
    "CompositeOff": 100.21505430276842,
    "CompositePace": 68.46099428704731,
    "CompositeRating": -3.6032452659030128,
    "HA": [
        "H",
        "H",
        "H",
        "N",
        "N",
        "N",
        "A",
        "H",
        "H",
        "A",
        "H",
        "N",
        "H",
        "H",
        "A",
        "H",
        "A",
        "A",
        "H",
        "A",
        "H",
        "H",
        "A",
        "H",
        "H",
        "A",
        "A",
        "H",
        "H",
        "A",
        "A"
    ],
    "OAst": 389.0,
    "OAvgCompRat": -0.003475659769247378,
    "OBlk": 103.0,
    "ODR": 719.0,
    "OFGA": 1788.0,
    "OFGA3": 609.0,
    "OFGM": 792.0,
    "OFGM3": 201.0,
    "OFTA": 597.0,
    "OFTM": 424.0,
    "OOR": 278.0,
    "OPF": 554.0,
    "OScore": 2209.0,
    "OStl": 200.0,
    "OTO": 359.0,
    "Oastr": 0.13899409721725958,
    "Ocomprank": 153,
    "Ocorrdastr": 0.14731017711103894,
    "Ocorrdeff": 103.2954937271319,
    "Ocorrdeffrank": 169,
    "Ocorrdefgp": 0.4993971715589934,
    "Ocorrdftr": 0.32522921163009566,
    "Ocorrdorbp": 0.2759905151584455,
    "Ocorrdtovr": 0.15996713802026175,
    "Ocorroastr": 0.14235551034719537,
    "Ocorroeff": 102.95999331051911,
    "Ocorroeffrank": 167,
    "Ocorroefgp": 0.5102398102159054,
    "Ocorroftr": 0.32272732374152774,
    "Ocorroorbp": 0.26921524763833515,
    "Ocorrotovr": 0.15152194744801528,
    "Oeff": 103.62718606920365,
    "Oefgp": 0.49916107382550334,
    "Oftr": 0.3338926174496644,
    "Oneteff": -0.3355004166127884,
    "Oneteffrank": 163,
    "Oorbp": 0.27883650952858574,
    "Oposs": 2131.68,
    "Otovr": 0.148982437502075,
    "SoR": 0.0,
    "SoRrank": 139,
    "TAst": 408.0,
    "TBlk": 86.0,
    "TDR": 719.0,
    "TFGA": 1787.0,
    "TFGA3": 749.0,
    "TFGM": 727.0,
    "TFGM3": 238.0,
    "TFTA": 667.0,
    "TFTM": 460.0,
    "TOR": 337.0,
    "TPF": 554.0,
    "TScore": 2152.0,
    "TStl": 200.0,
    "TTO": 401.0,
    "Tastr": 0.14120187715436688,
    "Tcorrdastr": 0.13969466256809562,
    "Tcorrdastrrank": 160,
    "Tcorrdeff": 103.81829956867143,
    "Tcorrdeffrank": 190,
    "Tcorrdefgp": 0.4948471243341902,
    "Tcorrdefgprank": 126,
    "Tcorrdftr": 0.3294430289601345,
    "Tcorrdftrrank": 226,
    "Tcorrdorbp": 0.27906407285765,
    "Tcorrdorbprank": 228,
    "Tcorrdtovr": 0.153767595158289,
    "Tcorrdtovrrank": 179,
    "Tcorroastr": 0.13704365219413273,
    "Tcorroastrrank": 207,
    "Tcorroeff": 100.21505430276842,
    "Tcorroeffrank": 232,
    "Tcorroefgp": 0.4795720685465679,
    "Tcorroefgprank": 280,
    "Tcorroftr": 0.3664458374077394,
    "Tcorroftrrank": 52,
    "Tcorroorbp": 0.31226784869351965,
    "Tcorroorbprank": 70,
    "Tcorrotovr": 0.1579298769801775,
    "Tcorrotovrrank": 209,
    "Teff": 100.35066776094904,
    "Tefgp": 0.47341913822048126,
    "Tftr": 0.3732512590934527,
    "Tneteff": -3.6032452659030128,
    "Tneteffrank": 212,
    "Torbp": 0.3191287878787879,
    "Tposs": 2144.48,
    "Ttovr": 0.16159711140126054,
    "closses": 12,
    "confplace": 9,
    "cwins": 6,
    "dates": [
        [
            11,
            8
        ],
        [
            11,
            12
        ],
        [
            11,
            16
        ],
        [
            11,
            21
        ],
        [
            11,
            22
        ],
        [
            11,
            23
        ],
        [
            11,
            26
        ],
        [
            11,
            29
        ],
        [
            12,
            2
        ],
        [
            12,
            6
        ],
        [
            12,
            11
        ],
        [
            12,
            17
        ],
        [
            12,
            21
        ],
        [
            12,
            28
        ],
        [
            12,
            31
        ],
        [
            1,
            4
        ],
        [
            1,
            7
        ],
        [
            1,
            11
        ],
        [
            1,
            15
        ],
        [
            1,
            18
        ],
        [
            1,
            24
        ],
        [
            1,
            29
        ],
        [
            2,
            1
        ],
        [
            2,
            4
        ],
        [
            2,
            15
        ],
        [
            2,
            19
        ],
        [
            2,
            21
        ],
        [
            2,
            25
        ],
        [
            3,
            1
        ],
        [
            3,
            3
        ],
        [
            3,
            5
        ]
    ],
    "geff": [
        [
            108.08534531162269,
            113.43012704174228
        ],
        [
            104.22306442880347,
            81.42857142857143
        ],
        [
            107.27367870225014,
            94.75597092419521
        ],
        [
            97.75808133472367,
            102.01446280991736
        ],
        [
            123.42135476463834,
            107.2654462242563
        ],
        [
            122.13976499690784,
            94.91822429906541
        ],
        [
            75.34659433393611,
            103.55892648774795
        ],
        [
            99.241097489784,
            109.02031063321387
        ],
        [
            115.36214953271028,
            98.96729776247848
        ],
        [
            95.3125,
            120.75718015665797
        ],
        [
            122.16404886561953,
            113.56753482737736
        ],
        [
            107.02341137123746,
            90.73233959818535
        ],
        [
            78.45188284518828,
            63.07929969104016
        ],
        [
            83.33333333333333,
            86.86690223792696
        ],
        [
            126.03701340140394,
            105.50458715596329
        ],
        [
            92.87454323995127,
            100.12515644555694
        ],
        [
            81.35686707115278,
            96.53049804141018
        ],
        [
            80.17492711370264,
            123.1454005934718
        ],
        [
            102.10035005834305,
            120.46400951814397
        ],
        [
            83.8635049161365,
            107.92430514488468
        ],
        [
            122.10796915167094,
            106.5891472868217
        ],
        [
            99.61261759822911,
            118.25264329437952
        ],
        [
            89.69248291571755,
            101.0244735344337
        ],
        [
            114.71990464839094,
            103.80622837370242
        ],
        [
            114.19001218026796,
            104.84347312463083
        ],
        [
            93.53287012292891,
            119.6438508625487
        ],
        [
            93.93939393939394,
            91.96811771919067
        ],
        [
            88.61940298507464,
            117.64705882352942
        ],
        [
            108.29853862212944,
            91.34873723804407
        ],
        [
            102.57759074171487,
            111.5702479338843
        ],
        [
            84.74576271186442,
            120.34383954154728
        ]
    ],
    "losses": 16,
    "nOT": [
        0,
        0,
        0,
        0,
        0,
        0,
        0,
        0,
        0,
        0,
        0,
        0,
        0,
        0,
        0,
        0,
        0,
        0,
        0,
        0,
        0,
        0,
        0,
        0,
        0,
        0,
        0,
        0,
        0,
        0,
        0
    ],
    "pace": 68.46099428704731,