{
    "CompRank": 154,
    "CompositeDef": 103.8554448243593,
    "CompositeOff": 103.61355564398377,
    "CompositePace": 66.11081729317233,
    "CompositeRating": -0.2418891803755155,
    "HA": [
        "H",
        "H",
        "N",
        "N",
        "N",
        "H",
        "H"
    ],
    "OAst": 97.0,
    "OAvgCompRat": -7.193278471745098,
    "OBlk": 26.0,
    "ODR": 161.0,
    "OFGA": 400.0,
    "OFGA3": 155.0,
    "OFGM": 166.0,
    "OFGM3": 51.0,
    "OFTA": 134.0,
    "OFTM": 94.0,
    "OOR": 65.0,
    "OPF": 137.0,
    "OScore": 477.0,
    "OStl": 40.0,
    "OTO": 84.0,
    "Oastr": 0.15157197324832802,
    "Ocomprank": 338,
    "Ocorrdastr": 0.1438448724602663,
    "Ocorrdeff": 109.26434644358199,
    "Ocorrdeffrank": 335,
    "Ocorrdefgp": 0.5084137393911737,
    "Ocorrdftr": 0.33292518282642997,
    "Ocorrdorbp": 0.27279153449477184,
    "Ocorrdtovr": 0.12627402693018905,
    "Ocorroastr": 0.13618162859242158,
    "Ocorroeff": 101.35634433716292,
    "Ocorroeffrank": 288,
    "Ocorroefgp": 0.5006430390318318,
    "Ocorroftr": 0.379095334537583,
    "Ocorroorbp": 0.2805935617694318,
    "Ocorrotovr": 0.16050905788895573,
    "Oeff": 99.79914637208135,
    "Oefgp": 0.47875,
    "Oftr": 0.335,
    "Oneteff": -7.908002106419062,
    "Oneteffrank": 326,
    "Oorbp": 0.2914798206278027,
    "Oposs": 477.96,
    "Otovr": 0.15470752909974952,
    "SoR": 2.0128654577882488,
    "SoRrank": 136,
    "TAst": 75.0,
    "TBlk": 27.0,
    "TDR": 158.0,
    "TFGA": 417.0,
    "TFGA3": 148.0,
    "TFGM": 169.0,
    "TFGM3": 41.0,
    "TFTA": 172.0,
    "TFTM": 129.0,
    "TOR": 86.0,
    "TPF": 121.0,
    "TScore": 508.0,
    "TStl": 52.0,
    "TTO": 69.0,
    "Tastr": 0.11779858013444744,
    "Tcorrdastr": 0.16029617562004397,
    "Tcorrdastrrank": 289,
    "Tcorrdeff": 102.75253633701651,
    "Tcorrdeffrank": 143,
    "Tcorrdefgp": 0.4819755582048271,
    "Tcorrdefgprank": 119,
    "Tcorrdftr": 0.3012932906893935,
    "Tcorrdftrrank": 117,
    "Tcorrdorbp": 0.292451863224485,
    "Tcorrdorbprank": 220,
    "Tcorrdtovr": 0.1445700850276461,
    "Tcorrdtovrrank": 199,
    "Tcorroastr": 0.11796603151343082,
    "Tcorroastrrank": 316,
    "Tcorroeff": 102.0503974643987,
    "Tcorroeffrank": 203,
    "Tcorroefgp": 0.45076965770554267,
    "Tcorroefgprank": 312,
    "Tcorroftr": 0.42381400617167164,
    "Tcorroftrrank": 50,
    "Tcorroorbp": 0.35993559495717053,
    "Tcorroorbprank": 25,
    "Tcorrotovr": 0.1458412324128106,
    "Tcorrotovrrank": 155,
    "Teff": 106.79448368651194,
    "Tefgp": 0.45443645083932854,
    "Tftr": 0.41247002398081534,
    "Tneteff": -0.7021388726178088,
    "Tneteffrank": 172,
    "Torbp": 0.3481781376518219,
    "Tposs": 475.68,
    "Ttovr": 0.12284574846887907,
    "closses": 0,
    "confplace": 1,
    "cwins": 0,
    "dates": [
        [
            11,
            9
        ],
        [
            11,
            16
        ],
        [
            11,
            21
        ],
        [
            11,
            22
        ],
        [
            11,
            23
        ],
        [
            11,
            29
        ],
        [
            12,
            3
        ]
    ],
    "geff": [
        [
            107.5085324232082,
            96.84832567301379
        ],
        [
            103.88918486947256,
            96.25
        ],
        [
            112.0689655172414,
            129.0516206482593
        ],
        [
            102.1288837744534,
            95.5223880597015
        ],
        [
            111.45510835913313,
            81.99165175909363
        ],
        [
            131.57894736842104,
            98.96729776247848
        ],
        [
            78.40236686390533,
            100.60060060060061
        ]
    ],
    "losses": 2,
    "nOT": [
        0,
        2,
        0,
        0,
        0,
        0,
        0
    ],
    "pace": 65.49392563874649,
    "poss": [
        [
            58.599999999999994,
            60.92
        ],
        [
            75.08,
            80.0
        ],
        [
            69.6,
            66.64
        ],
        [
            69.52,
            67.0
        ],
        [
            64.6,
            67.08
        ],
        [
            70.68,
            69.72
        ],
        [
            67.6,
            66.6
        ]
    ],
    "preseason_pace": 66.94010922916318,
    "preseason_pred": 0.37682782702839024,
    "preseason_predd": 105.3380927222961,
    "preseason_predo": 105.71492054932449,
    "schedule": [
        "coastal-carolina",
        "george-mason",
        "jacksonville-state",
        "stetson",
        "illinois-chicago",
        "north-carolina-at",
        "north-carolina-wilmington"
    ],
    "scores": [
        [
            63,
            59
        ],
        [
            78,
            77
        ],
        [
            78,
            86
        ],
        [
            71,
            64
        ],
        [
            72,
            55
        ],
        [
            93,
            69
        ],
        [
            53,
            67
        ]
    ],
    "wins": 5
}