{
    "CompRank": 110,
    "CompositeDef": 96.98960565597929,
    "CompositeOff": 103.38299746094847,
    "CompositePace": 67.66234394890837,
    "CompositeRating": 6.393391804969182,
    "HA": [
        "H",
        "H",
        "H",
        "H",
        "N",
        "N",
        "N",
        "A",
        "H",
        "H",
        "H",
        "H",
        "H",
        "A",
        "A",
        "H",
        "H",
        "A",
        "A",
        "H",
        "A",
        "H",
        "A"
    ],
    "OAst": 313.0,
    "OAvgCompRat": 5.089440633897481,
    "OBlk": 69.0,
    "ODR": 499.0,
    "OFGA": 1324.0,
    "OFGA3": 431.0,
    "OFGM": 564.0,
    "OFGM3": 152.0,
    "OFTA": 390.0,
    "OFTM": 284.0,
    "OOR": 195.0,
    "OPF": 364.0,
    "OScore": 1564.0,
    "OStl": 169.0,
    "OTO": 264.0,
    "Oastr": 0.15101804496767346,
    "Ocomprank": 42,
    "Ocorrdastr": 0.13118717518003958,
    "Ocorrdeff": 98.30063915725451,
    "Ocorrdeffrank": 28,
    "Ocorrdefgp": 0.4752970425254994,
    "Ocorrdftr": 0.31430959855952756,
    "Ocorrdorbp": 0.2507966860344818,
    "Ocorrdtovr": 0.16276560611871443,
    "Ocorroastr": 0.15137733932953576,
    "Ocorroeff": 105.50108979456384,
    "Ocorroeffrank": 48,
    "Ocorroefgp": 0.518076707541195,
    "Ocorroftr": 0.33188005486383365,
    "Ocorroorbp": 0.3045728679397667,
    "Ocorrotovr": 0.15156422220198962,
    "Oeff": 99.9616515403298,
    "Oefgp": 0.48338368580060426,
    "Oftr": 0.2945619335347432,
    "Oneteff": 7.200450637309331,
    "Oneteffrank": 37,
    "Oorbp": 0.26933701657458564,
    "Oposs": 1564.6,
    "Otovr": 0.15003409865878609,
    "SoR": 0.0,
    "SoRrank": 157,
    "TAst": 294.0,
    "TBlk": 106.0,
    "TDR": 529.0,
    "TFGA": 1351.0,
    "TFGA3": 459.0,
    "TFGM": 574.0,
    "TFGM3": 139.0,
    "TFTA": 378.0,
    "TFTM": 260.0,
    "TOR": 239.0,
    "TPF": 375.0,
    "TScore": 1547.0,
    "TStl": 157.0,
    "TTO": 280.0,
    "Tastr": 0.14058106841611998,
    "Tcorrdastr": 0.14271443695551142,
    "Tcorrdastrrank": 184,
    "Tcorrdeff": 96.9590449343529,
    "Tcorrdeffrank": 85,
    "Tcorrdefgp": 0.4701592692143018,
    "Tcorrdefgprank": 64,
    "Tcorrdftr": 0.2815771845723637,
    "Tcorrdftrrank": 105,
    "Tcorrdorbp": 0.2375822202355497,
    "Tcorrdorbprank": 73,
    "Tcorrdtovr": 0.15667575223716224,
    "Tcorrdtovrrank": 171,
    "Tcorroastr": 0.15319211378690412,
    "Tcorroastrrank": 103,
    "Tcorroeff": 103.36033590910752,
    "Tcorroeffrank": 152,
    "Tcorroefgp": 0.5050677452467927,
    "Tcorroefgprank": 174,
    "Tcorroftr": 0.28329653352342066,
    "Tcorroftrrank": 280,
    "Tcorroorbp": 0.34794338585596124,
    "Tcorroorbprank": 19,
    "Tcorrotovr": 0.1513975638154856,
    "Tcorrotovrrank": 136,
    "Teff": 99.27357667231378,
    "Tefgp": 0.4763138415988157,
    "Tftr": 0.27979274611398963,
    "Tneteff": 6.401290974754616,
    "Tneteffrank": 111,
    "Torbp": 0.3238482384823848,
    "Tposs": 1558.32,
    "Ttovr": 0.15578750584203147,
    "closses": 9,
    "confplace": 12,
    "cwins": 1,
    "dates": [
        [
            11,
            7
        ],
        [
            11,
            11
        ],
        [
            11,
            15
        ],
        [
            11,
            18
        ],
        [
            11,
            24
        ],
        [
            11,
            25
        ],
        [
            11,
            27
        ],
        [
            12,
            3
        ],
        [
            12,
            10
        ],
        [
            12,
            14
        ],
        [
            12,
            17
        ],
        [
            12,
            20
        ],
        [
            12,
            28
        ],
        [
            1,
            3
        ],
        [
            1,
            7
        ],
        [
            1,
            10
        ],
        [
            1,
            14
        ],
        [
            1,
            17
        ],
        [
            1,
            21
        ],
        [
            1,
            24
        ],
        [
            1,
            28
        ],
        [
            1,
            31
        ],
        [
            2,
            4
        ]
    ],
    "geff": [
        [
            105.30871321407965,
            81.87464709203839
        ],
        [
            122.62415695892092,
            99.58382877526753
        ],
        [
            106.64229128580133,
            87.34939759036143
        ],
        [
            100.3904071388734,
            91.15281501340483
        ],
        [
            106.50887573964498,
            101.43198090692123
        ],
        [
            111.85006045949214,
            88.21855435401253
        ],
        [
            94.30727023319616,
            102.21760221760222
        ],
        [
            82.94528521536671,
            98.49362688296638
        ],
        [
            130.59701492537312,
            77.17611336032388
        ],
        [
            96.0932577189666,
            112.21945137157108
        ],
        [
            96.92307692307692,
            80.45640725570509
        ],
        [
            89.82863460475401,
            91.31156613171001
        ],
        [
            85.60650029019152,
            102.5390625
        ],
        [
            80.02065049044914,
            115.06849315068493
        ],
        [
            82.4679291386683,
            104.16666666666667
        ],
        [
            107.4793875147232,
            112.8233351678591
        ],
        [
            85.90047393364928,
            96.63341645885288
        ],
        [
            105.3582179409994,
            80.87005019520358
        ],
        [
            80.59954751131222,
            99.30915371329878
        ],
        [
            107.06340378197997,
            131.4235085646781
        ],
        [
            93.98496240601503,
            120.58823529411765
        ],
        [
            102.48447204968943,
            118.8212927756654
        ],
        [
            109.09649661954518,
            114.19753086419753
        ]
    ],
    "losses": 14,
    "nOT": [
        0,
        0,
        0,
        0,
        0,
        0,
        0,
        0,
        0,
        0,
        0,
        0,
        0,
        0,
        0,
        0,
        0,
        0,
        0,
        0,
        0,
        0,
        0
    ],
    "pace": 67.67612838222207,
    "poss": [
        [
            69.32,
            70.84
        ],
        [
            65.24,
            67.28
        ],
        [
            65.64,
            66.4
        ],
        [
            71.72,
            74.6
        ],
        [
            67.6,
            67.04
        ],
        [
            66.16,
            70.28
        ],
        [
            58.32,
            57.72
        ],
        [
            68.72,
            69.04
        ],
        [
            75.04,
            79.04
        ],
        [
            63.480000000000004,
            64.16
        ],
        [
            65.0,
            68.36
        ],
        [
            72.36,
            72.28
        ],
        [
            68.92,
            61.44
        ],
        [
            77.48,
            73.0
        ],
        [
            65.48,
            61.44
        ],
        [
            67.92,
            72.68
        ],
        [
            67.52000000000001,
            64.16
        ],
        [
            66.44,
            71.72
        ],
        [
            70.72,
            69.48
        ],
        [
            71.92,
            67.72
        ],
        [
            63.84,
            68.0
        ],
        [
            64.4,
            63.12
        ],
        [
            65.08,
            64.8
        ]
    ],
    "preseason_pace": 67.0265943974524,
    "preseason_pred": 6.029075511823491,
    "preseason_predd": 98.39909160465575,
    "preseason_predo": 104.42816711647924,