{
    "CompRank": 160,
    "CompositeDef": 102.96372519549618,
    "CompositeOff": 102.18154275902418,
    "CompositePace": 67.61112713919624,
    "CompositeRating": -0.7821824364719812,
    "HA": [
        "A",
        "H",
        "A",
        "N",
        "A",
        "H",
        "A",
        "A"
    ],
    "OAst": 94.0,
    "OAvgCompRat": -0.2994940804301552,
    "OBlk": 30.0,
    "ODR": 158.0,
    "OFGA": 433.0,
    "OFGA3": 142.0,
    "OFGM": 186.0,
    "OFGM3": 36.0,
    "OFTA": 179.0,
    "OFTM": 129.0,
    "OOR": 63.0,
    "OPF": 137.0,
    "OScore": 537.0,
    "OStl": 66.0,
    "OTO": 102.0,
    "Oastr": 0.13281338306770657,
    "Ocomprank": 167,
    "Ocorrdastr": 0.1446856564985393,
    "Ocorrdeff": 106.39412237947195,
    "Ocorrdeffrank": 151,
    "Ocorrdefgp": 0.5081965527803501,
    "Ocorrdftr": 0.3937328088136109,
    "Ocorrdorbp": 0.2845643648761147,
    "Ocorrdtovr": 0.14514009276657516,
    "Ocorroastr": 0.13715096874349644,
    "Ocorroeff": 107.54741515001862,
    "Ocorroeffrank": 175,
    "Ocorroefgp": 0.5056503529465082,
    "Ocorroftr": 0.38854488847784785,
    "Ocorroorbp": 0.30840550726635696,
    "Ocorrotovr": 0.1564558016093249,
    "Oeff": 97.50163410559954,
    "Oefgp": 0.47113163972286376,
    "Oftr": 0.4133949191685912,
    "Oneteff": 1.1532927705466705,
    "Oneteffrank": 162,
    "Oorbp": 0.2581967213114754,
    "Oposs": 550.76,
    "Otovr": 0.16618873826903025,
    "SoR": 2.540556712580222,
    "SoRrank": 127,
    "TAst": 94.0,
    "TBlk": 32.0,
    "TDR": 181.0,
    "TFGA": 437.0,
    "TFGA3": 141.0,
    "TFGM": 193.0,
    "TFGM3": 39.0,
    "TFTA": 159.0,
    "TFTM": 110.0,
    "TOR": 90.0,
    "TPF": 120.0,
    "TScore": 535.0,
    "TStl": 57.0,
    "TTO": 122.0,
    "Tastr": 0.13002102467633064,
    "Tcorrdastr": 0.14158840530814437,
    "Tcorrdastrrank": 147,
    "Tcorrdeff": 97.0915482595822,
    "Tcorrdeffrank": 47,
    "Tcorrdefgp": 0.4752985960613653,
    "Tcorrdefgprank": 72,
    "Tcorrdftr": 0.3833653788058171,
    "Tcorrdftrrank": 241,
    "Tcorrdorbp": 0.2516452318975819,
    "Tcorrdorbprank": 49,
    "Tcorrdtovr": 0.16042472954093692,
    "Tcorrdtovrrank": 127,
    "Tcorroastr": 0.13153712516077,
    "Tcorroastrrank": 264,
    "Tcorroeff": 99.99809677686106,
    "Tcorroeffrank": 268,
    "Tcorroefgp": 0.4886018241401953,
    "Tcorroefgprank": 239,
    "Tcorroftr": 0.33395790874005693,
    "Tcorroftrrank": 235,
    "Tcorroorbp": 0.38429438775548996,
    "Tcorroorbprank": 24,
    "Tcorrotovr": 0.20159996654632248,
    "Tcorrotovrrank": 361,
    "Teff": 99.26525159566572,
    "Tefgp": 0.4862700228832952,
    "Tftr": 0.36384439359267734,
    "Tneteff": 2.906548517278864,
    "Tneteffrank": 145,
    "Torbp": 0.3629032258064516,
    "Tposs": 538.96,
    "Ttovr": 0.1939709997456118,
    "closses": 0,
    "confplace": 1,
    "cwins": 0,
    "dates": [
        [
            11,
            8
        ],
        [
            11,
            15
        ],
        [
            11,
            18
        ],
        [
            11,
            21
        ],
        [
            11,
            22
        ],
        [
            11,
            29
        ],
        [
            12,
            2
        ],
        [
            12,
            11
        ]
    ],
    "geff": [
        [
            77.17750826901874,
            100.16242555495398
        ],
        [
            97.83878504672897,
            67.5303197353914
        ],
        [
            126.20192307692307,
            110.72261072261072
        ],
        [
            93.31476323119777,
            97.15380405035577
        ],
        [
            108.37727006444054,
            109.80746089049337
        ],
        [
            103.125,
            93.1013431013431
        ],
        [
            89.43781942078365,
            114.07366684991753
        ],
        [
            102.0408163265306,
            86.44536652835407
        ]
    ],
    "losses": 3,
    "nOT": [
        0,
        0,
        0,
        0,
        0,
        0,
        0,
        0
    ],
    "pace": 66.94099482314087,
    "poss": [
        [
            72.56,
            73.88
        ],
        [
            68.48,
            72.56
        ],
        [
            66.56,
            68.64
        ],
        [
            71.8,
            73.08
        ],
        [
            68.28,
            66.48
        ],
        [
            64.0,
            65.52
        ],
        [
            70.44,
            72.76
        ],
        [
            56.84,
            57.84
        ]
    ],
    "preseason_pace": 68.78776549934835,
    "preseason_pred": -7.258966552797196,
    "preseason_predd": 113.27426906102414,
    "preseason_predo": 106.01530250822694,
    "schedule": [
        "new-mexico",
        "missouri-state",
        "evansville",
        "campbell",
        "weber-state",
        "stephen-f-austin",
        "arkansas-state",
        "texas-pan-american"
    ],
    "scores": [
        [
            56,
            74
        ],
        [
            67,
            49
        ],
        [
            84,
            76
        ],
        [
            67,
            71
        ],
        [
            74,
            73
        ],
        [
            66,
            61
        ],
        [
            63,
            83
        ],
        [
            58,
            50
        ]
    ],
    "wins": 5
}