{
    "CompRank": 261,
    "CompositeDef": 100.3105766396176,
    "CompositeOff": 91.82777279060163,
    "CompositePace": 67.65871519061326,
    "CompositeRating": -8.482803849015973,
    "HA": [
        "A",
        "A",
        "A",
        "A",
        "A",
        "A",
        "A",
        "H",
        "H",
        "H",
        "H",
        "A",
        "A",
        "A",
        "A",
        "H",
        "H",
        "A",
        "H"
    ],
    "OAst": 223.0,
    "OAvgCompRat": -3.2698830964973626,
    "OBlk": 67.0,
    "ODR": 436.0,
    "OFGA": 1071.0,
    "OFGA3": 398.0,
    "OFGM": 455.0,
    "OFGM3": 133.0,
    "OFTA": 296.0,
    "OFTM": 204.0,
    "OOR": 176.0,
    "OPF": 291.0,
    "OScore": 1247.0,
    "OStl": 156.0,
    "OTO": 246.0,
    "Oastr": 0.13351374652744516,
    "Ocomprank": 300,
    "Ocorrdastr": 0.14086186954918317,
    "Ocorrdeff": 103.34222754947268,
    "Ocorrdeffrank": 265,
    "Ocorrdefgp": 0.514236164911903,
    "Ocorrdftr": 0.3595353691982404,
    "Ocorrdorbp": 0.2790188765574308,
    "Ocorrdtovr": 0.15660432005268166,
    "Ocorroastr": 0.13863564957818258,
    "Ocorroeff": 99.69954425569661,
    "Ocorroeffrank": 314,
    "Ocorroefgp": 0.4939416565518913,
    "Ocorroftr": 0.29409076432240805,
    "Ocorroorbp": 0.26094540861723725,
    "Ocorrotovr": 0.17188100199107503,
    "Oeff": 98.09320033982569,
    "Oefgp": 0.4869281045751634,
    "Oftr": 0.27637721755368816,
    "Oneteff": -3.6426832937760736,
    "Oneteffrank": 296,
    "Oorbp": 0.29780033840947545,
    "Oposs": 1271.24,
    "Otovr": 0.16997871811171608,
    "SoR": 0.0,
    "SoRrank": 186,
    "TAst": 244.0,
    "TBlk": 43.0,
    "TDR": 415.0,
    "TFGA": 1048.0,
    "TFGA3": 353.0,
    "TFGM": 432.0,
    "TFGM3": 129.0,
    "TFTA": 256.0,
    "TFTM": 188.0,
    "TOR": 151.0,
    "TPF": 305.0,
    "TScore": 1181.0,
    "TStl": 114.0,
    "TTO": 262.0,
    "Tastr": 0.146402342437479,
    "Tcorrdastr": 0.13733403442246517,
    "Tcorrdastrrank": 146,
    "Tcorrdeff": 100.1742916190051,
    "Tcorrdeffrank": 144,
    "Tcorrdefgp": 0.4953656474426402,
    "Tcorrdefgprank": 151,
    "Tcorrdftr": 0.29739357570456226,
    "Tcorrdftrrank": 144,
    "Tcorrdorbp": 0.30571418166467773,
    "Tcorrdorbprank": 297,
    "Tcorrdtovr": 0.15768294546083333,
    "Tcorrdtovrrank": 177,
    "Tcorroastr": 0.14808348264233473,
    "Tcorroastrrank": 127,
    "Tcorroeff": 91.5105734013969,
    "Tcorroeffrank": 338,
    "Tcorroefgp": 0.4630549677229197,
    "Tcorroefgprank": 313,
    "Tcorroftr": 0.21574956088127495,
    "Tcorroftrrank": 359,
    "Tcorroorbp": 0.24786090401937635,
    "Tcorroorbprank": 235,
    "Tcorrotovr": 0.1874123936833613,
    "Tcorrotovrrank": 330,
    "Teff": 92.87219653361014,
    "Tefgp": 0.4737595419847328,
    "Tftr": 0.24427480916030533,
    "Tneteff": -8.663718217608206,
    "Tneteffrank": 263,
    "Torbp": 0.2572402044293015,
    "Tposs": 1271.64,
    "Ttovr": 0.18416465163358262,
    "closses": 6,
    "confplace": 8,
    "cwins": 3,
    "dates": [
        [
            11,
            7
        ],
        [
            11,
            11
        ],
        [
            11,
            18
        ],
        [
            11,
            20
        ],
        [
            11,
            22
        ],
        [
            11,
            26
        ],
        [
            12,
            1
        ],
        [
            12,
            3
        ],
        [
            12,
            6
        ],
        [
            12,
            10
        ],
        [
            12,
            18
        ],
        [
            12,
            21
        ],
        [
            12,
            31
        ],
        [
            1,
            2
        ],
        [
            1,
            8
        ],
        [
            1,
            13
        ],
        [
            1,
            15
        ],
        [
            1,
            20
        ],
        [
            1,
            22
        ]
    ],
    "geff": [
        [
            82.05998868138086,
            112.82660332541568
        ],
        [
            93.57005758157389,
            104.74507824331147
        ],
        [
            95.80528223718281,
            109.0956887486856
        ],
        [
            106.29004076878275,
            96.3718820861678
        ],
        [
            97.56787330316742,
            92.96338672768879
        ],
        [
            93.23640960809102,
            118.07304785894208
        ],
        [
            112.10073710073709,
            94.64751958224542
        ],
        [
            102.7180783817952,
            101.31108462455303
        ],
        [
            91.75691937424789,
            102.07100591715977
        ],
        [
            89.22323303009098,
            60.41222459132907
        ],
        [
            87.38151658767774,
            101.43198090692125
        ],
        [
            89.59537572254335,
            85.45849158979924
        ],
        [
            92.09645010046886,
            112.56720430107526
        ],
        [
            94.78672985781989,
            86.85581933989577
        ],
        [
            86.79479231246124,
            104.51227604512276
        ],
        [
            88.50931677018633,
            100.25873221216041
        ],
        [
            74.91186839012926,
            82.19954648526077
        ],
        [
            89.73551637279597,
            109.02483343428224
        ],
        [
            96.46827992151734,
            85.66978193146417
        ]
    ],
    "losses": 13,
    "nOT": [
        0,
        0,
        0,
        0,
        0,
        0,
        0,
        0,
        0,
        0,
        0,
        0,
        0,
        0,
        0,
        0,
        0,
        0,
        0
    ],
    "pace": 67.78284022420712,
    "poss": [
        [
            70.68,
            67.36
        ],
        [
            83.36,
            79.24
        ],
        [
            77.24,
            76.08
        ],
        [
            68.68,
            70.56
        ],
        [
            70.72,
            69.92
        ],
        [
            63.28,
            63.519999999999996
        ],
        [
            65.12,
            61.28
        ],
        [
            63.28,
            67.12
        ],
        [
            66.48,
            67.6
        ],
        [
            57.16,
            56.28
        ],
        [
            67.52,
            67.03999999999999
        ],
        [
            69.2,
            73.72
        ],
        [
            59.72,
            59.52
        ],
        [
            67.52000000000001,
            69.08
        ],
        [
            64.52000000000001,
            60.28
        ],
        [
            64.4,
            61.84
        ],
        [
            68.08,
            70.56
        ],
        [
            63.52,
            66.04
        ],
        [
            61.16,
            64.2
        ]
    ],
    "preseason_pace": 65.727277949129,
    "preseason_pred": -5.667700892733912,
    "preseason_predd": 102.4312283457734,
    "preseason_predo": 96.7635274530395,
    "schedule": [
        "west-virginia",
        "coppin-state",
        "southern-california",
        "cal-poly",
        "pacific",
        "navy",
        "saint-peters",
        "rider",
        "american",
        "loyola-md",
        "robert-morris",
        "howard",
        "niagara",
        "canisius",
        "marist",
        "manhattan",
        "quinnipiac",
        "siena",
        "marist"
    ],