{
    "CompRank": 256,
    "CompositeDef": 103.82241594616437,
    "CompositeOff": 96.46294565540268,
    "CompositePace": 69.88006441897126,
    "CompositeRating": -7.359470290761698,
    "HA": [
        "A",
        "H",
        "A",
        "A",
        "H",
        "A",
        "H",
        "A",
        "A",
        "A"
    ],
    "OAst": 128.0,
    "OAvgCompRat": -5.130119425799668,
    "OBlk": 35.0,
    "ODR": 210.0,
    "OFGA": 562.0,
    "OFGA3": 195.0,
    "OFGM": 242.0,
    "OFGM3": 63.0,
    "OFTA": 201.0,
    "OFTM": 148.0,
    "OOR": 87.0,
    "OPF": 157.0,
    "OScore": 695.0,
    "OStl": 96.0,
    "OTO": 151.0,
    "Oastr": 0.13771733516956447,
    "Ocomprank": 331,
    "Ocorrdastr": 0.15139135374886284,
    "Ocorrdeff": 106.33030899611686,
    "Ocorrdeffrank": 319,
    "Ocorrdefgp": 0.5239900585215083,
    "Ocorrdftr": 0.3129116088762346,
    "Ocorrdorbp": 0.31172996670902275,
    "Ocorrdtovr": 0.14974154421414637,
    "Ocorroastr": 0.13446296155755916,
    "Ocorroeff": 96.79808065453429,
    "Ocorroeffrank": 356,
    "Ocorroefgp": 0.467172731856213,
    "Ocorroftr": 0.32119384420757824,
    "Ocorroorbp": 0.27458707698024265,
    "Ocorrotovr": 0.17153839802068557,
    "Oeff": 97.27898773864844,
    "Oefgp": 0.48665480427046265,
    "Oftr": 0.35765124555160144,
    "Oneteff": -9.532228341582567,
    "Oneteffrank": 354,
    "Oorbp": 0.2824675324675325,
    "Oposs": 714.44,
    "Otovr": 0.18841086045118785,
    "SoR": 0.0,
    "SoRrank": 243,
    "TAst": 137.0,
    "TBlk": 43.0,
    "TDR": 221.0,
    "TFGA": 604.0,
    "TFGA3": 191.0,
    "TFGM": 272.0,
    "TFGM3": 60.0,
    "TFTA": 164.0,
    "TFTM": 114.0,
    "TOR": 104.0,
    "TPF": 171.0,
    "TScore": 718.0,
    "TStl": 86.0,
    "TTO": 152.0,
    "Tastr": 0.14194537693232212,
    "Tcorrdastr": 0.14439070106472665,
    "Tcorrdastrrank": 216,
    "Tcorrdeff": 103.81782666730918,
    "Tcorrdeffrank": 179,
    "Tcorrdefgp": 0.5216302131464937,
    "Tcorrdefgprank": 245,
    "Tcorrdftr": 0.3724280365852158,
    "Tcorrdftrrank": 257,
    "Tcorrdorbp": 0.28507321503786776,
    "Tcorrdorbprank": 207,
    "Tcorrdtovr": 0.1659583584009955,
    "Tcorrdtovrrank": 87,
    "Tcorroastr": 0.13233350426394835,
    "Tcorroastrrank": 220,
    "Tcorroeff": 96.35065883212408,
    "Tcorroeffrank": 285,
    "Tcorroefgp": 0.47813807690062565,
    "Tcorroefgprank": 238,
    "Tcorroftr": 0.29147112395360747,
    "Tcorroftrrank": 269,
    "Tcorroorbp": 0.29541693937354757,
    "Tcorroorbprank": 117,
    "Tcorrotovr": 0.18518830248539006,
    "Tcorrotovrrank": 343,
    "Teff": 99.14935925762263,
    "Tefgp": 0.5,
    "Tftr": 0.271523178807947,
    "Tneteff": -7.467167835185094,
    "Tneteffrank": 249,
    "Torbp": 0.33121019108280253,
    "Tposs": 724.16,
    "Ttovr": 0.18353941267387944,
    "closses": 1,
    "confplace": 3,
    "cwins": 1,
    "dates": [
        [
            11,
            7
        ],
        [
            11,
            11
        ],
        [
            11,
            18
        ],
        [
            11,
            22
        ],
        [
            11,
            25
        ],
        [
            12,
            1
        ],
        [
            12,
            3
        ],
        [
            12,
            5
        ],
        [
            12,
            9
        ],
        [
            12,
            15
        ]
    ],
    "geff": [
        [
            81.18872549019608,
            103.03030303030303
        ],
        [
            105.83524027459954,
            85.42141230068337
        ],
        [
            93.45794392523364,
            105.49059481443823
        ],
        [
            93.55210132412205,
            103.84850335980451
        ],
        [
            100.14478764478766,
            106.09756097560975
        ],
        [
            97.01101206082852,
            99.78712080894093
        ],
        [
            112.42270938729624,
            68.72852233676976
        ],
        [
            91.2506709608159,
            110.0
        ],
        [
            111.40046296296296,
            93.0232558139535
        ],
        [
            105.14018691588784,
            95.25205158264949
        ]
    ],
    "losses": 6,
    "nOT": [
        0,
        0,
        0,
        0,
        2,
        1,
        0,
        0,
        0,
        0
    ],
    "pace": 70.95750049596847,
    "poss": [
        [
            65.28,
            66.0
        ],
        [
            69.92,
            70.24
        ],
        [
            77.04,
            78.68
        ],
        [
            69.48,
            65.48
        ],
        [
            82.88,
            82.0
        ],
        [
            76.28,
            75.16
        ],
        [
            71.16,
            69.84
        ],
        [
            74.52,
            70.0
        ],
        [
            69.12,
            68.8
        ],
        [
            68.48,
            68.24
        ]
    ],
    "preseason_pace": 66.92413553832046,
    "preseason_pred": -7.064003776568569,
    "preseason_predd": 103.83500656030756,
    "preseason_predo": 96.771002783739,
    "schedule": [
        "maryland",
        "coppin-state",
        "georgetown",
        "american",
        "howard",
        "manhattan",
        "siena",
        "mississippi",
        "loyola-md",
        "saint-francis-pa"
    ],
    "scores": [
        [
            53,
            68
        ],
        [
            74,
            60
        ],
        [
            72,
            83
        ],
        [
            65,
            68
        ],
        [
            83,
            87
        ],
        [
            74,
            75
        ],
        [
            80,
            48
        ],
        [
            68,
            77
        ],
        [
            77,
            64
        ],
        [
            72,
            65
        ]
    ],
    "wins": 4
}