{
    "CompRank": 231,
    "CompositeDef": 106.30127317811612,
    "CompositeOff": 100.48356598697865,
    "CompositePace": 69.70422034566208,
    "CompositeRating": -5.817707191137459,
    "HA": [
        "A",
        "H",
        "A",
        "A",
        "H",
        "A",
        "H",
        "A",
        "A",
        "A",
        "A",
        "H",
        "A",
        "H",
        "A",
        "A",
        "H",
        "H"
    ],
    "OAst": 220.0,
    "OAvgCompRat": -5.144429361537191,
    "OBlk": 50.0,
    "ODR": 381.0,
    "OFGA": 1022.0,
    "OFGA3": 325.0,
    "OFGM": 446.0,
    "OFGM3": 110.0,
    "OFTA": 369.0,
    "OFTM": 279.0,
    "OOR": 155.0,
    "OPF": 276.0,
    "OScore": 1281.0,
    "OStl": 163.0,
    "OTO": 236.0,
    "Oastr": 0.13411690116803626,
    "Ocomprank": 343,
    "Ocorrdastr": 0.1499000542017265,
    "Ocorrdeff": 106.4082644383091,
    "Ocorrdeffrank": 313,
    "Ocorrdefgp": 0.523176197969037,
    "Ocorrdftr": 0.3532488314620396,
    "Ocorrdorbp": 0.29053556702611527,
    "Ocorrdtovr": 0.15057764322112752,
    "Ocorroastr": 0.1336109449445287,
    "Ocorroeff": 99.16467720075644,
    "Ocorroeffrank": 357,
    "Ocorroefgp": 0.47718754132187996,
    "Ocorroftr": 0.3255269869942672,
    "Ocorroorbp": 0.27176003350260214,
    "Ocorrotovr": 0.16185593195164455,
    "Oeff": 101.23601188594549,
    "Oefgp": 0.49021526418786693,
    "Oftr": 0.3610567514677104,
    "Oneteff": -7.24358723755266,
    "Oneteffrank": 349,
    "Oorbp": 0.27240773286467485,
    "Oposs": 1265.3600000000001,
    "Otovr": 0.1661550592807457,
    "SoR": 0.0,
    "SoRrank": 177,
    "TAst": 247.0,
    "TBlk": 72.0,
    "TDR": 414.0,
    "TFGA": 1051.0,
    "TFGA3": 354.0,
    "TFGM": 495.0,
    "TFGM3": 118.0,
    "TFTA": 276.0,
    "TFTM": 196.0,
    "TOR": 163.0,
    "TPF": 295.0,
    "TScore": 1304.0,
    "TStl": 136.0,
    "TTO": 259.0,
    "Tastr": 0.1471604585210076,
    "Tcorrdastr": 0.14267377198742404,
    "Tcorrdastrrank": 185,
    "Tcorrdeff": 106.50097087996295,
    "Tcorrdeffrank": 223,
    "Tcorrdefgp": 0.517209185898617,
    "Tcorrdefgprank": 224,
    "Tcorrdftr": 0.36776785555284597,
    "Tcorrdftrrank": 274,
    "Tcorrdorbp": 0.2777229293490175,
    "Tcorrdorbprank": 188,
    "Tcorrdtovr": 0.15328168174678558,
    "Tcorrdtovrrank": 138,
    "Tcorroastr": 0.1396693235784147,
    "Tcorroastrrank": 186,
    "Tcorroeff": 100.78417839209926,
    "Tcorroeffrank": 242,
    "Tcorroefgp": 0.5074379962160653,
    "Tcorroefgprank": 167,
    "Tcorroftr": 0.24726030688169195,
    "Tcorroftrrank": 344,
    "Tcorroorbp": 0.2865011892905931,
    "Tcorroorbprank": 142,
    "Tcorrotovr": 0.17942049146128788,
    "Tcorrotovrrank": 338,
    "Teff": 102.80344360001261,
    "Tefgp": 0.527117031398668,
    "Tftr": 0.2626070409134158,
    "Tneteff": -5.716792487863685,
    "Tneteffrank": 231,
    "Torbp": 0.29963235294117646,
    "Tposs": 1268.44,
    "Ttovr": 0.18093667914827027,
    "closses": 4,
    "confplace": 6,
    "cwins": 3,
    "dates": [
        [
            11,
            7
        ],
        [
            11,
            11
        ],
        [
            11,
            18
        ],
        [
            11,
            22
        ],
        [
            11,
            25
        ],
        [
            12,
            1
        ],
        [
            12,
            3
        ],
        [
            12,
            5
        ],
        [
            12,
            9
        ],
        [
            12,
            15
        ],
        [
            12,
            20
        ],
        [
            12,
            23
        ],
        [
            12,
            30
        ],
        [
            1,
            5
        ],
        [
            1,
            7
        ],
        [
            1,
            14
        ],
        [
            1,
            19
        ],
        [
            1,
            21
        ]
    ],
    "geff": [
        [
            81.18872549019608,
            103.03030303030303
        ],
        [
            105.83524027459954,
            85.42141230068337
        ],
        [
            93.45794392523364,
            105.49059481443823
        ],
        [
            93.55210132412205,
            103.84850335980451
        ],
        [
            100.14478764478766,
            106.09756097560975
        ],
        [
            97.01101206082852,
            99.78712080894093
        ],
        [
            112.42270938729624,
            68.72852233676976
        ],
        [
            91.2506709608159,
            110.0
        ],
        [
            111.40046296296296,
            93.0232558139535
        ],
        [
            105.14018691588784,
            95.25205158264949
        ],
        [
            109.27505330490405,
            124.47033898305085
        ],
        [
            120.63227953410981,
            80.9549945115258
        ],
        [
            107.7968103957472,
            106.58914728682171
        ],
        [
            107.99766491535317,
            101.41093474426806
        ],
        [
            94.8429164196799,
            103.12315851502652
        ],
        [
            107.42786985880909,
            134.01109057301292
        ],
        [
            101.6260162601626,
            72.4200362100181
        ],
        [
            110.45426260112009,
            129.82900569981
        ]
    ],
    "losses": 11,
    "nOT": [
        0,
        0,
        0,
        0,
        2,
        1,
        0,
        0,
        0,
        0,
        0,
        0,
        0,
        0,
        0,
        0,
        0,
        0
    ],
    "pace": 69.9293284272282,
    "poss": [
        [
            65.28,
            66.0
        ],
        [
            69.92,
            70.24
        ],
        [
            77.04,
            78.68
        ],
        [
            69.48,
            65.48
        ],
        [
            82.88,
            82.0
        ],
        [
            76.28,
            75.16
        ],
        [
            71.16,
            69.84
        ],
        [
            74.52,
            70.0
        ],
        [
            69.12,
            68.8
        ],
        [
            68.48,
            68.24
        ],
        [
            75.04,
            75.52
        ],
        [
            72.12,
            72.88
        ],
        [
            67.72,
            72.24
        ],
        [
            68.52000000000001,
            68.04
        ],
        [
            67.48,
            67.88
        ],
        [
            65.16,
            64.92
        ],
        [
            63.96,
            66.28
        ],
        [
            64.28,
            63.16
        ]
    ],
    "preseason_pace": 66.92413553832046,
    "preseason_pred": -7.064003776568569,
    "preseason_predd": 103.83500656030756,
    "preseason_predo": 96.771002783739,
    "schedule": [
        "maryland",
        "coppin-state",
        "georgetown",
        "american",
        "howard",
        "manhattan",
        "siena",
        "mississippi",
        "loyola-md",
        "saint-francis-pa",
        "georgia",
        "long-island-university",
        "delaware-state",
        "canisius",
        "saint-peters",
        "iona",
        "marist",
        "niagara"
    ],