{
    "CompRank": 113,
    "CompositeDef": 97.40525451555673,
    "CompositeOff": 103.37143301707442,
    "CompositePace": 67.741648521401,
    "CompositeRating": 5.966178501517695,
    "HA": [
        "A",
        "H",
        "H",
        "N",
        "N",
        "N",
        "H",
        "H",
        "H",
        "H",
        "N",
        "A",
        "H",
        "H",
        "A",
        "H",
        "A",
        "H",
        "H",
        "A"
    ],
    "OAst": 210.0,
    "OAvgCompRat": -1.3091320553971595,
    "OBlk": 53.0,
    "ODR": 435.0,
    "OFGA": 1163.0,
    "OFGA3": 422.0,
    "OFGM": 491.0,
    "OFGM3": 130.0,
    "OFTA": 356.0,
    "OFTM": 242.0,
    "OOR": 143.0,
    "OPF": 368.0,
    "OScore": 1354.0,
    "OStl": 145.0,
    "OTO": 211.0,
    "Oastr": 0.12064527989704936,
    "Ocomprank": 225,
    "Ocorrdastr": 0.14391236421032647,
    "Ocorrdeff": 103.37493541560616,
    "Ocorrdeffrank": 272,
    "Ocorrdefgp": 0.49808633446840866,
    "Ocorrdftr": 0.3192361780680424,
    "Ocorrdorbp": 0.2810746526641842,
    "Ocorrdtovr": 0.15612359607349308,
    "Ocorroastr": 0.14533716194045512,
    "Ocorroeff": 101.99759249857911,
    "Ocorroeffrank": 171,
    "Ocorroefgp": 0.5130591995767122,
    "Ocorroftr": 0.32994084617470754,
    "Ocorroorbp": 0.2581415861225664,
    "Ocorrotovr": 0.16255635763934562,
    "Oeff": 97.57574010550286,
    "Oefgp": 0.47807394668959585,
    "Oftr": 0.3061049011177988,
    "Oneteff": -1.3773429170270504,
    "Oneteffrank": 223,
    "Oorbp": 0.21732522796352582,
    "Oposs": 1387.64,
    "Otovr": 0.13785083363821668,
    "SoR": 0.3489009761768358,
    "SoRrank": 146,
    "TAst": 296.0,
    "TBlk": 71.0,
    "TDR": 515.0,
    "TFGA": 1093.0,
    "TFGA3": 435.0,
    "TFGM": 514.0,
    "TFGM3": 160.0,
    "TFTA": 381.0,
    "TFTM": 242.0,
    "TOR": 165.0,
    "TPF": 342.0,
    "TScore": 1430.0,
    "TStl": 90.0,
    "TTO": 268.0,
    "Tastr": 0.16222378112942826,
    "Tcorrdastr": 0.11833177658129497,
    "Tcorrdastrrank": 33,
    "Tcorrdeff": 97.35272873057477,
    "Tcorrdeffrank": 100,
    "Tcorrdefgp": 0.4680272274883707,
    "Tcorrdefgprank": 68,
    "Tcorrdftr": 0.29354776362820223,
    "Tcorrdftrrank": 130,
    "Tcorrdorbp": 0.225709014298956,
    "Tcorrdorbprank": 49,
    "Tcorrdtovr": 0.13527366945958355,
    "Tcorrdtovrrank": 318,
    "Tcorroastr": 0.16054948285314527,
    "Tcorroastrrank": 54,
    "Tcorroeff": 103.24412596163675,
    "Tcorroeffrank": 142,
    "Tcorroefgp": 0.5481459522161742,
    "Tcorroefgprank": 35,
    "Tcorroftr": 0.346666319318437,
    "Tcorroftrrank": 92,
    "Tcorroorbp": 0.2632757411738847,
    "Tcorroorbprank": 188,
    "Tcorrotovr": 0.17903306326978333,
    "Tcorrotovrrank": 306,
    "Teff": 104.86638702296793,
    "Tefgp": 0.5434583714547118,
    "Tftr": 0.34858188472095153,
    "Tneteff": 5.891397231061987,
    "Tneteffrank": 114,
    "Torbp": 0.275,
    "Tposs": 1363.64,
    "Ttovr": 0.17531923801549087,
    "closses": 3,
    "confplace": 5,
    "cwins": 4,
    "dates": [
        [
            11,
            7
        ],
        [
            11,
            11
        ],
        [
            11,
            13
        ],
        [
            11,
            18
        ],
        [
            11,
            19
        ],
        [
            11,
            21
        ],
        [
            11,
            26
        ],
        [
            11,
            30
        ],
        [
            12,
            3
        ],
        [
            12,
            6
        ],
        [
            12,
            17
        ],
        [
            12,
            21
        ],
        [
            12,
            23
        ],
        [
            12,
            31
        ],
        [
            1,
            4
        ],
        [
            1,
            7
        ],
        [
            1,
            11
        ],
        [
            1,
            14
        ],
        [
            1,
            16
        ],
        [
            1,
            21
        ]
    ],
    "geff": [
        [
            72.7069351230425,
            94.90238611713666
        ],
        [
            123.88059701492537,
            99.30915371329878
        ],
        [
            114.99684940138626,
            83.73205741626795
        ],
        [
            80.59873344847438,
            101.54462242562929
        ],
        [
            92.92565947242207,
            107.14285714285714
        ],
        [
            107.43321718931476,
            115.16853932584269
        ],
        [
            122.86689419795222,
            104.03329065300896
        ],
        [
            106.41093011035207,
            99.12461380020596
        ],
        [
            112.86681715575621,
            92.63959390862945
        ],
        [
            108.62516212710766,
            81.47254073627036
        ],
        [
            84.1933731667572,
            72.99270072992701
        ],
        [
            123.63519588953115,
            119.3390452876377
        ],
        [
            118.30473218928756,
            72.1677559912854
        ],
        [
            98.60050890585241,
            89.1758917589176
        ],
        [
            101.59010600706713,
            113.7780548628429
        ],
        [
            121.12676056338029,
            105.75296108291032
        ],
        [
            93.76890502117362,
            93.19526627218936
        ],
        [
            105.54505356017643,
            105.10996119016816
        ],
        [
            103.19207484865161,
            109.79729729729729
        ],
        [
            109.1763405196241,
            98.03921568627452
        ]
    ],
    "losses": 8,
    "nOT": [
        0,
        0,
        0,
        0,
        0,
        0,
        0,
        1,
        0,
        0,
        0,
        0,
        0,
        0,
        0,
        0,
        0,
        0,
        0,
        0
    ],
    "pace": 67.76340304189753,
    "poss": [
        [
            71.52000000000001,
            73.76
        ],
        [
            67.0,
            69.48
        ],
        [
            63.480000000000004,
            66.88
        ],
        [
            69.48,
            69.92
        ],
        [
            66.72,
            61.6
        ],
        [
            68.88,
            71.2
        ],
        [
            58.6,
            62.480000000000004
        ],
        [
            76.12,
            77.68
        ],
        [
            70.88,
            78.8
        ],
        [
            61.68,
            66.28
        ],
        [
            73.64,
            76.72
        ],
        [
            62.28,
            65.36
        ],
        [
            76.92,
            73.44
        ],
        [
            62.88,
            65.03999999999999
        ],
        [
            67.92,
            64.16
        ],
        [
            71.0,
            70.92
        ],
        [
            66.12,
            67.6
        ],
        [
            63.480000000000004,
            61.84
        ],
        [
            72.68,
            71.04
        ],
        [
            72.36,
            73.44
        ]
    ],
    "preseason_pace": 67.31127159091129,
    "preseason_pred": 7.445601302033115,
    "preseason_predd": 98.44438962845005,
    "preseason_predo": 105.88999093048317,
    "schedule": [
        "auburn",
        "longwood",
        "american",
        "boston-college",
        "belmont",
        "buffalo",
        "queens-nc",
        "hofstra",
        "toledo",
        "maryland-eastern-shore",
        "tulane",
        "old-dominion",
        "coppin-state",
        "richmond",
        "st-bonaventure",
        "loyola-il",
        "saint-louis",
        "davidson",
        "george-washington",
        "rhode-island"
    ],