{
    "CompRank": 47,
    "CompositeDef": 94.26895901709997,
    "CompositeOff": 111.86230294290226,
    "CompositePace": 69.73409148971098,
    "CompositeRating": 17.59334392580229,
    "HA": [
        "H",
        "N",
        "A",
        "N",
        "H",
        "H",
        "N",
        "N",
        "H"
    ],
    "OAst": 117.0,
    "OAvgCompRat": 3.076961350773078,
    "OBlk": 28.0,
    "ODR": 206.0,
    "OFGA": 570.0,
    "OFGA3": 228.0,
    "OFGM": 230.0,
    "OFGM3": 69.0,
    "OFTA": 153.0,
    "OFTM": 111.0,
    "OOR": 82.0,
    "OPF": 179.0,
    "OScore": 640.0,
    "OStl": 70.0,
    "OTO": 94.0,
    "Oastr": 0.13791965296114672,
    "Ocomprank": 61,
    "Ocorrdastr": 0.14439487623937713,
    "Ocorrdeff": 101.03352978578432,
    "Ocorrdeffrank": 55,
    "Ocorrdefgp": 0.4906215435820238,
    "Ocorrdftr": 0.32049689431826606,
    "Ocorrdorbp": 0.2690618173094206,
    "Ocorrdtovr": 0.16650562751907275,
    "Ocorroastr": 0.15973989264495436,
    "Ocorroeff": 108.56282116363626,
    "Ocorroeffrank": 56,
    "Ocorroefgp": 0.5214883116736957,
    "Ocorroftr": 0.35599807896373004,
    "Ocorroorbp": 0.32778538585643396,
    "Ocorrotovr": 0.1485420940683528,
    "Oeff": 98.56465225158627,
    "Oefgp": 0.46403508771929824,
    "Oftr": 0.26842105263157895,
    "Oneteff": 7.5292913778519335,
    "Oneteffrank": 47,
    "Oorbp": 0.2546583850931677,
    "Oposs": 649.32,
    "Otovr": 0.12853470437017994,
    "SoR": 85.14830609372285,
    "SoRrank": 12,
    "TAst": 131.0,
    "TBlk": 51.0,
    "TDR": 240.0,
    "TFGA": 510.0,
    "TFGA3": 220.0,
    "TFGM": 240.0,
    "TFGM3": 87.0,
    "TFTA": 218.0,
    "TFTM": 153.0,
    "TOR": 68.0,
    "TPF": 144.0,
    "TScore": 720.0,
    "TStl": 49.0,
    "TTO": 112.0,
    "Tastr": 0.15431371625123688,
    "Tcorrdastr": 0.12473128266030686,
    "Tcorrdastrrank": 65,
    "Tcorrdeff": 94.9934732726392,
    "Tcorrdeffrank": 47,
    "Tcorrdefgp": 0.44929850593527765,
    "Tcorrdefgprank": 41,
    "Tcorrdftr": 0.2550562143583412,
    "Tcorrdftrrank": 40,
    "Tcorrdorbp": 0.22023694901303267,
    "Tcorrdorbprank": 22,
    "Tcorrdtovr": 0.13042395948439503,
    "Tcorrdtovrrank": 287,
    "Tcorroastr": 0.154432496450479,
    "Tcorroastrrank": 121,
    "Tcorroeff": 114.78498975740699,
    "Tcorroeffrank": 51,
    "Tcorroefgp": 0.5724548916793996,
    "Tcorroefgprank": 26,
    "Tcorroftr": 0.452474403793767,
    "Tcorroftrrank": 25,
    "Tcorroorbp": 0.26210384311550267,
    "Tcorroorbprank": 234,
    "Tcorrotovr": 0.1411230264103513,
    "Tcorrotovrrank": 128,
    "Teff": 110.78286558345643,
    "Tefgp": 0.5558823529411765,
    "Tftr": 0.42745098039215684,
    "Tneteff": 19.791516484767783,
    "Tneteffrank": 45,
    "Torbp": 0.24817518248175183,
    "Tposs": 649.92,
    "Ttovr": 0.15600624024961,
    "closses": 0,
    "confplace": 3,
    "cwins": 0,
    "dates": [
        [
            11,
            5
        ],
        [
            11,
            8
        ],
        [
            11,
            10
        ],
        [
            11,
            14
        ],
        [
            11,
            17
        ],
        [
            11,
            20
        ],
        [
            11,
            28
        ],
        [
            11,
            29
        ],
        [
            12,
            3
        ]
    ],
    "geff": [
        [
            80.55067369654364,
            71.94244604316548
        ],
        [
            114.27765237020317,
            105.65391205025699
        ],
        [
            107.70059235325795,
            122.76785714285712
        ],
        [
            118.78754778809392,
            104.10958904109589
        ],
        [
            116.64746543778803,
            94.01709401709401
        ],
        [
            120.71651090342681,
            113.23155216284988
        ],
        [
            119.58356781091727,
            105.02049180327869
        ],
        [
            96.75583380762663,
            95.12485136741974
        ],
        [
            119.36339522546419,
            71.89365165491047
        ]
    ],
    "losses": 1,
    "nOT": [
        0,
        0,
        0,
        0,
        0,
        0,
        0,
        0,
        0
    ],
    "pace": 70.03862125315803,
    "poss": [
        [
            68.28,
            66.72
        ],
        [
            70.88,
            70.04
        ],
        [
            74.28,
            71.68
        ],
        [
            73.24000000000001,
            73.0
        ],
        [
            69.44,
            70.2
        ],
        [
            77.03999999999999,
            78.6
        ],
        [
            71.08,
            78.08
        ],
        [
            70.28,
            67.28
        ],
        [
            75.4,
            73.72
        ]
    ],
    "preseason_pace": 69.05735868205088,
    "preseason_pred": 12.708516016990083,
    "preseason_predd": 92.6589273381239,
    "preseason_predo": 105.36744335511399,
    "schedule": [
        "idaho-state",
        "santa-clara",
        "gonzaga",
        "grand-canyon",
        "st-thomas-mn",
        "cal-poly",
        "new-mexico",
        "saint-marys-ca",
        "san-diego"
    ],
    "scores": [
        [
            55,
            48
        ],
        [
            81,
            74
        ],
        [
            80,
            88
        ],
        [
            87,
            76
        ],
        [
            81,
            66
        ],
        [
            93,
            89
        ],
        [
            85,
            82
        ],
        [
            68,
            64
        ],
        [
            90,
            53
        ]
    ],
    "wins": 8
}