{
    "CompRank": 108,
    "CompositeDef": 94.12128301264003,
    "CompositeOff": 100.67386655046114,
    "CompositePace": 68.16549585288614,
    "CompositeRating": 6.552583537821107,
    "HA": [
        "H",
        "H",
        "H",
        "A",
        "N",
        "N",
        "N",
        "H",
        "A",
        "H",
        "A",
        "H",
        "A",
        "H",
        "H",
        "A",
        "A",
        "A",
        "H",
        "H",
        "H",
        "A",
        "A",
        "H",
        "H",
        "A",
        "A",
        "A"
    ],
    "Name": "arizona-state",
    "OAst": 364.0,
    "OAvgCompRat": 9.564276948511305,
    "OBlk": 87.0,
    "ODR": 802.0,
    "OFGA": 1626.0,
    "OFGA3": 661.0,
    "OFGM": 655.0,
    "OFGM3": 207.0,
    "OFTA": 547.0,
    "OFTM": 396.0,
    "OOR": 319.0,
    "OPFwins": 425.0,
    "OScore": 1913.0,
    "OStl": 170.0,
    "OTO": 375.0,
    "Oastr": 0.13969482054588436,
    "Ocomprank": 4,
    "Ocorrdastr": 0.12535639293851217,
    "Ocorrdeff": 96.4728951011697,
    "Ocorrdeffrank": 6,
    "Ocorrdefgp": 0.460865329308593,
    "Ocorrdftr": 0.26661032772599697,
    "Ocorrdorbp": 0.26192670430572795,
    "Ocorrdtovr": 0.16380459947887713,
    "Ocorroastr": 0.1552809825375344,
    "Ocorroeff": 108.71115642796784,
    "Ocorroeffrank": 11,
    "Ocorroefgp": 0.5293732991676793,
    "Ocorroftr": 0.324598304310871,
    "Ocorroorbp": 0.3224753260951498,
    "Ocorrotovr": 0.15794865585682574,
    "Oeff": 99.49653608504795,
    "Oefgp": 0.4664821648216482,
    "Oftr": 0.33640836408364083,
    "Oneteff": 12.238261326798138,
    "Oneteffrank": 7,
    "Oorbp": 0.3046800382043935,
    "Oposs": 1922.68,
    "Otovr": 0.1672852503479533,
    "SoR": 2.39714770126761,
    "SoRrank": 104,
    "TAst": 366.0,
    "TBlk": 117.0,
    "TDR": 728.0,
    "TFGA": 1705.0,
    "TFGA3": 639.0,
    "TFGM": 694.0,
    "TFGM3": 192.0,
    "TFTA": 361.0,
    "TFTM": 241.0,
    "TOR": 275.0,
    "TPF": 524.0,
    "TScore": 1821.0,
    "TStl": 185.0,
    "TTO": 339.0,
    "Tastr": 0.14247675993833792,
    "Tcorrdastr": 0.1269457291467719,
    "Tcorrdastrrank": 71,
    "Tcorrdeff": 94.12128301264003,
    "Tcorrdeffrank": 40,
    "Tcorrdefgp": 0.4415990305417737,
    "Tcorrdefgprank": 15,
    "Tcorrdftr": 0.3168075290687685,
    "Tcorrdftrrank": 225,
    "Tcorrdorbp": 0.26593416239347956,
    "Tcorrdorbprank": 114,
    "Tcorrdtovr": 0.17360452021326678,
    "Tcorrdtovrrank": 107,
    "Tcorroastr": 0.1603079075484029,
    "Tcorroastrrank": 61,
    "Tcorroeff": 100.67386655046114,
    "Tcorroeffrank": 210,
    "Tcorroefgp": 0.5037428481125622,
    "Tcorroefgprank": 176,
    "Tcorroftr": 0.24335051471553173,
    "Tcorroftrrank": 324,
    "Tcorroorbp": 0.27487287197502563,
    "Tcorroorbprank": 189,
    "Tcorrotovr": 0.15397663388440994,
    "Tcorrotovrrank": 100,
    "Teff": 94.45804631089717,
    "Tefgp": 0.4633431085043988,
    "Tftr": 0.21173020527859238,
    "Tneteff": 6.552583537821107,
    "Tneteffrank": 108,
    "Torbp": 0.255338904363974,
    "Tposs": 1927.84,
    "Ttovr": 0.15389224818870184,
    "closses": 10,
    "confplace": 8,
    "cwins": 8,
    "dates": [
        [
            11,
            9
        ],
        [
            11,
            11
        ],
        [
            11,
            15
        ],
        [
            11,
            18
        ],
        [
            11,
            24
        ],
        [
            11,
            25
        ],
        [
            11,
            26
        ],
        [
            12,
            1
        ],
        [
            12,
            5
        ],
        [
            12,
            9
        ],
        [
            12,
            14
        ],
        [
            12,
            19
        ],
        [
            1,
            2
        ],
        [
            1,
            15
        ],
        [
            1,
            17
        ],
        [
            1,
            22
        ],
        [
            1,
            24
        ],
        [
            1,
            29
        ],
        [
            2,
            3
        ],
        [
            2,
            5
        ],
        [
            2,
            7
        ],
        [
            2,
            10
        ],
        [
            2,
            12
        ],
        [
            2,
            17
        ],
        [
            2,
            19
        ],
        [
            2,
            21
        ],
        [
            2,
            24
        ],
        [
            2,
            26
        ]
    ],
    "geff": [
        [
            100.05265929436547,
            79.1139240506329
        ],
        [
            97.4220623501199,
            100.91743119266054
        ],
        [
            109.22330097087378,
            93.3609958506224
        ],
        [
            91.4103308183401,
            101.05721393034827
        ],
        [
            92.59259259259261,
            110.3590347263096
        ],
        [
            117.31843575418995,
            127.99109627156372
        ],
        [
            94.61193072482361,
            126.14678899082568
        ],
        [
            44.26129426129425,
            78.26887661141805
        ],
        [
            96.8013468013468,
            94.04828747894442
        ],
        [
            95.27872582480092,
            88.92713711990821
        ],
        [
            86.30952380952381,
            85.02386634844869
        ],
        [
            90.47884187082406,
            91.61576901721267
        ],
        [
            77.1128932757557,
            114.76426799007443
        ],
        [
            83.09037900874637,
            109.20209668025625
        ],
        [
            99.56440572495333,
            95.67901234567901
        ],
        [
            105.6142301278488,
            109.6612992781788
        ],
        [
            83.33333333333333,
            114.10181392627267
        ],
        [
            80.45977011494253,
            98.41363102232668
        ],
        [
            78.49526066350711,
            89.23076923076923
        ],
        [
            105.53129548762737,
            102.04081632653062
        ],
        [
            100.05065856129687,
            117.99792531120332
        ],
        [
            87.33624454148472,
            111.88271604938271
        ],
        [
            91.13764927718417,
            86.75078864353313
        ],
        [
            126.72090112640801,
            87.20930232558139
        ],
        [
            103.22398190045249,
            75.41263517359135
        ],
        [
            84.19689119170985,
            106.79611650485437
        ],
        [
            116.1473087818697,
            89.82863460475401
        ],
        [
            100.25461489497135,
            98.83344134802333
        ]
    ],
    "losses": 16,
    "nOT": [
        0,
        0,
        0,
        0,
        0,
        0,
        0,
        0,
        1,
        0,
        0,
        0,
        0,
        0,
        0,
        0,
        0,
        0,
        0,
        1,
        0,
        0,
        0,
        0,
        0,
        0,
        0,
        0
    ],
    "pace": 68.16549585288614,