{
    "CompRank": 362,
    "CompositeDef": 117.83942355679136,
    "CompositeOff": 88.05495207230663,
    "CompositePace": 68.84954937860898,
    "CompositeRating": -29.78447148448472,
    "HA": [
        "A",
        "A",
        "A",
        "A",
        "A",
        "A",
        "A",
        "A",
        "A"
    ],
    "OAst": 158.0,
    "OAvgCompRat": 6.522136143721312,
    "OBlk": 33.0,
    "ODR": 267.0,
    "OFGA": 577.0,
    "OFGA3": 271.0,
    "OFGM": 284.0,
    "OFGM3": 89.0,
    "OFTA": 193.0,
    "OFTM": 143.0,
    "OOR": 107.0,
    "OPF": 138.0,
    "OScore": 800.0,
    "OStl": 71.0,
    "OTO": 69.0,
    "Oastr": 0.17774377896773613,
    "Ocomprank": 27,
    "Ocorrdastr": 0.1367059929058147,
    "Ocorrdeff": 99.83691439901975,
    "Ocorrdeffrank": 59,
    "Ocorrdefgp": 0.49472480171164485,
    "Ocorrdftr": 0.3264636514593391,
    "Ocorrdorbp": 0.28083974078649104,
    "Ocorrdtovr": 0.15251063619961527,
    "Ocorroastr": 0.14788531987833917,
    "Ocorroeff": 110.28492834590753,
    "Ocorroeffrank": 43,
    "Ocorroefgp": 0.5308532054907138,
    "Ocorroftr": 0.33925357560279024,
    "Ocorroorbp": 0.28729363003044917,
    "Ocorrotovr": 0.15256009772643278,
    "Oeff": 128.22156686754712,
    "Oefgp": 0.5693240901213171,
    "Oftr": 0.3344887348353553,
    "Oneteff": 10.448013946887784,
    "Oneteffrank": 34,
    "Oorbp": 0.370242214532872,
    "Oposs": 623.92,
    "Otovr": 0.09440157609587917,
    "SoR": 0.0,
    "SoRrank": 254,
    "TAst": 68.0,
    "TBlk": 17.0,
    "TDR": 182.0,
    "TFGA": 516.0,
    "TFGA3": 183.0,
    "TFGM": 187.0,
    "TFGM3": 52.0,
    "TFTA": 160.0,
    "TFTM": 102.0,
    "TOR": 67.0,
    "TPF": 153.0,
    "TScore": 528.0,
    "TStl": 33.0,
    "TTO": 111.0,
    "Tastr": 0.08884243532793311,
    "Tcorrdastr": 0.17292909430339562,
    "Tcorrdastrrank": 338,
    "Tcorrdeff": 121.13195955752083,
    "Tcorrdeffrank": 357,
    "Tcorrdefgp": 0.5402649639854051,
    "Tcorrdefgprank": 281,
    "Tcorrdftr": 0.33795845257023455,
    "Tcorrdftrrank": 187,
    "Tcorrdorbp": 0.36132492984679515,
    "Tcorrdorbprank": 347,
    "Tcorrdtovr": 0.09277802492125849,
    "Tcorrdtovrrank": 361,
    "Tcorroastr": 0.09355339106829977,
    "Tcorroastrrank": 362,
    "Tcorroeff": 87.4742222039217,
    "Tcorroeffrank": 354,
    "Tcorroefgp": 0.420609769860048,
    "Tcorroefgprank": 351,
    "Tcorroftr": 0.32658831171075686,
    "Tcorroftrrank": 199,
    "Tcorroorbp": 0.20054606631327124,
    "Tcorroorbprank": 337,
    "Tcorrotovr": 0.1563652374773014,
    "Tcorrotovrrank": 221,
    "Teff": 83.75634517766498,
    "Tefgp": 0.4127906976744186,
    "Tftr": 0.31007751937984496,
    "Tneteff": -33.65773735359913,
    "Tneteffrank": 360,
    "Torbp": 0.20059880239520958,
    "Tposs": 630.4,
    "Ttovr": 0.15916260395755663,
    "closses": 0,
    "confplace": 1,
    "cwins": 0,
    "dates": [
        [
            11,
            4
        ],
        [
            11,
            7
        ],
        [
            11,
            12
        ],
        [
            11,
            15
        ],
        [
            11,
            20
        ],
        [
            11,
            23
        ],
        [
            11,
            25
        ],
        [
            11,
            27
        ],
        [
            11,
            30
        ]
    ],
    "geff": [
        [
            88.2847533632287,
            138.73775843307945
        ],
        [
            117.5811870100784,
            127.55102040816327
        ],
        [
            109.5118898623279,
            136.13861386138615
        ],
        [
            101.89437428243397,
            100.10970927043336
        ],
        [
            93.32925336597307,
            125.0
        ],
        [
            52.27391531625719,
            120.96774193548387
        ],
        [
            46.34533898305085,
            144.4091149973503
        ],
        [
            83.56940509915015,
            118.68533171028606
        ],
        [
            68.18181818181819,
            141.6714367487121
        ]
    ],
    "losses": 9,
    "nOT": [
        0,
        0,
        0,
        0,
        0,
        0,
        0,
        0,
        0
    ],
    "pace": 69.14881405638373,
    "poss": [
        [
            71.36,
            73.52
        ],
        [
            71.44,
            66.64
        ],
        [
            63.92,
            64.64
        ],
        [
            69.68,
            72.92
        ],
        [
            65.36,
            63.2
        ],
        [
            76.52,
            71.92
        ],
        [
            75.52,
            75.48
        ],
        [
            70.6,
            65.72
        ],
        [
            66.0,
            69.88
        ]
    ],
    "preseason_pace": 68.18451676133176,
    "preseason_pred": -21.177213997563804,
    "preseason_predd": 110.52267688850364,
    "preseason_predo": 89.34546289093983,
    "schedule": [
        "vanderbilt",
        "pennsylvania",
        "miami-oh",
        "old-dominion",
        "murray-state",
        "illinois",
        "arkansas",
        "arkansas-little-rock",
        "connecticut"
    ],
    "scores": [
        [
            63,
            102
        ],
        [
            84,
            85
        ],
        [
            70,
            88
        ],
        [
            71,
            73
        ],
        [
            61,
            79
        ],
        [
            40,
            87
        ],
        [
            35,
            109
        ],
        [
            59,
            78
        ],
        [
            45,
            99
        ]
    ],
    "wins": 0
}