{
    "CompRank": 349,
    "CompositeDef": 110.50649577285498,
    "CompositeOff": 88.11067475300206,
    "CompositePace": 68.22126695349537,
    "CompositeRating": -22.39582101985291,
    "HA": [
        "A",
        "H",
        "H",
        "A",
        "A",
        "A",
        "A",
        "A",
        "A",
        "A",
        "H",
        "A",
        "A",
        "A",
        "H",
        "H",
        "H",
        "A",
        "H",
        "A",
        "A"
    ],
    "OAst": 276.0,
    "OAvgCompRat": -3.607541055137145,
    "OBlk": 69.0,
    "ODR": 570.0,
    "OFGA": 1211.0,
    "OFGA3": 446.0,
    "OFGM": 549.0,
    "OFGM3": 141.0,
    "OFTA": 450.0,
    "OFTM": 304.0,
    "OOR": 226.0,
    "OPF": 298.0,
    "OScore": 1543.0,
    "OStl": 158.0,
    "OTO": 265.0,
    "Oastr": 0.14153846153846153,
    "Ocomprank": 277,
    "Ocorrdastr": 0.14999314514118428,
    "Ocorrdeff": 106.12954692899913,
    "Ocorrdeffrank": 198,
    "Ocorrdefgp": 0.520523124923342,
    "Ocorrdftr": 0.36503584486890256,
    "Ocorrdorbp": 0.2954986571356694,
    "Ocorrdtovr": 0.15675437681992582,
    "Ocorroastr": 0.1261263051739614,
    "Ocorroeff": 101.17390969686451,
    "Ocorroeffrank": 328,
    "Ocorroefgp": 0.4754296405257877,
    "Ocorroftr": 0.32622414595770444,
    "Ocorroorbp": 0.27763180391099,
    "Ocorrotovr": 0.15455975434656816,
    "Oeff": 106.56077348066299,
    "Oefgp": 0.5115606936416185,
    "Oftr": 0.37159372419488024,
    "Oneteff": -4.95563723213462,
    "Oneteffrank": 295,
    "Oorbp": 0.3265895953757225,
    "Oposs": 1448.0,
    "Otovr": 0.15830346475507767,
    "SoR": 0.0,
    "SoRrank": 138,
    "TAst": 215.0,
    "TBlk": 51.0,
    "TDR": 466.0,
    "TFGA": 1213.0,
    "TFGA3": 430.0,
    "TFGM": 445.0,
    "TFGM3": 122.0,
    "TFTA": 385.0,
    "TFTM": 277.0,
    "TOR": 215.0,
    "TPF": 344.0,
    "TScore": 1289.0,
    "TStl": 137.0,
    "TTO": 283.0,
    "Tastr": 0.11433737502659008,
    "Tcorrdastr": 0.15999826382950527,
    "Tcorrdastrrank": 307,
    "Tcorrdeff": 110.83169632713657,
    "Tcorrdeffrank": 290,
    "Tcorrdefgp": 0.5433650444473869,
    "Tcorrdefgprank": 316,
    "Tcorrdftr": 0.37778976430664607,
    "Tcorrdftrrank": 283,
    "Tcorrdorbp": 0.3285474889696974,
    "Tcorrdorbprank": 334,
    "Tcorrdtovr": 0.15169300185726348,
    "Tcorrdtovrrank": 138,
    "Tcorroastr": 0.1087639926650422,
    "Tcorroastrrank": 347,
    "Tcorroeff": 88.11407909822239,
    "Tcorroeffrank": 360,
    "Tcorroefgp": 0.4047774150976072,
    "Tcorroefgprank": 360,
    "Tcorroftr": 0.28926555307713675,
    "Tcorroftrrank": 290,
    "Tcorroorbp": 0.25947272572062974,
    "Tcorroorbprank": 243,
    "Tcorrotovr": 0.16056253029781614,
    "Tcorrotovrrank": 269,
    "Teff": 88.87203530060673,
    "Tefgp": 0.4171475680131904,
    "Tftr": 0.3173948887056884,
    "Tneteff": -22.71761722891418,
    "Tneteffrank": 349,
    "Torbp": 0.27388535031847133,
    "Tposs": 1450.4,
    "Ttovr": 0.1699291461510748,
    "closses": 8,
    "confplace": 7,
    "cwins": 3,
    "dates": [
        [
            11,
            6
        ],
        [
            11,
            15
        ],
        [
            11,
            18
        ],
        [
            11,
            22
        ],
        [
            11,
            25
        ],
        [
            12,
            4
        ],
        [
            12,
            6
        ],
        [
            12,
            18
        ],
        [
            12,
            22
        ],
        [
            12,
            30
        ],
        [
            1,
            6
        ],
        [
            1,
            8
        ],
        [
            1,
            13
        ],
        [
            1,
            20
        ],
        [
            1,
            27
        ],
        [
            1,
            29
        ],
        [
            2,
            5
        ],
        [
            2,
            17
        ],
        [
            2,
            19
        ],
        [
            2,
            24
        ],
        [
            2,
            26
        ]
    ],
    "geff": [
        [
            89.58103638368247,
            114.55525606469003
        ],
        [
            86.01240834743372,
            107.93308148947652
        ],
        [
            101.8654884634266,
            98.52216748768473
        ],
        [
            80.92995879929371,
            110.16451233842538
        ],
        [
            100.45366169799092,
            159.78050355067785
        ],
        [
            78.74015748031498,
            93.69422962522309
        ],
        [
            91.42685851318944,
            137.00648202710667
        ],
        [
            76.56065959952886,
            115.64211807668899
        ],
        [
            80.18867924528301,
            117.77638190954772
        ],
        [
            87.16104039845047,
            102.37388724035607
        ],
        [
            106.77676537585423,
            103.99100618324903
        ],
        [
            72.02723939235202,
            78.46320346320346
        ],
        [
            92.98780487804879,
            111.31725417439702
        ],
        [
            86.3960504662644,
            91.43013100436681
        ],
        [
            85.89511754068717,
            97.48050389922014
        ],
        [
            82.65751715533375,
            100.0
        ],
        [
            96.91011235955055,
            85.66533409480296
        ],
        [
            89.72943125345114,
            94.49244060475162
        ],
        [
            113.08805790108566,
            98.93679858239811
        ],
        [
            78.39224629418473,
            127.0941652224148
        ],
        [
            88.21676118462507,
            102.04081632653062
        ]
    ],
    "losses": 17,
    "nOT": [
        0,
        0,
        1,
        0,
        0,
        0,
        0,
        0,
        0,
        0,
        0,
        1,
        0,
        1,
        0,
        0,
        0,
        0,
        0,
        0,
        0
    ],
    "pace": 68.19914331434289,
    "poss": [
        [
            72.56,
            74.2
        ],
        [
            70.92,
            74.12
        ],
        [
            81.48,
            81.2
        ],
        [
            67.96,
            68.08
        ],
        [
            61.72,
            61.96
        ],
        [
            66.03999999999999,
            67.24
        ],
        [
            66.72,
            67.88
        ],
        [
            67.92,
            65.72
        ],
        [
            63.6,
            63.68000000000001
        ],
        [
            72.28,
            67.4
        ],
        [
            70.24,
            71.16
        ],
        [
            76.36,
            73.92
        ],
        [
            65.6,
            64.68
        ],
        [
            72.92,
            73.28
        ],
        [
            66.36,
            66.68
        ],
        [
            64.12,
            63.0
        ],
        [
            71.2,
            70.04
        ],
        [
            72.44,
            74.08
        ],
        [
            66.32,
            67.72
        ],
        [
            70.16,
            69.24
        ],
        [
            63.480000000000004,
            62.72
        ]
    ],
    "preseason_pace": 68.78597284286266,
    "preseason_pred": -14.181972783564053,
    "preseason_predd": 102.20575162481728,
    "preseason_predo": 88.02377884125323,