{
    "CompRank": 187,
    "CompositeDef": 115.33877485163609,
    "CompositeOff": 113.34473117840666,
    "CompositePace": 67.714175153804,
    "CompositeRating": -1.9940436732294273,
    "HA": [
        "H",
        "H",
        "H",
        "N",
        "N",
        "N",
        "H",
        "H",
        "H",
        "N",
        "H",
        "H",
        "A",
        "A",
        "H",
        "H",
        "A",
        "H",
        "A",
        "A",
        "H",
        "H",
        "A",
        "H",
        "A",
        "A",
        "H",
        "H",
        "A"
    ],
    "OAst": 473.0,
    "OAvgCompRat": 5.471988347157835,
    "OBlk": 86.0,
    "ODR": 667.0,
    "OFGA": 1713.0,
    "OFGA3": 682.0,
    "OFGM": 851.0,
    "OFGM3": 272.0,
    "OFTA": 497.0,
    "OFTM": 367.0,
    "OOR": 260.0,
    "OPF": 455.0,
    "OScore": 2341.0,
    "OStl": 181.0,
    "OTO": 287.0,
    "Oastr": 0.17572668370682992,
    "Ocomprank": 68,
    "Ocorrdastr": 0.13413013036811067,
    "Ocorrdeff": 102.05345793696488,
    "Ocorrdeffrank": 56,
    "Ocorrdefgp": 0.4865764928843079,
    "Ocorrdftr": 0.3101631388341779,
    "Ocorrdorbp": 0.2632851738446424,
    "Ocorrdtovr": 0.1556936131095718,
    "Ocorroastr": 0.15598247731131956,
    "Ocorroeff": 110.28521980282773,
    "Ocorroeffrank": 71,
    "Ocorroefgp": 0.530966196514093,
    "Ocorroftr": 0.3646860641445293,
    "Ocorroorbp": 0.31543459841512295,
    "Ocorrotovr": 0.14642591711086686,
    "Oeff": 119.51926807850184,
    "Oefgp": 0.5761821366024519,
    "Oftr": 0.29013426736719206,
    "Oneteff": 8.23176186586285,
    "Oneteffrank": 65,
    "Oorbp": 0.2927927927927928,
    "Oposs": 1958.68,
    "Otovr": 0.12935619377287394,
    "SoR": 0.0,
    "SoRrank": 110,
    "TAst": 374.0,
    "TBlk": 94.0,
    "TDR": 628.0,
    "TFGA": 1717.0,
    "TFGA3": 672.0,
    "TFGM": 790.0,
    "TFGM3": 211.0,
    "TFTA": 462.0,
    "TFTM": 357.0,
    "TOR": 256.0,
    "TPF": 366.0,
    "TScore": 2148.0,
    "TStl": 183.0,
    "TTO": 312.0,
    "Tastr": 0.14349954724741779,
    "Tcorrdastr": 0.16503184427293055,
    "Tcorrdastrrank": 315,
    "Tcorrdeff": 115.33877485163609,
    "Tcorrdeffrank": 324,
    "Tcorrdefgp": 0.5533791816058015,
    "Tcorrdefgprank": 327,
    "Tcorrdftr": 0.2643011668521203,
    "Tcorrdftrrank": 39,
    "Tcorrdorbp": 0.2667795349311259,
    "Tcorrdorbprank": 104,
    "Tcorrdtovr": 0.13129840983273308,
    "Tcorrdtovrrank": 295,
    "Tcorroastr": 0.15673349288423932,
    "Tcorroastrrank": 111,
    "Tcorroeff": 113.34473117840666,
    "Tcorroeffrank": 77,
    "Tcorroefgp": 0.5467181055487267,
    "Tcorroefgprank": 77,
    "Tcorroftr": 0.28895940913368556,
    "Tcorroftrrank": 296,
    "Tcorroorbp": 0.3034578491499315,
    "Tcorroorbprank": 141,
    "Tcorrotovr": 0.13343251531100148,
    "Tcorrotovrrank": 73,
    "Teff": 108.68905215860102,
    "Tefgp": 0.5215492137449039,
    "Tftr": 0.26907396622015145,
    "Tneteff": -1.9940436732294273,
    "Tneteffrank": 187,
    "Torbp": 0.27735644637053086,
    "Tposs": 1976.28,
    "Ttovr": 0.13976741269016432,
    "closses": 16,
    "confplace": 18,
    "cwins": 2,
    "dates": [
        [
            11,
            4
        ],
        [
            11,
            10
        ],
        [
            11,
            17
        ],
        [
            11,
            21
        ],
        [
            11,
            22
        ],
        [
            11,
            24
        ],
        [
            11,
            30
        ],
        [
            12,
            3
        ],
        [
            12,
            7
        ],
        [
            12,
            10
        ],
        [
            12,
            15
        ],
        [
            12,
            21
        ],
        [
            1,
            1
        ],
        [
            1,
            4
        ],
        [
            1,
            8
        ],
        [
            1,
            11
        ],
        [
            1,
            14
        ],
        [
            1,
            18
        ],
        [
            1,
            22
        ],
        [
            1,
            25
        ],
        [
            1,
            29
        ],
        [
            2,
            1
        ],
        [
            2,
            8
        ],
        [
            2,
            11
        ],
        [
            2,
            15
        ],
        [
            2,
            19
        ],
        [
            2,
            22
        ],
        [
            2,
            25
        ],
        [
            3,
            1
        ]
    ],
    "geff": [
        [
            150.82754938601175,
            99.22822491730982
        ],
        [
            125.71428571428571,
            91.95402298850576
        ],
        [
            136.8452030606239,
            95.10869565217392
        ],
        [
            113.56155365371956,
            130.46314416177432
        ],
        [
            111.71497584541063,
            128.53470437017995
        ],
        [
            105.48523206751055,
            121.0691823899371
        ],
        [
            119.4074969770254,
            118.8430698739977
        ],
        [
            109.74143114852674,
            108.63350485991997
        ],
        [
            92.21998658618377,
            111.53054221002058
        ],
        [
            90.64327485380116,
            113.77427184466019
        ],
        [
            145.3308596165739,
            120.42389210019267
        ],
        [
            95.36082474226805,
            101.0886469673406
        ],
        [
            92.94696555494806,
            109.1825307950728
        ],
        [
            125.96324836988737,
            131.09756097560978
        ],
        [
            87.69562871019967,
            109.82976386600768
        ],
        [
            114.30246189917938,
            127.02078521939954
        ],
        [
            85.87786259541984,
            143.36340206185568
        ],
        [
            106.19977037887485,
            170.85280373831776
        ],
        [
            72.81553398058252,
            125.21343198634035
        ],
        [
            120.14314928425358,
            119.74584555229715
        ],
        [
            118.72909698996656,
            141.86851211072664
        ],
        [
            111.54390934844191,
            93.50393700787401
        ],
        [
            109.42760942760943,
            127.02078521939954
        ],
        [
            127.95275590551181,
            115.89403973509933
        ],
        [
            102.00878844946642,
            116.42542479546884
        ],
        [
            91.46341463414635,
            103.12151616499442
        ],
        [
            104.0391676866585,
            125.30940594059406
        ],
        [
            81.96721311475409,
            140.98837209302326
        ],
        [
            104.16666666666667,
            134.18903150525088
        ]
    ],
    "losses": 23,
    "nOT": [
        0,
        0,
        0,
        0,
        0,
        0,
        0,
        0,
        0,
        0,
        0,
        1,
        0,
        0,
        0,
        0,
        0,
        0,
        0,
        1,
        0,
        0,
        0,
        0,
        0,
        0,
        0,
        0,
        0
    ],
    "pace": 67.714175153804,