{
    "CompRank": 36,
    "CompositeDef": 99.02322693567119,
    "CompositeOff": 117.12921026289786,
    "CompositePace": 69.89520804443781,
    "CompositeRating": 18.105983327226667,
    "HA": [
        "H",
        "H",
        "H",
        "N",
        "N",
        "H",
        "A",
        "H",
        "A",
        "H",
        "H",
        "H",
        "H",
        "A",
        "A",
        "H",
        "A",
        "H",
        "A",
        "A",
        "A",
        "H",
        "A",
        "H",
        "H",
        "A",
        "H",
        "A",
        "H",
        "H",
        "N",
        "N",
        "N",
        "N"
    ],
    "OAst": 483.0,
    "OAvgCompRat": 5.0804426996272225,
    "OBlk": 115.0,
    "ODR": 722.0,
    "OFGA": 2033.0,
    "OFGA3": 770.0,
    "OFGM": 909.0,
    "OFGM3": 257.0,
    "OFTA": 484.0,
    "OFTM": 358.0,
    "OOR": 280.0,
    "OPF": 515.0,
    "OScore": 2433.0,
    "OStl": 204.0,
    "OTO": 415.0,
    "Oastr": 0.15362790875201973,
    "Ocomprank": 75,
    "Ocorrdastr": 0.13795658787832576,
    "Ocorrdeff": 100.4456079965086,
    "Ocorrdeffrank": 83,
    "Ocorrdefgp": 0.4864311503510361,
    "Ocorrdftr": 0.2815700158154617,
    "Ocorrdorbp": 0.26156474860626666,
    "Ocorrdtovr": 0.15724269444090488,
    "Ocorroastr": 0.15148746165956214,
    "Ocorroeff": 106.42707156355831,
    "Ocorroeffrank": 80,
    "Ocorroefgp": 0.5219150239207336,
    "Ocorroftr": 0.3371681423776908,
    "Ocorroorbp": 0.2767225129986359,
    "Ocorrotovr": 0.14690092570375507,
    "Oeff": 102.18567300584638,
    "Oefgp": 0.5103295622233153,
    "Oftr": 0.23807181505164782,
    "Oneteff": 5.981463567049715,
    "Oneteffrank": 81,
    "Oorbp": 0.2597402597402597,
    "Oposs": 2380.96,
    "Otovr": 0.1559587517286994,
    "SoR": 89.94551900737905,
    "SoRrank": 16,
    "TAst": 498.0,
    "TBlk": 109.0,
    "TDR": 798.0,
    "TFGA": 2034.0,
    "TFGA3": 702.0,
    "TFGM": 978.0,
    "TFGM3": 258.0,
    "TFTA": 614.0,
    "TFTM": 475.0,
    "TOR": 318.0,
    "TPF": 485.0,
    "TScore": 2689.0,
    "TStl": 249.0,
    "TTO": 371.0,
    "Tastr": 0.15694134553568054,
    "Tcorrdastr": 0.1450545067549998,
    "Tcorrdastrrank": 206,
    "Tcorrdeff": 99.02322693567119,
    "Tcorrdeffrank": 100,
    "Tcorrdefgp": 0.49393844732596914,
    "Tcorrdefgprank": 130,
    "Tcorrdftr": 0.22452561628512024,
    "Tcorrdftrrank": 10,
    "Tcorrdorbp": 0.2530692095241058,
    "Tcorrdorbprank": 112,
    "Tcorrdtovr": 0.1654356831115453,
    "Tcorrdtovrrank": 106,
    "Tcorroastr": 0.1625823645552011,
    "Tcorroastrrank": 53,
    "Tcorroeff": 117.12921026289786,
    "Tcorroeffrank": 13,
    "Tcorroefgp": 0.565262689298275,
    "Tcorroefgprank": 15,
    "Tcorroftr": 0.3418616414386944,
    "Tcorroftrrank": 101,
    "Tcorroorbp": 0.3158888634847881,
    "Tcorroorbprank": 60,
    "Tcorrotovr": 0.13740017280582517,
    "Tcorrotovrrank": 52,
    "Teff": 114.07795822090992,
    "Tefgp": 0.5442477876106194,
    "Tftr": 0.30186823992133727,
    "Tneteff": 18.105983327226667,
    "Tneteffrank": 36,
    "Torbp": 0.3057692307692308,
    "Tposs": 2357.16,
    "Ttovr": 0.13868329370953514,
    "closses": 5,
    "confplace": 1,
    "cwins": 15,
    "dates": [
        [
            11,
            7
        ],
        [
            11,
            11
        ],
        [
            11,
            15
        ],
        [
            11,
            19
        ],
        [
            11,
            20
        ],
        [
            11,
            23
        ],
        [
            11,
            27
        ],
        [
            11,
            30
        ],
        [
            12,
            4
        ],
        [
            12,
            7
        ],
        [
            12,
            10
        ],
        [
            12,
            17
        ],
        [
            12,
            20
        ],
        [
            12,
            30
        ],
        [
            1,
            4
        ],
        [
            1,
            11
        ],
        [
            1,
            14
        ],
        [
            1,
            16
        ],
        [
            1,
            21
        ],
        [
            1,
            24
        ],
        [
            1,
            28
        ],
        [
            1,
            31
        ],
        [
            2,
            4
        ],
        [
            2,
            6
        ],
        [
            2,
            11
        ],
        [
            2,
            13
        ],
        [
            2,
            18
        ],
        [
            2,
            21
        ],
        [
            2,
            25
        ],
        [
            3,
            4
        ],
        [
            3,
            9
        ],
        [
            3,
            10
        ],
        [
            3,
            17
        ],
        [
            3,
            19
        ]
    ],
    "geff": [
        [
            109.8360655737705,
            83.02583025830259
        ],
        [
            118.3343319352906,
            98.90444309190505
        ],
        [
            118.91744122471296,
            85.96392333709132
        ],
        [
            107.3708647707487,
            90.5489530277306
        ],
        [
            98.20426487093154,
            131.10846245530394
        ],
        [
            113.76728110599079,
            78.56341189674522
        ],
        [
            107.7023498694517,
            97.7397678680513
        ],
        [
            105.78718108276291,
            87.44266055045871
        ],
        [
            106.89470871191875,
            70.74212493326215
        ],
        [
            133.0183988065639,
            130.272952853598
        ],
        [
            113.50737797956866,
            103.87023335230506
        ],
        [
            133.9811542991755,
            108.20045558086561
        ],
        [
            98.98020395920815,
            90.96077316657191
        ],
        [
            115.50151975683892,
            95.475910693302
        ],
        [
            97.22222222222223,
            103.59869138495092
        ],
        [
            134.14634146341464,
            112.35955056179776
        ],
        [
            111.44744083654375,
            112.46612466124661
        ],
        [
            121.80629827688652,
            110.66969353007944
        ],
        [
            105.43130990415337,
            105.26315789473685
        ],
        [
            118.85019347705915,
            89.08371040723982
        ],
        [
            97.36540664375715,
            99.60718294051627
        ],
        [
            126.93156732891832,
            115.59888579387187
        ],
        [
            111.94029850746267,
            105.77472841623783
        ],
        [
            112.75055679287304,
            84.62421113023522
        ],
        [
            143.3415536374846,
            127.16935966487132
        ],
        [
            110.43622308117062,
            99.17355371900827
        ],
        [
            128.13667912439936,
            115.20127118644066
        ],
        [
            111.17612638970158,
            102.82021151586369
        ],
        [
            113.75947995666306,
            113.09207025013305
        ],
        [
            114.50381679389312,
            110.78717201166182
        ],
        [
            109.08018867924528,
            102.62257696693273
        ],
        [
            113.70262390670555,
            126.86567164179104
        ],
        [
            89.03335217637083,
            84.18520745640407
        ],
        [
            123.69033760186264,
            98.3466362599772
        ]
    ],
    "losses": 7,