{
    "CompRank": 83,
    "CompositeDef": 90.05975251160473,
    "CompositeOff": 99.04758047283052,
    "CompositePace": 68.6623942508867,
    "CompositeRating": 8.987827961225799,
    "HA": [
        "N",
        "H",
        "H",
        "H",
        "H",
        "H",
        "H",
        "A",
        "A",
        "H",
        "N",
        "H"
    ],
    "OAst": 124.0,
    "OAvgCompRat": -0.7321329902860341,
    "OBlk": 43.0,
    "ODR": 313.0,
    "OFGA": 695.0,
    "OFGA3": 265.0,
    "OFGM": 260.0,
    "OFGM3": 78.0,
    "OFTA": 201.0,
    "OFTM": 139.0,
    "OOR": 126.0,
    "OPF": 219.0,
    "OScore": 737.0,
    "OStl": 76.0,
    "OTO": 170.0,
    "Oastr": 0.11508761508761509,
    "Ocomprank": 203,
    "Ocorrdastr": 0.13451779889349602,
    "Ocorrdeff": 103.21538101499134,
    "Ocorrdeffrank": 175,
    "Ocorrdefgp": 0.4881464950805272,
    "Ocorrdftr": 0.3407747895760071,
    "Ocorrdorbp": 0.2744935385652361,
    "Ocorrdtovr": 0.14716652072730374,
    "Ocorroastr": 0.13539535030035832,
    "Ocorroeff": 102.64467146589668,
    "Ocorroeffrank": 213,
    "Ocorroefgp": 0.5035817249948978,
    "Ocorroftr": 0.3301850537102895,
    "Ocorroorbp": 0.270649287737005,
    "Ocorrotovr": 0.1527516555014262,
    "Oeff": 89.06990234941506,
    "Oefgp": 0.4302158273381295,
    "Oftr": 0.2892086330935252,
    "Oneteff": -0.5707095490946585,
    "Oneteffrank": 204,
    "Oorbp": 0.3080684596577017,
    "Oposs": 827.44,
    "Otovr": 0.17830172847793252,
    "SoR": 20.710784004809323,
    "SoRrank": 86,
    "TAst": 151.0,
    "TBlk": 71.0,
    "TDR": 283.0,
    "TFGA": 705.0,
    "TFGA3": 246.0,
    "TFGM": 280.0,
    "TFGM3": 72.0,
    "TFTA": 275.0,
    "TFTM": 178.0,
    "TOR": 122.0,
    "TPF": 209.0,
    "TScore": 810.0,
    "TStl": 91.0,
    "TTO": 127.0,
    "Tastr": 0.13677536231884058,
    "Tcorrdastr": 0.12002587979929565,
    "Tcorrdastrrank": 45,
    "Tcorrdeff": 89.67132066672382,
    "Tcorrdeffrank": 11,
    "Tcorrdefgp": 0.4273507140311398,
    "Tcorrdefgprank": 8,
    "Tcorrdftr": 0.2910675616327894,
    "Tcorrdftrrank": 105,
    "Tcorrdorbp": 0.3144095597390791,
    "Tcorrdorbprank": 293,
    "Tcorrdtovr": 0.17527255694678165,
    "Tcorrdtovrrank": 39,
    "Tcorroastr": 0.14374488768451818,
    "Tcorroastrrank": 150,
    "Tcorroeff": 97.60147949167603,
    "Tcorroeffrank": 280,
    "Tcorroefgp": 0.45956724306132557,
    "Tcorroefgprank": 298,
    "Tcorroftr": 0.38184699436232816,
    "Tcorroftrrank": 65,
    "Tcorroorbp": 0.28297522666211794,
    "Tcorroorbprank": 151,
    "Tcorrotovr": 0.13593923217172527,
    "Tcorrotovrrank": 86,
    "Teff": 97.47292418772564,
    "Tefgp": 0.4482269503546099,
    "Tftr": 0.3900709219858156,
    "Tneteff": 7.9301588249522155,
    "Tneteffrank": 99,
    "Torbp": 0.28045977011494255,
    "Tposs": 831.0,
    "Ttovr": 0.13326337880377753,
    "closses": 1,
    "confplace": 12,
    "cwins": 0,
    "dates": [
        [
            11,
            6
        ],
        [
            11,
            10
        ],
        [
            11,
            12
        ],
        [
            11,
            15
        ],
        [
            11,
            18
        ],
        [
            11,
            27
        ],
        [
            12,
            2
        ],
        [
            12,
            6
        ],
        [
            12,
            9
        ],
        [
            12,
            16
        ],
        [
            12,
            23
        ],
        [
            12,
            30
        ]
    ],
    "geff": [
        [
            96.70259987317692,
            108.21133036282622
        ],
        [
            98.29059829059828,
            68.26456310679612
        ],
        [
            91.71762090050026,
            81.61512027491409
        ],
        [
            106.67067307692308,
            86.65511265164643
        ],
        [
            118.98096304591266,
            84.95145631067962
        ],
        [
            105.84376863446631,
            59.488399762046406
        ],
        [
            79.67032967032968,
            105.79064587973274
        ],
        [
            85.278276481149,
            108.01591813530415
        ],
        [
            109.30668332292319,
            98.62241703193489
        ],
        [
            113.01742919389979,
            80.77330508474576
        ],
        [
            85.5188141391106,
            106.96821515892421
        ],
        [
            80.38147138964577,
            81.50646430578978
        ]
    ],
    "losses": 4,
    "nOT": [
        0,
        0,
        0,
        0,
        0,
        0,
        0,
        0,
        0,
        0,
        0,
        0
    ],
    "pace": 69.09575633062938,
    "poss": [
        [
            63.08,
            62.84
        ],
        [
            70.2,
            65.92
        ],
        [
            71.96000000000001,
            69.84
        ],
        [
            66.56,
            69.24000000000001
        ],
        [
            71.44,
            74.16
        ],
        [
            67.08,
            67.24
        ],
        [
            72.8,
            71.84
        ],
        [
            66.84,
            70.36
        ],
        [
            64.03999999999999,
            63.879999999999995
        ],
        [
            73.44,
            75.52000000000001
        ],
        [
            70.16,
            65.44
        ],
        [
            73.4,
            71.16
        ]
    ],
    "preseason_pace": 66.95034652844647,
    "preseason_pred": 13.166273931689332,
    "preseason_predd": 91.59429807162802,
    "preseason_predo": 104.76057200331735,
    "schedule": [
        "princeton",
        "boston-university",
        "bryant",
        "georgetown",
        "howard",
        "saint-peters",
        "illinois",
        "wake-forest",
        "seton-hall",
        "long-island-university",
        "mississippi-state",
        "stonehill"
    ],
    "scores": [
        [
            61,
            68
        ],
        [
            69,
            45
        ],
        [
            66,
            57
        ],
        [
            71,
            60
        ],
        [
            85,
            63
        ],
        [
            71,
            40
        ],
        [
            58,
            76
        ],
        [
            57,
            76
        ],
        [
            70,
            63
        ],
        [
            83,
            61
        ],
        [
            60,
            70
        ],
        [
            59,
            58
        ]
    ],
    "wins": 8
}