{
    "CompRank": 328,
    "CompositeDef": 113.58508238082334,
    "CompositeOff": 96.34404939619267,
    "CompositePace": 64.55638855564555,
    "CompositeRating": -17.241032984630664,
    "HA": [
        "A",
        "A",
        "A",
        "N",
        "N",
        "H",
        "A",
        "A",
        "A",
        "H",
        "H",
        "H",
        "H",
        "A",
        "H",
        "A",
        "A",
        "H",
        "A",
        "A",
        "A",
        "H",
        "H",
        "A",
        "H",
        "A",
        "A"
    ],
    "Name": "western-michigan",
    "OAst": 369.0,
    "OAvgCompRat": -0.5393743075119798,
    "OBlk": 109.0,
    "ODR": 681.0,
    "OFGA": 1621.0,
    "OFGA3": 649.0,
    "OFGM": 758.0,
    "OFGM3": 221.0,
    "OFTA": 479.0,
    "OFTM": 334.0,
    "OOR": 303.0,
    "OPFwins": 381.0,
    "OScore": 2071.0,
    "OStl": 192.0,
    "OTO": 266.0,
    "Oastr": 0.14958893447274968,
    "Ocomprank": 169,
    "Ocorrdastr": 0.14340179396077102,
    "Ocorrdeff": 104.72515062519595,
    "Ocorrdeffrank": 257,
    "Ocorrdefgp": 0.5116275857944623,
    "Ocorrdftr": 0.2892235441649509,
    "Ocorrdorbp": 0.28806553800023443,
    "Ocorrdtovr": 0.15476753307869703,
    "Ocorroastr": 0.13917870952075187,
    "Ocorroeff": 104.48857226279708,
    "Ocorroeffrank": 114,
    "Ocorroefgp": 0.5033592547740762,
    "Ocorroftr": 0.31035138939388035,
    "Ocorroorbp": 0.2715273998663776,
    "Ocorrotovr": 0.1609865236056224,
    "Oeff": 115.39147295460117,
    "Oefgp": 0.5357803824799506,
    "Oftr": 0.29549660703269587,
    "Oneteff": -0.2365783623988733,
    "Oneteffrank": 164,
    "Oorbp": 0.3251072961373391,
    "Oposs": 1794.76,
    "Otovr": 0.12680192205018687,
    "SoR": 0.0,
    "SoRrank": 154,
    "TAst": 275.0,
    "TBlk": 66.0,
    "TDR": 629.0,
    "TFGA": 1519.0,
    "TFGA3": 691.0,
    "TFGM": 634.0,
    "TFGM3": 230.0,
    "TFTA": 370.0,
    "TFTM": 260.0,
    "TOR": 256.0,
    "TPF": 455.0,
    "TScore": 1758.0,
    "TStl": 137.0,
    "TTO": 366.0,
    "Tastr": 0.11839159634923367,
    "Tcorrdastr": 0.15161729510506297,
    "Tcorrdastrrank": 258,
    "Tcorrdeff": 113.58508238082334,
    "Tcorrdeffrank": 342,
    "Tcorrdefgp": 0.53342049920526,
    "Tcorrdefgprank": 290,
    "Tcorrdftr": 0.2908584060539557,
    "Tcorrdftrrank": 154,
    "Tcorrdorbp": 0.3370409362983216,
    "Tcorrdorbprank": 341,
    "Tcorrdtovr": 0.1290096826835261,
    "Tcorrdtovrrank": 341,
    "Tcorroastr": 0.11641160399636825,
    "Tcorroastrrank": 327,
    "Tcorroeff": 96.34404939619267,
    "Tcorroeffrank": 287,
    "Tcorroefgp": 0.48290588001926327,
    "Tcorroefgprank": 247,
    "Tcorroftr": 0.2578971044120492,
    "Tcorroftrrank": 299,
    "Tcorroorbp": 0.2674398140174801,
    "Tcorroorbprank": 223,
    "Tcorrotovr": 0.18912503315089768,
    "Tcorrotovrrank": 331,
    "Teff": 98.11362875320907,
    "Tefgp": 0.4930875576036866,
    "Tftr": 0.2435813034891376,
    "Tneteff": -17.241032984630664,
    "Tneteffrank": 327,
    "Torbp": 0.27321237993596587,
    "Tposs": 1791.8,
    "Ttovr": 0.178728391444477,
    "closses": 15,
    "confplace": 12,
    "cwins": 4,
    "dates": [
        [
            11,
            12
        ],
        [
            11,
            22
        ],
        [
            11,
            26
        ],
        [
            11,
            27
        ],
        [
            11,
            28
        ],
        [
            12,
            5
        ],
        [
            12,
            11
        ],
        [
            12,
            20
        ],
        [
            12,
            29
        ],
        [
            1,
            1
        ],
        [
            1,
            4
        ],
        [
            1,
            11
        ],
        [
            1,
            15
        ],
        [
            1,
            18
        ],
        [
            1,
            22
        ],
        [
            1,
            25
        ],
        [
            1,
            29
        ],
        [
            2,
            1
        ],
        [
            2,
            3
        ],
        [
            2,
            5
        ],
        [
            2,
            8
        ],
        [
            2,
            12
        ],
        [
            2,
            15
        ],
        [
            2,
            19
        ],
        [
            2,
            22
        ],
        [
            2,
            26
        ],
        [
            3,
            1
        ]
    ],
    "geff": [
        [
            65.34090909090908,
            125.7685858021241
        ],
        [
            79.13855734302024,
            139.5289298515105
        ],
        [
            96.09868043602984,
            113.56932153392331
        ],
        [
            133.39070567986232,
            119.44912872400225
        ],
        [
            106.69125395152793,
            103.55029585798816
        ],
        [
            94.81668773704172,
            109.02948402948402
        ],
        [
            100.62893081761005,
            129.5255930087391
        ],
        [
            80.74534161490682,
            131.57894736842107
        ],
        [
            82.88928359976317,
            124.62462462462463
        ],
        [
            73.76020087884494,
            89.93902439024392
        ],
        [
            98.84884884884885,
            108.52911133810011
        ],
        [
            96.2116656644618,
            120.59369202226344
        ],
        [
            99.35897435897435,
            111.82108626198082
        ],
        [
            120.86092715231788,
            124.32795698924733
        ],
        [
            103.93569844789357,
            116.74259681093395
        ],
        [
            102.96010296010297,
            113.22463768115944
        ],
        [
            111.66253101736972,
            128.96208825357365
        ],
        [
            92.04470742932281,
            120.1923076923077
        ],
        [
            94.9585635359116,
            111.9146005509642
        ],
        [
            101.5228426395939,
            121.68141592920354
        ],
        [
            90.30418250950571,
            99.10485933503836
        ],
        [
            123.47658755612572,
            100.76775431861805
        ],
        [
            91.75691937424789,
            87.53071253071252
        ],
        [
            105.6745801968732,
            127.2674078408426
        ],
        [
            75.80351728320194,
            139.05683192261185
        ],
        [
            115.1801535735381,
            96.54178674351584
        ],
        [
            114.8124191461837,
            96.89922480620154
        ]
    ],
    "losses": 21,
    "nOT": [
        0,
        0,
        0,
        1,
        1,
        0,
        0,
        0,
        0,
        0,
        0,
        0,
        0,
        0,
        0,
        0,
        0,
        0,
        0,
        0,
        0,
        0,
        1,
        0,
        0,
        0,
        0
    ],
    "pace": 64.55638855564555,