{
    "CompRank": 308,
    "CompositeDef": 107.63409419168983,
    "CompositeOff": 95.91198600525648,
    "CompositePace": 67.1815156552687,
    "CompositeRating": -11.722108186433331,
    "HA": [
        "A",
        "A"
    ],
    "OAst": 34.0,
    "OAvgCompRat": 4.600068920033297,
    "OBlk": 8.0,
    "ODR": 55.0,
    "OFGA": 113.0,
    "OFGA3": 37.0,
    "OFGM": 53.0,
    "OFGM3": 14.0,
    "OFTA": 44.0,
    "OFTM": 22.0,
    "OOR": 17.0,
    "OPF": 31.0,
    "OScore": 142.0,
    "OStl": 9.0,
    "OTO": 24.0,
    "Oastr": 0.17860895146039082,
    "Ocomprank": 126,
    "Ocorrdastr": 0.13978694057354493,
    "Ocorrdeff": 102.95312919745524,
    "Ocorrdeffrank": 223,
    "Ocorrdefgp": 0.47842527276224267,
    "Ocorrdftr": 0.2325813245269644,
    "Ocorrdorbp": 0.3174744044715184,
    "Ocorrdtovr": 0.11815538915408141,
    "Ocorroastr": 0.1353919932949725,
    "Ocorroeff": 95.0631386807232,
    "Ocorroeffrank": 249,
    "Ocorroefgp": 0.4815499109017478,
    "Ocorroftr": 0.3499892083581887,
    "Ocorroorbp": 0.19742747263893293,
    "Ocorrotovr": 0.18119610744566106,
    "Oeff": 101.89437428243397,
    "Oefgp": 0.5309734513274337,
    "Oftr": 0.3893805309734513,
    "Oneteff": -7.889990516732041,
    "Oneteffrank": 252,
    "Oorbp": 0.2698412698412698,
    "Oposs": 139.36,
    "Otovr": 0.15349194167306215,
    "SoR": 0.0,
    "SoRrank": 231,
    "TAst": 20.0,
    "TBlk": 5.0,
    "TDR": 46.0,
    "TFGA": 131.0,
    "TFGA3": 58.0,
    "TFGM": 46.0,
    "TFGM3": 13.0,
    "TFTA": 31.0,
    "TFTM": 20.0,
    "TOR": 22.0,
    "TPF": 36.0,
    "TScore": 125.0,
    "TStl": 13.0,
    "TTO": 21.0,
    "Tastr": 0.10773540185304892,
    "Tcorrdastr": 0.18086895062146355,
    "Tcorrdastrrank": 324,
    "Tcorrdeff": 106.784457746409,
    "Tcorrdeffrank": 253,
    "Tcorrdefgp": 0.5475410300783673,
    "Tcorrdefgprank": 282,
    "Tcorrdftr": 0.3982647293129794,
    "Tcorrdftrrank": 247,
    "Tcorrdorbp": 0.37596838198839533,
    "Tcorrdorbprank": 312,
    "Tcorrdtovr": 0.14510608775726697,
    "Tcorrdtovrrank": 256,
    "Tcorroastr": 0.10590887834457813,
    "Tcorroastrrank": 308,
    "Tcorroeff": 84.64685486871063,
    "Tcorroeffrank": 316,
    "Tcorroefgp": 0.4158059821998534,
    "Tcorroefgprank": 314,
    "Tcorroftr": 0.3552967475536098,
    "Tcorroftrrank": 160,
    "Tcorroorbp": 0.2557092927677194,
    "Tcorroorbprank": 208,
    "Tcorrotovr": 0.1787038693524342,
    "Tcorrotovrrank": 232,
    "Teff": 87.02311333890282,
    "Tefgp": 0.40076335877862596,
    "Tftr": 0.2366412213740458,
    "Tneteff": -22.13760287769837,
    "Tneteffrank": 318,
    "Torbp": 0.2857142857142857,
    "Tposs": 143.64,
    "Ttovr": 0.12678097078000483,
    "closses": 0,
    "confplace": 1,
    "cwins": 0,
    "dates": [
        [
            11,
            7
        ],
        [
            11,
            13
        ]
    ],
    "geff": [
        [
            86.0091743119266,
            95.13412351840299
        ],
        [
            87.98050893340553,
            107.6555023923445
        ]
    ],
    "losses": 2,
    "nOT": [
        0,
        0
    ],
    "pace": 72.1079240422925,
    "poss": [
        [
            69.76,
            64.12
        ],
        [
            73.88,
            75.24
        ]
    ],
    "preseason_pace": 66.64089470744715,
    "preseason_pred": -10.579118371205343,
    "preseason_predd": 107.72733275907318,
    "preseason_predo": 97.14821438786782,
    "schedule": [
        "minnesota",
        "valparaiso"
    ],
    "scores": [
        [
            60,
            61
        ],
        [
            65,
            81
        ]
    ],
    "wins": 0
}