{
    "CompRank": 284,
    "CompositeDef": 110.08515798199302,
    "CompositeOff": 99.95052985024037,
    "CompositePace": 69.04967758674131,
    "CompositeRating": -10.134628131752647,
    "HA": [
        "H",
        "H",
        "A",
        "A",
        "N",
        "N",
        "H",
        "A",
        "H",
        "A",
        "A",
        "A",
        "A",
        "H",
        "H",
        "A",
        "A",
        "H",
        "H",
        "A",
        "H",
        "A"
    ],
    "OAst": 304.0,
    "OAvgCompRat": -1.9353922794672753,
    "OBlk": 49.0,
    "ODR": 502.0,
    "OFGA": 1314.0,
    "OFGA3": 503.0,
    "OFGM": 586.0,
    "OFGM3": 173.0,
    "OFTA": 433.0,
    "OFTM": 310.0,
    "OOR": 220.0,
    "OPF": 398.0,
    "OScore": 1655.0,
    "OStl": 161.0,
    "OTO": 232.0,
    "Oastr": 0.1489816321329857,
    "Ocomprank": 241,
    "Ocorrdastr": 0.14525579724175552,
    "Ocorrdeff": 106.14703340919027,
    "Ocorrdeffrank": 260,
    "Ocorrdefgp": 0.5097317198867851,
    "Ocorrdftr": 0.3273694713937564,
    "Ocorrdorbp": 0.2839561492314788,
    "Ocorrdtovr": 0.14429070164647195,
    "Ocorroastr": 0.13812216007932202,
    "Ocorroeff": 103.90851558754639,
    "Ocorroeffrank": 222,
    "Ocorroefgp": 0.5021834066386833,
    "Ocorroftr": 0.3207037804434945,
    "Ocorroorbp": 0.2620778413854488,
    "Ocorrotovr": 0.1476632389125042,
    "Oeff": 109.13143249017487,
    "Oefgp": 0.5117960426179604,
    "Oftr": 0.3295281582952816,
    "Oneteff": -2.2385178216438817,
    "Oneteffrank": 245,
    "Oorbp": 0.29411764705882354,
    "Oposs": 1516.52,
    "Otovr": 0.13360053440213762,
    "SoR": 0.0,
    "SoRrank": 161,
    "TAst": 283.0,
    "TBlk": 52.0,
    "TDR": 528.0,
    "TFGA": 1293.0,
    "TFGA3": 494.0,
    "TFGM": 565.0,
    "TFGM3": 161.0,
    "TFTA": 404.0,
    "TFTM": 244.0,
    "TOR": 260.0,
    "TPF": 323.0,
    "TScore": 1535.0,
    "TStl": 115.0,
    "TTO": 304.0,
    "Tastr": 0.13752818598864783,
    "Tcorrdastr": 0.15342427482776322,
    "Tcorrdastrrank": 276,
    "Tcorrdeff": 109.93237527314736,
    "Tcorrdeffrank": 280,
    "Tcorrdefgp": 0.5134901806304163,
    "Tcorrdefgprank": 209,
    "Tcorrdftr": 0.3402639255240821,
    "Tcorrdftrrank": 215,
    "Tcorrdorbp": 0.31240215859812015,
    "Tcorrdorbprank": 304,
    "Tcorrdtovr": 0.13459025447774078,
    "Tcorrdtovrrank": 283,
    "Tcorroastr": 0.13478703604355002,
    "Tcorroastrrank": 213,
    "Tcorroeff": 99.92514116981286,
    "Tcorroeffrank": 255,
    "Tcorroefgp": 0.4936111038385801,
    "Tcorroefgprank": 214,
    "Tcorroftr": 0.31701690977917557,
    "Tcorroftrrank": 207,
    "Tcorroorbp": 0.33536506906360625,
    "Tcorroorbprank": 39,
    "Tcorrotovr": 0.17660635672517497,
    "Tcorrotovrrank": 337,
    "Teff": 101.33618527027384,
    "Tefgp": 0.49922660479505027,
    "Tftr": 0.31245166279969067,
    "Tneteff": -10.007234103334497,
    "Tneteffrank": 283,
    "Torbp": 0.34120734908136485,
    "Tposs": 1514.76,
    "Ttovr": 0.17129076607541302,
    "closses": 6,
    "confplace": 6,
    "cwins": 5,
    "dates": [
        [
            11,
            6
        ],
        [
            11,
            11
        ],
        [
            11,
            14
        ],
        [
            11,
            19
        ],
        [
            11,
            24
        ],
        [
            11,
            25
        ],
        [
            12,
            1
        ],
        [
            12,
            5
        ],
        [
            12,
            9
        ],
        [
            12,
            16
        ],
        [
            12,
            21
        ],
        [
            1,
            2
        ],
        [
            1,
            6
        ],
        [
            1,
            9
        ],
        [
            1,
            13
        ],
        [
            1,
            16
        ],
        [
            1,
            20
        ],
        [
            1,
            23
        ],
        [
            1,
            27
        ],
        [
            1,
            30
        ],
        [
            2,
            3
        ],
        [
            2,
            6
        ]
    ],
    "geff": [
        [
            99.63293130571579,
            107.46910263299301
        ],
        [
            105.23150932050511,
            113.63636363636363
        ],
        [
            99.527665317139,
            103.00850228907784
        ],
        [
            82.4014125956445,
            110.8748481166464
        ],
        [
            101.37149672033394,
            97.49708963911525
        ],
        [
            112.64080100125156,
            104.49651678277391
        ],
        [
            81.94087403598971,
            100.80645161290322
        ],
        [
            93.06987399770904,
            130.3030303030303
        ],
        [
            99.6483001172333,
            102.09869540555871
        ],
        [
            90.9577314071696,
            124.44071588366891
        ],
        [
            104.05405405405405,
            119.4267515923567
        ],
        [
            107.34609415416452,
            98.14323607427055
        ],
        [
            120.0937316930287,
            113.90532544378699
        ],
        [
            120.74224707676665,
            107.7070368597415
        ],
        [
            119.53955135773316,
            113.2454128440367
        ],
        [
            101.22699386503066,
            120.01246882793018
        ],
        [
            103.40314136125653,
            110.70110701107012
        ],
        [
            105.06620610247553,
            83.68200836820084
        ],
        [
            82.98129149064575,
            92.31685527099465
        ],
        [
            92.2671353251318,
            130.02364066193851
        ],
        [
            97.83878504672897,
            115.54621848739495
        ],
        [
            104.30916552667578,
            100.31847133757962
        ]
    ],
    "losses": 15,
    "nOT": [
        1,
        0,
        0,
        0,
        0,
        0,
        0,
        0,
        0,
        0,
        0,
        0,
        0,
        1,
        0,
        0,
        0,
        0,
        0,
        0,
        0,
        0
    ],
    "pace": 69.11752589216078,
    "poss": [
        [
            76.28,
            74.44
        ],
        [
            66.52,
            67.76
        ],
        [
            59.28,
            61.16
        ],
        [
            67.96,
            65.84
        ],
        [
            67.08,
            68.72
        ],
        [
            63.92,
            63.16
        ],
        [
            62.24,
            64.48
        ],
        [
            69.84,
            66.0
        ],
        [
            68.24,
            70.52
        ],
        [
            74.76,
            71.52
        ],
        [
            74.0,
            75.36
        ],
        [
            77.32,
            75.4
        ],
        [
            68.28,
            67.6
        ],
        [
            78.68,
            83.56
        ],
        [
            67.76,
            69.76
        ],
        [
            65.2,
            64.16
        ],
        [
            76.4,
            75.88
        ],
        [
            69.48,
            66.92
        ],
        [
            66.28,
            67.16
        ],
        [
            68.28,
            67.68
        ],
        [
            68.48,
            66.64
        ],
        [
            58.480000000000004,
            62.8
        ]
    ],
    "preseason_pace": 66.7634158551231,
    "preseason_pred": -14.427382242682942,
    "preseason_predd": 115.23342599439542,
    "preseason_predo": 100.80604375171247,