{
    "CompRank": 28,
    "CompositeDef": 95.94279587069424,
    "CompositeOff": 120.10281579797014,
    "CompositePace": 70.30162548562522,
    "CompositeRating": 24.160019927275897,
    "HA": [
        "N",
        "H",
        "H",
        "N",
        "N",
        "H",
        "A",
        "A",
        "N",
        "H",
        "A",
        "H"
    ],
    "OAst": 124.0,
    "OAvgCompRat": 1.9193165927982259,
    "OBlk": 44.0,
    "ODR": 230.0,
    "OFGA": 655.0,
    "OFGA3": 291.0,
    "OFGM": 269.0,
    "OFGM3": 96.0,
    "OFTA": 260.0,
    "OFTM": 187.0,
    "OOR": 113.0,
    "OPF": 198.0,
    "OScore": 821.0,
    "OStl": 76.0,
    "OTO": 188.0,
    "Oastr": 0.11466617347882374,
    "Ocomprank": 85,
    "Ocorrdastr": 0.13916577850157655,
    "Ocorrdeff": 108.2413836737515,
    "Ocorrdeffrank": 194,
    "Ocorrdefgp": 0.5120624920494833,
    "Ocorrdftr": 0.3658224429468944,
    "Ocorrdorbp": 0.30029719026440466,
    "Ocorrdtovr": 0.15459037849572974,
    "Ocorroastr": 0.14897676407511953,
    "Ocorroeff": 111.41858592710746,
    "Ocorroeffrank": 55,
    "Ocorroefgp": 0.5323448498688692,
    "Ocorroftr": 0.37053752473368123,
    "Ocorroorbp": 0.31680465156509924,
    "Ocorrotovr": 0.14454985565166953,
    "Oeff": 97.22880151586926,
    "Oefgp": 0.48396946564885496,
    "Oftr": 0.3969465648854962,
    "Oneteff": 3.177202253355958,
    "Oneteffrank": 108,
    "Oorbp": 0.289002557544757,
    "Oposs": 844.4,
    "Otovr": 0.19636515562983078,
    "SoR": 77.74719053322465,
    "SoRrank": 23,
    "TAst": 208.0,
    "TBlk": 37.0,
    "TDR": 278.0,
    "TFGA": 697.0,
    "TFGA3": 251.0,
    "TFGM": 360.0,
    "TFGM3": 90.0,
    "TFTA": 270.0,
    "TFTM": 193.0,
    "TOR": 129.0,
    "TPF": 239.0,
    "TScore": 1003.0,
    "TStl": 124.0,
    "TTO": 145.0,
    "Tastr": 0.1779603011635866,
    "Tcorrdastr": 0.11337534912077357,
    "Tcorrdastrrank": 16,
    "Tcorrdeff": 94.24067966533698,
    "Tcorrdeffrank": 20,
    "Tcorrdefgp": 0.4652818877644511,
    "Tcorrdefgprank": 48,
    "Tcorrdftr": 0.3844636305009767,
    "Tcorrdftrrank": 249,
    "Tcorrdorbp": 0.2773484063305386,
    "Tcorrdorbprank": 93,
    "Tcorrdtovr": 0.2042705456142078,
    "Tcorrdtovrrank": 8,
    "Tcorroastr": 0.1886143105427669,
    "Tcorroastrrank": 21,
    "Tcorroeff": 120.39414516985268,
    "Tcorroeffrank": 40,
    "Tcorroefgp": 0.5813940020608637,
    "Tcorroefgprank": 24,
    "Tcorroftr": 0.3811621984967925,
    "Tcorroftrrank": 125,
    "Tcorroorbp": 0.3647809400820966,
    "Tcorroorbprank": 40,
    "Tcorrotovr": 0.14663162916951641,
    "Tcorrotovrrank": 164,
    "Teff": 120.58187064198125,
    "Tefgp": 0.5810616929698709,
    "Tftr": 0.38737446197991393,
    "Tneteff": 26.153465504515694,
    "Tneteffrank": 21,
    "Torbp": 0.3593314763231198,
    "Tposs": 831.8,
    "Ttovr": 0.15091590341382183,
    "closses": 0,
    "confplace": 1,
    "cwins": 3,
    "dates": [
        [
            11,
            7
        ],
        [
            11,
            12
        ],
        [
            11,
            15
        ],
        [
            11,
            21
        ],
        [
            11,
            23
        ],
        [
            11,
            29
        ],
        [
            12,
            4
        ],
        [
            12,
            7
        ],
        [
            12,
            13
        ],
        [
            12,
            20
        ],
        [
            12,
            30
        ],
        [
            1,
            3
        ]
    ],
    "geff": [
        [
            101.98878123406426,
            98.31460674157304
        ],
        [
            114.07366684991753,
            102.35558048233315
        ],
        [
            110.55424528301886,
            73.52941176470588
        ],
        [
            141.3427561837456,
            105.10089686098655
        ],
        [
            132.09668353007308,
            86.35578583765111
        ],
        [
            112.84255776464266,
            101.35135135135135
        ],
        [
            86.40226628895185,
            107.12217718587145
        ],
        [
            124.68434343434343,
            81.79012345679013
        ],
        [
            128.4829721362229,
            114.63844797178132
        ],
        [
            159.846547314578,
            91.54040404040404
        ],
        [
            96.411355115158,
            83.24524312896405
        ],
        [
            151.32408575031528,
            122.48743718592964
        ]
    ],
    "losses": 1,
    "nOT": [
        0,
        0,
        0,
        0,
        0,
        1,
        0,
        0,
        0,
        0,
        0,
        0
    ],
    "pace": 70.72366615319478,
    "poss": [
        [
            78.44,
            78.32
        ],
        [
            72.76,
            71.32
        ],
        [
            67.84,
            69.36
        ],
        [
            67.92,
            71.36
        ],
        [
            71.16,
            69.48
        ],
        [
            74.44,
            79.92
        ],
        [
            70.6,
            69.08
        ],
        [
            63.36,
            64.8
        ],
        [
            64.6,
            68.03999999999999
        ],
        [
            62.56,
            63.36
        ],
        [
            74.68,
            75.68
        ],
        [
            63.44,
            63.68000000000001
        ]
    ],
    "preseason_pace": 68.63430432979482,
    "preseason_pred": 16.284679375217436,
    "preseason_predd": 102.66720557087108,
    "preseason_predo": 118.95188494608851,
    "schedule": [
        "virginia-commonwealth",
        "weber-state",
        "texas-el-paso",
        "tulane",
        "davidson",
        "montana-state",
        "south-florida",
        "charlotte",
        "illinois-state",
        "colorado-state",
        "fresno-state",
        "san-jose-state"
    ],
    "scores": [
        [
            80,
            77
        ],
        [
            83,
            73
        ],
        [
            75,
            51
        ],
        [
            96,
            75
        ],
        [
            94,
            60
        ],
        [
            84,
            81
        ],
        [
            61,
            74
        ],
        [
            79,
            53
        ],
        [
            83,
            78
        ],
        [
            100,
            58
        ],
        [
            72,
            63
        ],
        [
            96,
            78
        ]
    ],
    "wins": 11
}