{
    "CompRank": 5,
    "CompositeDef": 92.66895467828066,
    "CompositeOff": 122.62288358097916,
    "CompositePace": 69.89947272428195,
    "CompositeRating": 29.953928902697665,
    "HA": [
        "N",
        "H",
        "H",
        "N",
        "N",
        "N",
        "A",
        "H",
        "H",
        "H",
        "H",
        "H",
        "A",
        "A",
        "H",
        "H",
        "A",
        "A",
        "H",
        "H",
        "A",
        "H",
        "A",
        "H",
        "H",
        "A"
    ],
    "Name": "kansas",
    "OAst": 302.0,
    "OAvgCompRat": 9.555929921018498,
    "OBlk": 74.0,
    "ODR": 552.0,
    "OFGA": 1560.0,
    "OFGA3": 551.0,
    "OFGM": 648.0,
    "OFGM3": 164.0,
    "OFTA": 421.0,
    "OFTM": 299.0,
    "OOR": 269.0,
    "OPFwins": 462.0,
    "OScore": 1759.0,
    "OStl": 186.0,
    "OTO": 337.0,
    "Oastr": 0.12666510082877563,
    "Ocomprank": 3,
    "Ocorrdastr": 0.12716187348034327,
    "Ocorrdeff": 95.15782406665645,
    "Ocorrdeffrank": 1,
    "Ocorrdefgp": 0.4708931586830882,
    "Ocorrdftr": 0.30967407799888846,
    "Ocorrdorbp": 0.2681939266380645,
    "Ocorrdtovr": 0.196559908990606,
    "Ocorroastr": 0.15539692084417148,
    "Ocorroeff": 107.43602511966277,
    "Ocorroeffrank": 21,
    "Ocorroefgp": 0.5247725221762705,
    "Ocorroftr": 0.32015844213689787,
    "Ocorroorbp": 0.31253101504907704,
    "Ocorrotovr": 0.15500669390846003,
    "Oeff": 97.0086695638746,
    "Oefgp": 0.46794871794871795,
    "Oftr": 0.26987179487179486,
    "Oneteff": 12.278201053006327,
    "Oneteffrank": 3,
    "Oorbp": 0.28167539267015707,
    "Oposs": 1813.24,
    "Otovr": 0.1618449362225296,
    "SoR": 96.48923759432314,
    "SoRrank": 2,
    "TAst": 407.0,
    "TBlk": 109.0,
    "TDR": 686.0,
    "TFGA": 1545.0,
    "TFGA3": 519.0,
    "TFGM": 760.0,
    "TFGM3": 184.0,
    "TFTA": 500.0,
    "TFTM": 354.0,
    "TOR": 292.0,
    "TPF": 403.0,
    "TScore": 2058.0,
    "TStl": 166.0,
    "TTO": 337.0,
    "Tastr": 0.16221602231964927,
    "Tcorrdastr": 0.11495714631069431,
    "Tcorrdastrrank": 24,
    "Tcorrdeff": 92.70289052053121,
    "Tcorrdeffrank": 30,
    "Tcorrdefgp": 0.4461944937607553,
    "Tcorrdefgprank": 27,
    "Tcorrdftr": 0.2580416873747521,
    "Tcorrdftrrank": 70,
    "Tcorrdorbp": 0.2543686857771427,
    "Tcorrdorbprank": 67,
    "Tcorrdtovr": 0.1718170161026425,
    "Tcorrdtovrrank": 119,
    "Tcorroastr": 0.17985540569459976,
    "Tcorroastrrank": 13,
    "Tcorroeff": 122.65589888224748,
    "Tcorroeffrank": 2,
    "Tcorroefgp": 0.5858966177991679,
    "Tcorroefgprank": 5,
    "Tcorroftr": 0.32072974498297224,
    "Tcorroftrrank": 132,
    "Tcorroorbp": 0.36472428026875015,
    "Tcorroorbprank": 15,
    "Tcorrotovr": 0.13418607459565063,
    "Tcorrotovrrank": 18,
    "Teff": 113.70165745856353,
    "Tefgp": 0.5514563106796116,
    "Tftr": 0.32362459546925565,
    "Tneteff": 29.95300836171627,
    "Tneteffrank": 5,
    "Torbp": 0.3459715639810427,
    "Tposs": 1810.0,
    "Ttovr": 0.1603235014272122,
    "closses": 2,
    "confplace": 1,
    "cwins": 11,
    "dates": [
        [
            11,
            9
        ],
        [
            11,
            12
        ],
        [
            11,
            18
        ],
        [
            11,
            25
        ],
        [
            11,
            26
        ],
        [
            11,
            28
        ],
        [
            12,
            3
        ],
        [
            12,
            7
        ],
        [
            12,
            11
        ],
        [
            12,
            18
        ],
        [
            12,
            29
        ],
        [
            1,
            1
        ],
        [
            1,
            4
        ],
        [
            1,
            8
        ],
        [
            1,
            11
        ],
        [
            1,
            15
        ],
        [
            1,
            18
        ],
        [
            1,
            22
        ],
        [
            1,
            24
        ],
        [
            1,
            29
        ],
        [
            2,
            1
        ],
        [
            2,
            5
        ],
        [
            2,
            7
        ],
        [
            2,
            12
        ],
        [
            2,
            14
        ],
        [
            2,
            19
        ]
    ],
    "geff": [
        [
            113.63636363636363,
            97.31720147290899
        ],
        [
            134.39218081857055,
            94.16767922235722
        ],
        [
            126.80115273775215,
            86.25730994152046
        ],
        [
            102.36447520184545,
            86.9693396226415
        ],
        [
            112.65432098765433,
            103.69955156950672
        ],
        [
            132.66998341625208,
            114.57758144671453
        ],
        [
            126.66666666666667,
            100.75228371843096
        ],
        [
            111.36493432324387,
            75.05773672055427
        ],
        [
            143.50028137310073,
            90.93452714045887
        ],
        [
            111.29660545353367,
            100.33444816053513
        ],
        [
            114.22637590861889,
            80.22093634928986
        ],
        [
            110.08111239860949,
            100.2994011976048
        ],
        [
            105.29311326124075,
            86.63366336633663
        ],
        [
            101.6383495145631,
            117.77638190954772
        ],
        [
            100.12919896640827,
            97.0719287078294
        ],
        [
            116.50219298245615,
            82.72574312955693
        ],
        [
            108.69565217391305,
            101.71646535282899
        ],
        [
            119.6319018404908,
            113.77427184466019
        ],
        [
            111.63895486935867,
            107.6158940397351
        ],
        [
            91.98813056379821,
            123.00123001230011
        ],
        [
            98.98190045248869,
            85.14796203238414
        ],
        [
            109.32560590094836,
            79.55771305285869
        ],
        [
            113.23003575685338,
            114.29398148148148
        ],
        [
            118.0971390552229,
            111.57826649417852
        ],
        [
            110.33681765389083,
            88.36944127708097
        ],
        [
            108.09987819732034,
            88.41463414634147
        ]
    ],
    "losses": 4,
    "nOT": [
        0,
        0,
        0,
        0,
        0,
        0,
        0,
        0,
        0,
        0,
        0,
        0,
        0,
        0,
        0,
        0,
        0,
        0,
        1,
        0,
        0,
        0,
        0,
        0,
        0,
        0
    ],
    "pace": 69.90363306696874,