{
    "CompRank": 68,
    "CompositeDef": 97.90784646645152,
    "CompositeOff": 110.59583524830259,
    "CompositePace": 65.74495779806136,
    "CompositeRating": 12.687988781851075,
    "HA": [
        "A",
        "A",
        "H",
        "N",
        "N",
        "N",
        "A",
        "H",
        "A",
        "A",
        "H",
        "H",
        "H",
        "A",
        "A",
        "H",
        "A",
        "H",
        "H",
        "H",
        "A",
        "H",
        "A",
        "A",
        "A",
        "H",
        "A",
        "H",
        "A"
    ],
    "Name": "vermont",
    "OAst": 294.0,
    "OAvgCompRat": -5.001369574901238,
    "OBlk": 82.0,
    "ODR": 660.0,
    "OFGA": 1605.0,
    "OFGA3": 612.0,
    "OFGM": 668.0,
    "OFGM3": 211.0,
    "OFTA": 363.0,
    "OFTM": 251.0,
    "OOR": 189.0,
    "OPFwins": 472.0,
    "OScore": 1798.0,
    "OStl": 149.0,
    "OTO": 320.0,
    "Oastr": 0.12359588350036993,
    "Ocomprank": 307,
    "Ocorrdastr": 0.14210488810531136,
    "Ocorrdeff": 105.59842113454923,
    "Ocorrdeffrank": 285,
    "Ocorrdefgp": 0.5167517770245303,
    "Ocorrdftr": 0.2966644521482132,
    "Ocorrdorbp": 0.29299438481477,
    "Ocorrdtovr": 0.15566145669020875,
    "Ocorroastr": 0.13279457681412674,
    "Ocorroeff": 99.6355614851058,
    "Ocorroeffrank": 311,
    "Ocorroefgp": 0.4847191312326571,
    "Ocorroftr": 0.28773941622965066,
    "Ocorroorbp": 0.2520543008589632,
    "Ocorrotovr": 0.16448370730592327,
    "Oeff": 94.84523030827337,
    "Oefgp": 0.4819314641744548,
    "Oftr": 0.2261682242990654,
    "Oneteff": -5.9628596494434305,
    "Oneteffrank": 303,
    "Oorbp": 0.19207317073170732,
    "Oposs": 1895.72,
    "Otovr": 0.1534978318431252,
    "SoR": 37.81149092350952,
    "SoRrank": 63,
    "TAst": 427.0,
    "TBlk": 72.0,
    "TDR": 795.0,
    "TFGA": 1601.0,
    "TFGA3": 697.0,
    "TFGM": 778.0,
    "TFGM3": 252.0,
    "TFTA": 440.0,
    "TFTM": 330.0,
    "TOR": 203.0,
    "TPF": 406.0,
    "TScore": 2138.0,
    "TStl": 146.0,
    "TTO": 291.0,
    "Tastr": 0.16994348483642444,
    "Tcorrdastr": 0.13129426253463622,
    "Tcorrdastrrank": 108,
    "Tcorrdeff": 97.90784646645152,
    "Tcorrdeffrank": 88,
    "Tcorrdefgp": 0.49826005511752647,
    "Tcorrdefgprank": 161,
    "Tcorrdftr": 0.24011265248317856,
    "Tcorrdftrrank": 44,
    "Tcorrdorbp": 0.21450735644395874,
    "Tcorrdorbprank": 7,
    "Tcorrdtovr": 0.15284996797569017,
    "Tcorrdtovrrank": 242,
    "Tcorroastr": 0.16862636716495225,
    "Tcorroastrrank": 29,
    "Tcorroeff": 110.59583524830259,
    "Tcorroeffrank": 61,
    "Tcorroefgp": 0.5475042845001078,
    "Tcorroefgprank": 42,
    "Tcorroftr": 0.2836821397436031,
    "Tcorroftrrank": 237,
    "Tcorroorbp": 0.22638254488237708,
    "Tcorroorbprank": 321,
    "Tcorrotovr": 0.14679667243236189,
    "Tcorrotovrrank": 64,
    "Teff": 113.56634441729524,
    "Tefgp": 0.5646470955652717,
    "Tftr": 0.27482823235477827,
    "Tneteff": 12.687988781851075,
    "Tneteffrank": 68,
    "Torbp": 0.23522595596755505,
    "Tposs": 1882.6,
    "Ttovr": 0.1395281933256617,
    "closses": 1,
    "confplace": 1,
    "cwins": 17,
    "dates": [
        [
            11,
            11
        ],
        [
            11,
            13
        ],
        [
            11,
            19
        ],
        [
            11,
            22
        ],
        [
            11,
            23
        ],
        [
            11,
            24
        ],
        [
            11,
            27
        ],
        [
            12,
            1
        ],
        [
            12,
            7
        ],
        [
            12,
            10
        ],
        [
            12,
            22
        ],
        [
            1,
            6
        ],
        [
            1,
            12
        ],
        [
            1,
            15
        ],
        [
            1,
            19
        ],
        [
            1,
            22
        ],
        [
            1,
            26
        ],
        [
            1,
            29
        ],
        [
            1,
            31
        ],
        [
            2,
            2
        ],
        [
            2,
            5
        ],
        [
            2,
            9
        ],
        [
            2,
            12
        ],
        [
            2,
            14
        ],
        [
            2,
            16
        ],
        [
            2,
            19
        ],
        [
            2,
            23
        ],
        [
            2,
            26
        ],
        [
            3,
            1
        ]
    ],
    "geff": [
        [
            103.43822843822844,
            78.77280265339967
        ],
        [
            89.28571428571428,
            106.05115408608857
        ],
        [
            96.15384615384616,
            81.03975535168195
        ],
        [
            90.3971547125074,
            92.10526315789473
        ],
        [
            90.85213032581453,
            74.55873402312842
        ],
        [
            110.31907671418872,
            106.85210312075984
        ],
        [
            87.1496924128503,
            98.2532751091703
        ],
        [
            130.09404388714734,
            100.24676125848241
        ],
        [
            90.06211180124222,
            107.5268817204301
        ],
        [
            102.5791324736225,
            95.98346131128174
        ],
        [
            113.9018691588785,
            98.03921568627452
        ],
        [
            131.494547787043,
            113.03191489361703
        ],
        [
            153.50877192982455,
            103.96673064619321
        ],
        [
            126.1737089201878,
            95.7801221543587
        ],
        [
            121.34502923976608,
            83.09037900874637
        ],
        [
            133.89941214892227,
            117.49347258485639
        ],
        [
            121.72854534388314,
            98.58740435550322
        ],
        [
            125.23191094619665,
            103.40632603406327
        ],
        [
            124.74367737525631,
            101.53129161118508
        ],
        [
            132.90017720023627,
            101.5767131594906
        ],
        [
            120.2961135101789,
            97.83878504672897
        ],
        [
            124.77175897748022,
            78.22085889570552
        ],
        [
            117.93916821849783,
            95.86122945830797
        ],
        [
            110.38186157517899,
            112.74804570054117
        ],
        [
            123.43532684283727,
            87.29050279329608
        ],
        [
            128.43488649940264,
            87.95468097793679
        ],
        [
            100.4872107186358,
            76.37157107231921
        ],
        [
            87.71929824561403,
            80.9447983014862
        ],
        [
            107.9447322970639,
            84.2358604091456
        ]
    ],
    "losses": 5,
    "nOT": [
        0,
        0,
        0,
        0,
        0,
        0,
        0,
        0,
        0,
        0,
        0,
        0,
        0,
        0,
        0,
        0,
        0,
        0,
        0,
        0,
        0,
        0,
        0,
        1,
        0,
        0,
        0,
        0,
        0
    ],
    "pace": 65.74495779806136,