{
    "CompRank": 297,
    "CompositeDef": 108.46759650381367,
    "CompositeOff": 96.64172334499696,
    "CompositePace": 67.54930379024223,
    "CompositeRating": -11.825873158816705,
    "HA": [
        "H",
        "A",
        "A",
        "N",
        "N",
        "H",
        "H",
        "A",
        "A",
        "H",
        "A",
        "A",
        "A",
        "H",
        "H",
        "A",
        "H",
        "A",
        "A",
        "H",
        "H",
        "A",
        "A",
        "H",
        "A",
        "H",
        "H",
        "A",
        "A",
        "H",
        "A"
    ],
    "OAst": 442.0,
    "OAvgCompRat": -6.321198068537412,
    "OBlk": 100.0,
    "ODR": 705.0,
    "OFGA": 1780.0,
    "OFGA3": 638.0,
    "OFGM": 796.0,
    "OFGM3": 232.0,
    "OFTA": 493.0,
    "OFTM": 316.0,
    "OOR": 232.0,
    "OPF": 459.0,
    "OScore": 2140.0,
    "OStl": 242.0,
    "OTO": 300.0,
    "Oastr": 0.16137747725380808,
    "Ocomprank": 340,
    "Ocorrdastr": 0.14654011847433393,
    "Ocorrdeff": 105.84602908139274,
    "Ocorrdeffrank": 302,
    "Ocorrdefgp": 0.5198566301815364,
    "Ocorrdftr": 0.3344754803661031,
    "Ocorrdorbp": 0.2868894743636345,
    "Ocorrdtovr": 0.1484870818845062,
    "Ocorroastr": 0.14200802463258333,
    "Ocorroeff": 98.46403531335085,
    "Ocorroeffrank": 348,
    "Ocorroefgp": 0.4923484994508756,
    "Ocorroftr": 0.28898492770087886,
    "Ocorroorbp": 0.23863428963735636,
    "Ocorrotovr": 0.1697409515092596,
    "Oeff": 103.6359762121535,
    "Oefgp": 0.5123595505617977,
    "Oftr": 0.2769662921348315,
    "Oneteff": -7.3819937680418946,
    "Oneteffrank": 339,
    "Oorbp": 0.23553299492385787,
    "Oposs": 2064.92,
    "Otovr": 0.13060968601431483,
    "SoR": 0.0,
    "SoRrank": 150,
    "TAst": 404.0,
    "TBlk": 113.0,
    "TDR": 753.0,
    "TFGA": 1679.0,
    "TFGA3": 621.0,
    "TFGM": 755.0,
    "TFGM3": 214.0,
    "TFTA": 451.0,
    "TFTM": 324.0,
    "TOR": 219.0,
    "TPF": 484.0,
    "TScore": 2048.0,
    "TStl": 168.0,
    "TTO": 405.0,
    "Tastr": 0.15038489599618826,
    "Tcorrdastr": 0.16256420469502558,
    "Tcorrdastrrank": 317,
    "Tcorrdeff": 108.46759650381367,
    "Tcorrdeffrank": 278,
    "Tcorrdefgp": 0.5261282351727096,
    "Tcorrdefgprank": 259,
    "Tcorrdftr": 0.30485455473080314,
    "Tcorrdftrrank": 158,
    "Tcorrdorbp": 0.26628444720390454,
    "Tcorrdorbprank": 176,
    "Tcorrdtovr": 0.12078403958063105,
    "Tcorrdtovrrank": 357,
    "Tcorroastr": 0.14669942661716456,
    "Tcorroastrrank": 139,
    "Tcorroeff": 96.64172334499696,
    "Tcorroeffrank": 294,
    "Tcorroefgp": 0.49935329959940267,
    "Tcorroefgprank": 200,
    "Tcorroftr": 0.2561489995799186,
    "Tcorroftrrank": 335,
    "Tcorroorbp": 0.22341058306270745,
    "Tcorroorbprank": 302,
    "Tcorrotovr": 0.18750695692394181,
    "Tcorrotovrrank": 346,
    "Teff": 99.25173496685147,
    "Tefgp": 0.5134008338296605,
    "Tftr": 0.2686122692078618,
    "Tneteff": -11.825873158816705,
    "Tneteffrank": 297,
    "Torbp": 0.237012987012987,
    "Tposs": 2063.44,
    "Ttovr": 0.17744168521406914,
    "closses": 14,
    "confplace": 10,
    "cwins": 5,
    "dates": [
        [
            11,
            12
        ],
        [
            11,
            15
        ],
        [
            11,
            18
        ],
        [
            11,
            21
        ],
        [
            11,
            22
        ],
        [
            11,
            26
        ],
        [
            11,
            30
        ],
        [
            12,
            3
        ],
        [
            12,
            6
        ],
        [
            12,
            18
        ],
        [
            12,
            21
        ],
        [
            12,
            23
        ],
        [
            12,
            30
        ],
        [
            1,
            2
        ],
        [
            1,
            5
        ],
        [
            1,
            8
        ],
        [
            1,
            11
        ],
        [
            1,
            14
        ],
        [
            1,
            18
        ],
        [
            1,
            21
        ],
        [
            1,
            25
        ],
        [
            1,
            28
        ],
        [
            2,
            1
        ],
        [
            2,
            4
        ],
        [
            2,
            8
        ],
        [
            2,
            11
        ],
        [
            2,
            13
        ],
        [
            2,
            18
        ],
        [
            2,
            22
        ],
        [
            2,
            25
        ],
        [
            2,
            28
        ]
    ],
    "geff": [
        [
            109.74822466107166,
            84.8032564450475
        ],
        [
            118.33333333333333,
            125.15262515262516
        ],
        [
            90.34360189573458,
            97.83263094521374
        ],
        [
            106.79611650485437,
            103.9002557544757
        ],
        [
            120.28014616321558,
            96.3248369887374
        ],
        [
            76.61748013620885,
            86.50519031141869
        ],
        [
            123.33702882483371,
            93.39080459770116
        ],
        [
            113.83285302593659,
            90.88286208886325
        ],
        [
            102.62257696693273,
            111.352525801195
        ],
        [
            100.32894736842105,
            81.74791914387633
        ],
        [
            111.07634543178973,
            124.69211822660097
        ],
        [
            70.02801120448179,
            119.85335589396503
        ],
        [
            87.66626360338573,
            88.86255924170615
        ],
        [
            96.39696586599241,
            110.64785118665812
        ],
        [
            87.71929824561404,
            104.59035444509006
        ],
        [
            91.18127381600435,
            101.0376843255052
        ],
        [
            85.89511754068717,
            105.94560404807083
        ],
        [
            94.47674418604652,
            109.77118119975262
        ],
        [
            101.91846522781775,
            96.3785046728972
        ],
        [
            102.1264689423615,
            106.32642211589581
        ],
        [
            67.52789195537287,
            97.4628712871287
        ],
        [
            93.16770186335403,
            117.6470588235294
        ],
        [
            121.571072319202,
            111.63522012578616
        ],
        [
            109.67548076923076,
            94.57933370976849
        ],
        [
            102.32997481108312,
            111.7758186397985
        ],
        [
            80.55235903337169,
            108.50942318675042
        ],
        [
            120.3825857519789,
            82.63123784834738
        ],
        [
            96.76395939086295,
            128.84872824631861
        ],
        [
            90.48453006421484,
            112.97798377752027
        ],
        [
            116.53200745804848,
            94.75218658892129
        ],
        [
            98.9268947015426,
            115.27377521613832
        ]
    ],
    "losses": 20,
    "nOT": [
        0,
        0,
        0,
        0,
        0,
        1,
        0,
        0,
        0,
        0,
        0,
        0,
        0,
        0,
        0,
        1,
        0,
        0,
        0,
        0,
        0,
        0,
        0,
        0,
        0,
        0,
        0,
        0,
        0,
        0,
        0
    ],
    "pace": 67.54930379024223,