{
    "CompRank": 65,
    "CompositeDef": 99.54439085487414,
    "CompositeOff": 112.34612525918638,
    "CompositePace": 70.149284654158,
    "CompositeRating": 12.80173440431225,
    "HA": [
        "H",
        "A",
        "H",
        "H",
        "H"
    ],
    "OAst": 61.0,
    "OAvgCompRat": -1.4666221810466946,
    "OBlk": 19.0,
    "ODR": 91.0,
    "OFGA": 255.0,
    "OFGA3": 81.0,
    "OFGM": 97.0,
    "OFGM3": 23.0,
    "OFTA": 128.0,
    "OFTM": 99.0,
    "OOR": 40.0,
    "OPF": 85.0,
    "OScore": 316.0,
    "OStl": 34.0,
    "OTO": 67.0,
    "Oastr": 0.13885095147045434,
    "Ocomprank": 192,
    "Ocorrdastr": 0.15407502695234382,
    "Ocorrdeff": 107.05285179530537,
    "Ocorrdeffrank": 202,
    "Ocorrdefgp": 0.5162349154609537,
    "Ocorrdftr": 0.41505525954511474,
    "Ocorrdorbp": 0.26934801242536677,
    "Ocorrdtovr": 0.17010366963012233,
    "Ocorroastr": 0.1512598964055292,
    "Ocorroeff": 106.94195238514526,
    "Ocorroeffrank": 183,
    "Ocorroefgp": 0.509663669325197,
    "Ocorroftr": 0.370366633255327,
    "Ocorroorbp": 0.3184310664454638,
    "Ocorrotovr": 0.1290903305055287,
    "Oeff": 93.40269567273587,
    "Oefgp": 0.42549019607843136,
    "Oftr": 0.5019607843137255,
    "Oneteff": -0.11089941016011551,
    "Oneteffrank": 177,
    "Oorbp": 0.2631578947368421,
    "Oposs": 338.32,
    "Otovr": 0.17709875237893846,
    "SoR": 80.14762872378242,
    "SoRrank": 15,
    "TAst": 95.0,
    "TBlk": 35.0,
    "TDR": 112.0,
    "TFGA": 329.0,
    "TFGA3": 129.0,
    "TFGM": 152.0,
    "TFGM3": 41.0,
    "TFTA": 97.0,
    "TFTM": 63.0,
    "TOR": 75.0,
    "TPF": 104.0,
    "TScore": 408.0,
    "TStl": 42.0,
    "TTO": 52.0,
    "Tastr": 0.18315724531503044,
    "Tcorrdastr": 0.13340901296538077,
    "Tcorrdastrrank": 104,
    "Tcorrdeff": 93.08627837643401,
    "Tcorrdeffrank": 26,
    "Tcorrdefgp": 0.4255882563619866,
    "Tcorrdefgprank": 14,
    "Tcorrdftr": 0.5043041509801061,
    "Tcorrdftrrank": 341,
    "Tcorrdorbp": 0.24550693660967315,
    "Tcorrdorbprank": 56,
    "Tcorrdtovr": 0.20769083113834672,
    "Tcorrdtovrrank": 8,
    "Tcorroastr": 0.1730399292276821,
    "Tcorroastrrank": 56,
    "Tcorroeff": 116.59582242494655,
    "Tcorroeffrank": 69,
    "Tcorroefgp": 0.5183326399181893,
    "Tcorroefgprank": 163,
    "Tcorroftr": 0.26484090230995,
    "Tcorroftrrank": 333,
    "Tcorroorbp": 0.49935317504049587,
    "Tcorroorbprank": 2,
    "Tcorrotovr": 0.1091077140582865,
    "Tcorrotovrrank": 18,
    "Teff": 117.01273373867156,
    "Tefgp": 0.5243161094224924,
    "Tftr": 0.2948328267477204,
    "Tneteff": 23.509544048512538,
    "Tneteffrank": 31,
    "Torbp": 0.45180722891566266,
    "Tposs": 348.68,
    "Ttovr": 0.12273413897280966,
    "closses": 0,
    "confplace": 1,
    "cwins": 0,
    "dates": [
        [
            11,
            7
        ],
        [
            11,
            10
        ],
        [
            11,
            15
        ],
        [
            11,
            18
        ],
        [
            11,
            21
        ]
    ],
    "geff": [
        [
            114.4927536231884,
            102.88697788697787
        ],
        [
            120.03311258278146,
            88.35758835758836
        ],
        [
            139.92004568817816,
            116.37689287717332
        ],
        [
            97.26443768996961,
            88.82428940568475
        ],
        [
            112.10762331838565,
            68.25396825396825
        ]
    ],
    "losses": 0,
    "nOT": [
        0,
        0,
        0,
        0,
        0
    ],
    "pace": 71.51302919220264,
    "poss": [
        [
            69.0,
            65.12
        ],
        [
            72.48,
            76.96000000000001
        ],
        [
            70.04,
            71.32
        ],
        [
            65.8,
            61.92
        ],
        [
            71.36,
            63.0
        ]
    ],
    "preseason_pace": 69.21393174740584,
    "preseason_pred": 5.457557693612465,
    "preseason_predd": 103.9738232817878,
    "preseason_predo": 109.43138097540026,
    "schedule": [
        "mcneese-state",
        "xavier",
        "nevada",
        "idaho-state",
        "louisiana-lafayette"
    ],
    "scores": [
        [
            79,
            67
        ],
        [
            87,
            68
        ],
        [
            98,
            83
        ],
        [
            64,
            55
        ],
        [
            80,
            43
        ]
    ],
    "wins": 5
}