{
    "CompRank": 236,
    "CompositeDef": 108.79833287750955,
    "CompositeOff": 101.90092264105222,
    "CompositePace": 71.13069968577886,
    "CompositeRating": -6.897410236457338,
    "HA": [
        "A",
        "A",
        "A",
        "N",
        "N",
        "H",
        "A",
        "H",
        "A",
        "A"
    ],
    "OAst": 149.0,
    "OAvgCompRat": -0.16339819879285095,
    "OBlk": 35.0,
    "ODR": 220.0,
    "OFGA": 582.0,
    "OFGA3": 220.0,
    "OFGM": 271.0,
    "OFGM3": 86.0,
    "OFTA": 210.0,
    "OFTM": 164.0,
    "OOR": 92.0,
    "OPF": 211.0,
    "OScore": 792.0,
    "OStl": 70.0,
    "OTO": 137.0,
    "Oastr": 0.15514369012911286,
    "Ocomprank": 152,
    "Ocorrdastr": 0.1491435787425894,
    "Ocorrdeff": 104.94893352497584,
    "Ocorrdeffrank": 175,
    "Ocorrdefgp": 0.5115870981056438,
    "Ocorrdftr": 0.38352965097785546,
    "Ocorrdorbp": 0.27457147669809867,
    "Ocorrdtovr": 0.14459051490334737,
    "Ocorroastr": 0.1415479237811312,
    "Ocorroeff": 105.13419911520698,
    "Ocorroeffrank": 178,
    "Ocorroefgp": 0.4999215564882248,
    "Ocorroftr": 0.3311352193243913,
    "Ocorroorbp": 0.299068902748897,
    "Ocorrotovr": 0.16016545056870446,
    "Oeff": 110.09174311926606,
    "Oefgp": 0.5395189003436426,
    "Oftr": 0.36082474226804123,
    "Oneteff": 0.18526559023113975,
    "Oneteffrank": 167,
    "Oorbp": 0.30363036303630364,
    "Oposs": 719.4,
    "Otovr": 0.16884397337934434,
    "SoR": 0.0,
    "SoRrank": 184,
    "TAst": 131.0,
    "TBlk": 57.0,
    "TDR": 211.0,
    "TFGA": 593.0,
    "TFGA3": 195.0,
    "TFGM": 270.0,
    "TFGM3": 61.0,
    "TFTA": 225.0,
    "TFTM": 146.0,
    "TOR": 109.0,
    "TPF": 169.0,
    "TScore": 747.0,
    "TStl": 74.0,
    "TTO": 133.0,
    "Tastr": 0.13702928870292888,
    "Tcorrdastr": 0.15956651990469198,
    "Tcorrdastrrank": 272,
    "Tcorrdeff": 110.0597390691723,
    "Tcorrdeffrank": 258,
    "Tcorrdefgp": 0.5470548366881218,
    "Tcorrdefgprank": 305,
    "Tcorrdftr": 0.36440234379668196,
    "Tcorrdftrrank": 257,
    "Tcorrdorbp": 0.2899725677331222,
    "Tcorrdorbprank": 198,
    "Tcorrdtovr": 0.15923896077095498,
    "Tcorrdtovrrank": 122,
    "Tcorroastr": 0.13375478279788855,
    "Tcorroastrrank": 235,
    "Tcorroeff": 104.52120268557766,
    "Tcorroeffrank": 179,
    "Tcorroefgp": 0.5023699099687017,
    "Tcorroefgprank": 187,
    "Tcorroftr": 0.33173296836315835,
    "Tcorroftrrank": 179,
    "Tcorroorbp": 0.34556248707212167,
    "Tcorroorbprank": 48,
    "Tcorrotovr": 0.16836551356171095,
    "Tcorrotovrrank": 298,
    "Teff": 104.32960893854748,
    "Tefgp": 0.5067453625632378,
    "Tftr": 0.3794266441821248,
    "Tneteff": -5.538536383594632,
    "Tneteffrank": 219,
    "Torbp": 0.331306990881459,
    "Tposs": 716.0,
    "Ttovr": 0.16121212121212122,
    "closses": 0,
    "confplace": 1,
    "cwins": 0,
    "dates": [
        [
            11,
            4
        ],
        [
            11,
            12
        ],
        [
            11,
            22
        ],
        [
            11,
            23
        ],
        [
            11,
            24
        ],
        [
            11,
            30
        ],
        [
            12,
            4
        ],
        [
            12,
            7
        ],
        [
            12,
            18
        ],
        [
            12,
            21
        ]
    ],
    "geff": [
        [
            116.10297829379103,
            121.83235867446395
        ],
        [
            97.70114942528735,
            87.3965041398344
        ],
        [
            106.19977037887485,
            125.13751375137514
        ],
        [
            91.85980780101752,
            125.4826254826255
        ],
        [
            112.79268989149057,
            111.7149758454106
        ],
        [
            103.74050263004092,
            101.73548773189707
        ],
        [
            110.184633710542,
            136.71875
        ],
        [
            109.04947916666667,
            111.18378024852845
        ],
        [
            107.19957649550027,
            100.21378941742384
        ],
        [
            88.48230353929213,
            83.47725964306275
        ]
    ],
    "losses": 5,
    "nOT": [
        0,
        0,
        0,
        0,
        0,
        0,
        0,
        0,
        0,
        0
    ],
    "pace": 71.49717563829796,
    "poss": [
        [
            79.24,
            82.08
        ],
        [
            87.0,
            86.96000000000001
        ],
        [
            69.68,
            72.72
        ],
        [
            70.76,
            72.52
        ],
        [
            70.04,
            66.24000000000001
        ],
        [
            68.44,
            66.84
        ],
        [
            67.16,
            66.56
        ],
        [
            61.44,
            61.16
        ],
        [
            75.56,
            74.84
        ],
        [
            66.68,
            69.48
        ]
    ],
    "preseason_pace": 70.12527869121342,
    "preseason_pred": -10.625459215504542,
    "preseason_predd": 105.33768488940876,
    "preseason_predo": 94.71222567390421,
    "schedule": [
        "washington-state",
        "san-diego",
        "milwaukee",
        "st-thomas-mn",
        "wofford",
        "dixie-state",
        "seattle",
        "denver",
        "pacific",
        "cal-state-bakersfield"
    ],
    "scores": [
        [
            92,
            100
        ],
        [
            85,
            76
        ],
        [
            74,
            91
        ],
        [
            65,
            91
        ],
        [
            79,
            74
        ],
        [
            71,
            68
        ],
        [
            74,
            91
        ],
        [
            67,
            68
        ],
        [
            81,
            75
        ],
        [
            59,
            58
        ]
    ],
    "wins": 5
}