{
    "CompRank": 206,
    "CompositeDef": 109.44052013598505,
    "CompositeOff": 105.76983168373144,
    "CompositePace": 69.60158341474929,
    "CompositeRating": -3.670688452253616,
    "HA": [
        "H",
        "H",
        "H",
        "A",
        "A",
        "A",
        "H",
        "A",
        "A",
        "A",
        "H",
        "H",
        "A",
        "A",
        "H",
        "H",
        "H",
        "A",
        "A",
        "H",
        "A",
        "H",
        "A"
    ],
    "OAst": 311.0,
    "OAvgCompRat": -3.144211311170765,
    "OBlk": 62.0,
    "ODR": 553.0,
    "OFGA": 1468.0,
    "OFGA3": 513.0,
    "OFGM": 635.0,
    "OFGM3": 197.0,
    "OFTA": 427.0,
    "OFTM": 316.0,
    "OOR": 254.0,
    "OPF": 304.0,
    "OScore": 1783.0,
    "OStl": 162.0,
    "OTO": 224.0,
    "Oastr": 0.14195209230993938,
    "Ocomprank": 268,
    "Ocorrdastr": 0.14537251243207364,
    "Ocorrdeff": 107.45724149380915,
    "Ocorrdeffrank": 302,
    "Ocorrdefgp": 0.5188509676549039,
    "Ocorrdftr": 0.3489076460203743,
    "Ocorrdorbp": 0.29618578007034735,
    "Ocorrdtovr": 0.14625372011994384,
    "Ocorroastr": 0.13535213068897364,
    "Ocorroeff": 105.03304646338877,
    "Ocorroeffrank": 166,
    "Ocorroefgp": 0.5017815724789176,
    "Ocorroftr": 0.31328814797085913,
    "Ocorroorbp": 0.277026543232728,
    "Ocorrotovr": 0.14931786634180907,
    "Oeff": 109.66368981720667,
    "Oefgp": 0.4996594005449591,
    "Oftr": 0.2908719346049046,
    "Oneteff": -2.4241950304203783,
    "Oneteffrank": 228,
    "Oorbp": 0.3031026252983294,
    "Oposs": 1625.88,
    "Otovr": 0.11915654190693022,
    "SoR": 0.0,
    "SoRrank": 158,
    "TAst": 310.0,
    "TBlk": 133.0,
    "TDR": 584.0,
    "TFGA": 1431.0,
    "TFGA3": 500.0,
    "TFGM": 636.0,
    "TFGM3": 182.0,
    "TFTA": 449.0,
    "TFTM": 307.0,
    "TOR": 261.0,
    "TPF": 330.0,
    "TScore": 1761.0,
    "TStl": 127.0,
    "TTO": 258.0,
    "Tastr": 0.1411297665440507,
    "Tcorrdastr": 0.1493042023094625,
    "Tcorrdastrrank": 240,
    "Tcorrdeff": 109.6170847001132,
    "Tcorrdeffrank": 267,
    "Tcorrdefgp": 0.5023766070544106,
    "Tcorrdefgprank": 165,
    "Tcorrdftr": 0.30785724825114824,
    "Tcorrdftrrank": 134,
    "Tcorrdorbp": 0.30515605610932356,
    "Tcorrdorbprank": 280,
    "Tcorrdtovr": 0.11840366636789541,
    "Tcorrdtovrrank": 342,
    "Tcorroastr": 0.13831336237822767,
    "Tcorroastrrank": 188,
    "Tcorroeff": 105.83825841415391,
    "Tcorroeffrank": 163,
    "Tcorroefgp": 0.49412641394012946,
    "Tcorroefgprank": 216,
    "Tcorroftr": 0.299088773131336,
    "Tcorroftrrank": 265,
    "Tcorroorbp": 0.3026617741781158,
    "Tcorroorbprank": 95,
    "Tcorrotovr": 0.1387494025410638,
    "Tcorrotovrrank": 116,
    "Teff": 108.33189793055932,
    "Tefgp": 0.5080363382250175,
    "Tftr": 0.3137665967854647,
    "Tneteff": -3.7788262859592834,
    "Tneteffrank": 209,
    "Torbp": 0.32063882063882065,
    "Tposs": 1625.56,
    "Ttovr": 0.13675684844372826,
    "closses": 2,
    "confplace": 1,
    "cwins": 10,
    "dates": [
        [
            11,
            17
        ],
        [
            11,
            21
        ],
        [
            11,
            27
        ],
        [
            12,
            3
        ],
        [
            12,
            7
        ],
        [
            12,
            13
        ],
        [
            12,
            17
        ],
        [
            12,
            21
        ],
        [
            12,
            23
        ],
        [
            12,
            29
        ],
        [
            1,
            4
        ],
        [
            1,
            6
        ],
        [
            1,
            11
        ],
        [
            1,
            13
        ],
        [
            1,
            20
        ],
        [
            1,
            25
        ],
        [
            1,
            27
        ],
        [
            2,
            1
        ],
        [
            2,
            3
        ],
        [
            2,
            7
        ],
        [
            2,
            10
        ],
        [
            2,
            14
        ],
        [
            2,
            17
        ]
    ],
    "geff": [
        [
            91.53884215734784,
            103.46611484738749
        ],
        [
            87.14596949891067,
            106.68163952835486
        ],
        [
            110.25200458190149,
            105.67296996662958
        ],
        [
            90.36144578313252,
            102.54413291796469
        ],
        [
            112.9718234981393,
            123.43927355278092
        ],
        [
            85.82502768549281,
            104.88505747126437
        ],
        [
            99.94669509594883,
            115.36373507057544
        ],
        [
            109.81561822125812,
            123.11135982092893
        ],
        [
            83.25049701789264,
            140.86294416243655
        ],
        [
            77.34967892586106,
            117.37089201877934
        ],
        [
            124.22360248447204,
            106.50887573964498
        ],
        [
            110.15325670498085,
            92.5925925925926
        ],
        [
            122.5769669327252,
            86.3486842105263
        ],
        [
            114.99148211243612,
            96.98275862068967
        ],
        [
            123.41962673088501,
            105.9322033898305
        ],
        [
            109.20209668025625,
            83.80681818181817
        ],
        [
            125.35211267605634,
            107.77084515031196
        ],
        [
            99.84235417761428,
            123.74934175882042
        ],
        [
            134.54317897371715,
            116.63597298956415
        ],
        [
            145.34883720930233,
            127.88521522145976
        ],
        [
            119.76955730745905,
            127.71579565472695
        ],
        [
            121.33182844243792,
            104.28571428571429
        ],
        [
            111.54074955383702,
            96.61117717003567
        ]
    ],
    "losses": 11,
    "nOT": [
        0,
        0,
        0,
        0,
        1,
        0,
        0,
        0,
        0,
        0,
        0,
        0,
        0,
        0,
        0,
        0,
        0,
        0,
        0,
        0,
        0,
        0,
        0
    ],
    "pace": 69.58673446311829,
    "poss": [
        [
            80.84,
            77.32
        ],
        [
            73.44,
            71.24
        ],
        [
            69.84,
            71.92
        ],
        [
            76.36,
            77.04
        ],
        [
            75.24,
            70.48
        ],
        [
            72.24,
            69.6
        ],
        [
            75.04,
            73.68
        ],
        [
            73.76,
            71.48
        ],
        [
            80.48,
            78.8
        ],
        [
            68.52000000000001,
            68.16
        ],
        [
            64.4,
            67.6
        ],
        [
            62.64,
            63.72
        ],
        [
            70.16,
            72.96000000000001
        ],
        [
            70.44,
            74.24
        ],
        [
            66.44,
            66.08
        ],
        [
            68.68,
            70.4
        ],
        [
            71.0,
            70.52000000000001
        ],
        [
            76.12,
            75.96000000000001
        ],
        [
            63.92,
            65.16
        ],
        [
            61.92,
            64.12
        ],
        [
            65.96000000000001,
            68.12
        ],
        [
            70.88,
            70.0
        ],
        [
            67.24,
            67.28
        ]
    ],
    "preseason_pace": 70.28642943809709,
    "preseason_pred": 1.316718553113187,