{
    "CompRank": 323,
    "CompositeDef": 110.53785754961547,
    "CompositeOff": 93.53678460912795,
    "CompositePace": 72.09474148709056,
    "CompositeRating": -17.001072940487525,
    "HA": [
        "A",
        "H",
        "A",
        "N",
        "N",
        "A",
        "A",
        "A"
    ],
    "OAst": 112.0,
    "OAvgCompRat": -1.3625472331863169,
    "OBlk": 38.0,
    "ODR": 241.0,
    "OFGA": 510.0,
    "OFGA3": 153.0,
    "OFGM": 228.0,
    "OFGM3": 49.0,
    "OFTA": 191.0,
    "OFTM": 142.0,
    "OOR": 87.0,
    "OPF": 129.0,
    "OScore": 647.0,
    "OStl": 47.0,
    "OTO": 91.0,
    "Oastr": 0.1405199237177557,
    "Ocomprank": 212,
    "Ocorrdastr": 0.1538751751128771,
    "Ocorrdeff": 109.43503272216887,
    "Ocorrdeffrank": 280,
    "Ocorrdefgp": 0.5202518687095118,
    "Ocorrdftr": 0.34437638299193735,
    "Ocorrdorbp": 0.34277705691362714,
    "Ocorrdtovr": 0.14737912695791083,
    "Ocorroastr": 0.13532157997891853,
    "Ocorroeff": 107.81279057191037,
    "Ocorroeffrank": 174,
    "Ocorroefgp": 0.49120380981912654,
    "Ocorroftr": 0.3611185959752734,
    "Ocorroorbp": 0.3208908801388051,
    "Ocorrotovr": 0.14890858558000983,
    "Oeff": 108.18674336164806,
    "Oefgp": 0.4950980392156863,
    "Oftr": 0.37450980392156863,
    "Oneteff": -1.6222421502585007,
    "Oneteffrank": 229,
    "Oorbp": 0.30103806228373703,
    "Oposs": 598.04,
    "Otovr": 0.13283895830900386,
    "SoR": 0.0,
    "SoRrank": 191,
    "TAst": 86.0,
    "TBlk": 42.0,
    "TDR": 202.0,
    "TFGA": 494.0,
    "TFGA3": 209.0,
    "TFGM": 188.0,
    "TFGM3": 58.0,
    "TFTA": 182.0,
    "TFTM": 119.0,
    "TOR": 76.0,
    "TPF": 133.0,
    "TScore": 553.0,
    "TStl": 48.0,
    "TTO": 90.0,
    "Tastr": 0.11465443686006825,
    "Tcorrdastr": 0.15238777497337813,
    "Tcorrdastrrank": 222,
    "Tcorrdeff": 107.65103956688804,
    "Tcorrdeffrank": 175,
    "Tcorrdefgp": 0.5146547363931324,
    "Tcorrdefgprank": 196,
    "Tcorrdftr": 0.371849548736987,
    "Tcorrdftrrank": 224,
    "Tcorrdorbp": 0.28285393652534396,
    "Tcorrdorbprank": 112,
    "Tcorrdtovr": 0.13482363943210676,
    "Tcorrdtovrrank": 269,
    "Tcorroastr": 0.10946774618969332,
    "Tcorroastrrank": 349,
    "Tcorroeff": 92.25226499393618,
    "Tcorroeffrank": 345,
    "Tcorroefgp": 0.43158691037072117,
    "Tcorroefgprank": 354,
    "Tcorroftr": 0.38489030356146253,
    "Tcorroftrrank": 120,
    "Tcorroorbp": 0.21137264983956294,
    "Tcorroorbprank": 355,
    "Tcorrotovr": 0.13882018496273754,
    "Tcorrotovrrank": 112,
    "Teff": 94.03482519385118,
    "Tefgp": 0.4392712550607287,
    "Tftr": 0.3684210526315789,
    "Tneteff": -15.398774572951865,
    "Tneteffrank": 307,
    "Torbp": 0.23974763406940064,
    "Tposs": 588.08,
    "Ttovr": 0.1355258402602096,
    "closses": 0,
    "confplace": 3,
    "cwins": 0,
    "dates": [
        [
            11,
            5
        ],
        [
            11,
            7
        ],
        [
            11,
            12
        ],
        [
            11,
            20
        ],
        [
            11,
            22
        ],
        [
            11,
            26
        ],
        [
            12,
            3
        ],
        [
            12,
            7
        ]
    ],
    "geff": [
        [
            75.836820083682,
            116.15628299894402
        ],
        [
            93.10518369401106,
            96.67823500247891
        ],
        [
            88.60153256704982,
            108.21984435797665
        ],
        [
            110.59530311305298,
            122.95081967213113
        ],
        [
            97.59358288770053,
            109.7752221641401
        ],
        [
            94.11764705882354,
            78.4313725490196
        ],
        [
            107.49564206856478,
            118.47065158858373
        ],
        [
            86.31512868801005,
            115.96385542168673
        ]
    ],
    "losses": 7,
    "nOT": [
        0,
        0,
        0,
        0,
        0,
        0,
        0,
        0
    ],
    "pace": 74.27176873559459,
    "poss": [
        [
            76.48,
            75.76
        ],
        [
            79.48,
            80.68
        ],
        [
            83.52,
            82.24
        ],
        [
            73.24,
            70.76
        ],
        [
            74.8,
            76.52
        ],
        [
            68.0,
            71.4
        ],
        [
            68.84,
            74.28
        ],
        [
            63.72,
            66.4
        ]
    ],
    "preseason_pace": 68.27225194239213,
    "preseason_pred": -19.81443632930185,
    "preseason_predd": 115.60661889102987,
    "preseason_predo": 95.79218256172801,
    "schedule": [
        "butler",
        "virginia-military-institute",
        "south-dakota",
        "incarnate-word",
        "illinois-chicago",
        "valparaiso",
        "western-michigan",
        "indiana-state"
    ],
    "scores": [
        [
            58,
            88
        ],
        [
            74,
            78
        ],
        [
            74,
            89
        ],
        [
            81,
            87
        ],
        [
            73,
            84
        ],
        [
            64,
            56
        ],
        [
            74,
            88
        ],
        [
            55,
            77
        ]
    ],
    "wins": 1
}