{
    "CompRank": 315,
    "CompositeDef": 109.61514422432467,
    "CompositeOff": 95.18218415631235,
    "CompositePace": 70.00327787427833,
    "CompositeRating": -14.432960068012344,
    "HA": [
        "A",
        "A",
        "H",
        "A",
        "A",
        "A",
        "H",
        "H",
        "A",
        "A",
        "A",
        "A",
        "H",
        "H",
        "A",
        "H",
        "H",
        "H",
        "A",
        "A",
        "H",
        "H",
        "A",
        "A",
        "A",
        "A"
    ],
    "OAst": 333.0,
    "OAvgCompRat": -3.3275555039070737,
    "OBlk": 93.0,
    "ODR": 644.0,
    "OFGA": 1460.0,
    "OFGA3": 549.0,
    "OFGM": 633.0,
    "OFGM3": 183.0,
    "OFTA": 694.0,
    "OFTM": 510.0,
    "OOR": 231.0,
    "OPF": 417.0,
    "OScore": 1959.0,
    "OStl": 176.0,
    "OTO": 289.0,
    "Oastr": 0.13948461899336506,
    "Ocomprank": 272,
    "Ocorrdastr": 0.1459920285095183,
    "Ocorrdeff": 106.46585755880687,
    "Ocorrdeffrank": 226,
    "Ocorrdefgp": 0.5126715499239807,
    "Ocorrdftr": 0.34821755929296627,
    "Ocorrdorbp": 0.2846135382758507,
    "Ocorrdtovr": 0.14108407634590675,
    "Ocorroastr": 0.13650213758964314,
    "Ocorroeff": 103.10397914081113,
    "Ocorroeffrank": 270,
    "Ocorroefgp": 0.49427725306241393,
    "Ocorroftr": 0.3166256856543907,
    "Ocorroorbp": 0.26670838207115843,
    "Ocorrotovr": 0.15492902642840228,
    "Oeff": 107.43901368901368,
    "Oefgp": 0.49623287671232874,
    "Oftr": 0.47534246575342465,
    "Oneteff": -3.36187841799574,
    "Oneteffrank": 249,
    "Oorbp": 0.2636986301369863,
    "Oposs": 1823.3600000000001,
    "Otovr": 0.14067641503923362,
    "SoR": 0.0,
    "SoRrank": 147,
    "TAst": 285.0,
    "TBlk": 67.0,
    "TDR": 645.0,
    "TFGA": 1471.0,
    "TFGA3": 523.0,
    "TFGM": 587.0,
    "TFGM3": 168.0,
    "TFTA": 546.0,
    "TFTM": 406.0,
    "TOR": 236.0,
    "TPF": 502.0,
    "TScore": 1748.0,
    "TStl": 154.0,
    "TTO": 339.0,
    "Tastr": 0.12204313047052981,
    "Tcorrdastr": 0.14565359440611975,
    "Tcorrdastrrank": 205,
    "Tcorrdeff": 109.58872725489215,
    "Tcorrdeffrank": 260,
    "Tcorrdefgp": 0.5068133833100171,
    "Tcorrdefgprank": 180,
    "Tcorrdftr": 0.49814301345206896,
    "Tcorrdftrrank": 362,
    "Tcorrdorbp": 0.27610680415555083,
    "Tcorrdorbprank": 170,
    "Tcorrdtovr": 0.13453441143788428,
    "Tcorrdtovrrank": 279,
    "Tcorroastr": 0.11924275794140904,
    "Tcorroastrrank": 316,
    "Tcorroeff": 95.1671778907966,
    "Tcorroeffrank": 331,
    "Tcorroefgp": 0.4492698529964299,
    "Tcorroefgprank": 335,
    "Tcorroftr": 0.3547705179434828,
    "Tcorroftrrank": 113,
    "Tcorroorbp": 0.2637657455196197,
    "Tcorroorbprank": 227,
    "Tcorrotovr": 0.17366827561896697,
    "Tcorrotovrrank": 338,
    "Teff": 96.34888438133875,
    "Tefgp": 0.45615227736233854,
    "Tftr": 0.3711760707002039,
    "Tneteff": -14.421549364095554,
    "Tneteffrank": 315,
    "Torbp": 0.2681818181818182,
    "Tposs": 1814.24,
    "Ttovr": 0.16534649601997817,
    "closses": 11,
    "confplace": 8,
    "cwins": 5,
    "dates": [
        [
            11,
            6
        ],
        [
            11,
            9
        ],
        [
            11,
            12
        ],
        [
            11,
            18
        ],
        [
            11,
            20
        ],
        [
            11,
            24
        ],
        [
            12,
            2
        ],
        [
            12,
            6
        ],
        [
            12,
            9
        ],
        [
            12,
            22
        ],
        [
            12,
            29
        ],
        [
            12,
            31
        ],
        [
            1,
            4
        ],
        [
            1,
            6
        ],
        [
            1,
            11
        ],
        [
            1,
            18
        ],
        [
            1,
            20
        ],
        [
            1,
            25
        ],
        [
            2,
            1
        ],
        [
            2,
            3
        ],
        [
            2,
            8
        ],
        [
            2,
            10
        ],
        [
            2,
            15
        ],
        [
            2,
            17
        ],
        [
            2,
            20
        ],
        [
            2,
            24
        ]
    ],
    "geff": [
        [
            86.87258687258688,
            103.70575221238938
        ],
        [
            74.08483439860545,
            106.75129832660129
        ],
        [
            90.93376764386535,
            105.86319218241042
        ],
        [
            112.00459506031017,
            112.47152619589978
        ],
        [
            77.13498622589532,
            97.27061556329849
        ],
        [
            98.97828863346105,
            118.83541295306003
        ],
        [
            75.58139534883722,
            74.6268656716418
        ],
        [
            78.039430449069,
            97.22222222222223
        ],
        [
            71.73219978746015,
            127.20664589823467
        ],
        [
            77.59155803848542,
            123.17518248175185
        ],
        [
            99.43181818181819,
            106.94572217111315
        ],
        [
            108.63095238095238,
            90.59029807130334
        ],
        [
            101.53031194820481,
            94.04828747894442
        ],
        [
            91.1619283065513,
            108.8252832438879
        ],
        [
            90.3954802259887,
            95.93356242840778
        ],
        [
            99.73404255319149,
            102.28480340063761
        ],
        [
            109.78670012547052,
            128.6531130876747
        ],
        [
            104.80887792848335,
            107.86052009456263
        ],
        [
            114.62205700123916,
            111.21553884711778
        ],
        [
            106.5054691997697,
            114.75886112725159
        ],
        [
            94.81837606837607,
            108.87096774193547
        ],
        [
            131.25,
            98.52941176470588
        ],
        [
            95.82863585118378,
            109.68660968660969
        ],
        [
            90.69631363370392,
            122.62415695892092
        ],
        [
            127.38853503184714,
            116.46458200382898
        ],
        [
            106.02678571428571,
            114.26978818283165
        ]
    ],
    "losses": 21,
    "nOT": [
        0,
        0,
        0,
        0,
        0,
        0,
        0,
        0,
        0,
        0,
        1,
        0,
        0,
        0,
        0,
        0,
        0,
        0,
        0,
        0,
        0,
        0,
        0,
        0,
        0,
        0
    ],
    "pace": 70.0052219555419,