{
    "CompRank": 91,
    "CompositeDef": 100.11131625546292,
    "CompositeOff": 108.91524903909038,
    "CompositePace": 69.90070312481116,
    "CompositeRating": 8.80393278362747,
    "HA": [
        "H",
        "A",
        "H",
        "H",
        "N",
        "N",
        "N",
        "H",
        "A",
        "H",
        "A",
        "H",
        "A",
        "A",
        "A",
        "A",
        "H",
        "H",
        "H",
        "H",
        "A",
        "A"
    ],
    "OAst": 266.0,
    "OAvgCompRat": -2.3310352430911943,
    "OBlk": 80.0,
    "ODR": 569.0,
    "OFGA": 1325.0,
    "OFGA3": 484.0,
    "OFGM": 527.0,
    "OFGM3": 142.0,
    "OFTA": 494.0,
    "OFTM": 335.0,
    "OOR": 254.0,
    "OPF": 345.0,
    "OScore": 1534.0,
    "OStl": 135.0,
    "OTO": 270.0,
    "Oastr": 0.12798552705017416,
    "Ocomprank": 234,
    "Ocorrdastr": 0.14612504897794076,
    "Ocorrdeff": 106.3246005399879,
    "Ocorrdeffrank": 185,
    "Ocorrdefgp": 0.5048019999869756,
    "Ocorrdftr": 0.34009772635492885,
    "Ocorrdorbp": 0.2903603997816935,
    "Ocorrdtovr": 0.14567321981962084,
    "Ocorroastr": 0.1435855228031292,
    "Ocorroeff": 104.37863870721267,
    "Ocorroeffrank": 249,
    "Ocorroefgp": 0.49970364952127616,
    "Ocorroftr": 0.3335001407284834,
    "Ocorroorbp": 0.30326762983919786,
    "Ocorrotovr": 0.15561426939821466,
    "Oeff": 98.43681819348545,
    "Oefgp": 0.45132075471698113,
    "Oftr": 0.3728301886792453,
    "Oneteff": -1.9459618327752253,
    "Oneteffrank": 213,
    "Oorbp": 0.29988193624557263,
    "Oposs": 1558.3600000000001,
    "Otovr": 0.14897702443223199,
    "SoR": 11.638911660924922,
    "SoRrank": 63,
    "TAst": 277.0,
    "TBlk": 97.0,
    "TDR": 593.0,
    "TFGA": 1386.0,
    "TFGA3": 601.0,
    "TFGM": 583.0,
    "TFGM3": 192.0,
    "TFTA": 487.0,
    "TFTM": 353.0,
    "TOR": 258.0,
    "TPF": 359.0,
    "TScore": 1711.0,
    "TStl": 160.0,
    "TTO": 224.0,
    "Tastr": 0.13182441178710122,
    "Tcorrdastr": 0.13004280960475598,
    "Tcorrdastrrank": 73,
    "Tcorrdeff": 99.86492472792654,
    "Tcorrdeffrank": 82,
    "Tcorrdefgp": 0.45891347026723367,
    "Tcorrdefgprank": 42,
    "Tcorrdftr": 0.374145646537055,
    "Tcorrdftrrank": 275,
    "Tcorrdorbp": 0.28488446170684883,
    "Tcorrdorbprank": 184,
    "Tcorrdtovr": 0.14342332221798207,
    "Tcorrdtovrrank": 214,
    "Tcorroastr": 0.1316334363623635,
    "Tcorroastrrank": 259,
    "Tcorroeff": 108.80805096652647,
    "Tcorroeffrank": 118,
    "Tcorroefgp": 0.4932996125543165,
    "Tcorroefgprank": 223,
    "Tcorroftr": 0.34674919810622007,
    "Tcorroftrrank": 139,
    "Tcorroorbp": 0.31030297844189647,
    "Tcorroorbprank": 125,
    "Tcorrotovr": 0.12627712023656498,
    "Tcorrotovrrank": 40,
    "Teff": 109.23972725183236,
    "Tefgp": 0.4898989898989899,
    "Tftr": 0.3513708513708514,
    "Tneteff": 8.94312623859993,
    "Tneteffrank": 91,
    "Torbp": 0.31197097944377267,
    "Tposs": 1566.28,
    "Ttovr": 0.12278816848290833,
    "closses": 2,
    "confplace": 1,
    "cwins": 9,
    "dates": [
        [
            11,
            4
        ],
        [
            11,
            8
        ],
        [
            11,
            12
        ],
        [
            11,
            16
        ],
        [
            11,
            29
        ],
        [
            11,
            30
        ],
        [
            12,
            1
        ],
        [
            12,
            5
        ],
        [
            12,
            8
        ],
        [
            12,
            12
        ],
        [
            12,
            15
        ],
        [
            12,
            21
        ],
        [
            1,
            2
        ],
        [
            1,
            4
        ],
        [
            1,
            9
        ],
        [
            1,
            11
        ],
        [
            1,
            16
        ],
        [
            1,
            18
        ],
        [
            1,
            23
        ],
        [
            1,
            25
        ],
        [
            1,
            29
        ],
        [
            2,
            1
        ]
    ],
    "geff": [
        [
            103.03967027305512,
            90.66731141199226
        ],
        [
            96.52981427174976,
            105.56621880998081
        ],
        [
            117.30205278592375,
            97.22222222222223
        ],
        [
            90.32455603184324,
            75.10729613733905
        ],
        [
            112.15440792905581,
            106.86015831134566
        ],
        [
            89.7642015005359,
            105.39629005059022
        ],
        [
            98.98020395920815,
            104.0391676866585
        ],
        [
            89.4308943089431,
            89.43543879262157
        ],
        [
            101.33524082021937,
            93.55509355509355
        ],
        [
            117.76390465380248,
            110.89275687815835
        ],
        [
            110.6594399277326,
            100.49683830171635
        ],
        [
            146.17239300783604,
            102.50917992656059
        ],
        [
            119.3390452876377,
            88.53541416566627
        ],
        [
            91.82464454976304,
            100.11954572624029
        ],
        [
            98.47522236340535,
            128.98845892735912
        ],
        [
            131.49655604257984,
            121.26865671641792
        ],
        [
            120.92074592074592,
            93.19526627218936
        ],
        [
            118.31848552338529,
            77.38719832109129
        ],
        [
            99.75445058317987,
            81.89398451459202
        ],
        [
            117.57789535567312,
            93.23006310958118
        ],
        [
            114.08450704225352,
            95.61304836895387
        ],
        [
            125.36873156342183,
            109.46745562130178
        ]
    ],
    "losses": 5,
    "nOT": [
        1,
        0,
        0,
        0,
        0,
        0,
        0,
        0,
        0,
        0,
        1,
        0,
        0,
        0,
        0,
        0,
        0,
        0,
        0,
        0,
        0,
        0
    ],
    "pace": 69.9594406337414,
    "poss": [
        [
            77.64,
            82.72
        ],
        [
            81.84,
            83.36
        ],
        [
            68.2,
            64.8
        ],
        [
            65.32,
            65.24000000000001
        ],
        [
            76.68,
            75.8
        ],
        [
            74.64,
            71.16
        ],
        [
            66.68,
            65.36
        ],
        [
            73.8,
            71.56
        ],
        [
            83.88,
            76.96000000000001
        ],
        [
            70.48,
            71.24
        ],
        [
            88.56,
            88.56
        ],
        [
            66.36,
            65.36
        ],
        [
            65.36,
            66.64
        ],
        [
            67.52,
            66.92
        ],
        [
            62.959999999999994,
            58.92
        ],
        [
            63.88,
            64.32
        ],
        [
            68.64,
            67.6
        ],
        [
            71.84,
            76.24
        ],
        [
            65.16,
            67.16
        ],
        [
            68.04,
            69.72
        ],
        [
            71.0,
            71.12
        ],
        [
            67.8,
            67.6
        ]
    ],
    "preseason_pace": 67.92144486555839,
    "preseason_pred": 4.113577329238804,
    "preseason_predd": 108.41388942834745,
    "preseason_predo": 112.52746675758624,