{
    "CompRank": 289,
    "CompositeDef": 109.50850719396043,
    "CompositeOff": 98.35533760709077,
    "CompositePace": 66.45091442686157,
    "CompositeRating": -11.153169586869558,
    "HA": [
        "A",
        "N",
        "N",
        "N",
        "H",
        "A",
        "H",
        "A",
        "H",
        "A",
        "A",
        "H",
        "A",
        "A",
        "H",
        "H",
        "A",
        "A",
        "H",
        "A",
        "H",
        "H",
        "A",
        "A",
        "H",
        "H"
    ],
    "Name": "elon",
    "OAst": 314.0,
    "OAvgCompRat": 2.1679359811291605,
    "OBlk": 85.0,
    "ODR": 676.0,
    "OFGA": 1398.0,
    "OFGA3": 541.0,
    "OFGM": 625.0,
    "OFGM3": 192.0,
    "OFTA": 640.0,
    "OFTM": 480.0,
    "OOR": 257.0,
    "OPFwins": 459.0,
    "OScore": 1922.0,
    "OStl": 208.0,
    "OTO": 300.0,
    "Oastr": 0.13690268573421696,
    "Ocomprank": 109,
    "Ocorrdastr": 0.1415054438439267,
    "Ocorrdeff": 101.32501689016478,
    "Ocorrdeffrank": 122,
    "Ocorrdefgp": 0.5025399094336888,
    "Ocorrdftr": 0.29727045872587793,
    "Ocorrdorbp": 0.2763585838963756,
    "Ocorrdtovr": 0.17068574626266622,
    "Ocorroastr": 0.13842317901766116,
    "Ocorroeff": 104.45992189899523,
    "Ocorroeffrank": 101,
    "Ocorroefgp": 0.5020567163767207,
    "Ocorroftr": 0.3160903442683,
    "Ocorroorbp": 0.29922102569009323,
    "Ocorrotovr": 0.16153360438487657,
    "Oeff": 111.57552536862882,
    "Oefgp": 0.5157367668097281,
    "Oftr": 0.45779685264663805,
    "Oneteff": 3.134905008830458,
    "Oneteffrank": 102,
    "Oorbp": 0.2991850989522701,
    "Oposs": 1722.6,
    "Otovr": 0.15154576682158014,
    "SoR": 0.0,
    "SoRrank": 160,
    "TAst": 312.0,
    "TBlk": 60.0,
    "TDR": 602.0,
    "TFGA": 1426.0,
    "TFGA3": 634.0,
    "TFGM": 599.0,
    "TFGM3": 213.0,
    "TFTA": 375.0,
    "TFTM": 274.0,
    "TOR": 213.0,
    "TPF": 534.0,
    "TScore": 1685.0,
    "TStl": 133.0,
    "TTO": 356.0,
    "Tastr": 0.13811420982735723,
    "Tcorrdastr": 0.13941583448746955,
    "Tcorrdastrrank": 167,
    "Tcorrdeff": 109.55867297650862,
    "Tcorrdeffrank": 301,
    "Tcorrdefgp": 0.5137108057119105,
    "Tcorrdefgprank": 226,
    "Tcorrdftr": 0.44254368396134874,
    "Tcorrdftrrank": 351,
    "Tcorrdorbp": 0.2825214467485194,
    "Tcorrdorbprank": 184,
    "Tcorrdtovr": 0.15465521049827713,
    "Tcorrdtovrrank": 238,
    "Tcorroastr": 0.1375470383867362,
    "Tcorroastrrank": 181,
    "Tcorroeff": 98.35895142053344,
    "Tcorroeffrank": 246,
    "Tcorroefgp": 0.49226684489972505,
    "Tcorroefgprank": 207,
    "Tcorroftr": 0.27099764506519197,
    "Tcorroftrrank": 269,
    "Tcorroorbp": 0.245425219101384,
    "Tcorroorbprank": 281,
    "Tcorrotovr": 0.17653407445891872,
    "Tcorrotovrrank": 264,
    "Teff": 97.17416378316032,
    "Tefgp": 0.4947405329593268,
    "Tftr": 0.26297335203366057,
    "Tneteff": -11.199721555975174,
    "Tneteffrank": 290,
    "Torbp": 0.23959505061867267,
    "Tposs": 1734.0,
    "Ttovr": 0.18284540318438625,
    "closses": 10,
    "confplace": 8,
    "cwins": 5,
    "dates": [
        [
            11,
            9
        ],
        [
            11,
            18
        ],
        [
            11,
            19
        ],
        [
            11,
            21
        ],
        [
            11,
            27
        ],
        [
            11,
            30
        ],
        [
            12,
            4
        ],
        [
            12,
            11
        ],
        [
            12,
            15
        ],
        [
            12,
            18
        ],
        [
            12,
            21
        ],
        [
            12,
            29
        ],
        [
            1,
            9
        ],
        [
            1,
            12
        ],
        [
            1,
            15
        ],
        [
            1,
            17
        ],
        [
            1,
            20
        ],
        [
            1,
            22
        ],
        [
            1,
            27
        ],
        [
            1,
            29
        ],
        [
            2,
            3
        ],
        [
            2,
            5
        ],
        [
            2,
            10
        ],
        [
            2,
            12
        ],
        [
            2,
            15
        ],
        [
            2,
            17
        ]
    ],
    "geff": [
        [
            93.04453935326418,
            110.84481725584182
        ],
        [
            92.29098805646036,
            120.29867256637169
        ],
        [
            75.10729613733905,
            105.23321956769057
        ],
        [
            86.463923673226,
            112.34272019173157
        ],
        [
            115.05681818181817,
            134.39306358381504
        ],
        [
            86.06094808126412,
            111.78247734138972
        ],
        [
            115.13157894736842,
            124.54981992797119
        ],
        [
            82.93838862559241,
            106.10079575596816
        ],
        [
            100.12714558169104,
            97.50639386189258
        ],
        [
            78.91770011273957,
            124.28571428571429
        ],
        [
            83.38386901152212,
            121.98795180722891
        ],
        [
            129.08496732026143,
            100.0
        ],
        [
            87.94694348327566,
            95.53203997648441
        ],
        [
            110.29411764705881,
            118.3527885862516
        ],
        [
            86.20689655172414,
            95.28423772609818
        ],
        [
            130.586186883343,
            102.19646125686394
        ],
        [
            77.14105793450881,
            120.61403508771929
        ],
        [
            116.80825242718446,
            119.83223487118036
        ],
        [
            92.48029108550635,
            82.16676810712111
        ],
        [
            96.88691232528589,
            100.86902545003105
        ],
        [
            125.56342562781714,
            101.68961201501877
        ],
        [
            91.53318077803203,
            94.7187141216992
        ],
        [
            113.85816525699414,
            106.5891472868217
        ],
        [
            78.32080200501252,
            137.20485003190808
        ],
        [
            98.46153846153847,
            145.38369304556355
        ],
        [
            93.26113116726835,
            108.96255371393494
        ]
    ],
    "losses": 20,
    "nOT": [
        0,
        0,
        0,
        0,
        0,
        0,
        0,
        0,
        0,
        0,
        0,
        0,
        0,
        0,
        0,
        0,
        0,
        0,
        0,
        0,
        0,
        0,
        0,
        0,
        0,
        0
    ],
    "pace": 66.44557002333278,