{
    "CompRank": 342,
    "CompositeDef": 113.05000013309774,
    "CompositeOff": 92.22638699407078,
    "CompositePace": 67.61312094781329,
    "CompositeRating": -20.823613139027174,
    "HA": [
        "H",
        "A",
        "H",
        "N",
        "N",
        "A",
        "A",
        "A",
        "H",
        "A",
        "A",
        "A",
        "A",
        "A",
        "H",
        "A",
        "H",
        "H",
        "A",
        "A",
        "A",
        "H",
        "H",
        "H",
        "H",
        "A"
    ],
    "Name": "southern-mississippi",
    "OAst": 396.0,
    "OAvgCompRat": 0.5874961635299834,
    "OBlk": 79.0,
    "ODR": 674.0,
    "OFGA": 1532.0,
    "OFGA3": 662.0,
    "OFGM": 702.0,
    "OFGM3": 248.0,
    "OFTA": 444.0,
    "OFTM": 324.0,
    "OOR": 254.0,
    "OPFwins": 378.0,
    "OScore": 1976.0,
    "OStl": 189.0,
    "OTO": 273.0,
    "Oastr": 0.16525063012235222,
    "Ocomprank": 145,
    "Ocorrdastr": 0.14367480432111743,
    "Ocorrdeff": 102.13698816889806,
    "Ocorrdeffrank": 146,
    "Ocorrdefgp": 0.5047214738389237,
    "Ocorrdftr": 0.31817623789387545,
    "Ocorrdorbp": 0.2799413967314899,
    "Ocorrdtovr": 0.16997443132696702,
    "Ocorroastr": 0.1367539900558477,
    "Ocorroeff": 102.79271500236172,
    "Ocorroeffrank": 162,
    "Ocorroefgp": 0.4955730433611028,
    "Ocorroftr": 0.3025839673478666,
    "Ocorroorbp": 0.2780694102016732,
    "Ocorrotovr": 0.15927705736532738,
    "Oeff": 113.14963695916076,
    "Oefgp": 0.5391644908616188,
    "Oftr": 0.2898172323759791,
    "Oneteff": 0.6557268334636603,
    "Oneteffrank": 150,
    "Oorbp": 0.2812846068660022,
    "Oposs": 1746.3600000000001,
    "Otovr": 0.13647543442180407,
    "SoR": 0.0,
    "SoRrank": 165,
    "TAst": 312.0,
    "TBlk": 73.0,
    "TDR": 649.0,
    "TFGA": 1449.0,
    "TFGA3": 431.0,
    "TFGM": 610.0,
    "TFGM3": 135.0,
    "TFTA": 378.0,
    "TFTM": 257.0,
    "TOR": 221.0,
    "TPF": 428.0,
    "TScore": 1612.0,
    "TStl": 119.0,
    "TTO": 364.0,
    "Tastr": 0.13616605275561686,
    "Tcorrdastr": 0.17060330465512027,
    "Tcorrdastrrank": 343,
    "Tcorrdeff": 113.11366073473809,
    "Tcorrdeffrank": 339,
    "Tcorrdefgp": 0.5450674600308808,
    "Tcorrdefgprank": 327,
    "Tcorrdftr": 0.2924810638246852,
    "Tcorrdftrrank": 157,
    "Tcorrdorbp": 0.2850670335651255,
    "Tcorrdorbprank": 200,
    "Tcorrdtovr": 0.14081970046058873,
    "Tcorrdtovrrank": 314,
    "Tcorroastr": 0.13375527771784704,
    "Tcorroastrrank": 225,
    "Tcorroeff": 92.22309382966922,
    "Tcorroeffrank": 334,
    "Tcorroefgp": 0.4640490468987397,
    "Tcorroefgprank": 301,
    "Tcorroftr": 0.2509710523604395,
    "Tcorroftrrank": 317,
    "Tcorroorbp": 0.2490303827841263,
    "Tcorroorbprank": 278,
    "Tcorrotovr": 0.17778642449785242,
    "Tcorrotovrrank": 272,
    "Teff": 91.67842031029619,
    "Tefgp": 0.4675638371290545,
    "Tftr": 0.2608695652173913,
    "Tneteff": -20.890566905068866,
    "Tneteffrank": 342,
    "Torbp": 0.24692737430167597,
    "Tposs": 1758.32,
    "Ttovr": 0.18390154194369784,
    "closses": 14,
    "confplace": 14,
    "cwins": 1,
    "dates": [
        [
            11,
            12
        ],
        [
            11,
            15
        ],
        [
            11,
            21
        ],
        [
            11,
            24
        ],
        [
            11,
            25
        ],
        [
            11,
            26
        ],
        [
            12,
            1
        ],
        [
            12,
            4
        ],
        [
            12,
            14
        ],
        [
            12,
            18
        ],
        [
            12,
            21
        ],
        [
            1,
            6
        ],
        [
            1,
            8
        ],
        [
            1,
            13
        ],
        [
            1,
            16
        ],
        [
            1,
            22
        ],
        [
            1,
            27
        ],
        [
            1,
            29
        ],
        [
            2,
            3
        ],
        [
            2,
            5
        ],
        [
            2,
            10
        ],
        [
            2,
            14
        ],
        [
            2,
            17
        ],
        [
            2,
            19
        ],
        [
            2,
            21
        ],
        [
            2,
            24
        ]
    ],
    "geff": [
        [
            59.08613445378152,
            86.20689655172414
        ],
        [
            68.32797427652733,
            117.16544325239977
        ],
        [
            116.60978384527874,
            103.93569844789357
        ],
        [
            116.61807580174928,
            94.66437177280551
        ],
        [
            86.0479409956976,
            83.84146341463415
        ],
        [
            96.33312616532008,
            112.25728155339806
        ],
        [
            79.80266976204295,
            121.15165336374002
        ],
        [
            68.1063122923588,
            110.88709677419355
        ],
        [
            83.55176933158585,
            102.92164674634793
        ],
        [
            93.39080459770116,
            106.32183908045978
        ],
        [
            101.02533172496986,
            105.32837670384139
        ],
        [
            102.89210233592881,
            104.28571428571429
        ],
        [
            82.21680876979293,
            128.85071090047393
        ],
        [
            82.51302837290099,
            118.3431952662722
        ],
        [
            90.69631363370392,
            114.87303506650545
        ],
        [
            87.77062609713283,
            114.26806670784434
        ],
        [
            92.27614490772385,
            113.47262247838616
        ],
        [
            93.9963614311704,
            116.85116851168513
        ],
        [
            112.56720430107526,
            120.84118016321406
        ],
        [
            85.02386634844869,
            123.02284710017574
        ],
        [
            95.57038834951456,
            126.58227848101266
        ],
        [
            114.24332344213649,
            131.57894736842104
        ],
        [
            98.60209685471791,
            122.62262262262261
        ],
        [
            100.74841681059297,
            125.07444907683146
        ],
        [
            85.37279453614114,
            105.17339397384877
        ],
        [
            93.21515892420538,
            135.00635324015246
        ]
    ],
    "losses": 22,
    "nOT": [
        0,
        0,
        0,
        0,
        0,
        0,
        0,
        0,
        0,
        0,
        0,
        0,
        0,
        0,
        0,
        0,
        0,
        0,
        0,
        0,
        0,
        0,
        1,
        0,
        0,
        0
    ],
    "pace": 67.60949464141324,