{
    "CompRank": 303,
    "CompositeDef": 109.26311187076888,
    "CompositeOff": 95.97399907938879,
    "CompositePace": 71.63535191178164,
    "CompositeRating": -13.289112791380091,
    "HA": [
        "H",
        "A",
        "A",
        "A",
        "N",
        "H",
        "H",
        "A",
        "N",
        "H",
        "H",
        "A",
        "A",
        "H",
        "H",
        "A",
        "A",
        "A",
        "A",
        "H",
        "H",
        "A",
        "A",
        "A",
        "A",
        "H",
        "H",
        "H",
        "H",
        "N",
        "N"
    ],
    "OAst": 428.0,
    "OAvgCompRat": -2.8159587611016232,
    "OBlk": 108.0,
    "ODR": 786.0,
    "OFGA": 1891.0,
    "OFGA3": 727.0,
    "OFGM": 832.0,
    "OFGM3": 236.0,
    "OFTA": 669.0,
    "OFTM": 472.0,
    "OOR": 321.0,
    "OPF": 494.0,
    "OScore": 2372.0,
    "OStl": 261.0,
    "OTO": 352.0,
    "Oastr": 0.14433323441335957,
    "Ocomprank": 224,
    "Ocorrdastr": 0.14942374030443906,
    "Ocorrdeff": 108.03278072298606,
    "Ocorrdeffrank": 208,
    "Ocorrdefgp": 0.513213245374705,
    "Ocorrdftr": 0.3513987762384275,
    "Ocorrdorbp": 0.2927322579847305,
    "Ocorrdtovr": 0.14563070337095524,
    "Ocorroastr": 0.1378104873956571,
    "Ocorroeff": 104.37755007745861,
    "Ocorroeffrank": 261,
    "Ocorroefgp": 0.48871364944152246,
    "Ocorroftr": 0.32363071737500637,
    "Ocorroorbp": 0.29415538968076377,
    "Ocorrotovr": 0.14437934625898047,
    "Oeff": 107.0223248930679,
    "Oefgp": 0.5023796932839767,
    "Oftr": 0.35378106821787414,
    "Oneteff": -3.6552306455274532,
    "Oneteffrank": 239,
    "Oorbp": 0.29315068493150687,
    "Oposs": 2216.36,
    "Otovr": 0.13872686571869974,
    "SoR": 0.0,
    "SoRrank": 103,
    "TAst": 439.0,
    "TBlk": 130.0,
    "TDR": 774.0,
    "TFGA": 1817.0,
    "TFGA3": 671.0,
    "TFGM": 771.0,
    "TFGM3": 200.0,
    "TFTA": 614.0,
    "TFTM": 426.0,
    "TOR": 280.0,
    "TPF": 451.0,
    "TScore": 2168.0,
    "TStl": 208.0,
    "TTO": 421.0,
    "Tastr": 0.1489569619565955,
    "Tcorrdastr": 0.1532522865223499,
    "Tcorrdastrrank": 239,
    "Tcorrdeff": 109.26311187076888,
    "Tcorrdeffrank": 226,
    "Tcorrdefgp": 0.5239621825755556,
    "Tcorrdefgprank": 222,
    "Tcorrdftr": 0.3633342687210838,
    "Tcorrdftrrank": 263,
    "Tcorrdorbp": 0.28722575156437585,
    "Tcorrdorbprank": 185,
    "Tcorrdtovr": 0.14247408413958873,
    "Tcorrdtovrrank": 202,
    "Tcorroastr": 0.14588287566296843,
    "Tcorroastrrank": 176,
    "Tcorroeff": 95.97399907938879,
    "Tcorroeffrank": 338,
    "Tcorroefgp": 0.4761801242906603,
    "Tcorroefgprank": 289,
    "Tcorroftr": 0.3204956486290385,
    "Tcorroftrrank": 202,
    "Tcorroorbp": 0.2592621070759428,
    "Tcorroorbprank": 262,
    "Tcorrotovr": 0.17090860694370932,
    "Tcorrotovrrank": 322,
    "Teff": 97.30001436162574,
    "Tefgp": 0.47936158503026965,
    "Tftr": 0.33791964777105116,
    "Tneteff": -13.289112791380091,
    "Tneteffrank": 303,
    "Torbp": 0.2626641651031895,
    "Tposs": 2228.16,
    "Ttovr": 0.16785213064557286,
    "closses": 13,
    "confplace": 12,
    "cwins": 5,
    "dates": [
        [
            11,
            4
        ],
        [
            11,
            7
        ],
        [
            11,
            20
        ],
        [
            11,
            24
        ],
        [
            11,
            25
        ],
        [
            11,
            30
        ],
        [
            12,
            5
        ],
        [
            12,
            10
        ],
        [
            12,
            14
        ],
        [
            12,
            17
        ],
        [
            12,
            21
        ],
        [
            1,
            2
        ],
        [
            1,
            4
        ],
        [
            1,
            9
        ],
        [
            1,
            11
        ],
        [
            1,
            15
        ],
        [
            1,
            18
        ],
        [
            1,
            25
        ],
        [
            1,
            27
        ],
        [
            1,
            29
        ],
        [
            2,
            1
        ],
        [
            2,
            5
        ],
        [
            2,
            8
        ],
        [
            2,
            12
        ],
        [
            2,
            15
        ],
        [
            2,
            20
        ],
        [
            2,
            22
        ],
        [
            2,
            26
        ],
        [
            2,
            28
        ],
        [
            3,
            4
        ],
        [
            3,
            5
        ]
    ],
    "geff": [
        [
            99.7926386728875,
            90.04237288135593
        ],
        [
            103.397341211226,
            121.10726643598616
        ],
        [
            87.5979714153988,
            122.03963267278878
        ],
        [
            80.07600434310531,
            108.99558498896246
        ],
        [
            110.31604054859869,
            123.12312312312314
        ],
        [
            102.67579340385812,
            97.77376654632971
        ],
        [
            111.75496688741721,
            86.16047388260635
        ],
        [
            80.64516129032258,
            120.71869736103314
        ],
        [
            71.20743034055728,
            120.6896551724138
        ],
        [
            98.48484848484848,
            99.13793103448276
        ],
        [
            121.60228898426323,
            111.41120864280892
        ],
        [
            107.2066706372841,
            118.03185437997726
        ],
        [
            107.38052026618269,
            107.62070971495055
        ],
        [
            101.6949152542373,
            88.90658174097665
        ],
        [
            105.60146923783287,
            104.21601136901943
        ],
        [
            87.71929824561403,
            108.31889081455807
        ],
        [
            100.93549975381586,
            102.85575992255566
        ],
        [
            99.46555819477435,
            90.21406727828746
        ],
        [
            80.6878306878307,
            97.82001117942984
        ],
        [
            95.61304836895387,
            114.08450704225352
        ],
        [
            98.30693610049154,
            91.54550350026925
        ],
        [
            83.8635049161365,
            89.07363420427554
        ],
        [
            108.38562464346833,
            112.24489795918369
        ],
        [
            87.46736292428199,
            133.245382585752
        ],
        [
            98.29968119022317,
            108.17307692307693
        ],
        [
            99.38837920489296,
            111.59569009748589
        ],
        [
            92.76437847866418,
            95.97523219814242
        ],
        [
            116.34506242905788,
            125.14220705346986
        ],
        [
            82.4332006822058,
            98.75846501128669
        ],
        [
            107.5619295958279,
            101.09114249037228
        ],
        [
            93.73169302870532,
            115.1801535735381
        ]
    ],
    "losses": 22,
    "nOT": [
        0,
        0,
        0,
        0,
        0,
        0,
        0,
        0,
        0,
        0,
        0,
        0,
        0,
        0,
        1,
        0,
        1,
        0,
        0,
        0,
        0,
        0,
        0,
        0,
        0,
        0,
        0,
        0,
        0,
        0,
        0
    ],
    "pace": 71.63535191178164,