{
    "CompRank": 35,
    "CompositeDef": 100.61371331431783,
    "CompositeOff": 119.16777772451351,
    "CompositePace": 71.14090992359112,
    "CompositeRating": 18.554064410195682,
    "HA": [
        "H",
        "H",
        "H",
        "N"
    ],
    "OAst": 49.0,
    "OAvgCompRat": -8.230886354445497,
    "OBlk": 14.0,
    "ODR": 99.0,
    "OFGA": 261.0,
    "OFGA3": 103.0,
    "OFGM": 116.0,
    "OFGM3": 28.0,
    "OFTA": 47.0,
    "OFTM": 24.0,
    "OOR": 44.0,
    "OPF": 64.0,
    "OScore": 284.0,
    "OStl": 28.0,
    "OTO": 65.0,
    "Oastr": 0.12383744439951476,
    "Ocomprank": 300,
    "Ocorrdastr": 0.13829467291365374,
    "Ocorrdeff": 105.81411472906589,
    "Ocorrdeffrank": 226,
    "Ocorrdefgp": 0.4886891912449328,
    "Ocorrdftr": 0.36458789404234104,
    "Ocorrdorbp": 0.2707167345485141,
    "Ocorrdtovr": 0.13037040133949462,
    "Ocorroastr": 0.1406082192664473,
    "Ocorroeff": 103.87318385351176,
    "Ocorroeffrank": 190,
    "Ocorroefgp": 0.525661888543758,
    "Ocorroftr": 0.4060671333797102,
    "Ocorroorbp": 0.3253444802041681,
    "Ocorrotovr": 0.1847078756756796,
    "Oeff": 93.82846570635654,
    "Oefgp": 0.49808429118773945,
    "Oftr": 0.18007662835249041,
    "Oneteff": -1.9409308755541304,
    "Oneteffrank": 205,
    "Oorbp": 0.2953020134228188,
    "Oposs": 302.68,
    "Otovr": 0.18749278873889466,
    "SoR": 66.11500353291544,
    "SoRrank": 32,
    "TAst": 84.0,
    "TBlk": 22.0,
    "TDR": 105.0,
    "TFGA": 258.0,
    "TFGA3": 125.0,
    "TFGM": 126.0,
    "TFGM3": 49.0,
    "TFTA": 71.0,
    "TFTM": 49.0,
    "TOR": 39.0,
    "TPF": 63.0,
    "TScore": 350.0,
    "TStl": 33.0,
    "TTO": 49.0,
    "Tastr": 0.1989389920424403,
    "Tcorrdastr": 0.12504126113749162,
    "Tcorrdastrrank": 98,
    "Tcorrdeff": 93.89217772464173,
    "Tcorrdeffrank": 54,
    "Tcorrdefgp": 0.477046142249404,
    "Tcorrdefgprank": 130,
    "Tcorrdftr": 0.1619412326889174,
    "Tcorrdftrrank": 3,
    "Tcorrdorbp": 0.26191421014468896,
    "Tcorrdorbprank": 128,
    "Tcorrdtovr": 0.1581894767938854,
    "Tcorrdtovrrank": 157,
    "Tcorroastr": 0.20433144401732348,
    "Tcorroastrrank": 13,
    "Tcorroeff": 115.1030641903053,
    "Tcorroeffrank": 62,
    "Tcorroefgp": 0.600010200385216,
    "Tcorroefgprank": 27,
    "Tcorroftr": 0.2752641228178357,
    "Tcorroftrrank": 284,
    "Tcorroorbp": 0.2991766656919268,
    "Tcorroorbprank": 149,
    "Tcorrotovr": 0.1706335613862647,
    "Tcorrotovrrank": 267,
    "Teff": 116.9629728645903,
    "Tefgp": 0.5833333333333334,
    "Tftr": 0.2751937984496124,
    "Tneteff": 21.210886465663577,
    "Tneteffrank": 42,
    "Torbp": 0.2826086956521739,
    "Tposs": 299.24,
    "Ttovr": 0.14486754966887416,
    "closses": 0,
    "confplace": 1,
    "cwins": 0,
    "dates": [
        [
            11,
            4
        ],
        [
            11,
            7
        ],
        [
            11,
            12
        ],
        [
            11,
            15
        ]
    ],
    "geff": [
        [
            112.94416243654823,
            85.19837232960326
        ],
        [
            123.1322634200332,
            100.54347826086958
        ],
        [
            131.00436681222706,
            105.24876981957354
        ],
        [
            101.4957264957265,
            85.40372670807453
        ]
    ],
    "losses": 0,
    "nOT": [
        0,
        0,
        0,
        0
    ],
    "pace": 72.01564883469104,
    "poss": [
        [
            78.8,
            78.64
        ],
        [
            72.28,
            73.6
        ],
        [
            73.28,
            73.16
        ],
        [
            74.88,
            77.28
        ]
    ],
    "preseason_pace": 70.75693673902052,
    "preseason_pred": 17.38783250656094,
    "preseason_predd": 103.56418161156935,
    "preseason_predo": 120.9520141181303,
    "schedule": [
        "texas-am-commerce",
        "southern",
        "south-dakota",
        "washington-state"
    ],
    "scores": [
        [
            89,
            67
        ],
        [
            89,
            74
        ],
        [
            96,
            77
        ],
        [
            76,
            66
        ]
    ],
    "wins": 4
}