{
    "CompRank": 295,
    "CompositeDef": 107.03097211482554,
    "CompositeOff": 94.89290165057763,
    "CompositePace": 66.60786879323345,
    "CompositeRating": -12.138070464247903,
    "HA": [
        "A",
        "H",
        "A",
        "H",
        "A",
        "N",
        "N",
        "H",
        "A",
        "H",
        "H",
        "H",
        "A",
        "A",
        "H",
        "H",
        "A",
        "A",
        "A",
        "A",
        "A",
        "A"
    ],
    "OAst": 284.0,
    "OAvgCompRat": -1.682547448037419,
    "OBlk": 67.0,
    "ODR": 500.0,
    "OFGA": 1185.0,
    "OFGA3": 422.0,
    "OFGM": 559.0,
    "OFGM3": 132.0,
    "OFTA": 430.0,
    "OFTM": 300.0,
    "OOR": 213.0,
    "OPF": 378.0,
    "OScore": 1550.0,
    "OStl": 156.0,
    "OTO": 312.0,
    "Oastr": 0.14414780225357832,
    "Ocomprank": 259,
    "Ocorrdastr": 0.14367418027642886,
    "Ocorrdeff": 103.55611206513905,
    "Ocorrdeffrank": 168,
    "Ocorrdefgp": 0.5059897418790845,
    "Ocorrdftr": 0.35053614384766524,
    "Ocorrdorbp": 0.2743394337163563,
    "Ocorrdtovr": 0.15314058801930097,
    "Ocorroastr": 0.14397973069267198,
    "Ocorroeff": 101.9775814295837,
    "Ocorroeffrank": 276,
    "Ocorroefgp": 0.4957890408141843,
    "Ocorroftr": 0.32355985693704037,
    "Ocorroorbp": 0.2641270105493081,
    "Ocorrotovr": 0.15455307597860057,
    "Oeff": 105.21314146076568,
    "Oefgp": 0.5274261603375527,
    "Oftr": 0.3628691983122363,
    "Oneteff": -1.578530635555353,
    "Oneteffrank": 245,
    "Oorbp": 0.3397129186602871,
    "Oposs": 1473.2,
    "Otovr": 0.1850314316213972,
    "SoR": 0.0,
    "SoRrank": 213,
    "TAst": 208.0,
    "TBlk": 61.0,
    "TDR": 414.0,
    "TFGA": 1193.0,
    "TFGA3": 410.0,
    "TFGM": 478.0,
    "TFGM3": 119.0,
    "TFTA": 464.0,
    "TFTM": 326.0,
    "TOR": 208.0,
    "TPF": 394.0,
    "TScore": 1401.0,
    "TStl": 192.0,
    "TTO": 291.0,
    "Tastr": 0.10969538435575056,
    "Tcorrdastr": 0.14181435036898485,
    "Tcorrdastrrank": 185,
    "Tcorrdeff": 106.91374664173189,
    "Tcorrdeffrank": 239,
    "Tcorrdefgp": 0.5333803925756618,
    "Tcorrdefgprank": 290,
    "Tcorrdftr": 0.3714823748851252,
    "Tcorrdftrrank": 269,
    "Tcorrdorbp": 0.35663581149753526,
    "Tcorrdorbprank": 354,
    "Tcorrdtovr": 0.18030894412346324,
    "Tcorrdtovrrank": 29,
    "Tcorroastr": 0.10825782841925231,
    "Tcorroastrrank": 348,
    "Tcorroeff": 94.7219204926007,
    "Tcorroeffrank": 315,
    "Tcorroefgp": 0.4466199175381765,
    "Tcorroefgprank": 327,
    "Tcorroftr": 0.3687993116216749,
    "Tcorroftrrank": 89,
    "Tcorroorbp": 0.29766451404225425,
    "Tcorroorbprank": 114,
    "Tcorrotovr": 0.16948545602654225,
    "Tcorrotovrrank": 300,
    "Teff": 94.65192952113284,
    "Tefgp": 0.450544844928751,
    "Tftr": 0.3889354568315172,
    "Tneteff": -12.191826149131188,
    "Tneteffrank": 293,
    "Torbp": 0.2937853107344633,
    "Tposs": 1480.16,
    "Ttovr": 0.1723770258743247,
    "closses": 0,
    "confplace": 1,
    "cwins": 0,
    "dates": [
        [
            11,
            6
        ],
        [
            11,
            9
        ],
        [
            11,
            12
        ],
        [
            11,
            14
        ],
        [
            11,
            16
        ],
        [
            11,
            21
        ],
        [
            11,
            22
        ],
        [
            11,
            25
        ],
        [
            11,
            28
        ],
        [
            11,
            30
        ],
        [
            12,
            3
        ],
        [
            12,
            10
        ],
        [
            12,
            13
        ],
        [
            12,
            16
        ],
        [
            12,
            18
        ],
        [
            12,
            20
        ],
        [
            12,
            22
        ],
        [
            12,
            27
        ],
        [
            12,
            30
        ],
        [
            1,
            2
        ],
        [
            1,
            3
        ],
        [
            1,
            7
        ]
    ],
    "geff": [
        [
            58.07365439093485,
            97.49303621169916
        ],
        [
            90.77380952380952,
            103.83889238514789
        ],
        [
            105.86319218241042,
            90.93376764386535
        ],
        [
            93.0232558139535,
            110.77844311377245
        ],
        [
            90.93915343915343,
            110.18001241464928
        ],
        [
            104.9618320610687,
            102.09424083769633
        ],
        [
            103.4992607195663,
            104.11440040140492
        ],
        [
            91.49484536082475,
            122.26847034339231
        ],
        [
            81.48831488314885,
            105.8743169398907
        ],
        [
            94.72817133443162,
            108.57142857142857
        ],
        [
            120.08733624454148,
            83.28192473781615
        ],
        [
            84.34547908232119,
            111.71293161814489
        ],
        [
            112.47750449910016,
            106.1046511627907
        ],
        [
            105.56300268096514,
            100.25873221216041
        ],
        [
            101.0362694300518,
            88.86565603763722
        ],
        [
            88.1975625400898,
            82.01701093560145
        ],
        [
            82.19602977667493,
            122.24938875305624
        ],
        [
            101.77281680892975,
            127.58620689655173
        ],
        [
            95.58338826631508,
            122.4632610216935
        ],
        [
            94.76223294279808,
            106.67584308327598
        ],
        [
            81.48831488314882,
            109.75609756097562
        ],
        [
            97.29272419627749,
            105.53337136337706
        ]
    ],
    "losses": 15,
    "nOT": [
        0,
        0,
        0,
        0,
        0,
        1,
        0,
        0,
        0,
        0,
        0,
        0,
        0,
        0,
        0,
        0,
        0,
        0,
        0,
        0,
        0,
        0
    ],
    "pace": 66.60927680565979,
    "poss": [
        [
            70.6,
            71.8
        ],
        [
            67.2,
            63.56
        ],
        [
            73.68,
            73.68
        ],
        [
            68.8,
            66.8
        ],
        [
            60.480000000000004,
            64.44
        ],
        [
            73.36,
            76.4
        ],
        [
            81.16,
            79.72
        ],
        [
            77.6,
            76.88
        ],
        [
            65.03999999999999,
            58.56
        ],
        [
            72.84,
            70.0
        ],
        [
            64.12,
            64.84
        ],
        [
            59.28,
            59.08
        ],
        [
            66.68,
            68.8
        ],
        [
            59.68,
            61.84
        ],
        [
            77.2,
            76.52
        ],
        [
            62.36,
            65.84
        ],
        [
            64.48,
            65.44
        ],
        [
            60.92,
            58.0
        ],
        [
            60.68000000000001,
            57.16
        ],
        [
            58.04,
            58.12
        ],
        [
            65.04,
            65.6
        ],
        [
            70.92,
            70.12
        ]
    ],
    "preseason_pace": 66.5604234678404,
    "preseason_pred": -10.326683069297474,
    "preseason_predd": 110.98107980650443,
    "preseason_predo": 100.65439673720695,