{
    "CompRank": 276,
    "CompositeDef": 109.67233293483092,
    "CompositeOff": 99.9917463198489,
    "CompositePace": 65.36064669815045,
    "CompositeRating": -9.680586614982012,
    "HA": [
        "A",
        "A",
        "H",
        "H",
        "A",
        "A",
        "A",
        "A",
        "A",
        "H",
        "A",
        "A",
        "A",
        "A",
        "A",
        "A",
        "A",
        "A",
        "A",
        "A",
        "A",
        "A",
        "A",
        "A",
        "H",
        "A"
    ],
    "OAst": 376.0,
    "OAvgCompRat": 0.4162537161249666,
    "OBlk": 95.0,
    "ODR": 549.0,
    "OFGA": 1470.0,
    "OFGA3": 539.0,
    "OFGM": 676.0,
    "OFGM3": 183.0,
    "OFTA": 528.0,
    "OFTM": 362.0,
    "OOR": 258.0,
    "OPF": 429.0,
    "OScore": 1897.0,
    "OStl": 177.0,
    "OTO": 273.0,
    "Oastr": 0.15991017811271968,
    "Ocomprank": 134,
    "Ocorrdastr": 0.15168207823600166,
    "Ocorrdeff": 103.77300075017538,
    "Ocorrdeffrank": 201,
    "Ocorrdefgp": 0.5207342365068468,
    "Ocorrdftr": 0.32460002260084525,
    "Ocorrdorbp": 0.2862385911931739,
    "Ocorrdtovr": 0.1573075304252705,
    "Ocorroastr": 0.14104401417544465,
    "Ocorroeff": 103.82574536156196,
    "Ocorroeffrank": 134,
    "Ocorroefgp": 0.49970644294431976,
    "Ocorroftr": 0.31696057798818383,
    "Ocorroorbp": 0.25711826183691877,
    "Ocorrotovr": 0.15750156852908825,
    "Oeff": 110.4628141522838,
    "Oefgp": 0.5221088435374149,
    "Oftr": 0.35918367346938773,
    "Oneteff": 0.05274461138657216,
    "Oneteffrank": 147,
    "Oorbp": 0.31851851851851853,
    "Oposs": 1717.32,
    "Otovr": 0.13820545531863193,
    "SoR": 0.0,
    "SoRrank": 145,
    "TAst": 283.0,
    "TBlk": 66.0,
    "TDR": 552.0,
    "TFGA": 1428.0,
    "TFGA3": 600.0,
    "TFGM": 595.0,
    "TFGM3": 196.0,
    "TFTA": 462.0,
    "TFTM": 337.0,
    "TOR": 264.0,
    "TPF": 495.0,
    "TScore": 1723.0,
    "TStl": 137.0,
    "TTO": 344.0,
    "Tastr": 0.12531661264325064,
    "Tcorrdastr": 0.1623027141830679,
    "Tcorrdastrrank": 313,
    "Tcorrdeff": 109.66774970605884,
    "Tcorrdeffrank": 301,
    "Tcorrdefgp": 0.528368573024296,
    "Tcorrdefgprank": 272,
    "Tcorrdftr": 0.3605043587245698,
    "Tcorrdftrrank": 288,
    "Tcorrdorbp": 0.33380141694375215,
    "Tcorrdorbprank": 351,
    "Tcorrdtovr": 0.13751843646353556,
    "Tcorrdtovrrank": 300,
    "Tcorroastr": 0.11818717781268885,
    "Tcorroastrrank": 338,
    "Tcorroeff": 100.01846408297584,
    "Tcorroeffrank": 235,
    "Tcorroefgp": 0.47132273867557584,
    "Tcorroefgprank": 303,
    "Tcorroftr": 0.31795263089357917,
    "Tcorroftrrank": 172,
    "Tcorroorbp": 0.3063890491038865,
    "Tcorroorbprank": 78,
    "Tcorrotovr": 0.1734308420453709,
    "Tcorrotovrrank": 300,
    "Teff": 100.68486746762657,
    "Tefgp": 0.4852941176470588,
    "Tftr": 0.3235294117647059,
    "Tneteff": -9.649285623083003,
    "Tneteffrank": 276,
    "Torbp": 0.3247232472324723,
    "Tposs": 1711.28,
    "Ttovr": 0.17415252521161556,
    "closses": 0,
    "confplace": 1,
    "cwins": 2,
    "dates": [
        [
            11,
            7
        ],
        [
            11,
            11
        ],
        [
            11,
            14
        ],
        [
            11,
            16
        ],
        [
            11,
            19
        ],
        [
            11,
            21
        ],
        [
            11,
            23
        ],
        [
            11,
            26
        ],
        [
            12,
            1
        ],
        [
            12,
            4
        ],
        [
            12,
            11
        ],
        [
            12,
            13
        ],
        [
            12,
            16
        ],
        [
            12,
            19
        ],
        [
            12,
            22
        ],
        [
            12,
            28
        ],
        [
            12,
            30
        ],
        [
            1,
            11
        ],
        [
            1,
            14
        ],
        [
            1,
            23
        ],
        [
            1,
            25
        ],
        [
            1,
            30
        ],
        [
            2,
            4
        ],
        [
            2,
            7
        ],
        [
            2,
            19
        ],
        [
            3,
            1
        ]
    ],
    "geff": [
        [
            75.08342602892102,
            113.21257325519446
        ],
        [
            92.36826165960024,
            128.5625774473358
        ],
        [
            107.86802030456853,
            89.78328173374614
        ],
        [
            133.19044703000614,
            112.25728155339806
        ],
        [
            78.33244822092406,
            110.77542799597181
        ],
        [
            107.03363914373088,
            114.3335192414947
        ],
        [
            106.85210312075984,
            126.64473684210527
        ],
        [
            90.9090909090909,
            112.02185792349727
        ],
        [
            106.29004076878275,
            118.71893981225843
        ],
        [
            122.95081967213115,
            90.55819477434679
        ],
        [
            98.29968119022317,
            105.75296108291032
        ],
        [
            99.93849938499386,
            99.6376811594203
        ],
        [
            88.43537414965986,
            109.8326359832636
        ],
        [
            83.06709265175719,
            108.83905013192611
        ],
        [
            94.9585635359116,
            95.33201840894148
        ],
        [
            96.03658536585367,
            113.78413524057218
        ],
        [
            77.83641160949868,
            108.57142857142857
        ],
        [
            93.8617401668653,
            112.16963736939152
        ],
        [
            117.27688787185355,
            123.04574406485234
        ],
        [
            124.41156691324814,
            122.4632610216935
        ],
        [
            107.47354497354496,
            120.48192771084338
        ],
        [
            118.08576755748912,
            113.3615477629988
        ],
        [
            100.71474983755685,
            76.2289981331674
        ],
        [
            87.61682242990653,
            97.2877358490566
        ],
        [
            127.4643099932019,
            88.68808567603749
        ],
        [
            96.89922480620156,
            158.63331299572909
        ]
    ],
    "losses": 19,
    "nOT": [
        0,
        0,
        0,
        0,
        0,
        0,
        0,
        0,
        0,
        0,
        1,
        0,
        0,
        0,
        0,
        0,
        0,
        0,
        0,
        0,
        0,
        0,
        0,
        0,
        0,
        0
    ],
    "pace": 65.34781050286459,