{
    "CompRank": 317,
    "CompositeDef": 115.98387909585611,
    "CompositeOff": 101.12425163792322,
    "CompositePace": 70.40397864289307,
    "CompositeRating": -14.859627457932893,
    "HA": [
        "A",
        "H",
        "A",
        "A",
        "H",
        "A",
        "A",
        "H",
        "A",
        "H",
        "H",
        "A",
        "A",
        "H",
        "A",
        "A"
    ],
    "OAst": 256.0,
    "OAvgCompRat": -0.04193795686593973,
    "OBlk": 60.0,
    "ODR": 407.0,
    "OFGA": 987.0,
    "OFGA3": 412.0,
    "OFGM": 469.0,
    "OFGM3": 156.0,
    "OFTA": 308.0,
    "OFTM": 211.0,
    "OOR": 174.0,
    "OPF": 256.0,
    "OScore": 1305.0,
    "OStl": 120.0,
    "OTO": 167.0,
    "Oastr": 0.16564004348051142,
    "Ocomprank": 158,
    "Ocorrdastr": 0.14584339242372024,
    "Ocorrdeff": 104.55670239078984,
    "Ocorrdeffrank": 147,
    "Ocorrdefgp": 0.5141012340988411,
    "Ocorrdftr": 0.34058343804404967,
    "Ocorrdorbp": 0.2904431379665906,
    "Ocorrdtovr": 0.1571791977039449,
    "Ocorroastr": 0.14130823028400444,
    "Ocorroeff": 105.72123159774672,
    "Ocorroeffrank": 156,
    "Ocorroefgp": 0.5071325341910589,
    "Ocorroftr": 0.3224199147577945,
    "Ocorroorbp": 0.27977987643427676,
    "Ocorrotovr": 0.15047091348289182,
    "Oeff": 116.98580034423408,
    "Oefgp": 0.5542046605876393,
    "Oftr": 0.3120567375886525,
    "Oneteff": 1.1645292069568853,
    "Oneteffrank": 152,
    "Oorbp": 0.32954545454545453,
    "Oposs": 1115.52,
    "Otovr": 0.12950555245362616,
    "SoR": 0.0,
    "SoRrank": 179,
    "TAst": 212.0,
    "TBlk": 31.0,
    "TDR": 354.0,
    "TFGA": 853.0,
    "TFGA3": 418.0,
    "TFGM": 379.0,
    "TFGM3": 140.0,
    "TFTA": 268.0,
    "TFTM": 213.0,
    "TOR": 74.0,
    "TPF": 212.0,
    "TScore": 1111.0,
    "TStl": 86.0,
    "TTO": 207.0,
    "Tastr": 0.15252676413030966,
    "Tcorrdastr": 0.1706338784284383,
    "Tcorrdastrrank": 329,
    "Tcorrdeff": 116.40608705679473,
    "Tcorrdeffrank": 342,
    "Tcorrdefgp": 0.5532987002464989,
    "Tcorrdefgprank": 323,
    "Tcorrdftr": 0.3243688196816922,
    "Tcorrdftrrank": 156,
    "Tcorrdorbp": 0.337397723450319,
    "Tcorrdorbprank": 332,
    "Tcorrdtovr": 0.12999463535303027,
    "Tcorrdtovrrank": 301,
    "Tcorroastr": 0.15226578576876645,
    "Tcorroastrrank": 137,
    "Tcorroeff": 101.28954796709571,
    "Tcorroeffrank": 234,
    "Tcorroefgp": 0.5186987585541394,
    "Tcorroefgprank": 135,
    "Tcorroftr": 0.3101587635941314,
    "Tcorroftrrank": 235,
    "Tcorroorbp": 0.15211092583019645,
    "Tcorroorbprank": 363,
    "Tcorrotovr": 0.16880612605752954,
    "Tcorrotovrrank": 299,
    "Teff": 100.64135082252336,
    "Tefgp": 0.5263774912075029,
    "Tftr": 0.3141852286049238,
    "Tneteff": -15.116539089699017,
    "Tneteffrank": 314,
    "Torbp": 0.15384615384615385,
    "Tposs": 1103.92,
    "Ttovr": 0.17573349633251834,
    "closses": 6,
    "confplace": 11,
    "cwins": 0,
    "dates": [
        [
            11,
            4
        ],
        [
            11,
            8
        ],
        [
            11,
            13
        ],
        [
            11,
            16
        ],
        [
            11,
            19
        ],
        [
            11,
            22
        ],
        [
            11,
            25
        ],
        [
            11,
            30
        ],
        [
            12,
            4
        ],
        [
            12,
            7
        ],
        [
            12,
            11
        ],
        [
            12,
            14
        ],
        [
            12,
            21
        ],
        [
            12,
            29
        ],
        [
            1,
            2
        ],
        [
            1,
            4
        ]
    ],
    "geff": [
        [
            101.27931769722815,
            116.24869383490073
        ],
        [
            101.87667560321717,
            125.7685858021241
        ],
        [
            132.37979306147292,
            105.91990713871155
        ],
        [
            93.39080459770116,
            115.63231850117097
        ],
        [
            117.54587155963304,
            80.37225042301185
        ],
        [
            103.68663594470046,
            120.27491408934708
        ],
        [
            97.12837837837839,
            135.35031847133757
        ],
        [
            93.80329732802728,
            100.5586592178771
        ],
        [
            115.74074074074075,
            125.14898688915375
        ],
        [
            90.71980963712075,
            119.8729058347776
        ],
        [
            99.28867812685239,
            128.2798833819242
        ],
        [
            90.21323127392017,
            113.26419213973799
        ],
        [
            108.08926080892608,
            127.0289343683839
        ],
        [
            99.58382877526753,
            123.5854675402025
        ],
        [
            73.14974182444062,
            108.37727006444054
        ],
        [
            95.78544061302682,
            129.05360688285904
        ]
    ],
    "losses": 14,
    "nOT": [
        0,
        0,
        0,
        0,
        0,
        0,
        0,
        0,
        0,
        0,
        0,
        0,
        0,
        0,
        0,
        0
    ],
    "pace": 71.0164985436409,
    "poss": [
        [
            75.03999999999999,
            76.56
        ],
        [
            74.6,
            71.56
        ],
        [
            65.72,
            68.92
        ],
        [
            69.6,
            68.32
        ],
        [
            69.75999999999999,
            70.92
        ],
        [
            78.12,
            81.48
        ],
        [
            71.03999999999999,
            75.36
        ],
        [
            70.36,
            71.6
        ],
        [
            64.8,
            67.12
        ],
        [
            67.24000000000001,
            69.24
        ],
        [
            67.48,
            68.6
        ],
        [
            73.16,
            73.28
        ],
        [
            57.36,
            56.68000000000001
        ],
        [
            67.28,
            67.16
        ],
        [
            69.72,
            68.28
        ],
        [
            62.64,
            60.44
        ]
    ],
    "preseason_pace": 65.5882729383771,
    "preseason_pred": -12.83975706818378,
    "preseason_predd": 112.66442893023418,
    "preseason_predo": 99.82467186205041,
    "schedule": [
        "oklahoma-state",
        "st-thomas-mn",
        "western-illinois",
        "providence",
        "southern-illinois-edwardsville",
        "evansville",
        "ohio-state",
        "campbell",
        "iupui",
        "cleveland-state",
        "milwaukee",
        "california-santa-barbara",
        "drake",
        "ipfw",
        "wright-state",
        "northern-kentucky"
    ],
    "scores": [
        [
            76,
            89
        ],
        [
            76,
            90
        ],
        [
            87,
            73
        ],
        [
            65,
            79
        ],
        [
            82,
            57
        ],
        [
            81,
            98
        ],
        [
            69,
            102
        ],
        [
            66,
            72
        ],
        [
            75,
            84
        ],
        [
            61,
            83
        ],
        [
            67,
            88
        ],
        [
            66,
            83
        ],
        [
            62,
            72
        ],
        [
            67,
            83
        ],
        [
            51,
            74
        ],
        [
            60,
            78
        ]
    ],
    "wins": 2
}