{
    "CompRank": 356,
    "CompositeDef": 110.97535852450976,
    "CompositeOff": 87.63610189078764,
    "CompositePace": 67.41524575513408,
    "CompositeRating": -23.3392566337221,
    "HA": [
        "A",
        "A",
        "A",
        "N",
        "N",
        "H",
        "H",
        "H",
        "A",
        "H",
        "A",
        "A",
        "A"
    ],
    "OAst": 172.0,
    "OAvgCompRat": 0.573814102844125,
    "OBlk": 48.0,
    "ODR": 321.0,
    "OFGA": 722.0,
    "OFGA3": 262.0,
    "OFGM": 353.0,
    "OFGM3": 95.0,
    "OFTA": 232.0,
    "OFTM": 173.0,
    "OOR": 104.0,
    "OPF": 240.0,
    "OScore": 974.0,
    "OStl": 92.0,
    "OTO": 153.0,
    "Oastr": 0.14968496536359524,
    "Ocomprank": 152,
    "Ocorrdastr": 0.13264377751408069,
    "Ocorrdeff": 100.65384117500405,
    "Ocorrdeffrank": 168,
    "Ocorrdefgp": 0.4908698738165095,
    "Ocorrdftr": 0.2975843354728483,
    "Ocorrdorbp": 0.28279793374114426,
    "Ocorrdtovr": 0.1557278763577252,
    "Ocorroastr": 0.13856349218372682,
    "Ocorroeff": 101.19292091115838,
    "Ocorroeffrank": 175,
    "Ocorroefgp": 0.5097091596091468,
    "Ocorroftr": 0.33606642721328084,
    "Ocorroorbp": 0.2564433679939789,
    "Ocorrotovr": 0.1762595706831641,
    "Oeff": 111.55907820589178,
    "Oefgp": 0.5547091412742382,
    "Oftr": 0.32132963988919666,
    "Oneteff": 0.5390797361543349,
    "Oneteffrank": 166,
    "Oorbp": 0.29461756373937675,
    "Oposs": 873.08,
    "Otovr": 0.15658902034633806,
    "SoR": 0.0,
    "SoRrank": 240,
    "TAst": 128.0,
    "TBlk": 33.0,
    "TDR": 249.0,
    "TFGA": 646.0,
    "TFGA3": 239.0,
    "TFGM": 259.0,
    "TFGM3": 62.0,
    "TFTA": 242.0,
    "TFTM": 169.0,
    "TOR": 74.0,
    "TPF": 211.0,
    "TScore": 749.0,
    "TStl": 65.0,
    "TTO": 187.0,
    "Tastr": 0.11990856971559186,
    "Tcorrdastr": 0.15166418463474024,
    "Tcorrdastrrank": 262,
    "Tcorrdeff": 111.24344306569839,
    "Tcorrdeffrank": 334,
    "Tcorrdefgp": 0.5449222854965482,
    "Tcorrdefgprank": 311,
    "Tcorrdftr": 0.30138822395078946,
    "Tcorrdftrrank": 166,
    "Tcorrdorbp": 0.31055640011645586,
    "Tcorrdorbprank": 298,
    "Tcorrdtovr": 0.1457320284564235,
    "Tcorrdtovrrank": 277,
    "Tcorroastr": 0.12682188063587993,
    "Tcorroastrrank": 271,
    "Tcorroeff": 86.77214453337314,
    "Tcorroeffrank": 355,
    "Tcorroefgp": 0.4580249691124593,
    "Tcorroefgprank": 306,
    "Tcorroftr": 0.3976803434206782,
    "Tcorroftrrank": 37,
    "Tcorroorbp": 0.17972670513204217,
    "Tcorroorbprank": 354,
    "Tcorrotovr": 0.20950241952172113,
    "Tcorrotovrrank": 354,
    "Teff": 86.54157230669686,
    "Tefgp": 0.44891640866873067,
    "Tftr": 0.3746130030959752,
    "Tneteff": -24.47129853232525,
    "Tneteffrank": 353,
    "Torbp": 0.18734177215189873,
    "Tposs": 865.48,
    "Ttovr": 0.19904628092136076,
    "closses": 1,
    "confplace": 4,
    "cwins": 1,
    "dates": [
        [
            11,
            7
        ],
        [
            11,
            12
        ],
        [
            11,
            15
        ],
        [
            11,
            18
        ],
        [
            11,
            20
        ],
        [
            11,
            26
        ],
        [
            12,
            1
        ],
        [
            12,
            5
        ],
        [
            12,
            6
        ],
        [
            12,
            10
        ],
        [
            12,
            13
        ],
        [
            12,
            16
        ],
        [
            12,
            18
        ]
    ],
    "geff": [
        [
            73.32595462091865,
            108.81392818280739
        ],
        [
            92.12198221092757,
            140.2439024390244
        ],
        [
            73.62565445026178,
            91.26466753585397
        ],
        [
            93.44450833812536,
            114.47145279819107
        ],
        [
            79.05138339920948,
            119.26328502415457
        ],
        [
            94.7867298578199,
            115.11216056670604
        ],
        [
            99.52465834818777,
            116.580310880829
        ],
        [
            100.29498525073747,
            89.33801991798477
        ],
        [
            72.19083490269931,
            117.84511784511785
        ],
        [
            110.75949367088607,
            92.11283822682786
        ],
        [
            93.27217125382262,
            124.62006079027356
        ],
        [
            55.52470849528041,
            119.24803591470258
        ],
        [
            90.73233959818535,
            101.3724266999376
        ]
    ],
    "losses": 11,
    "nOT": [
        0,
        0,
        0,
        0,
        0,
        0,
        0,
        0,
        0,
        0,
        0,
        0,
        0
    ],
    "pace": 67.54574745597772,
    "poss": [
        [
            72.28,
            73.52000000000001
        ],
        [
            62.96,
            65.6
        ],
        [
            61.12,
            61.36
        ],
        [
            69.56,
            70.76
        ],
        [
            70.84,
            66.24000000000001
        ],
        [
            67.52,
            67.75999999999999
        ],
        [
            67.32,
            69.48
        ],
        [
            67.8,
            68.28
        ],
        [
            63.72,
            59.4
        ],
        [
            63.2,
            69.48
        ],
        [
            65.4,
            65.8
        ],
        [
            72.03999999999999,
            71.28
        ],
        [
            61.72,
            64.12
        ]
    ],
    "preseason_pace": 66.81017614079732,
    "preseason_pred": -18.090557570239753,
    "preseason_predd": 109.7323876751029,
    "preseason_predo": 91.64183010486315,
    "schedule": [
        "indiana-state",
        "georgetown",
        "wisconsin",
        "queens-nc",
        "utah-valley",
        "illinois-chicago",
        "milwaukee",
        "iupui",
        "loyola-il",
        "missouri-kansas-city",
        "st-thomas-mn",
        "stanford",
        "oregon-state"
    ],
    "scores": [
        [
            53,
            80
        ],
        [
            58,
            92
        ],
        [
            45,
            56
        ],
        [
            65,
            81
        ],
        [
            56,
            79
        ],
        [
            64,
            78
        ],
        [
            67,
            81
        ],
        [
            68,
            61
        ],
        [
            46,
            70
        ],
        [
            70,
            64
        ],
        [
            61,
            82
        ],
        [
            40,
            85
        ],
        [
            56,
            65
        ]
    ],
    "wins": 2
}