{
    "CompRank": 160,
    "CompositeDef": 100.08344121835586,
    "CompositeOff": 100.56873905771734,
    "CompositePace": 67.55021718019239,
    "CompositeRating": 0.4852978393614699,
    "HA": [
        "A",
        "H",
        "A",
        "N",
        "N",
        "A"
    ],
    "OAst": 81.0,
    "OAvgCompRat": 1.0765616648913463,
    "OBlk": 22.0,
    "ODR": 159.0,
    "OFGA": 379.0,
    "OFGA3": 136.0,
    "OFGM": 159.0,
    "OFGM3": 48.0,
    "OFTA": 91.0,
    "OFTM": 62.0,
    "OOR": 57.0,
    "OPF": 110.0,
    "OScore": 428.0,
    "OStl": 28.0,
    "OTO": 63.0,
    "Oastr": 0.1438618925831202,
    "Ocomprank": 135,
    "Ocorrdastr": 0.13030172846191748,
    "Ocorrdeff": 98.49783273711887,
    "Ocorrdeffrank": 121,
    "Ocorrdefgp": 0.5013661282574972,
    "Ocorrdftr": 0.3464408020271608,
    "Ocorrdorbp": 0.2704562994896817,
    "Ocorrdtovr": 0.1733621957220652,
    "Ocorroastr": 0.1432622094474239,
    "Ocorroeff": 101.31379189536365,
    "Ocorroeffrank": 155,
    "Ocorroefgp": 0.5080076780348567,
    "Ocorroftr": 0.3423085854968424,
    "Ocorroorbp": 0.2649101479945232,
    "Ocorrotovr": 0.17444986092718143,
    "Oeff": 100.69640504423113,
    "Oefgp": 0.48284960422163586,
    "Oftr": 0.24010554089709762,
    "Oneteff": 2.8159591582447803,
    "Oneteffrank": 130,
    "Oorbp": 0.26635514018691586,
    "Oposs": 425.04,
    "Otovr": 0.13069454817027631,
    "SoR": 0.24943876796997833,
    "SoRrank": 243,
    "TAst": 70.0,
    "TBlk": 31.0,
    "TDR": 157.0,
    "TFGA": 356.0,
    "TFGA3": 135.0,
    "TFGM": 141.0,
    "TFGM3": 35.0,
    "TFTA": 128.0,
    "TFTM": 99.0,
    "TOR": 54.0,
    "TPF": 106.0,
    "TScore": 416.0,
    "TStl": 41.0,
    "TTO": 69.0,
    "Tastr": 0.12696800406297615,
    "Tcorrdastr": 0.14044167352942433,
    "Tcorrdastrrank": 198,
    "Tcorrdeff": 99.73690788723809,
    "Tcorrdeffrank": 164,
    "Tcorrdefgp": 0.4734245029583051,
    "Tcorrdefgprank": 108,
    "Tcorrdftr": 0.22508085756882706,
    "Tcorrdftrrank": 41,
    "Tcorrdorbp": 0.27211120237803793,
    "Tcorrdorbprank": 199,
    "Tcorrdtovr": 0.12319492064304988,
    "Tcorrdtovrrank": 337,
    "Tcorroastr": 0.13625696362617412,
    "Tcorroastrrank": 199,
    "Tcorroeff": 99.21725349185483,
    "Tcorroeffrank": 205,
    "Tcorroefgp": 0.4425455139555412,
    "Tcorroefgprank": 324,
    "Tcorroftr": 0.333964067159772,
    "Tcorroftrrank": 157,
    "Tcorroorbp": 0.25434892156003125,
    "Tcorroorbprank": 213,
    "Tcorrotovr": 0.13586554283735794,
    "Tcorrotovrrank": 46,
    "Teff": 97.35093138631471,
    "Tefgp": 0.4452247191011236,
    "Tftr": 0.3595505617977528,
    "Tneteff": -0.519654395383256,
    "Tneteffrank": 184,
    "Torbp": 0.2535211267605634,
    "Tposs": 427.32,
    "Ttovr": 0.14335577162802293,
    "closses": 0,
    "confplace": 1,
    "cwins": 0,
    "dates": [
        [
            11,
            7
        ],
        [
            11,
            12
        ],
        [
            11,
            15
        ],
        [
            11,
            18
        ],
        [
            11,
            20
        ],
        [
            11,
            26
        ]
    ],
    "geff": [
        [
            78.59078590785909,
            107.0816676185037
        ],
        [
            114.42006269592477,
            103.9156626506024
        ],
        [
            87.50673128702208,
            89.19202518363065
        ],
        [
            89.55223880597015,
            102.1264689423615
        ],
        [
            119.26328502415457,
            79.05138339920948
        ],
        [
            100.29069767441861,
            124.2147344374643
        ]
    ],
    "losses": 4,
    "nOT": [
        0,
        0,
        1,
        1,
        0,
        0
    ],
    "pace": 67.14492828827848,
    "poss": [
        [
            73.8,
            70.04
        ],
        [
            63.8,
            66.4
        ],
        [
            74.28,
            76.24
        ],
        [
            80.4,
            71.48
        ],
        [
            66.24000000000001,
            70.84
        ],
        [
            68.8,
            70.04
        ]
    ],
    "preseason_pace": 67.95050250553945,
    "preseason_pred": 1.4778432563932977,
    "preseason_predd": 100.42569636020059,
    "preseason_predo": 101.90353961659389,
    "schedule": [
        "utah-state",
        "northern-arizona",
        "wake-forest",
        "morgan-state",
        "green-bay",
        "boise-state"
    ],
    "scores": [
        [
            58,
            75
        ],
        [
            73,
            69
        ],
        [
            65,
            68
        ],
        [
            72,
            73
        ],
        [
            79,
            56
        ],
        [
            69,
            87
        ]
    ],
    "wins": 2
}