{
    "CompRank": 330,
    "CompositeDef": 110.95610649559333,
    "CompositeOff": 92.958422812331,
    "CompositePace": 69.04940759044497,
    "CompositeRating": -17.997683683262345,
    "HA": [
        "A",
        "A",
        "A",
        "N",
        "A",
        "H",
        "H"
    ],
    "OAst": 79.0,
    "OAvgCompRat": -1.6866563985722889,
    "OBlk": 27.0,
    "ODR": 188.0,
    "OFGA": 435.0,
    "OFGA3": 162.0,
    "OFGM": 191.0,
    "OFGM3": 48.0,
    "OFTA": 173.0,
    "OFTM": 110.0,
    "OOR": 62.0,
    "OPF": 90.0,
    "OScore": 540.0,
    "OStl": 74.0,
    "OTO": 55.0,
    "Oastr": 0.1224578373015873,
    "Ocomprank": 209,
    "Ocorrdastr": 0.15068137891773575,
    "Ocorrdeff": 107.90257159816777,
    "Ocorrdeffrank": 236,
    "Ocorrdefgp": 0.5182101087983676,
    "Ocorrdftr": 0.35492313730926933,
    "Ocorrdorbp": 0.3401693860785024,
    "Ocorrdtovr": 0.16402844653630394,
    "Ocorroastr": 0.13956592378615948,
    "Ocorroeff": 106.64795792649461,
    "Ocorroeffrank": 183,
    "Ocorroefgp": 0.5064514287554022,
    "Ocorroftr": 0.3890080439437002,
    "Ocorroorbp": 0.2993073747226699,
    "Ocorrotovr": 0.15543066328396696,
    "Oeff": 107.11735301118782,
    "Oefgp": 0.4942528735632184,
    "Oftr": 0.39770114942528734,
    "Oneteff": -1.2546136716731553,
    "Oneteffrank": 215,
    "Oorbp": 0.2450592885375494,
    "Oposs": 504.12,
    "Otovr": 0.09715254716314563,
    "SoR": 0.0,
    "SoRrank": 247,
    "TAst": 89.0,
    "TBlk": 28.0,
    "TDR": 191.0,
    "TFGA": 420.0,
    "TFGA3": 174.0,
    "TFGM": 169.0,
    "TFGM3": 59.0,
    "TFTA": 79.0,
    "TFTM": 53.0,
    "TOR": 59.0,
    "TPF": 113.0,
    "TScore": 450.0,
    "TStl": 24.0,
    "TTO": 105.0,
    "Tastr": 0.13718478327887046,
    "Tcorrdastr": 0.1277356748971487,
    "Tcorrdastrrank": 72,
    "Tcorrdeff": 107.04340741051304,
    "Tcorrdeffrank": 182,
    "Tcorrdefgp": 0.4973556305644124,
    "Tcorrdefgprank": 145,
    "Tcorrdftr": 0.37509113514391845,
    "Tcorrdftrrank": 211,
    "Tcorrdorbp": 0.2434419101456261,
    "Tcorrdorbprank": 49,
    "Tcorrdtovr": 0.09454875257092729,
    "Tcorrdtovrrank": 362,
    "Tcorroastr": 0.1327349920800485,
    "Tcorroastrrank": 247,
    "Tcorroeff": 88.82138936924925,
    "Tcorroeffrank": 353,
    "Tcorroefgp": 0.4652159153046396,
    "Tcorroefgprank": 288,
    "Tcorroftr": 0.1949782694625063,
    "Tcorroftrrank": 363,
    "Tcorroorbp": 0.20934303101734852,
    "Tcorroorbprank": 351,
    "Tcorrotovr": 0.1727801279652682,
    "Tcorrotovrrank": 287,
    "Teff": 89.86340762041696,
    "Tefgp": 0.4726190476190476,
    "Tftr": 0.1880952380952381,
    "Tneteff": -18.222018041263794,
    "Tneteffrank": 320,
    "Torbp": 0.2388663967611336,
    "Tposs": 500.76,
    "Ttovr": 0.18758039159639847,
    "closses": 0,
    "confplace": 1,
    "cwins": 0,
    "dates": [
        [
            11,
            7
        ],
        [
            11,
            11
        ],
        [
            11,
            14
        ],
        [
            11,
            15
        ],
        [
            11,
            17
        ],
        [
            11,
            21
        ],
        [
            11,
            26
        ]
    ],
    "geff": [
        [
            83.55091383812011,
            91.83673469387755
        ],
        [
            81.1503416856492,
            110.07154650522838
        ],
        [
            91.21274409044193,
            96.61196400211752
        ],
        [
            94.36788496105454,
            114.69311841289523
        ],
        [
            80.41760722347631,
            134.83146067415728
        ],
        [
            104.99432463110101,
            94.90238611713666
        ],
        [
            94.17304296645086,
            110.29411764705883
        ]
    ],
    "losses": 6,
    "nOT": [
        0,
        0,
        1,
        0,
        0,
        0,
        0
    ],
    "pace": 70.58189278148996,
    "poss": [
        [
            76.6,
            78.4
        ],
        [
            70.24000000000001,
            72.68
        ],
        [
            77.84,
            75.56
        ],
        [
            66.75999999999999,
            64.52
        ],
        [
            70.88,
            71.2
        ],
        [
            70.48,
            73.76
        ],
        [
            67.96,
            68.0
        ]
    ],
    "preseason_pace": 66.98927660659851,
    "preseason_pred": -17.696109374837903,
    "preseason_predd": 116.21597632190156,
    "preseason_predo": 98.51986694706366,
    "schedule": [
        "depaul",
        "rhode-island",
        "fairfield",
        "loyola-md",
        "iowa-state",
        "lafayette",
        "massachusetts-lowell"
    ],
    "scores": [
        [
            64,
            72
        ],
        [
            57,
            80
        ],
        [
            71,
            73
        ],
        [
            63,
            74
        ],
        [
            57,
            96
        ],
        [
            74,
            70
        ],
        [
            64,
            75
        ]
    ],
    "wins": 1
}