{
    "CompRank": 158,
    "CompositeDef": 105.17122139122424,
    "CompositeOff": 105.45603663993087,
    "CompositePace": 68.54319836369721,
    "CompositeRating": 0.28481524870665065,
    "HA": [
        "H",
        "H",
        "A",
        "H",
        "H",
        "H",
        "H",
        "N",
        "H",
        "A",
        "N",
        "N",
        "H",
        "A",
        "A",
        "H",
        "A",
        "H"
    ],
    "OAst": 223.0,
    "OAvgCompRat": -2.6319521151736165,
    "OBlk": 58.0,
    "ODR": 400.0,
    "OFGA": 1013.0,
    "OFGA3": 411.0,
    "OFGM": 445.0,
    "OFGM3": 147.0,
    "OFTA": 346.0,
    "OFTM": 246.0,
    "OOR": 140.0,
    "OPF": 276.0,
    "OScore": 1283.0,
    "OStl": 124.0,
    "OTO": 227.0,
    "Oastr": 0.1380599787028553,
    "Ocomprank": 263,
    "Ocorrdastr": 0.14611363450621337,
    "Ocorrdeff": 107.16826040986379,
    "Ocorrdeffrank": 258,
    "Ocorrdefgp": 0.5057193186791944,
    "Ocorrdftr": 0.32757491032671493,
    "Ocorrdorbp": 0.29082599637995576,
    "Ocorrdtovr": 0.14656229685925343,
    "Ocorroastr": 0.14290167289497183,
    "Ocorroeff": 102.39208441885316,
    "Ocorroeffrank": 324,
    "Ocorroefgp": 0.5017625484406817,
    "Ocorroftr": 0.3325211792114174,
    "Ocorroorbp": 0.273133588082674,
    "Ocorrotovr": 0.1536218187900577,
    "Oeff": 102.4563981345429,
    "Oefgp": 0.5118460019743336,
    "Oftr": 0.3415597235932873,
    "Oneteff": -4.776175991010632,
    "Oneteffrank": 303,
    "Oorbp": 0.25547445255474455,
    "Oposs": 1252.24,
    "Otovr": 0.16304660116071942,
    "SoR": 0.14979777412856832,
    "SoRrank": 122,
    "TAst": 281.0,
    "TBlk": 73.0,
    "TDR": 408.0,
    "TFGA": 1032.0,
    "TFGA3": 408.0,
    "TFGM": 476.0,
    "TFGM3": 139.0,
    "TFTA": 365.0,
    "TFTM": 241.0,
    "TOR": 162.0,
    "TPF": 324.0,
    "TScore": 1332.0,
    "TStl": 113.0,
    "TTO": 213.0,
    "Tastr": 0.1666073757856042,
    "Tcorrdastr": 0.14076607913606537,
    "Tcorrdastrrank": 132,
    "Tcorrdeff": 105.66616163604344,
    "Tcorrdeffrank": 174,
    "Tcorrdefgp": 0.5176364083600536,
    "Tcorrdefgprank": 202,
    "Tcorrdftr": 0.34452269658647083,
    "Tcorrdftrrank": 205,
    "Tcorrdorbp": 0.26910406819871235,
    "Tcorrdorbprank": 117,
    "Tcorrdtovr": 0.15980869941682604,
    "Tcorrdtovrrank": 99,
    "Tcorroastr": 0.1661688663251963,
    "Tcorroastrrank": 66,
    "Tcorroeff": 105.55496266347625,
    "Tcorroeffrank": 181,
    "Tcorroefgp": 0.530635131983634,
    "Tcorroefgprank": 106,
    "Tcorroftr": 0.3631901755662788,
    "Tcorroftrrank": 106,
    "Tcorroorbp": 0.28586282726014534,
    "Tcorroorbprank": 190,
    "Tcorrotovr": 0.1556514881816058,
    "Tcorrotovrrank": 225,
    "Teff": 107.10839498230943,
    "Tefgp": 0.5285852713178295,
    "Tftr": 0.3536821705426357,
    "Tneteff": -0.11119897256719469,
    "Tneteffrank": 163,
    "Torbp": 0.28825622775800713,
    "Tposs": 1243.6,
    "Ttovr": 0.15153671030165056,
    "closses": 3,
    "confplace": 7,
    "cwins": 3,
    "dates": [
        [
            11,
            4
        ],
        [
            11,
            7
        ],
        [
            11,
            15
        ],
        [
            11,
            19
        ],
        [
            11,
            23
        ],
        [
            12,
            3
        ],
        [
            12,
            7
        ],
        [
            12,
            15
        ],
        [
            12,
            18
        ],
        [
            12,
            22
        ],
        [
            12,
            23
        ],
        [
            12,
            25
        ],
        [
            1,
            4
        ],
        [
            1,
            8
        ],
        [
            1,
            11
        ],
        [
            1,
            15
        ],
        [
            1,
            18
        ],
        [
            1,
            22
        ]
    ],
    "geff": [
        [
            104.2766631467793,
            91.37055837563452
        ],
        [
            116.18589743589745,
            85.79725448785638
        ],
        [
            102.29820627802691,
            97.53298909925417
        ],
        [
            117.50154607297463,
            106.0695344725987
        ],
        [
            123.61111111111111,
            68.83116883116882
        ],
        [
            119.27181418706843,
            87.20930232558139
        ],
        [
            105.53337136337706,
            104.28736964078796
        ],
        [
            89.09287257019439,
            103.93873085339168
        ],
        [
            112.14953271028037,
            92.82178217821782
        ],
        [
            113.4185303514377,
            111.80124223602483
        ],
        [
            90.9090909090909,
            101.26249342451341
        ],
        [
            105.8530510585305,
            108.36385836385837
        ],
        [
            98.3061101028433,
            133.7579617834395
        ],
        [
            115.97181444509688,
            97.81357882623706
        ],
        [
            79.83193277310924,
            133.1615120274914
        ],
        [
            122.72727272727273,
            111.98371146015124
        ],
        [
            107.77009047365621,
            112.34434217650244
        ],
        [
            108.76320696084525,
            103.77358490566037
        ]
    ],
    "losses": 7,
    "nOT": [
        0,
        0,
        0,
        0,
        0,
        0,
        0,
        0,
        0,
        0,
        0,
        0,
        0,
        0,
        0,
        0,
        1,
        0
    ],
    "pace": 68.53448638397636,
    "poss": [
        [
            75.76,
            78.8
        ],
        [
            74.88,
            75.76
        ],
        [
            71.36,
            69.72
        ],
        [
            64.68,
            67.88
        ],
        [
            72.0,
            77.0
        ],
        [
            63.72,
            61.92
        ],
        [
            70.12,
            69.03999999999999
        ],
        [
            74.08,
            73.12
        ],
        [
            64.2,
            64.64
        ],
        [
            62.6,
            64.4
        ],
        [
            74.8,
            76.04
        ],
        [
            64.24000000000001,
            65.52
        ],
        [
            66.12,
            62.8
        ],
        [
            68.12,
            69.52
        ],
        [
            71.4,
            69.84
        ],
        [
            66.0,
            68.76
        ],
        [
            75.16,
            73.88
        ],
        [
            64.36,
            63.6
        ]
    ],
    "preseason_pace": 68.65079131324981,
    "preseason_pred": 5.175590881438641,
    "preseason_predd": 99.05870936770685,
    "preseason_predo": 104.23430024914549,
    "schedule": [
        "chicago-state",
        "detroit-mercy",
        "princeton",
        "southern-utah",
        "tulsa",
        "eastern-michigan",
        "south-florida",
        "san-francisco",
        "canisius",
        "oakland",
        "college-of-charleston",
        "murray-state",
        "virginia-commonwealth",
        "la-salle",
        "saint-josephs",
        "rhode-island",
        "dayton",
        "fordham"
    ],