{
    "CompRank": 216,
    "CompositeDef": 106.96162757769694,
    "CompositeOff": 103.19911747810588,
    "CompositePace": 69.9608034469883,
    "CompositeRating": -3.7625100995910574,
    "HA": [
        "H",
        "H",
        "H",
        "N",
        "N",
        "H",
        "H",
        "A",
        "H",
        "H",
        "A",
        "H",
        "A",
        "A",
        "H",
        "H",
        "A"
    ],
    "OAst": 290.0,
    "OAvgCompRat": 2.1948772721840255,
    "OBlk": 44.0,
    "ODR": 412.0,
    "OFGA": 1069.0,
    "OFGA3": 460.0,
    "OFGM": 486.0,
    "OFGM3": 169.0,
    "OFTA": 252.0,
    "OFTM": 192.0,
    "OOR": 152.0,
    "OPF": 276.0,
    "OScore": 1333.0,
    "OStl": 146.0,
    "OTO": 185.0,
    "Oastr": 0.17523929227496857,
    "Ocomprank": 98,
    "Ocorrdastr": 0.13828881522181358,
    "Ocorrdeff": 99.8749377103982,
    "Ocorrdeffrank": 123,
    "Ocorrdefgp": 0.49130741568542186,
    "Ocorrdftr": 0.2938538595145729,
    "Ocorrdorbp": 0.263341294378996,
    "Ocorrdtovr": 0.16744381352617546,
    "Ocorroastr": 0.15075149539441882,
    "Ocorroeff": 103.23674583761202,
    "Ocorroeffrank": 72,
    "Ocorroefgp": 0.5213498514498398,
    "Ocorroftr": 0.32294744876887455,
    "Ocorroorbp": 0.2637054552930276,
    "Ocorrotovr": 0.16078579166108659,
    "Oeff": 109.90370028362244,
    "Oefgp": 0.5336763330215154,
    "Oftr": 0.23573433115060805,
    "Oneteff": 3.36180812721382,
    "Oneteffrank": 93,
    "Oorbp": 0.26902654867256637,
    "Oposs": 1212.88,
    "Otovr": 0.1355430514037864,
    "SoR": 0.0,
    "SoRrank": 205,
    "TAst": 207.0,
    "TBlk": 78.0,
    "TDR": 413.0,
    "TFGA": 1037.0,
    "TFGA3": 307.0,
    "TFGM": 455.0,
    "TFGM3": 100.0,
    "TFTA": 317.0,
    "TFTM": 222.0,
    "TOR": 173.0,
    "TPF": 248.0,
    "TScore": 1232.0,
    "TStl": 100.0,
    "TTO": 209.0,
    "Tastr": 0.12998593388927962,
    "Tcorrdastr": 0.16270700124966606,
    "Tcorrdastrrank": 319,
    "Tcorrdeff": 107.57173822995078,
    "Tcorrdeffrank": 294,
    "Tcorrdefgp": 0.5122095085179377,
    "Tcorrdefgprank": 216,
    "Tcorrdftr": 0.22977905419370986,
    "Tcorrdftrrank": 31,
    "Tcorrdorbp": 0.27450628069842736,
    "Tcorrdorbprank": 212,
    "Tcorrdtovr": 0.13704094600703542,
    "Tcorrdtovrrank": 319,
    "Tcorroastr": 0.13146316856392634,
    "Tcorroastrrank": 234,
    "Tcorroeff": 102.81290706749463,
    "Tcorroeffrank": 143,
    "Tcorroefgp": 0.49600527993857696,
    "Tcorroefgprank": 190,
    "Tcorroftr": 0.3285158185731231,
    "Tcorroftrrank": 133,
    "Tcorroorbp": 0.30335094815131824,
    "Tcorroorbprank": 93,
    "Tcorrotovr": 0.14634842364944317,
    "Tcorrotovrrank": 70,
    "Teff": 101.60992346265505,
    "Tefgp": 0.4869816779170685,
    "Tftr": 0.3056894889103182,
    "Tneteff": -4.758831162456147,
    "Tneteffrank": 226,
    "Torbp": 0.29572649572649573,
    "Tposs": 1212.48,
    "Ttovr": 0.15085024684585846,
    "closses": 6,
    "confplace": 11,
    "cwins": 0,
    "dates": [
        [
            11,
            8
        ],
        [
            11,
            12
        ],
        [
            11,
            15
        ],
        [
            11,
            18
        ],
        [
            11,
            20
        ],
        [
            11,
            23
        ],
        [
            11,
            26
        ],
        [
            11,
            30
        ],
        [
            12,
            3
        ],
        [
            12,
            7
        ],
        [
            12,
            10
        ],
        [
            12,
            16
        ],
        [
            12,
            20
        ],
        [
            12,
            29
        ],
        [
            1,
            1
        ],
        [
            1,
            4
        ],
        [
            1,
            7
        ]
    ],
    "geff": [
        [
            115.0092936802974,
            99.37472085752567
        ],
        [
            138.13813813813815,
            92.12198221092757
        ],
        [
            90.77809798270893,
            105.21885521885521
        ],
        [
            90.65934065934066,
            113.75947995666306
        ],
        [
            96.10027855153204,
            84.88499452354873
        ],
        [
            100.63254744105808,
            105.95647193585337
        ],
        [
            113.50574712643679,
            100.11441647597253
        ],
        [
            90.32795997776542,
            108.15991237677984
        ],
        [
            105.40380047505938,
            109.27347903130537
        ],
        [
            115.31365313653136,
            101.61386730424387
        ],
        [
            90.09009009009009,
            121.62954279015241
        ],
        [
            115.46445251686559,
            135.4941551540914
        ],
        [
            98.48893685914732,
            120.68965517241381
        ],
        [
            103.42950462710941,
            115.59888579387187
        ],
        [
            76.94628847314424,
            117.16461628588166
        ],
        [
            85.02386634844868,
            110.74029126213593
        ],
        [
            99.67231021299835,
            125.59492332099418
        ]
    ],
    "losses": 12,
    "nOT": [
        1,
        0,
        0,
        0,
        0,
        0,
        0,
        0,
        1,
        0,
        0,
        0,
        0,
        0,
        0,
        0,
        0
    ],
    "pace": 69.92426508559927,
    "poss": [
        [
            86.08,
            89.56
        ],
        [
            66.6,
            62.96
        ],
        [
            69.4,
            71.28
        ],
        [
            72.8,
            73.84
        ],
        [
            71.8,
            73.04
        ],
        [
            69.56,
            69.84
        ],
        [
            69.6,
            69.92
        ],
        [
            71.96000000000001,
            73.04
        ],
        [
            67.36,
            67.72
        ],
        [
            65.04,
            66.92
        ],
        [
            71.04,
            68.24
        ],
        [
            77.08,
            75.28
        ],
        [
            74.12,
            69.6
        ],
        [
            73.48,
            71.8
        ],
        [
            66.28,
            68.28
        ],
        [
            67.04,
            65.92
        ],
        [
            73.24000000000001,
            75.64
        ]
    ],
    "preseason_pace": 70.32064540940112,
    "preseason_pred": 6.0495918345253035,
    "preseason_predd": 100.95305450408367,
    "preseason_predo": 107.00264633860897,
    "schedule": [
        "coppin-state",
        "green-bay",
        "northwestern",
        "loyola-marymount",
        "la-salle",
        "american",
        "maryland-baltimore-county",
        "texas-tech",
        "south-carolina",
        "siena",
        "syracuse",
        "xavier",
        "connecticut",
        "depaul",
        "butler",
        "villanova",
        "marquette"
    ],