{
    "CompRank": 182,
    "CompositeDef": 107.5958060142103,
    "CompositeOff": 105.75955423919856,
    "CompositePace": 68.78486813169197,
    "CompositeRating": -1.8362517750117329,
    "HA": [
        "H",
        "H",
        "A",
        "H",
        "H",
        "H",
        "H",
        "H",
        "H",
        "H",
        "A",
        "A"
    ],
    "OAst": 142.0,
    "OAvgCompRat": -4.656676915767899,
    "OBlk": 37.0,
    "ODR": 258.0,
    "OFGA": 733.0,
    "OFGA3": 244.0,
    "OFGM": 322.0,
    "OFGM3": 71.0,
    "OFTA": 211.0,
    "OFTM": 144.0,
    "OOR": 124.0,
    "OPF": 213.0,
    "OScore": 859.0,
    "OStl": 100.0,
    "OTO": 136.0,
    "Oastr": 0.12864183214958688,
    "Ocomprank": 323,
    "Ocorrdastr": 0.15049134978850373,
    "Ocorrdeff": 104.86089480276074,
    "Ocorrdeffrank": 265,
    "Ocorrdefgp": 0.5123500292117215,
    "Ocorrdftr": 0.304171407579824,
    "Ocorrdorbp": 0.2975807386817952,
    "Ocorrdtovr": 0.1643777549466448,
    "Ocorroastr": 0.1390936540735185,
    "Ocorroeff": 97.1957369856889,
    "Ocorroeffrank": 355,
    "Ocorroefgp": 0.4818146914819527,
    "Ocorroftr": 0.3122362218991582,
    "Ocorroorbp": 0.2640135594762493,
    "Ocorrotovr": 0.16072901028760697,
    "Oeff": 102.52554186956937,
    "Oefgp": 0.4877216916780355,
    "Oftr": 0.2878581173260573,
    "Oneteff": -7.665157817071844,
    "Oneteffrank": 346,
    "Oorbp": 0.3046683046683047,
    "Oposs": 837.84,
    "Otovr": 0.14139565832155035,
    "SoR": 0.44818488149606095,
    "SoRrank": 189,
    "TAst": 168.0,
    "TBlk": 48.0,
    "TDR": 283.0,
    "TFGA": 692.0,
    "TFGA3": 289.0,
    "TFGM": 304.0,
    "TFGM3": 106.0,
    "TFTA": 274.0,
    "TFTM": 193.0,
    "TOR": 130.0,
    "TPF": 187.0,
    "TScore": 907.0,
    "TStl": 76.0,
    "TTO": 157.0,
    "Tastr": 0.14768451773972363,
    "Tcorrdastr": 0.13034780299845686,
    "Tcorrdastrrank": 98,
    "Tcorrdeff": 108.90918999992363,
    "Tcorrdeffrank": 285,
    "Tcorrdefgp": 0.5065041603413373,
    "Tcorrdefgprank": 191,
    "Tcorrdftr": 0.30781334943115524,
    "Tcorrdftrrank": 143,
    "Tcorrdorbp": 0.3195261928526682,
    "Tcorrdorbprank": 299,
    "Tcorrdtovr": 0.13275191521591925,
    "Tcorrdtovrrank": 281,
    "Tcorroastr": 0.13846482913779928,
    "Tcorroastrrank": 183,
    "Tcorroeff": 106.39541938678816,
    "Tcorroeffrank": 127,
    "Tcorroefgp": 0.504158732634033,
    "Tcorroefgprank": 166,
    "Tcorroftr": 0.4365205948664708,
    "Tcorroftrrank": 21,
    "Tcorroorbp": 0.31278837328873443,
    "Tcorroorbprank": 82,
    "Tcorrotovr": 0.14863610601683552,
    "Tcorrotovrrank": 174,
    "Teff": 108.03277907475345,
    "Tefgp": 0.5158959537572254,
    "Tftr": 0.3959537572254335,
    "Tneteff": -2.5137706131354633,
    "Tneteffrank": 195,
    "Torbp": 0.33505154639175255,
    "Tposs": 839.56,
    "Ttovr": 0.1619291224885515,
    "closses": 1,
    "confplace": 3,
    "cwins": 0,
    "dates": [
        [
            11,
            7
        ],
        [
            11,
            11
        ],
        [
            11,
            15
        ],
        [
            11,
            18
        ],
        [
            11,
            19
        ],
        [
            11,
            25
        ],
        [
            11,
            29
        ],
        [
            12,
            2
        ],
        [
            12,
            9
        ],
        [
            12,
            12
        ],
        [
            12,
            16
        ],
        [
            12,
            19
        ]
    ],
    "geff": [
        [
            124.73460721868365,
            76.98541329011344
        ],
        [
            112.87061994609165,
            115.17615176151762
        ],
        [
            86.65511265164643,
            106.67067307692308
        ],
        [
            105.49059481443823,
            93.45794392523364
        ],
        [
            121.47984538928769,
            116.50758001122965
        ],
        [
            133.33333333333334,
            115.31890660592256
        ],
        [
            96.53049804141018,
            96.76487579433854
        ],
        [
            119.18437679494544,
            117.51538891997761
        ],
        [
            98.83720930232559,
            115.74074074074073
        ],
        [
            97.20700985761226,
            73.77049180327869
        ],
        [
            102.6811180832858,
            96.15384615384616
        ],
        [
            97.85932721712537,
            112.25728155339806
        ]
    ],
    "losses": 5,
    "nOT": [
        0,
        0,
        0,
        0,
        1,
        0,
        0,
        0,
        0,
        0,
        1,
        0
    ],
    "pace": 68.64941621795985,
    "poss": [
        [
            75.36,
            74.04
        ],
        [
            59.36,
            59.04
        ],
        [
            69.24000000000001,
            66.56
        ],
        [
            78.68,
            77.04
        ],
        [
            72.44,
            71.24
        ],
        [
            66.0,
            70.24
        ],
        [
            71.48,
            69.24
        ],
        [
            69.64,
            71.48
        ],
        [
            68.8,
            69.12
        ],
        [
            73.04,
            73.2
        ],
        [
            70.12,
            70.72
        ],
        [
            65.4,
            65.92
        ]
    ],
    "preseason_pace": 69.31998680322624,
    "preseason_pred": 0.840365857082018,
    "preseason_predd": 102.4071285397872,
    "preseason_predo": 103.24749439686921,
    "schedule": [
        "le-moyne",
        "holy-cross",
        "rutgers",
        "mount-st-marys",
        "american",
        "jackson-state",
        "merrimack",
        "texas-christian",
        "syracuse",
        "coppin-state",
        "notre-dame",
        "butler"
    ],
    "scores": [
        [
            94,
            57
        ],
        [
            67,
            68
        ],
        [
            60,
            71
        ],
        [
            83,
            72
        ],
        [
            88,
            83
        ],
        [
            88,
            81
        ],
        [
            69,
            67
        ],
        [
            83,
            84
        ],
        [
            68,
            80
        ],
        [
            71,
            54
        ],
        [
            72,
            68
        ],
        [
            64,
            74
        ]
    ],
    "wins": 7
}