{
    "CompRank": 261,
    "CompositeDef": 110.21824740318509,
    "CompositeOff": 100.09690974291317,
    "CompositePace": 67.10531894273804,
    "CompositeRating": -10.121337660271914,
    "HA": [
        "H",
        "A",
        "H",
        "N",
        "N",
        "A",
        "A",
        "H",
        "H",
        "H",
        "A",
        "A"
    ],
    "OAst": 146.0,
    "OAvgCompRat": -3.4622590278074252,
    "OBlk": 48.0,
    "ODR": 309.0,
    "OFGA": 670.0,
    "OFGA3": 256.0,
    "OFGM": 291.0,
    "OFGM3": 80.0,
    "OFTA": 250.0,
    "OFTM": 177.0,
    "OOR": 125.0,
    "OPF": 168.0,
    "OScore": 839.0,
    "OStl": 74.0,
    "OTO": 139.0,
    "Oastr": 0.13708920187793427,
    "Ocomprank": 291,
    "Ocorrdastr": 0.14970168592197225,
    "Ocorrdeff": 109.29062987845076,
    "Ocorrdeffrank": 273,
    "Ocorrdefgp": 0.5122828296198053,
    "Ocorrdftr": 0.39348385489055165,
    "Ocorrdorbp": 0.3228659739545629,
    "Ocorrdtovr": 0.14268134718474842,
    "Ocorroastr": 0.14946803614327517,
    "Ocorroeff": 104.18489827412918,
    "Ocorroeffrank": 317,
    "Ocorroefgp": 0.5051925346597143,
    "Ocorroftr": 0.319982060590872,
    "Ocorroorbp": 0.29497897175124477,
    "Ocorrotovr": 0.16658772191022106,
    "Oeff": 105.66750629722922,
    "Oefgp": 0.49402985074626865,
    "Oftr": 0.373134328358209,
    "Oneteff": -5.105731604321576,
    "Oneteffrank": 310,
    "Oorbp": 0.3125,
    "Oposs": 794.0,
    "Otovr": 0.1512513601741023,
    "SoR": 0.0,
    "SoRrank": 182,
    "TAst": 144.0,
    "TBlk": 38.0,
    "TDR": 275.0,
    "TFGA": 684.0,
    "TFGA3": 285.0,
    "TFGM": 286.0,
    "TFGM3": 98.0,
    "TFTA": 212.0,
    "TFTM": 145.0,
    "TOR": 111.0,
    "TPF": 163.0,
    "TScore": 815.0,
    "TStl": 73.0,
    "TTO": 139.0,
    "Tastr": 0.13581318142377485,
    "Tcorrdastr": 0.13503929872579432,
    "Tcorrdastrrank": 103,
    "Tcorrdeff": 109.17596688209085,
    "Tcorrdeffrank": 197,
    "Tcorrdefgp": 0.5003134762013806,
    "Tcorrdefgprank": 142,
    "Tcorrdftr": 0.41752637384824454,
    "Tcorrdftrrank": 303,
    "Tcorrdorbp": 0.3202909538538722,
    "Tcorrdorbprank": 252,
    "Tcorrdtovr": 0.1370639719718538,
    "Tcorrdtovrrank": 263,
    "Tcorroastr": 0.13372827311514757,
    "Tcorroastrrank": 256,
    "Tcorroeff": 99.75123933387611,
    "Tcorroeffrank": 288,
    "Tcorroefgp": 0.4896811100990848,
    "Tcorroefgprank": 243,
    "Tcorroftr": 0.2829917572943934,
    "Tcorroftrrank": 319,
    "Tcorroorbp": 0.24815770838071377,
    "Tcorroorbprank": 310,
    "Tcorrotovr": 0.16031555665832228,
    "Tcorrotovrrank": 251,
    "Teff": 101.20703357838268,
    "Tefgp": 0.489766081871345,
    "Tftr": 0.30994152046783624,
    "Tneteff": -9.424727548214733,
    "Tneteffrank": 257,
    "Torbp": 0.2642857142857143,
    "Tposs": 805.28,
    "Ttovr": 0.15170035360370193,
    "closses": 1,
    "confplace": 7,
    "cwins": 0,
    "dates": [
        [
            11,
            8
        ],
        [
            11,
            15
        ],
        [
            11,
            20
        ],
        [
            11,
            24
        ],
        [
            11,
            25
        ],
        [
            11,
            28
        ],
        [
            12,
            6
        ],
        [
            12,
            9
        ],
        [
            12,
            13
        ],
        [
            12,
            17
        ],
        [
            12,
            21
        ],
        [
            12,
            29
        ]
    ],
    "geff": [
        [
            99.8312710911136,
            86.95652173913044
        ],
        [
            124.44864524259609,
            135.3904282115869
        ],
        [
            119.76047904191617,
            106.318347509113
        ],
        [
            86.93045563549161,
            133.20941759603468
        ],
        [
            96.76395939086294,
            87.890625
        ],
        [
            106.47870425914816,
            98.83720930232559
        ],
        [
            108.44418739155581,
            124.55516014234875
        ],
        [
            97.1731448763251,
            94.36401240951396
        ],
        [
            124.60063897763578,
            85.13931888544893
        ],
        [
            82.43405275779376,
            112.84170375079465
        ],
        [
            77.36650485436893,
            107.42786985880909
        ],
        [
            92.47648902821317,
            97.85353535353535
        ]
    ],
    "losses": 6,
    "nOT": [
        0,
        0,
        0,
        0,
        0,
        0,
        0,
        1,
        0,
        0,
        0,
        0
    ],
    "pace": 67.20132262873267,
    "poss": [
        [
            71.12,
            69.0
        ],
        [
            63.480000000000004,
            63.519999999999996
        ],
        [
            66.8,
            65.84
        ],
        [
            66.72,
            64.56
        ],
        [
            63.040000000000006,
            61.44
        ],
        [
            66.68,
            68.8
        ],
        [
            69.16,
            67.44
        ],
        [
            79.24,
            77.36
        ],
        [
            62.6,
            64.6
        ],
        [
            66.72,
            62.92
        ],
        [
            65.92,
            65.16
        ],
        [
            63.8,
            63.36
        ]
    ],
    "preseason_pace": 66.72604512152463,
    "preseason_pred": -12.873377609139789,
    "preseason_predd": 114.33589884454501,
    "preseason_predo": 101.46252123540523,
    "schedule": [
        "maine",
        "yale",
        "brown",
        "pacific",
        "bethune-cookman",
        "loyola-marymount",
        "duquesne",
        "columbia",
        "central-michigan",
        "albany-ny",
        "marist",
        "hampton"
    ],
    "scores": [
        [
            71,
            60
        ],
        [
            79,
            86
        ],
        [
            80,
            70
        ],
        [
            58,
            86
        ],
        [
            61,
            54
        ],
        [
            71,
            68
        ],
        [
            75,
            84
        ],
        [
            77,
            73
        ],
        [
            78,
            55
        ],
        [
            55,
            71
        ],
        [
            51,
            70
        ],
        [
            59,
            62
        ]
    ],
    "wins": 6
}