{
    "CompRank": 141,
    "CompositeDef": 103.686292198558,
    "CompositeOff": 104.40223900947419,
    "CompositePace": 69.14643656410033,
    "CompositeRating": 0.715946810916193,
    "HA": [
        "A",
        "H",
        "H",
        "N",
        "N",
        "N",
        "A"
    ],
    "OAst": 96.0,
    "OAvgCompRat": 0.8703860030516888,
    "OBlk": 27.0,
    "ODR": 159.0,
    "OFGA": 410.0,
    "OFGA3": 160.0,
    "OFGM": 181.0,
    "OFGM3": 46.0,
    "OFTA": 156.0,
    "OFTM": 117.0,
    "OOR": 62.0,
    "OPF": 115.0,
    "OScore": 525.0,
    "OStl": 45.0,
    "OTO": 84.0,
    "Oastr": 0.14575488886189725,
    "Ocomprank": 123,
    "Ocorrdastr": 0.13412349313795452,
    "Ocorrdeff": 107.44186582242173,
    "Ocorrdeffrank": 298,
    "Ocorrdefgp": 0.5238135269688906,
    "Ocorrdftr": 0.3913750564037767,
    "Ocorrdorbp": 0.26356036489222373,
    "Ocorrdtovr": 0.14465537797549932,
    "Ocorroastr": 0.1495079222311654,
    "Ocorroeff": 107.23954119112207,
    "Ocorroeffrank": 86,
    "Ocorroefgp": 0.5289482153863985,
    "Ocorroftr": 0.3571532944871888,
    "Ocorroorbp": 0.260934216032012,
    "Ocorrotovr": 0.15558128694205872,
    "Oeff": 104.86577181208054,
    "Oefgp": 0.4975609756097561,
    "Oftr": 0.3804878048780488,
    "Oneteff": -0.2023246312996605,
    "Oneteffrank": 198,
    "Oorbp": 0.26495726495726496,
    "Oposs": 500.64,
    "Otovr": 0.14929617517417887,
    "SoR": 13.795628692036432,
    "SoRrank": 91,
    "TAst": 84.0,
    "TBlk": 26.0,
    "TDR": 172.0,
    "TFGA": 432.0,
    "TFGA3": 145.0,
    "TFGM": 198.0,
    "TFGM3": 43.0,
    "TFTA": 149.0,
    "TFTM": 110.0,
    "TOR": 72.0,
    "TPF": 125.0,
    "TScore": 549.0,
    "TStl": 50.0,
    "TTO": 78.0,
    "Tastr": 0.12735763236096792,
    "Tcorrdastr": 0.14035106317582144,
    "Tcorrdastrrank": 146,
    "Tcorrdeff": 102.08294240733044,
    "Tcorrdeffrank": 134,
    "Tcorrdefgp": 0.47426038891642464,
    "Tcorrdefgprank": 98,
    "Tcorrdftr": 0.36380697390107597,
    "Tcorrdftrrank": 240,
    "Tcorrdorbp": 0.28610703356885353,
    "Tcorrdorbprank": 201,
    "Tcorrdtovr": 0.14376940327993404,
    "Tcorrdtovrrank": 201,
    "Tcorroastr": 0.1367321102986234,
    "Tcorroastrrank": 211,
    "Tcorroeff": 105.98504547856199,
    "Tcorroeffrank": 147,
    "Tcorroefgp": 0.48935078578830105,
    "Tcorroefgprank": 214,
    "Tcorroftr": 0.3019476868995922,
    "Tcorroftrrank": 252,
    "Tcorroorbp": 0.33383577377080353,
    "Tcorroorbprank": 65,
    "Tcorrotovr": 0.14027794875475752,
    "Tcorrotovrrank": 129,
    "Teff": 109.0237508936373,
    "Tefgp": 0.5081018518518519,
    "Tftr": 0.3449074074074074,
    "Tneteff": 3.9021030712315508,
    "Tneteffrank": 130,
    "Torbp": 0.3116883116883117,
    "Tposs": 503.56,
    "Ttovr": 0.13552018903328933,
    "closses": 0,
    "confplace": 1,
    "cwins": 0,
    "dates": [
        [
            11,
            9
        ],
        [
            11,
            13
        ],
        [
            11,
            16
        ],
        [
            11,
            21
        ],
        [
            11,
            22
        ],
        [
            11,
            24
        ],
        [
            12,
            1
        ]
    ],
    "geff": [
        [
            109.4789356984479,
            80.0
        ],
        [
            109.40919037199124,
            82.89473684210526
        ],
        [
            95.22455940875497,
            135.30135301353016
        ],
        [
            101.12085769980507,
            95.56394525719679
        ],
        [
            133.35204941044358,
            122.42626599888705
        ],
        [
            104.48213204118714,
            122.54901960784314
        ],
        [
            110.85180863477245,
            101.95035460992906
        ]
    ],
    "losses": 2,
    "nOT": [
        0,
        0,
        0,
        1,
        0,
        0,
        0
    ],
    "pace": 70.61344828559449,
    "poss": [
        [
            72.16,
            70.0
        ],
        [
            73.12,
            76.0
        ],
        [
            70.36,
            65.03999999999999
        ],
        [
            82.08,
            84.76
        ],
        [
            71.24,
            71.88
        ],
        [
            66.04,
            65.28
        ],
        [
            68.56,
            67.68
        ]
    ],
    "preseason_pace": 67.17432204137843,
    "preseason_pred": -3.5672262139247524,
    "preseason_predd": 105.84168697963209,
    "preseason_predo": 102.27446076570733,
    "schedule": [
        "abilene-christian",
        "evansville",
        "murray-state",
        "ohio",
        "south-florida",
        "bradley",
        "alabama-birmingham"
    ],
    "scores": [
        [
            79,
            56
        ],
        [
            80,
            63
        ],
        [
            67,
            88
        ],
        [
            83,
            81
        ],
        [
            95,
            88
        ],
        [
            69,
            80
        ],
        [
            76,
            69
        ]
    ],
    "wins": 5
}