{
    "CompRank": 117,
    "CompositeDef": 105.4314675056425,
    "CompositeOff": 109.13541648220783,
    "CompositePace": 68.56016328470825,
    "CompositeRating": 3.7039489765653264,
    "HA": [
        "A",
        "A",
        "N",
        "N",
        "N"
    ],
    "OAst": 65.0,
    "OAvgCompRat": 9.72502469718215,
    "OBlk": 16.0,
    "ODR": 126.0,
    "OFGA": 295.0,
    "OFGA3": 102.0,
    "OFGM": 140.0,
    "OFGM3": 31.0,
    "OFTA": 128.0,
    "OFTM": 98.0,
    "OOR": 46.0,
    "OPF": 83.0,
    "OScore": 409.0,
    "OStl": 31.0,
    "OTO": 47.0,
    "Oastr": 0.14029180695847362,
    "Ocomprank": 13,
    "Ocorrdastr": 0.1254861197642491,
    "Ocorrdeff": 98.17971396087663,
    "Ocorrdeffrank": 11,
    "Ocorrdefgp": 0.46547910519169305,
    "Ocorrdftr": 0.36190910147449207,
    "Ocorrdorbp": 0.31519553069214323,
    "Ocorrdtovr": 0.16940886994156037,
    "Ocorroastr": 0.15801940944062937,
    "Ocorroeff": 118.63291633910194,
    "Ocorroeffrank": 4,
    "Ocorroefgp": 0.5576482313886665,
    "Ocorroftr": 0.4258133331605203,
    "Ocorroorbp": 0.3381595492695702,
    "Ocorrotovr": 0.14233716267096583,
    "Oeff": 116.08764759309719,
    "Oefgp": 0.5271186440677966,
    "Oftr": 0.43389830508474575,
    "Oneteff": 20.453202378225313,
    "Oneteffrank": 4,
    "Oorbp": 0.2857142857142857,
    "Oposs": 352.32,
    "Otovr": 0.11799558144205664,
    "SoR": 10.33960919010929,
    "SoRrank": 112,
    "TAst": 64.0,
    "TBlk": 16.0,
    "TDR": 115.0,
    "TFGA": 309.0,
    "TFGA3": 120.0,
    "TFGM": 137.0,
    "TFGM3": 40.0,
    "TFTA": 84.0,
    "TFTM": 55.0,
    "TOR": 55.0,
    "TPF": 82.0,
    "TScore": 369.0,
    "TStl": 24.0,
    "TTO": 60.0,
    "Tastr": 0.13618180270661334,
    "Tcorrdastr": 0.12891894635616358,
    "Tcorrdastrrank": 83,
    "Tcorrdeff": 104.3256417150269,
    "Tcorrdeffrank": 148,
    "Tcorrdefgp": 0.4816401840177029,
    "Tcorrdefgprank": 107,
    "Tcorrdftr": 0.3770409960702874,
    "Tcorrdftrrank": 207,
    "Tcorrdorbp": 0.2518668032511965,
    "Tcorrdorbprank": 64,
    "Tcorrdtovr": 0.12558809106642826,
    "Tcorrdtovrrank": 304,
    "Tcorroastr": 0.15783169683600448,
    "Tcorroastrrank": 108,
    "Tcorroeff": 114.25188314051213,
    "Tcorroeffrank": 86,
    "Tcorroefgp": 0.556732107214207,
    "Tcorroefgprank": 67,
    "Tcorroftr": 0.2785958955816411,
    "Tcorroftrrank": 323,
    "Tcorroorbp": 0.28814057847403557,
    "Tcorroorbprank": 194,
    "Tcorrotovr": 0.1320417701981118,
    "Tcorrotovrrank": 94,
    "Teff": 105.14018691588785,
    "Tefgp": 0.5080906148867314,
    "Tftr": 0.27184466019417475,
    "Tneteff": 9.92624142548523,
    "Tneteffrank": 102,
    "Torbp": 0.30386740331491713,
    "Tposs": 350.96,
    "Ttovr": 0.14779781259237365,
    "closses": 0,
    "confplace": 1,
    "cwins": 0,
    "dates": [
        [
            11,
            12
        ],
        [
            11,
            19
        ],
        [
            11,
            23
        ],
        [
            11,
            24
        ],
        [
            11,
            25
        ]
    ],
    "geff": [
        [
            109.25085130533483,
            100.61486864169927
        ],
        [
            79.96853696906135,
            108.257804632427
        ],
        [
            118.54583772391992,
            116.37239165329052
        ],
        [
            108.04157549234135,
            132.25991949396203
        ],
        [
            112.4002900652647,
            126.3157894736842
        ]
    ],
    "losses": 3,
    "nOT": [
        0,
        0,
        0,
        0,
        0
    ],
    "pace": 68.41988643692086,
    "poss": [
        [
            70.48,
            71.56
        ],
        [
            76.28,
            79.44
        ],
        [
            75.92,
            74.76
        ],
        [
            73.12,
            69.56
        ],
        [
            55.16,
            57.0
        ]
    ],
    "preseason_pace": 68.65637511446641,
    "preseason_pred": -0.5637413176184198,
    "preseason_predd": 106.18992140867104,
    "preseason_predo": 105.62618009105262,
    "schedule": [
        "evansville",
        "michigan",
        "murray-state",
        "george-washington",
        "mcneese-state"
    ],
    "scores": [
        [
            77,
            72
        ],
        [
            61,
            86
        ],
        [
            90,
            87
        ],
        [
            79,
            92
        ],
        [
            62,
            72
        ]
    ],
    "wins": 2
}