{
    "CompRank": 108,
    "CompositeDef": 98.88663493307304,
    "CompositeOff": 105.34628787717982,
    "CompositePace": 67.79759038276644,
    "CompositeRating": 6.459652944106779,
    "HA": [
        "A",
        "H",
        "A",
        "N",
        "N",
        "N",
        "A",
        "A",
        "H",
        "H",
        "A",
        "H",
        "A",
        "H",
        "A",
        "H",
        "H",
        "A",
        "A",
        "A",
        "H",
        "H",
        "A",
        "A",
        "H",
        "H",
        "H"
    ],
    "OAst": 299.0,
    "OAvgCompRat": 2.442216595416994,
    "OBlk": 83.0,
    "ODR": 579.0,
    "OFGA": 1461.0,
    "OFGA3": 501.0,
    "OFGM": 657.0,
    "OFGM3": 180.0,
    "OFTA": 493.0,
    "OFTM": 370.0,
    "OOR": 208.0,
    "OPF": 423.0,
    "OScore": 1864.0,
    "OStl": 177.0,
    "OTO": 376.0,
    "Oastr": 0.12707614368529316,
    "Ocomprank": 105,
    "Ocorrdastr": 0.13933632133037963,
    "Ocorrdeff": 102.27945616846434,
    "Ocorrdeffrank": 128,
    "Ocorrdefgp": 0.5051958697338249,
    "Ocorrdftr": 0.3116168802714427,
    "Ocorrdorbp": 0.2706746154367107,
    "Ocorrdtovr": 0.16274215328989244,
    "Ocorroastr": 0.14553568131990682,
    "Ocorroeff": 105.1984770633754,
    "Ocorroeffrank": 93,
    "Ocorroefgp": 0.5158420509573243,
    "Ocorroftr": 0.31352022924774753,
    "Ocorroorbp": 0.270205221876036,
    "Ocorrotovr": 0.15369286738274415,
    "Oeff": 100.97945739793707,
    "Oefgp": 0.5112936344969199,
    "Oftr": 0.33744010951403147,
    "Oneteff": 2.919020894911071,
    "Oneteffrank": 110,
    "Oorbp": 0.2656449553001277,
    "Oposs": 1845.92,
    "Otovr": 0.1830645789514684,
    "SoR": 0.9419466398676191,
    "SoRrank": 116,
    "TAst": 302.0,
    "TBlk": 140.0,
    "TDR": 575.0,
    "TFGA": 1543.0,
    "TFGA3": 548.0,
    "TFGM": 705.0,
    "TFGM3": 189.0,
    "TFTA": 468.0,
    "TFTM": 320.0,
    "TOR": 257.0,
    "TPF": 485.0,
    "TScore": 1919.0,
    "TStl": 209.0,
    "TTO": 343.0,
    "Tastr": 0.12615292073252238,
    "Tcorrdastr": 0.12495367410348195,
    "Tcorrdastrrank": 57,
    "Tcorrdeff": 98.88663493307304,
    "Tcorrdeffrank": 99,
    "Tcorrdefgp": 0.5011343775516162,
    "Tcorrdefgprank": 155,
    "Tcorrdftr": 0.3424136839607027,
    "Tcorrdftrrank": 250,
    "Tcorrdorbp": 0.2652100025617807,
    "Tcorrdorbprank": 171,
    "Tcorrdtovr": 0.18717079548662993,
    "Tcorrdtovrrank": 35,
    "Tcorroastr": 0.1294745192834962,
    "Tcorroastrrank": 271,
    "Tcorroeff": 105.34628787717982,
    "Tcorroeffrank": 135,
    "Tcorroefgp": 0.5186229720153333,
    "Tcorroefgprank": 133,
    "Tcorroftr": 0.3105209738139538,
    "Tcorroftrrank": 193,
    "Tcorroorbp": 0.30706834714299136,
    "Tcorroorbprank": 77,
    "Tcorrotovr": 0.15826285373924984,
    "Tcorrotovrrank": 203,
    "Teff": 104.58221611841388,
    "Tefgp": 0.518146467919637,
    "Tftr": 0.3033052495139339,
    "Tneteff": 6.459652944106779,
    "Tneteffrank": 108,
    "Torbp": 0.30741626794258375,
    "Tposs": 1834.92,
    "Ttovr": 0.16396420513212742,
    "closses": 7,
    "confplace": 4,
    "cwins": 11,
    "dates": [
        [
            11,
            12
        ],
        [
            11,
            15
        ],
        [
            11,
            19
        ],
        [
            11,
            25
        ],
        [
            11,
            26
        ],
        [
            11,
            27
        ],
        [
            11,
            30
        ],
        [
            12,
            10
        ],
        [
            12,
            15
        ],
        [
            12,
            21
        ],
        [
            12,
            29
        ],
        [
            12,
            31
        ],
        [
            1,
            5
        ],
        [
            1,
            7
        ],
        [
            1,
            11
        ],
        [
            1,
            16
        ],
        [
            1,
            19
        ],
        [
            1,
            21
        ],
        [
            1,
            26
        ],
        [
            1,
            28
        ],
        [
            2,
            2
        ],
        [
            2,
            4
        ],
        [
            2,
            9
        ],
        [
            2,
            11
        ],
        [
            2,
            16
        ],
        [
            2,
            18
        ],
        [
            2,
            25
        ]
    ],
    "geff": [
        [
            83.17025440313111,
            101.82207931404072
        ],
        [
            122.876213592233,
            72.96954314720813
        ],
        [
            79.38978829389787,
            117.04119850187266
        ],
        [
            94.00705052878966,
            85.33501896333755
        ],
        [
            103.07861462341947,
            81.64852255054433
        ],
        [
            103.50776308223116,
            99.9436936936937
        ],
        [
            98.58287122612445,
            107.25075528700906
        ],
        [
            107.32323232323232,
            94.41087613293051
        ],
        [
            110.8748481166464,
            120.80141426045964
        ],
        [
            125.453446191052,
            103.39506172839506
        ],
        [
            108.34411384217334,
            134.4262295081967
        ],
        [
            95.98346131128174,
            89.02077151335311
        ],
        [
            110.70110701107012,
            110.48909840895699
        ],
        [
            86.85286103542235,
            100.71942446043165
        ],
        [
            109.70333745364648,
            98.95227008149011
        ],
        [
            97.06190975865688,
            89.02439024390245
        ],
        [
            94.859241126071,
            92.6517571884984
        ],
        [
            110.53315994798439,
            76.43884892086331
        ],
        [
            97.44037230948227,
            127.24550898203593
        ],
        [
            103.87422796181919,
            114.71740346950195
        ],
        [
            122.44897959183675,
            101.23734533183351
        ],
        [
            117.51538891997761,
            80.08542445274959
        ],
        [
            126.85290763968074,
            131.4301865460712
        ],
        [
            102.61748958953005,
            143.21295143212953
        ],
        [
            103.52546166759932,
            94.49244060475162
        ],
        [
            107.07635009310988,
            88.36075563680683
        ],
        [
            101.74418604651163,
            77.28706624605678
        ]
    ],
    "losses": 11,
    "nOT": [
        0,
        0,
        0,
        0,
        0,
        0,
        0,
        1,
        0,
        0,
        0,
        0,
        0,
        0,
        0,
        1,
        0,
        0,
        0,
        0,
        0,
        0,
        0,
        0,
        0,
        0,
        0
    ],
    "pace": 67.79759038276644,