{
    "CompRank": 60,
    "CompositeDef": 97.44502728384086,
    "CompositeOff": 111.57218699658358,
    "CompositePace": 63.6978174757826,
    "CompositeRating": 14.127159712742744,
    "HA": [
        "H",
        "H",
        "H",
        "H",
        "H",
        "N",
        "N",
        "H",
        "H",
        "N",
        "H",
        "N",
        "H",
        "A",
        "H",
        "H",
        "A",
        "H",
        "A",
        "A",
        "H",
        "H",
        "A"
    ],
    "OAst": 294.0,
    "OAvgCompRat": 2.5254654331628776,
    "OBlk": 78.0,
    "ODR": 520.0,
    "OFGA": 1266.0,
    "OFGA3": 497.0,
    "OFGM": 520.0,
    "OFGM3": 171.0,
    "OFTA": 337.0,
    "OFTM": 246.0,
    "OOR": 198.0,
    "OPF": 349.0,
    "OScore": 1457.0,
    "OStl": 140.0,
    "OTO": 258.0,
    "Oastr": 0.14952092275769474,
    "Ocomprank": 95,
    "Ocorrdastr": 0.14502846041747008,
    "Ocorrdeff": 106.63586330568651,
    "Ocorrdeffrank": 85,
    "Ocorrdefgp": 0.5010002199851307,
    "Ocorrdftr": 0.34354922609260896,
    "Ocorrdorbp": 0.2954704828517626,
    "Ocorrdtovr": 0.15939063438380102,
    "Ocorroastr": 0.16045365810113982,
    "Ocorroeff": 110.31739789269703,
    "Ocorroeffrank": 117,
    "Ocorroefgp": 0.5274898366832569,
    "Ocorroftr": 0.3541821813560136,
    "Ocorroorbp": 0.31947559276236814,
    "Ocorrotovr": 0.143260667406325,
    "Oeff": 98.82790243373036,
    "Oefgp": 0.4782780410742496,
    "Oftr": 0.26619273301737756,
    "Oneteff": 3.6815345870105176,
    "Oneteffrank": 98,
    "Oorbp": 0.26506024096385544,
    "Oposs": 1474.28,
    "Otovr": 0.15428038366780683,
    "SoR": 9.968051360444841,
    "SoRrank": 61,
    "TAst": 304.0,
    "TBlk": 56.0,
    "TDR": 549.0,
    "TFGA": 1251.0,
    "TFGA3": 539.0,
    "TFGM": 557.0,
    "TFGM3": 190.0,
    "TFTA": 460.0,
    "TFTM": 312.0,
    "TOR": 226.0,
    "TPF": 293.0,
    "TScore": 1616.0,
    "TStl": 143.0,
    "TTO": 252.0,
    "Tastr": 0.15128894197272816,
    "Tcorrdastr": 0.13780286673456427,
    "Tcorrdastrrank": 106,
    "Tcorrdeff": 97.55611193629538,
    "Tcorrdeffrank": 28,
    "Tcorrdefgp": 0.46592598792469075,
    "Tcorrdefgprank": 40,
    "Tcorrdftr": 0.2677134088306145,
    "Tcorrdftrrank": 21,
    "Tcorrdorbp": 0.25228210723952776,
    "Tcorrdorbprank": 26,
    "Tcorrdtovr": 0.15957630611763576,
    "Tcorrdtovrrank": 97,
    "Tcorroastr": 0.15438797070029983,
    "Tcorroastrrank": 126,
    "Tcorroeff": 111.60489019772959,
    "Tcorroeffrank": 128,
    "Tcorroefgp": 0.5349753385958217,
    "Tcorroefgprank": 108,
    "Tcorroftr": 0.38227633775972314,
    "Tcorroftrrank": 123,
    "Tcorroorbp": 0.3126694200118434,
    "Tcorroorbprank": 150,
    "Tcorrotovr": 0.13726385691348686,
    "Tcorrotovrrank": 106,
    "Teff": 109.23347302960659,
    "Tefgp": 0.5211830535571543,
    "Tftr": 0.3677058353317346,
    "Tneteff": 14.048778261434208,
    "Tneteffrank": 62,
    "Torbp": 0.30294906166219837,
    "Tposs": 1479.4,
    "Ttovr": 0.14776592001876393,
    "closses": 4,
    "confplace": 6,
    "cwins": 6,
    "dates": [
        [
            11,
            4
        ],
        [
            11,
            6
        ],
        [
            11,
            9
        ],
        [
            11,
            13
        ],
        [
            11,
            17
        ],
        [
            11,
            21
        ],
        [
            11,
            23
        ],
        [
            11,
            30
        ],
        [
            12,
            3
        ],
        [
            12,
            6
        ],
        [
            12,
            9
        ],
        [
            12,
            13
        ],
        [
            12,
            22
        ],
        [
            1,
            2
        ],
        [
            1,
            6
        ],
        [
            1,
            10
        ],
        [
            1,
            13
        ],
        [
            1,
            17
        ],
        [
            1,
            21
        ],
        [
            1,
            24
        ],
        [
            1,
            27
        ],
        [
            1,
            31
        ],
        [
            2,
            5
        ]
    ],
    "geff": [
        [
            103.85756676557862,
            78.99356348741955
        ],
        [
            107.5427224513848,
            96.89922480620156
        ],
        [
            106.15384615384616,
            72.48611967921036
        ],
        [
            107.18599033816426,
            78.22477650063857
        ],
        [
            124.15695892090743,
            89.01629450814725
        ],
        [
            104.10192666252331,
            107.09914320685435
        ],
        [
            99.12536443148689,
            115.9334126040428
        ],
        [
            117.05685618729098,
            62.78916060806345
        ],
        [
            129.0414066931367,
            72.61410788381743
        ],
        [
            107.21247563352826,
            127.4643099932019
        ],
        [
            146.38906961613532,
            92.00507614213197
        ],
        [
            107.369448511469,
            107.80038759689923
        ],
        [
            145.96062457569585,
            89.22323303009098
        ],
        [
            99.527665317139,
            132.013201320132
        ],
        [
            98.85204081632654,
            93.80863039399625
        ],
        [
            128.81965248651886,
            115.5268022181146
        ],
        [
            80.80808080808082,
            123.71465295629821
        ],
        [
            124.82662968099861,
            103.11020960108182
        ],
        [
            114.12051125989045,
            98.56070087609511
        ],
        [
            77.07969749854566,
            133.09134906231094
        ],
        [
            95.22272433828276,
            88.87425938117183
        ],
        [
            89.95247793618465,
            102.94117647058823
        ],
        [
            99.59486833220797,
            90.06004002668446
        ]
    ],
    "losses": 8,
    "nOT": [
        0,
        0,
        0,
        0,
        0,
        0,
        0,
        0,
        0,
        0,
        0,
        1,
        0,
        0,
        0,
        0,
        0,
        0,
        0,
        0,
        0,
        0,
        0
    ],
    "pace": 63.63861034429824,
    "poss": [
        [
            67.4,
            68.36
        ],
        [
            67.88,
            67.08
        ],
        [
            65.0,
            64.84
        ],
        [
            66.24,
            62.64
        ],
        [
            65.24,
            66.28
        ],
        [
            64.36,
            65.36
        ],
        [
            68.6,
            67.28
        ],
        [
            59.8,
            60.52
        ],
        [
            70.52,
            67.48
        ],
        [
            61.56,
            58.84
        ],
        [
            61.480000000000004,
            63.040000000000006
        ],
        [
            81.96000000000001,
            82.56
        ],
        [
            58.92,
            57.16
        ],
        [
            59.28,
            60.6
        ],
        [
            62.72,
            63.959999999999994
        ],
        [
            66.76,
            64.92
        ],
        [
            59.4,
            62.239999999999995
        ],
        [
            57.68,
            59.16
        ],
        [
            65.72,
            63.92
        ],
        [
            68.76,
            66.12
        ],
        [
            61.96,
            60.76
        ],
        [
            58.92,
            61.2
        ],
        [
            59.24,
            59.96
        ]
    ],
    "preseason_pace": 66.42849971911706,
    "preseason_pred": 17.742177564968483,