{
    "CompRank": 37,
    "CompositeDef": 93.92561042547413,
    "CompositeOff": 110.51002264417589,
    "CompositePace": 67.85682958952567,
    "CompositeRating": 16.584412218701758,
    "HA": [
        "H",
        "A",
        "H"
    ],
    "OAst": 27.0,
    "OAvgCompRat": -2.361627578957688,
    "OBlk": 7.0,
    "ODR": 56.0,
    "OFGA": 150.0,
    "OFGA3": 59.0,
    "OFGM": 57.0,
    "OFGM3": 19.0,
    "OFTA": 55.0,
    "OFTM": 38.0,
    "OOR": 22.0,
    "OPF": 61.0,
    "OScore": 171.0,
    "OStl": 16.0,
    "OTO": 55.0,
    "Oastr": 0.1053864168618267,
    "Ocomprank": 220,
    "Ocorrdastr": 0.11239620477396256,
    "Ocorrdeff": 91.07455704140072,
    "Ocorrdeffrank": 79,
    "Ocorrdefgp": 0.462614841960542,
    "Ocorrdftr": 0.24944319626107028,
    "Ocorrdorbp": 0.2567653352161688,
    "Ocorrdtovr": 0.1737091219943702,
    "Ocorroastr": 0.1455265505887543,
    "Ocorroeff": 90.21898874783028,
    "Ocorroeffrank": 311,
    "Ocorroefgp": 0.4559068207119941,
    "Ocorroftr": 0.28674165318595674,
    "Ocorroorbp": 0.3049949510059849,
    "Ocorrotovr": 0.18523285572000317,
    "Oeff": 82.52895752895753,
    "Oefgp": 0.44333333333333336,
    "Oftr": 0.36666666666666664,
    "Oneteff": -0.8555682935704425,
    "Oneteffrank": 205,
    "Oorbp": 0.24175824175824176,
    "Oposs": 207.2,
    "Otovr": 0.2399650959860384,
    "SoR": 70.80272564482758,
    "SoRrank": 17,
    "TAst": 42.0,
    "TBlk": 8.0,
    "TDR": 69.0,
    "TFGA": 176.0,
    "TFGA3": 58.0,
    "TFGM": 87.0,
    "TFGM3": 18.0,
    "TFTA": 54.0,
    "TFTM": 40.0,
    "TOR": 30.0,
    "TPF": 54.0,
    "TScore": 232.0,
    "TStl": 27.0,
    "TTO": 38.0,
    "Tastr": 0.15012868172719473,
    "Tcorrdastr": 0.10017604791121124,
    "Tcorrdastrrank": 42,
    "Tcorrdeff": 90.66262667864393,
    "Tcorrdeffrank": 76,
    "Tcorrdefgp": 0.47903125497899496,
    "Tcorrdefgprank": 154,
    "Tcorrdftr": 0.44833622649752136,
    "Tcorrdftrrank": 287,
    "Tcorrdorbp": 0.22313205459187335,
    "Tcorrdorbprank": 90,
    "Tcorrdtovr": 0.22135686768364074,
    "Tcorrdtovrrank": 45,
    "Tcorroastr": 0.18231258583658821,
    "Tcorroastrrank": 30,
    "Tcorroeff": 121.68428359011499,
    "Tcorroeffrank": 16,
    "Tcorroefgp": 0.5816062168525797,
    "Tcorroefgprank": 42,
    "Tcorroftr": 0.42887275505526007,
    "Tcorroftrrank": 84,
    "Tcorroorbp": 0.3797112703267565,
    "Tcorroorbprank": 46,
    "Tcorrotovr": 0.15649502970346757,
    "Tcorrotovrrank": 153,
    "Teff": 111.66730843280709,
    "Tefgp": 0.5454545454545454,
    "Tftr": 0.3068181818181818,
    "Tneteff": 31.021656911471055,
    "Tneteffrank": 20,
    "Torbp": 0.3488372093023256,
    "Tposs": 207.76,
    "Ttovr": 0.15982503364737552,
    "closses": 0,
    "confplace": 1,
    "cwins": 0,
    "dates": [
        [
            11,
            7
        ],
        [
            11,
            11
        ],
        [
            11,
            15
        ]
    ],
    "geff": [
        [
            112.82660332541568,
            82.05998868138086
        ],
        [
            115.12222853894258,
            84.9514563106796
        ],
        [
            107.0816676185037,
            80.73654390934846
        ]
    ],
    "losses": 0,
    "nOT": [
        0,
        0,
        0
    ],
    "pace": 63.465124464060644,
    "poss": [
        [
            67.36,
            70.68
        ],
        [
            70.36,
            65.92
        ],
        [
            70.04,
            70.6
        ]
    ],
    "preseason_pace": 68.94120122544297,
    "preseason_pred": 13.019660442709338,
    "preseason_predd": 94.73128542469146,
    "preseason_predo": 107.7509458674008,
    "schedule": [
        "mount-st-marys",
        "pittsburgh",
        "morehead-state"
    ],
    "scores": [
        [
            76,
            58
        ],
        [
            81,
            56
        ],
        [
            75,
            57
        ]
    ],
    "wins": 3
}