{
    "CompRank": 37,
    "CompositeDef": 92.82004374576644,
    "CompositeOff": 112.91929987128408,
    "CompositePace": 66.55022911842053,
    "CompositeRating": 20.099256125517655,
    "HA": [
        "H",
        "H",
        "A",
        "H",
        "N",
        "N",
        "N",
        "H",
        "H",
        "H",
        "H",
        "A",
        "H",
        "H",
        "A"
    ],
    "OAst": 154.0,
    "OAvgCompRat": 2.703074564256549,
    "OBlk": 43.0,
    "ODR": 363.0,
    "OFGA": 863.0,
    "OFGA3": 313.0,
    "OFGM": 331.0,
    "OFGM3": 88.0,
    "OFTA": 282.0,
    "OFTM": 208.0,
    "OOR": 150.0,
    "OPF": 216.0,
    "OScore": 958.0,
    "OStl": 88.0,
    "OTO": 201.0,
    "Oastr": 0.11474725798760134,
    "Ocomprank": 71,
    "Ocorrdastr": 0.13552792823723436,
    "Ocorrdeff": 101.30319031843486,
    "Ocorrdeffrank": 25,
    "Ocorrdefgp": 0.48757533822079996,
    "Ocorrdftr": 0.3323841744517701,
    "Ocorrdorbp": 0.2860617905952412,
    "Ocorrdtovr": 0.1682366627795682,
    "Ocorroastr": 0.15751514495441707,
    "Ocorroeff": 107.12376599617095,
    "Ocorroeffrank": 106,
    "Ocorroefgp": 0.5144673308240508,
    "Ocorroftr": 0.35387987696058576,
    "Ocorroorbp": 0.3246224501346989,
    "Ocorrotovr": 0.14773771096411392,
    "Oeff": 92.28575832305796,
    "Oefgp": 0.43453070683661643,
    "Oftr": 0.3267670915411356,
    "Oneteff": 5.8205756777360875,
    "Oneteffrank": 45,
    "Oorbp": 0.28846153846153844,
    "Oposs": 1038.08,
    "Otovr": 0.16918052656386776,
    "SoR": 86.83352639013523,
    "SoRrank": 18,
    "TAst": 213.0,
    "TBlk": 79.0,
    "TDR": 370.0,
    "TFGA": 888.0,
    "TFGA3": 425.0,
    "TFGM": 387.0,
    "TFGM3": 147.0,
    "TFTA": 260.0,
    "TFTM": 196.0,
    "TOR": 123.0,
    "TPF": 265.0,
    "TScore": 1117.0,
    "TStl": 115.0,
    "TTO": 157.0,
    "Tastr": 0.15520256484989797,
    "Tcorrdastr": 0.10608212572789431,
    "Tcorrdastrrank": 10,
    "Tcorrdeff": 90.8117020210199,
    "Tcorrdeffrank": 12,
    "Tcorrdefgp": 0.4281805077654333,
    "Tcorrdefgprank": 12,
    "Tcorrdftr": 0.30916318485119165,
    "Tcorrdftrrank": 130,
    "Tcorrdorbp": 0.25565577941767564,
    "Tcorrdorbprank": 69,
    "Tcorrdtovr": 0.17271775431733785,
    "Tcorrdtovrrank": 62,
    "Tcorroastr": 0.1668002622205119,
    "Tcorroastrrank": 70,
    "Tcorroeff": 112.1714693002898,
    "Tcorroeffrank": 75,
    "Tcorroefgp": 0.5395000551010644,
    "Tcorroefgprank": 88,
    "Tcorroftr": 0.29579218777984684,
    "Tcorroftrrank": 267,
    "Tcorroorbp": 0.25519137518029616,
    "Tcorroorbprank": 263,
    "Tcorrotovr": 0.12136798899357781,
    "Tcorrotovrrank": 21,
    "Teff": 107.77692010806638,
    "Tefgp": 0.518581081081081,
    "Tftr": 0.2927927927927928,
    "Tneteff": 21.359767279269903,
    "Tneteffrank": 34,
    "Torbp": 0.25308641975308643,
    "Tposs": 1036.4,
    "Ttovr": 0.1354148697602208,
    "closses": 1,
    "confplace": 4,
    "cwins": 3,
    "dates": [
        [
            11,
            4
        ],
        [
            11,
            8
        ],
        [
            11,
            15
        ],
        [
            11,
            20
        ],
        [
            11,
            27
        ],
        [
            11,
            28
        ],
        [
            11,
            29
        ],
        [
            12,
            6
        ],
        [
            12,
            10
        ],
        [
            12,
            14
        ],
        [
            12,
            22
        ],
        [
            12,
            31
        ],
        [
            1,
            4
        ],
        [
            1,
            7
        ],
        [
            1,
            12
        ]
    ],
    "geff": [
        [
            123.79055207740467,
            82.77216610549944
        ],
        [
            104.51505016722408,
            96.10027855153204
        ],
        [
            84.23913043478261,
            115.52928533046749
        ],
        [
            125.80456407255706,
            60.05586592178771
        ],
        [
            111.05371900826447,
            99.13573970513471
        ],
        [
            95.52401746724891,
            108.93546607832323
        ],
        [
            112.64929424538543,
            101.71306209850107
        ],
        [
            107.7968103957472,
            91.57509157509156
        ],
        [
            126.60256410256409,
            73.33767926988266
        ],
        [
            120.55109070034442,
            84.30071862907684
        ],
        [
            103.20394331484904,
            71.69576059850374
        ],
        [
            100.58403634003894,
            102.97096556380824
        ],
        [
            103.2934131736527,
            73.74631268436579
        ],
        [
            85.47008547008545,
            116.45962732919254
        ],
        [
            112.52163877668784,
            102.63929618768329
        ]
    ],
    "losses": 3,
    "nOT": [
        0,
        0,
        0,
        0,
        1,
        1,
        1,
        0,
        0,
        0,
        0,
        0,
        0,
        0,
        0
    ],
    "pace": 66.22501001445373,
    "poss": [
        [
            70.28,
            71.28
        ],
        [
            71.76,
            71.8
        ],
        [
            73.6,
            74.44
        ],
        [
            68.36,
            71.6
        ],
        [
            77.44,
            78.68
        ],
        [
            73.28,
            72.52
        ],
        [
            73.68,
            74.72
        ],
        [
            67.72,
            65.52000000000001
        ],
        [
            62.400000000000006,
            61.36
        ],
        [
            69.68,
            72.36
        ],
        [
            64.92,
            64.16
        ],
        [
            61.64,
            59.24
        ],
        [
            66.8,
            67.8
        ],
        [
            65.52000000000001,
            64.4
        ],
        [
            69.32,
            68.2
        ]
    ],
    "preseason_pace": 68.58691375701261,
    "preseason_pred": 12.20530502514423,
    "preseason_predd": 105.39728379699164,
    "preseason_predo": 117.60258882213587,
    "schedule": [
        "robert-morris",
        "massachusetts",
        "pittsburgh",
        "iona",
        "gonzaga",
        "louisville",
        "arizona",
        "georgetown",
        "north-carolina-central",
        "bethune-cookman",
        "mercyhurst",
        "kansas",
        "oklahoma-state",
        "arizona",
        "colorado"
    ],
    "scores": [
        [
            87,
            59
        ],
        [
            75,
            69
        ],
        [
            62,
            86
        ],
        [
            86,
            43
        ],
        [
            86,
            78
        ],
        [
            70,
            79
        ],
        [
            83,
            76
        ],
        [
            73,
            60
        ],
        [
            79,
            45
        ],
        [
            84,
            61
        ],
        [
            67,
            46
        ],
        [
            62,
            61
        ],
        [
            69,
            50
        ],
        [
            56,
            75
        ],
        [
            78,
            70
        ]
    ],
    "wins": 12
}