{
    "CompRank": 31,
    "CompositeDef": 96.79636345105962,
    "CompositeOff": 118.07460186083068,
    "CompositePace": 70.8667824893908,
    "CompositeRating": 21.278238409771053,
    "HA": [
        "H",
        "A",
        "H",
        "N",
        "N",
        "N",
        "N",
        "H",
        "H",
        "A",
        "A",
        "H",
        "H",
        "A",
        "H"
    ],
    "OAst": 221.0,
    "OAvgCompRat": 11.30730581115977,
    "OBlk": 64.0,
    "ODR": 318.0,
    "OFGA": 913.0,
    "OFGA3": 395.0,
    "OFGM": 382.0,
    "OFGM3": 130.0,
    "OFTA": 294.0,
    "OFTM": 214.0,
    "OOR": 176.0,
    "OPF": 281.0,
    "OScore": 1108.0,
    "OStl": 117.0,
    "OTO": 203.0,
    "Oastr": 0.15071333096920264,
    "Ocomprank": 1,
    "Ocorrdastr": 0.12929133017150607,
    "Ocorrdeff": 98.68312726768785,
    "Ocorrdeffrank": 5,
    "Ocorrdefgp": 0.47181438513529295,
    "Ocorrdftr": 0.32376937949392565,
    "Ocorrdorbp": 0.26780818784590754,
    "Ocorrdtovr": 0.16543716478587236,
    "Ocorroastr": 0.16540812779244946,
    "Ocorroeff": 113.4836082272469,
    "Ocorroeffrank": 2,
    "Ocorroefgp": 0.5471666562468195,
    "Ocorroftr": 0.35330294042299687,
    "Ocorroorbp": 0.3048432930356339,
    "Ocorrotovr": 0.1377266807894205,
    "Oeff": 103.61337622503179,
    "Oefgp": 0.4895947426067908,
    "Oftr": 0.32201533406352684,
    "Oneteff": 14.800480959559053,
    "Oneteffrank": 3,
    "Oorbp": 0.33460076045627374,
    "Oposs": 1069.3600000000001,
    "Otovr": 0.1630050748377979,
    "SoR": 89.26369732582404,
    "SoRrank": 12,
    "TAst": 189.0,
    "TBlk": 62.0,
    "TDR": 350.0,
    "TFGA": 838.0,
    "TFGA3": 292.0,
    "TFGM": 393.0,
    "TFGM3": 120.0,
    "TFTA": 380.0,
    "TFTM": 280.0,
    "TOR": 155.0,
    "TPF": 284.0,
    "TScore": 1186.0,
    "TStl": 105.0,
    "TTO": 214.0,
    "Tastr": 0.1342138900724329,
    "Tcorrdastr": 0.13270531315348483,
    "Tcorrdastrrank": 85,
    "Tcorrdeff": 96.08375181582757,
    "Tcorrdeffrank": 51,
    "Tcorrdefgp": 0.45317914702566103,
    "Tcorrdefgprank": 32,
    "Tcorrdftr": 0.30538543721190464,
    "Tcorrdftrrank": 122,
    "Tcorrdorbp": 0.3144084529669615,
    "Tcorrdorbprank": 276,
    "Tcorrdtovr": 0.17874639353650973,
    "Tcorrdtovrrank": 46,
    "Tcorroastr": 0.15120301085085217,
    "Tcorroastrrank": 144,
    "Tcorroeff": 118.87385266400561,
    "Tcorroeffrank": 25,
    "Tcorroefgp": 0.5806016774389691,
    "Tcorroefgprank": 17,
    "Tcorroftr": 0.4706983591220709,
    "Tcorroftrrank": 6,
    "Tcorroorbp": 0.3513823302485248,
    "Tcorroorbprank": 39,
    "Tcorrotovr": 0.16019349572122615,
    "Tcorrotovrrank": 255,
    "Teff": 111.44521706446156,
    "Tefgp": 0.5405727923627685,
    "Tftr": 0.45346062052505964,
    "Tneteff": 22.790100848178042,
    "Tneteffrank": 30,
    "Torbp": 0.3276955602536998,
    "Tposs": 1064.2,
    "Ttovr": 0.1755249343832021,
    "closses": 0,
    "confplace": 1,
    "cwins": 2,
    "dates": [
        [
            11,
            4
        ],
        [
            11,
            9
        ],
        [
            11,
            15
        ],
        [
            11,
            21
        ],
        [
            11,
            25
        ],
        [
            11,
            26
        ],
        [
            11,
            27
        ],
        [
            12,
            4
        ],
        [
            12,
            8
        ],
        [
            12,
            14
        ],
        [
            12,
            18
        ],
        [
            12,
            21
        ],
        [
            12,
            28
        ],
        [
            1,
            2
        ],
        [
            1,
            5
        ]
    ],
    "geff": [
        [
            110.37234042553192,
            101.35135135135135
        ],
        [
            113.18619128466327,
            105.05394662123794
        ],
        [
            122.58737610850285,
            91.09838625715773
        ],
        [
            93.61233480176212,
            86.62696264212236
        ],
        [
            134.5108695652174,
            137.4716553287982
        ],
        [
            112.4129195693477,
            96.38922888616891
        ],
        [
            112.82660332541568,
            137.44654856444714
        ],
        [
            118.21366024518389,
            105.52913198573127
        ],
        [
            93.55509355509355,
            101.33524082021937
        ],
        [
            121.71236709569109,
            107.0496083550914
        ],
        [
            101.20177103099304,
            98.53782581055309
        ],
        [
            92.38521836506159,
            110.64425770308122
        ],
        [
            115.01850872554203,
            93.03561935140883
        ],
        [
            122.68266085059979,
            87.02975856260528
        ],
        [
            105.8530510585305,
            99.626400996264
        ]
    ],
    "losses": 3,
    "nOT": [
        0,
        0,
        0,
        0,
        1,
        0,
        0,
        0,
        0,
        1,
        0,
        0,
        0,
        0,
        0
    ],
    "pace": 70.83196346943025,
    "poss": [
        [
            75.2,
            74.0
        ],
        [
            70.68,
            70.44
        ],
        [
            76.68,
            76.84
        ],
        [
            72.64,
            73.88
        ],
        [
            73.6,
            70.56
        ],
        [
            63.16,
            65.36
        ],
        [
            67.36,
            65.48
        ],
        [
            68.52,
            67.28
        ],
        [
            76.96000000000001,
            83.88
        ],
        [
            71.48,
            76.6
        ],
        [
            63.239999999999995,
            62.92
        ],
        [
            71.44,
            71.4
        ],
        [
            75.64,
            75.24
        ],
        [
            73.36,
            71.24
        ],
        [
            64.24000000000001,
            64.24000000000001
        ]
    ],
    "preseason_pace": 71.08483660189377,
    "preseason_pred": 11.810199889247285,
    "preseason_predd": 101.25909381670044,
    "preseason_predo": 113.06929370594773,
    "schedule": [
        "missouri",
        "nevada-las-vegas",
        "ohio",
        "san-francisco",
        "connecticut",
        "michigan-state",
        "auburn",
        "louisiana-tech",
        "arkansas-state",
        "clemson",
        "virginia",
        "mississippi-state",
        "mississippi",
        "florida-atlantic",
        "north-texas"
    ],
    "scores": [
        [
            83,
            75
        ],
        [
            80,
            74
        ],
        [
            94,
            70
        ],
        [
            68,
            64
        ],
        [
            99,
            97
        ],
        [
            71,
            63
        ],
        [
            76,
            90
        ],
        [
            81,
            71
        ],
        [
            72,
            85
        ],
        [
            87,
            82
        ],
        [
            64,
            62
        ],
        [
            66,
            79
        ],
        [
            87,
            70
        ],
        [
            90,
            62
        ],
        [
            68,
            64
        ]
    ],
    "wins": 12
}