{
    "CompRank": 245,
    "CompositeDef": 104.06969098177373,
    "CompositeOff": 97.42571823890191,
    "CompositePace": 70.49619918851573,
    "CompositeRating": -6.643972742871808,
    "HA": [
        "A",
        "A",
        "A",
        "A",
        "A",
        "A",
        "A",
        "A",
        "H",
        "A",
        "H",
        "H",
        "A",
        "A",
        "A",
        "H"
    ],
    "OAst": 244.0,
    "OAvgCompRat": 1.2098135662786922,
    "OBlk": 58.0,
    "ODR": 427.0,
    "OFGA": 898.0,
    "OFGA3": 351.0,
    "OFGM": 417.0,
    "OFGM3": 110.0,
    "OFTA": 406.0,
    "OFTM": 282.0,
    "OOR": 167.0,
    "OPF": 243.0,
    "OScore": 1226.0,
    "OStl": 93.0,
    "OTO": 253.0,
    "Oastr": 0.15505452327088787,
    "Ocomprank": 117,
    "Ocorrdastr": 0.14886980731414562,
    "Ocorrdeff": 102.2410925016931,
    "Ocorrdeffrank": 66,
    "Ocorrdefgp": 0.5077703016845492,
    "Ocorrdftr": 0.3362118996426674,
    "Ocorrdorbp": 0.28807131163364136,
    "Ocorrdtovr": 0.16051673628650476,
    "Ocorroastr": 0.14344443140888655,
    "Ocorroeff": 105.9162227970222,
    "Ocorroeffrank": 102,
    "Ocorroefgp": 0.4982287411090682,
    "Ocorroftr": 0.3310371216490648,
    "Ocorroorbp": 0.2897663283121715,
    "Ocorrotovr": 0.14807365586300597,
    "Oeff": 105.44966627674945,
    "Oefgp": 0.5256124721603563,
    "Oftr": 0.4521158129175947,
    "Oneteff": 3.6751302953290974,
    "Oneteffrank": 82,
    "Oorbp": 0.3353413654618474,
    "Oposs": 1162.64,
    "Otovr": 0.19027706747691103,
    "SoR": 0.14979777412856832,
    "SoRrank": 147,
    "TAst": 198.0,
    "TBlk": 42.0,
    "TDR": 331.0,
    "TFGA": 958.0,
    "TFGA3": 360.0,
    "TFGM": 408.0,
    "TFGM3": 106.0,
    "TFTA": 297.0,
    "TFTM": 196.0,
    "TOR": 128.0,
    "TPF": 321.0,
    "TScore": 1118.0,
    "TStl": 145.0,
    "TTO": 202.0,
    "Tastr": 0.13300373485235242,
    "Tcorrdastr": 0.1535527320784222,
    "Tcorrdastrrank": 271,
    "Tcorrdeff": 103.94964229215762,
    "Tcorrdeffrank": 162,
    "Tcorrdefgp": 0.5312142877819521,
    "Tcorrdefgprank": 284,
    "Tcorrdftr": 0.4526369686590204,
    "Tcorrdftrrank": 348,
    "Tcorrdorbp": 0.32089385425415856,
    "Tcorrdorbprank": 321,
    "Tcorrdtovr": 0.19166270134502109,
    "Tcorrdtovrrank": 14,
    "Tcorroastr": 0.1270158275454635,
    "Tcorroastrrank": 270,
    "Tcorroeff": 98.19185359785803,
    "Tcorroeffrank": 284,
    "Tcorroefgp": 0.47736640741281444,
    "Tcorroefgprank": 264,
    "Tcorroftr": 0.3065394668793316,
    "Tcorroftrrank": 240,
    "Tcorroorbp": 0.22256686791358704,
    "Tcorroorbprank": 319,
    "Tcorrotovr": 0.14542453656022544,
    "Tcorrotovrrank": 156,
    "Teff": 96.15715416107614,
    "Tefgp": 0.4812108559498956,
    "Tftr": 0.31002087682672236,
    "Tneteff": -5.757788694299592,
    "Tneteffrank": 233,
    "Torbp": 0.23063063063063063,
    "Tposs": 1162.68,
    "Ttovr": 0.15650664765859856,
    "closses": 2,
    "confplace": 3,
    "cwins": 4,
    "dates": [
        [
            11,
            6
        ],
        [
            11,
            8
        ],
        [
            11,
            13
        ],
        [
            11,
            17
        ],
        [
            11,
            19
        ],
        [
            11,
            25
        ],
        [
            11,
            28
        ],
        [
            12,
            3
        ],
        [
            12,
            9
        ],
        [
            12,
            16
        ],
        [
            1,
            6
        ],
        [
            1,
            8
        ],
        [
            1,
            13
        ],
        [
            1,
            15
        ],
        [
            1,
            20
        ],
        [
            1,
            27
        ]
    ],
    "geff": [
        [
            95.27439024390245,
            137.61467889908255
        ],
        [
            126.1127596439169,
            106.67067307692308
        ],
        [
            74.34475806451613,
            118.52394916911045
        ],
        [
            93.98496240601503,
            110.05502751375687
        ],
        [
            79.82969664715274,
            115.06276150627615
        ],
        [
            84.47880870561282,
            100.62358276643991
        ],
        [
            77.82101167315174,
            127.3972602739726
        ],
        [
            93.22560596643878,
            90.71340713407135
        ],
        [
            105.89318600368324,
            64.59189665296535
        ],
        [
            107.08619777895294,
            137.57861635220127
        ],
        [
            82.62108262108262,
            69.40664126292869
        ],
        [
            108.51648351648352,
            84.35136707388016
        ],
        [
            115.55277951280449,
            100.61919504643964
        ],
        [
            107.54115772703135,
            110.90326028861571
        ],
        [
            88.82521489971347,
            111.3303269447576
        ],
        [
            102.82776349614396,
            89.62520369364476
        ]
    ],
    "losses": 9,
    "nOT": [
        0,
        0,
        0,
        1,
        0,
        0,
        0,
        0,
        0,
        0,
        0,
        0,
        0,
        1,
        0,
        0
    ],
    "pace": 70.55119198673243,
    "poss": [
        [
            78.72,
            78.48
        ],
        [
            67.4,
            66.56
        ],
        [
            79.36,
            81.84
        ],
        [
            85.12,
            79.96000000000001
        ],
        [
            75.16,
            76.48
        ],
        [
            69.84,
            70.56
        ],
        [
            71.96000000000001,
            73.0
        ],
        [
            64.36,
            65.03999999999999
        ],
        [
            65.16,
            68.12
        ],
        [
            75.64,
            76.32
        ],
        [
            70.2,
            73.48
        ],
        [
            72.8,
            68.76
        ],
        [
            64.04,
            64.6
        ],
        [
            75.32,
            74.84
        ],
        [
            69.8,
            70.96000000000001
        ],
        [
            77.8,
            73.64
        ]
    ],
    "preseason_pace": 70.0638391431423,
    "preseason_pred": -13.611259148994879,
    "preseason_predd": 105.01352833089187,
    "preseason_predo": 91.40226918189698,
    "schedule": [
        "texas-christian",
        "nevada-las-vegas",
        "arizona",
        "western-illinois",
        "illinois",
        "valparaiso",
        "marquette",
        "mississippi-state",
        "southeastern-louisiana",
        "tulane",
        "texas-southern",
        "prairie-view",
        "florida-am",
        "bethune-cookman",
        "grambling",
        "arkansas-pine-bluff"
    ],
    "scores": [
        [
            75,
            108
        ],
        [
            85,
            71
        ],
        [
            59,
            97
        ],
        [
            80,
            88
        ],
        [
            60,
            88
        ],
        [
            59,
            71
        ],
        [
            56,
            93
        ],
        [
            60,
            59
        ],
        [
            69,
            44
        ],
        [
            81,
            105
        ],
        [
            58,
            51
        ],
        [
            79,
            58
        ],
        [
            74,
            65
        ],
        [
            81,
            83
        ],
        [
            62,
            79
        ],
        [
            80,
            66
        ]
    ],
    "wins": 7
}