{
    "CompRank": 224,
    "CompositeDef": 103.97185843712828,
    "CompositeOff": 98.61362286685221,
    "CompositePace": 69.10314870285065,
    "CompositeRating": -5.358235570276065,
    "HA": [
        "A",
        "A",
        "A",
        "A",
        "A",
        "A",
        "A",
        "A",
        "A",
        "A",
        "A",
        "A",
        "H",
        "H",
        "H",
        "A",
        "A",
        "H",
        "H",
        "A",
        "A",
        "H",
        "H",
        "A",
        "A",
        "A",
        "H"
    ],
    "OAst": 370.0,
    "OAvgCompRat": -5.012980882280329,
    "OBlk": 126.0,
    "ODR": 635.0,
    "OFGA": 1465.0,
    "OFGA3": 579.0,
    "OFGM": 630.0,
    "OFGM3": 197.0,
    "OFTA": 627.0,
    "OFTM": 436.0,
    "OOR": 238.0,
    "OPF": 422.0,
    "OScore": 1893.0,
    "OStl": 191.0,
    "OTO": 390.0,
    "Oastr": 0.14794792233133935,
    "Ocomprank": 292,
    "Ocorrdastr": 0.15807189668598484,
    "Ocorrdeff": 108.86061469944553,
    "Ocorrdeffrank": 253,
    "Ocorrdefgp": 0.5276713838182896,
    "Ocorrdftr": 0.35230412645833376,
    "Ocorrdorbp": 0.32346711213206414,
    "Ocorrdtovr": 0.15084795452205044,
    "Ocorroastr": 0.13291340412006766,
    "Ocorroeff": 102.43883111987097,
    "Ocorroeffrank": 316,
    "Ocorroefgp": 0.48576495781808476,
    "Ocorroftr": 0.3309954277663568,
    "Ocorroorbp": 0.2584319602449919,
    "Ocorrotovr": 0.15160153811473623,
    "Oeff": 100.0063395460885,
    "Oefgp": 0.49726962457337887,
    "Oftr": 0.4279863481228669,
    "Oneteff": -6.421783579574566,
    "Oneteffrank": 297,
    "Oorbp": 0.27450980392156865,
    "Oposs": 1892.88,
    "Otovr": 0.1830229764228863,
    "SoR": 0.0,
    "SoRrank": 117,
    "TAst": 330.0,
    "TBlk": 106.0,
    "TDR": 629.0,
    "TFGA": 1595.0,
    "TFGA3": 534.0,
    "TFGM": 677.0,
    "TFGM3": 167.0,
    "TFTA": 611.0,
    "TFTM": 392.0,
    "TOR": 304.0,
    "TPF": 464.0,
    "TScore": 1913.0,
    "TStl": 247.0,
    "TTO": 338.0,
    "Tastr": 0.13033998988877654,
    "Tcorrdastr": 0.16311639549745025,
    "Tcorrdastrrank": 306,
    "Tcorrdeff": 103.97185843712828,
    "Tcorrdeffrank": 131,
    "Tcorrdefgp": 0.5220987726619146,
    "Tcorrdefgprank": 213,
    "Tcorrdftr": 0.42925400764001814,
    "Tcorrdftrrank": 343,
    "Tcorrdorbp": 0.3057345240491099,
    "Tcorrdorbprank": 252,
    "Tcorrdtovr": 0.17931377404930662,
    "Tcorrdtovrrank": 34,
    "Tcorroastr": 0.12084565437876142,
    "Tcorroastrrank": 328,
    "Tcorroeff": 98.61362286685221,
    "Tcorroeffrank": 307,
    "Tcorroefgp": 0.4609561870321301,
    "Tcorroefgprank": 328,
    "Tcorroftr": 0.3619504595288789,
    "Tcorroftrrank": 90,
    "Tcorroorbp": 0.2887615952230014,
    "Tcorroorbprank": 184,
    "Tcorrotovr": 0.15115512651239535,
    "Tcorrotovrrank": 211,
    "Teff": 100.79880284955529,
    "Tefgp": 0.4768025078369906,
    "Tftr": 0.3830721003134796,
    "Tneteff": -5.358235570276065,
    "Tneteffrank": 224,
    "Torbp": 0.32374866879659214,
    "Tposs": 1897.84,
    "Ttovr": 0.15350797514805797,
    "closses": 3,
    "confplace": 1,
    "cwins": 14,
    "dates": [
        [
            11,
            4
        ],
        [
            11,
            7
        ],
        [
            11,
            13
        ],
        [
            11,
            20
        ],
        [
            11,
            30
        ],
        [
            12,
            7
        ],
        [
            12,
            17
        ],
        [
            12,
            20
        ],
        [
            12,
            22
        ],
        [
            12,
            30
        ],
        [
            1,
            4
        ],
        [
            1,
            6
        ],
        [
            1,
            11
        ],
        [
            1,
            13
        ],
        [
            1,
            18
        ],
        [
            1,
            25
        ],
        [
            1,
            27
        ],
        [
            2,
            1
        ],
        [
            2,
            3
        ],
        [
            2,
            8
        ],
        [
            2,
            10
        ],
        [
            2,
            15
        ],
        [
            2,
            17
        ],
        [
            2,
            22
        ],
        [
            3,
            1
        ],
        [
            3,
            3
        ],
        [
            3,
            6
        ]
    ],
    "geff": [
        [
            101.85662712738525,
            119.10860655737706
        ],
        [
            100.54347826086958,
            123.1322634200332
        ],
        [
            91.05516871987145,
            98.70276367738296
        ],
        [
            77.31958762886597,
            105.27876631079478
        ],
        [
            102.1264689423615,
            101.9219569015725
        ],
        [
            107.6923076923077,
            102.73972602739724
        ],
        [
            84.81646273637375,
            103.12151616499442
        ],
        [
            100.7730535615682,
            133.23353293413174
        ],
        [
            70.1706108970831,
            111.71662125340599
        ],
        [
            63.1981187536743,
            113.36866902237927
        ],
        [
            98.47148736037626,
            81.55230596175477
        ],
        [
            109.26118626430802,
            104.38413361169103
        ],
        [
            139.74201474201473,
            87.96296296296296
        ],
        [
            96.26116071428571,
            74.73209249858996
        ],
        [
            98.99527186761229,
            91.96811771919067
        ],
        [
            111.85983827493261,
            92.54143646408839
        ],
        [
            96.3302752293578,
            65.33914125700062
        ],
        [
            106.62824207492794,
            95.93993325917685
        ],
        [
            117.5103305785124,
            107.12566201251806
        ],
        [
            120.3923900118906,
            99.53161592505856
        ],
        [
            108.69565217391305,
            108.17941952506597
        ],
        [
            100.61486864169927,
            84.22234699606962
        ],
        [
            92.12730318257957,
            76.90232056125203
        ],
        [
            120.25745257452573,
            110.95700416088766
        ],
        [
            97.12837837837839,
            98.59154929577464
        ],
        [
            110.94224924012158,
            108.29207920792079
        ],
        [
            101.75328741390108,
            96.83098591549296
        ]
    ],
    "losses": 11,
    "nOT": [
        0,
        0,
        0,
        0,
        0,
        0,
        0,
        0,
        0,
        0,
        0,
        0,
        0,
        0,
        0,
        0,
        0,
        0,
        1,
        0,
        0,
        0,
        0,
        0,
        0,
        0,
        0
    ],
    "pace": 69.10314870285065,