{
    "CompRank": 17,
    "CompositeDef": 91.39903054086537,
    "CompositeOff": 113.27361974182469,
    "CompositePace": 71.57646432716906,
    "CompositeRating": 21.87458920095932,
    "HA": [
        "H"
    ],
    "OAst": 7.0,
    "OAvgCompRat": -12.834205275005083,
    "OBlk": 3.0,
    "ODR": 15.0,
    "OFGA": 62.0,
    "OFGA3": 23.0,
    "OFGM": 27.0,
    "OFGM3": 7.0,
    "OFTA": 19.0,
    "OFTM": 12.0,
    "OOR": 11.0,
    "OPF": 25.0,
    "OScore": 73.0,
    "OStl": 6.0,
    "OTO": 14.0,
    "Oastr": 0.0766199649737303,
    "Ocomprank": 205,
    "Ocorrdastr": 0.14386917078457717,
    "Ocorrdeff": 121.09815425184097,
    "Ocorrdeffrank": 290,
    "Ocorrdefgp": 0.5671246738926514,
    "Ocorrdftr": 0.48056413936497006,
    "Ocorrdorbp": 0.35404064051619927,
    "Ocorrdtovr": 0.1520504892082499,
    "Ocorroastr": 0.09980464703461595,
    "Ocorroeff": 97.80328046755146,
    "Ocorroeffrank": 171,
    "Ocorroefgp": 0.4919340731342754,
    "Ocorroftr": 0.3310762878019453,
    "Ocorroorbp": 0.2886510509184631,
    "Ocorrotovr": 0.16083041107395835,
    "Oeff": 99.5092693565976,
    "Oefgp": 0.49193548387096775,
    "Oftr": 0.3064516129032258,
    "Oneteff": -23.294873784289507,
    "Oneteffrank": 257,
    "Oorbp": 0.3142857142857143,
    "Oposs": 73.36,
    "Otovr": 0.16595542911332384,
    "SoR": 16.879207532290664,
    "SoRrank": 64,
    "TAst": 16.0,
    "TBlk": 3.0,
    "TDR": 24.0,
    "TFGA": 57.0,
    "TFGA3": 23.0,
    "TFGM": 32.0,
    "TFGM3": 10.0,
    "TFTA": 38.0,
    "TFTM": 31.0,
    "TOR": 12.0,
    "TPF": 17.0,
    "TScore": 105.0,
    "TStl": 13.0,
    "TTO": 13.0,
    "Tastr": 0.1557632398753894,
    "Tcorrdastr": 0.09909321860385803,
    "Tcorrdastrrank": 28,
    "Tcorrdeff": 101.77918878029476,
    "Tcorrdeffrank": 159,
    "Tcorrdefgp": 0.49160341534159074,
    "Tcorrdefgprank": 146,
    "Tcorrdftr": 0.3214431190646053,
    "Tcorrdftrrank": 128,
    "Tcorrdorbp": 0.2966239072467267,
    "Tcorrdorbprank": 199,
    "Tcorrdtovr": 0.16032133583472838,
    "Tcorrdtovrrank": 186,
    "Tcorroastr": 0.14409095869373115,
    "Tcorroastrrank": 97,
    "Tcorroeff": 118.16385058498271,
    "Tcorroeffrank": 9,
    "Tcorroefgp": 0.5694677313954345,
    "Tcorroefgprank": 25,
    "Tcorroftr": 0.49816397273581253,
    "Tcorroftrrank": 17,
    "Tcorroorbp": 0.3471391089891868,
    "Tcorroorbprank": 27,
    "Tcorrotovr": 0.1525122377625237,
    "Tcorrotovrrank": 189,
    "Teff": 140.52462526766595,
    "Tefgp": 0.6491228070175439,
    "Tftr": 0.6666666666666666,
    "Tneteff": 16.38466180468795,
    "Tneteffrank": 44,
    "Torbp": 0.4444444444444444,
    "Tposs": 74.72,
    "Ttovr": 0.14990774907749077,
    "closses": 0,
    "confplace": 1,
    "cwins": 0,
    "dates": [
        [
            11,
            6
        ]
    ],
    "geff": [
        [
            140.52462526766595,
            99.5092693565976
        ]
    ],
    "losses": 0,
    "nOT": [
        0
    ],
    "pace": 60.326676659586184,
    "poss": [
        [
            74.72,
            73.36
        ]
    ],
    "preseason_pace": 71.88510047717133,
    "preseason_pred": 22.025204493038096,
    "preseason_predd": 91.11425253704014,
    "preseason_predo": 113.13945703007823,
    "schedule": [
        "morehead-state"
    ],
    "scores": [
        [
            105,
            73
        ]
    ],
    "wins": 1
}