{
    "CompRank": 13,
    "CompositeDef": 91.15872073305925,
    "CompositeOff": 114.00106687454819,
    "CompositePace": 72.30461289612111,
    "CompositeRating": 22.84234614148895,
    "HA": [
        "H",
        "H"
    ],
    "OAst": 17.0,
    "OAvgCompRat": -9.614167762351924,
    "OBlk": 5.0,
    "ODR": 35.0,
    "OFGA": 115.0,
    "OFGA3": 49.0,
    "OFGM": 54.0,
    "OFGM3": 17.0,
    "OFTA": 45.0,
    "OFTM": 28.0,
    "OOR": 15.0,
    "OPF": 49.0,
    "OScore": 153.0,
    "OStl": 14.0,
    "OTO": 27.0,
    "Oastr": 0.09507829977628635,
    "Ocomprank": 270,
    "Ocorrdastr": 0.11822289406122663,
    "Ocorrdeff": 117.98720454841015,
    "Ocorrdeffrank": 333,
    "Ocorrdefgp": 0.5415926791268346,
    "Ocorrdftr": 0.427242413554325,
    "Ocorrdorbp": 0.31372262390214256,
    "Ocorrdtovr": 0.12811634563419638,
    "Ocorroastr": 0.16707305266729028,
    "Ocorroeff": 117.35030164149245,
    "Ocorroeffrank": 31,
    "Ocorroefgp": 0.558425475719454,
    "Ocorroftr": 0.30843279158252906,
    "Ocorroorbp": 0.20961689257459792,
    "Ocorrotovr": 0.13578518467023076,
    "Oeff": 104.2234332425068,
    "Oefgp": 0.5434782608695652,
    "Oftr": 0.391304347826087,
    "Oneteff": -0.6369029069176975,
    "Oneteffrank": 183,
    "Oorbp": 0.234375,
    "Oposs": 146.8,
    "Otovr": 0.1668726823238566,
    "SoR": 35.70027042026332,
    "SoRrank": 61,
    "TAst": 26.0,
    "TBlk": 9.0,
    "TDR": 49.0,
    "TFGA": 121.0,
    "TFGA3": 46.0,
    "TFGM": 65.0,
    "TFGM3": 23.0,
    "TFTA": 65.0,
    "TFTM": 54.0,
    "TOR": 25.0,
    "TPF": 35.0,
    "TScore": 207.0,
    "TStl": 19.0,
    "TTO": 24.0,
    "Tastr": 0.13026052104208416,
    "Tcorrdastr": 0.07855571531065896,
    "Tcorrdastrrank": 11,
    "Tcorrdeff": 91.5639371692833,
    "Tcorrdeffrank": 69,
    "Tcorrdefgp": 0.48716542102392746,
    "Tcorrdefgprank": 177,
    "Tcorrdftr": 0.45178570366094156,
    "Tcorrdftrrank": 275,
    "Tcorrdorbp": 0.3159121602097341,
    "Tcorrdorbprank": 239,
    "Tcorrdtovr": 0.18993269198296692,
    "Tcorrdtovrrank": 76,
    "Tcorroastr": 0.1486729756599875,
    "Tcorroastrrank": 123,
    "Tcorroeff": 121.85248658228066,
    "Tcorroeffrank": 27,
    "Tcorroefgp": 0.5830776832475353,
    "Tcorroefgprank": 38,
    "Tcorroftr": 0.45940340410795477,
    "Tcorroftrrank": 73,
    "Tcorroorbp": 0.3864600593222693,
    "Tcorroorbprank": 49,
    "Tcorrotovr": 0.16589037309321905,
    "Tcorrotovrrank": 233,
    "Teff": 139.30013458950202,
    "Tefgp": 0.6322314049586777,
    "Tftr": 0.5371900826446281,
    "Tneteff": 30.288549412997355,
    "Tneteffrank": 20,
    "Torbp": 0.4166666666666667,
    "Tposs": 148.6,
    "Ttovr": 0.1382488479262673,
    "closses": 0,
    "confplace": 1,
    "cwins": 0,
    "dates": [
        [
            11,
            6
        ],
        [
            11,
            10
        ]
    ],
    "geff": [
        [
            140.52462526766595,
            99.5092693565976
        ],
        [
            138.06172171088252,
            108.93246187363835
        ]
    ],
    "losses": 0,
    "nOT": [
        0,
        0
    ],
    "pace": 76.127419813801,
    "poss": [
        [
            74.72,
            73.36
        ],
        [
            73.88,
            73.44
        ]
    ],
    "preseason_pace": 71.88510047717133,
    "preseason_pred": 22.025204493038096,
    "preseason_predd": 91.11425253704014,
    "preseason_predo": 113.13945703007823,
    "schedule": [
        "morehead-state",
        "indiana-state"
    ],
    "scores": [
        [
            105,
            73
        ],
        [
            102,
            80
        ]
    ],
    "wins": 2
}