{
    "CompRank": 7,
    "CompositeDef": 97.04410452005266,
    "CompositeOff": 128.5972161135453,
    "CompositePace": 74.77728919470127,
    "CompositeRating": 31.55311159349266,
    "HA": [
        "H",
        "A",
        "H",
        "N",
        "N",
        "N",
        "H"
    ],
    "OAst": 105.0,
    "OAvgCompRat": 8.306664549064024,
    "OBlk": 15.0,
    "ODR": 161.0,
    "OFGA": 483.0,
    "OFGA3": 167.0,
    "OFGM": 210.0,
    "OFGM3": 55.0,
    "OFTA": 153.0,
    "OFTM": 99.0,
    "OOR": 80.0,
    "OPF": 114.0,
    "OScore": 574.0,
    "OStl": 46.0,
    "OTO": 71.0,
    "Oastr": 0.14456437933693136,
    "Ocomprank": 20,
    "Ocorrdastr": 0.14294886310639107,
    "Ocorrdeff": 100.22421073450536,
    "Ocorrdeffrank": 29,
    "Ocorrdefgp": 0.4814550516515669,
    "Ocorrdftr": 0.3264179802401047,
    "Ocorrdorbp": 0.28103986016503185,
    "Ocorrdtovr": 0.16543770089804974,
    "Ocorroastr": 0.16120093975928843,
    "Ocorroeff": 115.33783123148967,
    "Ocorroeffrank": 18,
    "Ocorroefgp": 0.5354611998124675,
    "Ocorroftr": 0.4014950441609854,
    "Ocorroorbp": 0.3555991743981311,
    "Ocorrotovr": 0.13425198115189668,
    "Oeff": 106.03709450971698,
    "Oefgp": 0.4917184265010352,
    "Oftr": 0.3167701863354037,
    "Oneteff": 15.11362049698431,
    "Oneteffrank": 13,
    "Oorbp": 0.2867383512544803,
    "Oposs": 541.32,
    "Otovr": 0.1142728384729286,
    "SoR": 87.0015729393226,
    "SoRrank": 10,
    "TAst": 129.0,
    "TBlk": 38.0,
    "TDR": 199.0,
    "TFGA": 469.0,
    "TFGA3": 235.0,
    "TFGM": 233.0,
    "TFGM3": 85.0,
    "TFTA": 158.0,
    "TFTM": 118.0,
    "TOR": 71.0,
    "TPF": 133.0,
    "TScore": 669.0,
    "TStl": 52.0,
    "TTO": 75.0,
    "Tastr": 0.17373269406884664,
    "Tcorrdastr": 0.13045594452350764,
    "Tcorrdastrrank": 90,
    "Tcorrdeff": 98.04779954145484,
    "Tcorrdeffrank": 66,
    "Tcorrdefgp": 0.4681391243429252,
    "Tcorrdefgprank": 71,
    "Tcorrdftr": 0.290492295352379,
    "Tcorrdftrrank": 58,
    "Tcorrdorbp": 0.24005787553748126,
    "Tcorrdorbprank": 38,
    "Tcorrdtovr": 0.12879064031285742,
    "Tcorrdtovrrank": 292,
    "Tcorroastr": 0.1770437908347646,
    "Tcorroastrrank": 44,
    "Tcorroeff": 131.29406522606803,
    "Tcorroeffrank": 4,
    "Tcorroefgp": 0.622529959098058,
    "Tcorroefgprank": 5,
    "Tcorroftr": 0.3809478615858647,
    "Tcorroftrrank": 155,
    "Tcorroorbp": 0.3250343611660805,
    "Tcorroorbprank": 112,
    "Tcorrotovr": 0.11168782591888804,
    "Tcorrotovrrank": 15,
    "Teff": 123.31342623313427,
    "Tefgp": 0.5874200426439232,
    "Tftr": 0.3368869936034115,
    "Tneteff": 33.24626568461319,
    "Tneteffrank": 11,
    "Torbp": 0.30603448275862066,
    "Tposs": 542.52,
    "Ttovr": 0.12224540357282566,
    "closses": 0,
    "confplace": 1,
    "cwins": 0,
    "dates": [
        [
            11,
            3
        ],
        [
            11,
            8
        ],
        [
            11,
            13
        ],
        [
            11,
            19
        ],
        [
            11,
            24
        ],
        [
            11,
            25
        ],
        [
            11,
            26
        ]
    ],
    "geff": [
        [
            118.36628511966703,
            82.14096449390567
        ],
        [
            121.63438828530938,
            112.14953271028038
        ],
        [
            112.04481792717085,
            127.71579565472695
        ],
        [
            116.701244813278,
            106.59395141298958
        ],
        [
            107.43174924165824,
            122.67561983471074
        ],
        [
            146.68367346938774,
            98.49663037843443
        ],
        [
            140.1494927923118,
            93.70119729307652
        ]
    ],
    "losses": 2,
    "nOT": [
        0,
        0,
        0,
        0,
        0,
        0,
        0
    ],
    "pace": 75.9701445549718,
    "poss": [
        [
            76.88,
            75.48
        ],
        [
            84.68,
            85.6
        ],
        [
            71.4,
            68.12
        ],
        [
            77.12,
            80.68
        ],
        [
            79.12,
            77.44
        ],
        [
            78.4,
            77.16
        ],
        [
            74.92,
            76.84
        ]
    ],
    "preseason_pace": 73.17372506155299,
    "preseason_pred": 29.276992239174255,
    "preseason_predd": 95.69483000568484,
    "preseason_predo": 124.9718222448591,
    "schedule": [
        "north-dakota",
        "st-johns-ny",
        "purdue",
        "illinois",
        "gonzaga",
        "nevada-las-vegas",
        "maryland"
    ],
    "scores": [
        [
            91,
            62
        ],
        [
            103,
            96
        ],
        [
            80,
            87
        ],
        [
            90,
            86
        ],
        [
            85,
            95
        ],
        [
            115,
            76
        ],
        [
            105,
            72
        ]
    ],
    "wins": 5
}