{
    "CompRank": 182,
    "CompositeDef": 106.44425363061102,
    "CompositeOff": 103.4151016084524,
    "CompositePace": 72.16597057971978,
    "CompositeRating": -3.0291520221586143,
    "HA": [
        "A",
        "A",
        "A",
        "H",
        "H",
        "A",
        "N",
        "H"
    ],
    "OAst": 81.0,
    "OAvgCompRat": -4.904736423060986,
    "OBlk": 40.0,
    "ODR": 211.0,
    "OFGA": 513.0,
    "OFGA3": 157.0,
    "OFGM": 216.0,
    "OFGM3": 45.0,
    "OFTA": 127.0,
    "OFTM": 84.0,
    "OOR": 95.0,
    "OPF": 112.0,
    "OScore": 561.0,
    "OStl": 70.0,
    "OTO": 98.0,
    "Oastr": 0.10830614537091512,
    "Ocomprank": 313,
    "Ocorrdastr": 0.1462778384666657,
    "Ocorrdeff": 105.971227508658,
    "Ocorrdeffrank": 130,
    "Ocorrdefgp": 0.49844366448750504,
    "Ocorrdftr": 0.34830968354172087,
    "Ocorrdorbp": 0.32300848900402446,
    "Ocorrdtovr": 0.14506622472611655,
    "Ocorroastr": 0.13481710025327584,
    "Ocorroeff": 101.55188417334939,
    "Ocorroeffrank": 348,
    "Ocorroefgp": 0.48442166922985425,
    "Ocorroftr": 0.33767788587496755,
    "Ocorroorbp": 0.29719886696499215,
    "Ocorrotovr": 0.15288351951447923,
    "Oeff": 98.09750297265161,
    "Oefgp": 0.4649122807017544,
    "Oftr": 0.2475633528265107,
    "Oneteff": -4.419343335308611,
    "Oneteffrank": 288,
    "Oorbp": 0.3275862068965517,
    "Oposs": 571.88,
    "Otovr": 0.14695297504798466,
    "SoR": 0.0,
    "SoRrank": 208,
    "TAst": 126.0,
    "TBlk": 16.0,
    "TDR": 195.0,
    "TFGA": 476.0,
    "TFGA3": 222.0,
    "TFGM": 201.0,
    "TFGM3": 61.0,
    "TFTA": 119.0,
    "TFTM": 93.0,
    "TOR": 71.0,
    "TPF": 118.0,
    "TScore": 556.0,
    "TStl": 58.0,
    "TTO": 102.0,
    "Tastr": 0.16658733936220846,
    "Tcorrdastr": 0.11770753789768751,
    "Tcorrdastrrank": 29,
    "Tcorrdeff": 103.6048467135694,
    "Tcorrdeffrank": 120,
    "Tcorrdefgp": 0.4900299221967174,
    "Tcorrdefgprank": 115,
    "Tcorrdftr": 0.26368425291063946,
    "Tcorrdftrrank": 28,
    "Tcorrdorbp": 0.3322617144694804,
    "Tcorrdorbprank": 277,
    "Tcorrdtovr": 0.14511061249273707,
    "Tcorrdtovrrank": 210,
    "Tcorroastr": 0.16704934673365834,
    "Tcorroastrrank": 73,
    "Tcorroeff": 100.6753978049883,
    "Tcorroeffrank": 263,
    "Tcorroefgp": 0.49871980997021476,
    "Tcorroefgprank": 214,
    "Tcorroftr": 0.2589265681288121,
    "Tcorroftrrank": 342,
    "Tcorroorbp": 0.23553254042905936,
    "Tcorroorbprank": 333,
    "Tcorrotovr": 0.1682037947706378,
    "Tcorrotovrrank": 285,
    "Teff": 99.39931350114416,
    "Tefgp": 0.48634453781512604,
    "Tftr": 0.25,
    "Tneteff": -2.929448908581108,
    "Tneteffrank": 195,
    "Torbp": 0.25177304964539005,
    "Tposs": 559.36,
    "Ttovr": 0.16181229773462782,
    "closses": 0,
    "confplace": 2,
    "cwins": 0,
    "dates": [
        [
            11,
            3
        ],
        [
            11,
            10
        ],
        [
            11,
            14
        ],
        [
            11,
            19
        ],
        [
            11,
            22
        ],
        [
            11,
            26
        ],
        [
            11,
            28
        ],
        [
            12,
            7
        ]
    ],
    "geff": [
        [
            109.76314269208551,
            127.42382271468144
        ],
        [
            93.45794392523364,
            74.60661964188823
        ],
        [
            82.01058201058201,
            131.1647429171039
        ],
        [
            85.37279453614114,
            71.03064066852367
        ],
        [
            109.44340212632895,
            77.38095238095238
        ],
        [
            111.62079510703363,
            108.56977417486972
        ],
        [
            92.5,
            103.95277207392196
        ],
        [
            115.96385542168673,
            86.31512868801005
        ]
    ],
    "losses": 4,
    "nOT": [
        0,
        0,
        0,
        0,
        0,
        0,
        0,
        0
    ],
    "pace": 72.59763008827747,
    "poss": [
        [
            69.24,
            72.2
        ],
        [
            68.48,
            73.72
        ],
        [
            75.6,
            76.24
        ],
        [
            70.28,
            71.8
        ],
        [
            63.96,
            67.2
        ],
        [
            65.4,
            69.08
        ],
        [
            80.0,
            77.92
        ],
        [
            66.4,
            63.72
        ]
    ],
    "preseason_pace": 71.40804990625772,
    "preseason_pred": -3.2042137304977203,
    "preseason_predd": 111.42976920511482,
    "preseason_predo": 108.22555547461711,
    "schedule": [
        "charlotte",
        "southern-illinois-edwardsville",
        "duke",
        "louisiana-tech",
        "ball-state",
        "louisiana-tech",
        "alcorn-state",
        "southern-indiana"
    ],
    "scores": [
        [
            76,
            92
        ],
        [
            64,
            55
        ],
        [
            62,
            100
        ],
        [
            60,
            51
        ],
        [
            70,
            52
        ],
        [
            73,
            75
        ],
        [
            74,
            81
        ],
        [
            77,
            55
        ]
    ],
    "wins": 4
}