{
    "CompRank": 338,
    "CompositeDef": 112.50198566065207,
    "CompositeOff": 94.89130501102377,
    "CompositePace": 69.60153092581112,
    "CompositeRating": -17.61068064962828,
    "HA": [
        "A",
        "H",
        "A",
        "H",
        "A",
        "A",
        "H",
        "A",
        "A",
        "A",
        "H"
    ],
    "OAst": 154.0,
    "OAvgCompRat": -2.241701599499948,
    "OBlk": 40.0,
    "ODR": 279.0,
    "OFGA": 662.0,
    "OFGA3": 224.0,
    "OFGM": 296.0,
    "OFGM3": 82.0,
    "OFTA": 272.0,
    "OFTM": 184.0,
    "OOR": 138.0,
    "OPF": 187.0,
    "OScore": 858.0,
    "OStl": 79.0,
    "OTO": 120.0,
    "Oastr": 0.14587753864807518,
    "Ocomprank": 269,
    "Ocorrdastr": 0.14757770026893888,
    "Ocorrdeff": 105.43146047312744,
    "Ocorrdeffrank": 295,
    "Ocorrdefgp": 0.5194994192597795,
    "Ocorrdftr": 0.34149735886248656,
    "Ocorrdorbp": 0.2850987798335601,
    "Ocorrdtovr": 0.14844605149549697,
    "Ocorroastr": 0.1359457575419244,
    "Ocorroeff": 102.67030040283781,
    "Ocorroeffrank": 236,
    "Ocorroefgp": 0.49072865361236107,
    "Ocorroftr": 0.31845830297143063,
    "Ocorroorbp": 0.26338217578270035,
    "Ocorrotovr": 0.15046945510913468,
    "Oeff": 112.35072281583909,
    "Oefgp": 0.5090634441087614,
    "Oftr": 0.4108761329305136,
    "Oneteff": -2.761160070289634,
    "Oneteffrank": 271,
    "Oorbp": 0.36507936507936506,
    "Oposs": 763.6800000000001,
    "Otovr": 0.13308490817141336,
    "SoR": 0.0,
    "SoRrank": 211,
    "TAst": 118.0,
    "TBlk": 36.0,
    "TDR": 240.0,
    "TFGA": 623.0,
    "TFGA3": 265.0,
    "TFGM": 247.0,
    "TFGM3": 84.0,
    "TFTA": 228.0,
    "TFTM": 160.0,
    "TOR": 88.0,
    "TPF": 212.0,
    "TScore": 738.0,
    "TStl": 64.0,
    "TTO": 131.0,
    "Tastr": 0.12135922330097086,
    "Tcorrdastr": 0.1516165189711647,
    "Tcorrdastrrank": 260,
    "Tcorrdeff": 113.21983891831486,
    "Tcorrdeffrank": 333,
    "Tcorrdefgp": 0.5193536585697326,
    "Tcorrdefgprank": 238,
    "Tcorrdftr": 0.42847643575904004,
    "Tcorrdftrrank": 329,
    "Tcorrdorbp": 0.38360864263509586,
    "Tcorrdorbprank": 361,
    "Tcorrdtovr": 0.13281906996283666,
    "Tcorrdtovrrank": 290,
    "Tcorroastr": 0.11632580966577415,
    "Tcorroastrrank": 316,
    "Tcorroeff": 94.52134598136026,
    "Tcorroeffrank": 305,
    "Tcorroefgp": 0.4472642014258116,
    "Tcorroefgprank": 323,
    "Tcorroftr": 0.357263781129325,
    "Tcorroftrrank": 116,
    "Tcorroorbp": 0.23335776076609768,
    "Tcorroorbprank": 294,
    "Tcorrotovr": 0.15507247059526616,
    "Tcorrotovrrank": 224,
    "Teff": 96.30441590980269,
    "Tefgp": 0.463884430176565,
    "Tftr": 0.36597110754414125,
    "Tneteff": -18.698492936954608,
    "Tneteffrank": 340,
    "Torbp": 0.23978201634877383,
    "Tposs": 766.32,
    "Ttovr": 0.15333832755876017,
    "closses": 0,
    "confplace": 1,
    "cwins": 0,
    "dates": [
        [
            11,
            6
        ],
        [
            11,
            11
        ],
        [
            11,
            16
        ],
        [
            11,
            20
        ],
        [
            11,
            25
        ],
        [
            11,
            29
        ],
        [
            12,
            2
        ],
        [
            12,
            6
        ],
        [
            12,
            9
        ],
        [
            12,
            16
        ],
        [
            12,
            31
        ]
    ],
    "geff": [
        [
            75.1503006012024,
            130.3562209602478
        ],
        [
            73.12614259597807,
            119.12325285895805
        ],
        [
            105.18731988472622,
            123.8610478359909
        ],
        [
            110.83743842364532,
            97.24473257698543
        ],
        [
            85.51307847082495,
            102.49839846252402
        ],
        [
            97.42120343839542,
            125.07271669575334
        ],
        [
            95.23809523809523,
            96.62493195427326
        ],
        [
            108.10810810810811,
            113.83796570076878
        ],
        [
            90.65765212046712,
            121.98706643151087
        ],
        [
            118.6987104337632,
            135.50548112058465
        ],
        [
            98.29059829059828,
            72.68239166209544
        ]
    ],
    "losses": 8,
    "nOT": [
        0,
        0,
        0,
        0,
        0,
        0,
        0,
        0,
        0,
        0,
        0
    ],
    "pace": 70.25889285352248,
    "poss": [
        [
            79.84,
            77.48
        ],
        [
            65.64,
            62.96000000000001
        ],
        [
            69.4,
            70.24
        ],
        [
            73.08,
            74.03999999999999
        ],
        [
            59.64,
            62.44
        ],
        [
            69.8,
            68.76
        ],
        [
            71.4,
            73.48
        ],
        [
            74.0,
            67.64
        ],
        [
            65.08,
            68.04
        ],
        [
            68.24,
            65.68
        ],
        [
            70.2,
            72.92
        ]
    ],
    "preseason_pace": 67.41934181050044,
    "preseason_pred": -13.999561671123871,
    "preseason_predd": 110.11898856388392,
    "preseason_predo": 96.11942689276005,
    "schedule": [
        "miami-fl",
        "saint-peters",
        "american",
        "delaware-state",
        "wagner",
        "george-mason",
        "fairleigh-dickinson",
        "fordham",
        "wake-forest",
        "niagara",
        "morgan-state"
    ],
    "scores": [
        [
            60,
            101
        ],
        [
            48,
            75
        ],
        [
            73,
            87
        ],
        [
            81,
            72
        ],
        [
            51,
            64
        ],
        [
            68,
            86
        ],
        [
            68,
            71
        ],
        [
            80,
            77
        ],
        [
            59,
            83
        ],
        [
            81,
            89
        ],
        [
            69,
            53
        ]
    ],
    "wins": 3
}