{
    "CompRank": 111,
    "CompositeDef": 107.09800628858872,
    "CompositeOff": 111.752264287968,
    "CompositePace": 72.38635454901367,
    "CompositeRating": 4.654257999379284,
    "HA": [
        "N",
        "H",
        "A",
        "H",
        "H",
        "N",
        "N",
        "N"
    ],
    "OAst": 98.0,
    "OAvgCompRat": -1.2940142800685694,
    "OBlk": 26.0,
    "ODR": 172.0,
    "OFGA": 536.0,
    "OFGA3": 131.0,
    "OFGM": 238.0,
    "OFGM3": 43.0,
    "OFTA": 168.0,
    "OFTM": 125.0,
    "OOR": 101.0,
    "OPF": 151.0,
    "OScore": 644.0,
    "OStl": 67.0,
    "OTO": 103.0,
    "Oastr": 0.12085039214719086,
    "Ocomprank": 189,
    "Ocorrdastr": 0.1610449848221468,
    "Ocorrdeff": 109.82734956399459,
    "Ocorrdeffrank": 284,
    "Ocorrdefgp": 0.5265492673741261,
    "Ocorrdftr": 0.39140616638189113,
    "Ocorrdorbp": 0.31421720420991994,
    "Ocorrdtovr": 0.16221819741463056,
    "Ocorroastr": 0.14596440703669686,
    "Ocorroeff": 106.25359272483321,
    "Ocorroeffrank": 196,
    "Ocorroefgp": 0.5198358987121521,
    "Ocorroftr": 0.3442914234029298,
    "Ocorroorbp": 0.2877396838590944,
    "Ocorrotovr": 0.15699607046880235,
    "Oeff": 105.24251536148518,
    "Oefgp": 0.4841417910447761,
    "Oftr": 0.31343283582089554,
    "Oneteff": -3.5737568391613763,
    "Oneteffrank": 249,
    "Oorbp": 0.3389261744966443,
    "Oposs": 611.92,
    "Otovr": 0.1444762385681423,
    "SoR": 8.283025464649207,
    "SoRrank": 130,
    "TAst": 127.0,
    "TBlk": 29.0,
    "TDR": 197.0,
    "TFGA": 497.0,
    "TFGA3": 233.0,
    "TFGM": 237.0,
    "TFGM3": 85.0,
    "TFTA": 209.0,
    "TFTM": 156.0,
    "TOR": 87.0,
    "TPF": 145.0,
    "TScore": 715.0,
    "TStl": 53.0,
    "TTO": 100.0,
    "Tastr": 0.15564488455316436,
    "Tcorrdastr": 0.12032647835444997,
    "Tcorrdastrrank": 46,
    "Tcorrdeff": 105.56548838246323,
    "Tcorrdeffrank": 159,
    "Tcorrdefgp": 0.4747774235021456,
    "Tcorrdefgprank": 85,
    "Tcorrdftr": 0.33874500127880264,
    "Tcorrdftrrank": 140,
    "Tcorrdorbp": 0.3499194981466806,
    "Tcorrdorbprank": 302,
    "Tcorrdtovr": 0.13931670014820313,
    "Tcorrdtovrrank": 238,
    "Tcorroastr": 0.1406831632840209,
    "Tcorroastrrank": 201,
    "Tcorroeff": 115.36551539849259,
    "Tcorroeffrank": 79,
    "Tcorroefgp": 0.5450660614052111,
    "Tcorroefgprank": 88,
    "Tcorroftr": 0.4005690385533342,
    "Tcorroftrrank": 120,
    "Tcorroorbp": 0.3182423287961657,
    "Tcorroorbprank": 127,
    "Tcorrotovr": 0.13530385799224184,
    "Tcorrotovrrank": 105,
    "Teff": 118.77865638912884,
    "Tefgp": 0.562374245472837,
    "Tftr": 0.42052313883299797,
    "Tneteff": 9.800027016029361,
    "Tneteffrank": 100,
    "Torbp": 0.3359073359073359,
    "Tposs": 601.96,
    "Ttovr": 0.14514630747793775,
    "closses": 0,
    "confplace": 1,
    "cwins": 0,
    "dates": [
        [
            11,
            3
        ],
        [
            11,
            7
        ],
        [
            11,
            11
        ],
        [
            11,
            15
        ],
        [
            11,
            18
        ],
        [
            11,
            23
        ],
        [
            11,
            24
        ],
        [
            11,
            25
        ]
    ],
    "geff": [
        [
            106.89134808853119,
            95.15570934256056
        ],
        [
            133.33333333333334,
            75.71933366986372
        ],
        [
            112.95928500496524,
            124.08759124087591
        ],
        [
            133.4231805929919,
            101.64693772516726
        ],
        [
            136.67076167076166,
            102.96789824348879
        ],
        [
            116.37239165329052,
            118.54583772391992
        ],
        [
            78.49293563579278,
            94.36401240951396
        ],
        [
            136.4411597498579,
            130.99834528405958
        ]
    ],
    "losses": 3,
    "nOT": [
        0,
        0,
        0,
        0,
        0,
        0,
        0,
        0
    ],
    "pace": 75.89294172871087,
    "poss": [
        [
            79.52,
            80.92
        ],
        [
            81.0,
            79.24
        ],
        [
            80.56,
            82.2
        ],
        [
            74.2,
            77.72
        ],
        [
            65.12,
            66.04
        ],
        [
            74.76,
            75.92
        ],
        [
            76.44,
            77.36
        ],
        [
            70.36,
            72.52
        ]
    ],
    "preseason_pace": 66.22938391799528,
    "preseason_pred": -4.380837119018656,
    "preseason_predd": 109.78884705654568,
    "preseason_predo": 105.40800993752701,
    "schedule": [
        "nebraska-omaha",
        "mississippi-valley-state",
        "southern-methodist",
        "nicholls-state",
        "arkansas-little-rock",
        "middle-tennessee",
        "mcneese-state",
        "george-washington"
    ],
    "scores": [
        [
            85,
            77
        ],
        [
            108,
            60
        ],
        [
            91,
            102
        ],
        [
            99,
            79
        ],
        [
            89,
            68
        ],
        [
            87,
            90
        ],
        [
            60,
            73
        ],
        [
            96,
            95
        ]
    ],
    "wins": 5
}