{
    "CompRank": 106,
    "CompositeDef": 102.76168892718374,
    "CompositeOff": 108.69376436212946,
    "CompositePace": 66.19082182178512,
    "CompositeRating": 5.932075434945703,
    "HA": [
        "A",
        "A",
        "H",
        "H",
        "N",
        "H",
        "H",
        "A"
    ],
    "OAst": 63.0,
    "OAvgCompRat": -2.445704655949761,
    "OBlk": 32.0,
    "ODR": 179.0,
    "OFGA": 470.0,
    "OFGA3": 147.0,
    "OFGM": 200.0,
    "OFGM3": 40.0,
    "OFTA": 155.0,
    "OFTM": 109.0,
    "OOR": 67.0,
    "OPF": 148.0,
    "OScore": 549.0,
    "OStl": 48.0,
    "OTO": 81.0,
    "Oastr": 0.09234828496042216,
    "Ocomprank": 266,
    "Ocorrdastr": 0.1396570241386737,
    "Ocorrdeff": 105.45678749605479,
    "Ocorrdeffrank": 209,
    "Ocorrdefgp": 0.48900443327087295,
    "Ocorrdftr": 0.36747017210254623,
    "Ocorrdorbp": 0.28961278488860187,
    "Ocorrdtovr": 0.13882027176144462,
    "Ocorroastr": 0.13873397147697047,
    "Ocorroeff": 102.68331982525432,
    "Ocorroeffrank": 277,
    "Ocorroefgp": 0.49983334081996017,
    "Ocorroftr": 0.33355217824693034,
    "Ocorroorbp": 0.25989764039536867,
    "Ocorrotovr": 0.14961658211454557,
    "Oeff": 99.42049981890618,
    "Oefgp": 0.46808510638297873,
    "Oftr": 0.32978723404255317,
    "Oneteff": -2.7734676708004713,
    "Oneteffrank": 261,
    "Oorbp": 0.24723247232472326,
    "Oposs": 552.2,
    "Otovr": 0.13081395348837208,
    "SoR": 3.5339262730554766,
    "SoRrank": 112,
    "TAst": 102.0,
    "TBlk": 26.0,
    "TDR": 204.0,
    "TFGA": 437.0,
    "TFGA3": 159.0,
    "TFGM": 203.0,
    "TFGM3": 60.0,
    "TFTA": 195.0,
    "TFTM": 135.0,
    "TOR": 64.0,
    "TPF": 134.0,
    "TScore": 601.0,
    "TStl": 50.0,
    "TTO": 92.0,
    "Tastr": 0.14229910714285715,
    "Tcorrdastr": 0.09658287955278001,
    "Tcorrdastrrank": 3,
    "Tcorrdeff": 101.48999593674809,
    "Tcorrdeffrank": 124,
    "Tcorrdefgp": 0.47425328318730176,
    "Tcorrdefgprank": 88,
    "Tcorrdftr": 0.33313182007954006,
    "Tcorrdftrrank": 181,
    "Tcorrdorbp": 0.2696001278183624,
    "Tcorrdorbprank": 142,
    "Tcorrdtovr": 0.13189454076448798,
    "Tcorrdtovrrank": 283,
    "Tcorroastr": 0.14786261236957862,
    "Tcorroastrrank": 156,
    "Tcorroeff": 108.50825187105606,
    "Tcorroeffrank": 116,
    "Tcorroefgp": 0.5524586855643165,
    "Tcorroefgprank": 69,
    "Tcorroftr": 0.4102900279496087,
    "Tcorroftrrank": 54,
    "Tcorroorbp": 0.25839312911021417,
    "Tcorroorbprank": 241,
    "Tcorrotovr": 0.1625246315504155,
    "Tcorrotovrrank": 257,
    "Teff": 109.11401597676108,
    "Tefgp": 0.5331807780320366,
    "Tftr": 0.4462242562929062,
    "Tneteff": 7.018255934307973,
    "Tneteffrank": 103,
    "Torbp": 0.26337448559670784,
    "Tposs": 550.8,
    "Ttovr": 0.14964216005204944,
    "closses": 0,
    "confplace": 1,
    "cwins": 1,
    "dates": [
        [
            11,
            8
        ],
        [
            11,
            16
        ],
        [
            11,
            20
        ],
        [
            11,
            22
        ],
        [
            11,
            26
        ],
        [
            12,
            3
        ],
        [
            12,
            8
        ],
        [
            12,
            14
        ]
    ],
    "geff": [
        [
            94.13067552602438,
            122.9265402843602
        ],
        [
            135.30135301353016,
            95.22455940875497
        ],
        [
            125.0,
            93.32925336597307
        ],
        [
            112.7480457005412,
            114.85680190930786
        ],
        [
            107.27865290602934,
            90.65934065934066
        ],
        [
            94.14225941422593,
            94.89732420659614
        ],
        [
            120.06578947368422,
            87.1137409598948
        ],
        [
            92.18825812712277,
            96.42857142857143
        ]
    ],
    "losses": 3,
    "nOT": [
        0,
        0,
        0,
        0,
        0,
        0,
        0,
        1
    ],
    "pace": 66.04237700243725,
    "poss": [
        [
            72.24,
            67.52
        ],
        [
            65.03999999999999,
            70.36
        ],
        [
            63.2,
            65.36
        ],
        [
            66.52,
            67.04
        ],
        [
            73.64,
            72.8
        ],
        [
            66.92,
            64.28
        ],
        [
            60.8,
            60.84
        ],
        [
            82.44,
            84.0
        ]
    ],
    "preseason_pace": 66.45146567468674,
    "preseason_pred": 4.024927233047615,
    "preseason_predd": 104.99456550846996,
    "preseason_predo": 109.01949274151758,
    "schedule": [
        "pittsburgh",
        "middle-tennessee",
        "maryland-eastern-shore",
        "utah-valley",
        "texas-arlington",
        "evansville",
        "southeast-missouri-state",
        "western-kentucky"
    ],
    "scores": [
        [
            68,
            83
        ],
        [
            88,
            67
        ],
        [
            79,
            61
        ],
        [
            75,
            77
        ],
        [
            79,
            66
        ],
        [
            63,
            61
        ],
        [
            73,
            53
        ],
        [
            76,
            81
        ]
    ],
    "wins": 5
}