{
    "CompRank": 196,
    "CompositeDef": 100.53796031599926,
    "CompositeOff": 98.01033602937338,
    "CompositePace": 68.94592889874764,
    "CompositeRating": -2.5276242866258842,
    "HA": [
        "A",
        "N",
        "N",
        "N",
        "A",
        "H",
        "A",
        "A",
        "H",
        "H"
    ],
    "OAst": 137.0,
    "OAvgCompRat": -1.3044245684149347,
    "OBlk": 19.0,
    "ODR": 250.0,
    "OFGA": 640.0,
    "OFGA3": 256.0,
    "OFGM": 261.0,
    "OFGM3": 73.0,
    "OFTA": 149.0,
    "OFTM": 106.0,
    "OOR": 102.0,
    "OPF": 180.0,
    "OScore": 701.0,
    "OStl": 59.0,
    "OTO": 101.0,
    "Oastr": 0.14519479418372971,
    "Ocomprank": 223,
    "Ocorrdastr": 0.14872133346289718,
    "Ocorrdeff": 103.65329629038692,
    "Ocorrdeffrank": 292,
    "Ocorrdefgp": 0.5024588347825871,
    "Ocorrdftr": 0.3425185562189613,
    "Ocorrdorbp": 0.2805988529412679,
    "Ocorrdtovr": 0.1550912084696941,
    "Ocorroastr": 0.14481023955771816,
    "Ocorroeff": 101.59779300836225,
    "Ocorroeffrank": 168,
    "Ocorroefgp": 0.4979209543793191,
    "Ocorroftr": 0.3210676111658452,
    "Ocorroorbp": 0.27756579294128964,
    "Ocorrotovr": 0.16665291338519284,
    "Oeff": 99.4947201090042,
    "Oefgp": 0.46484375,
    "Oftr": 0.2328125,
    "Oneteff": -2.0555032820246737,
    "Oneteffrank": 236,
    "Oorbp": 0.2857142857142857,
    "Oposs": 704.56,
    "Otovr": 0.1252231700059512,
    "SoR": 2.301331093720016,
    "SoRrank": 145,
    "TAst": 122.0,
    "TBlk": 29.0,
    "TDR": 255.0,
    "TFGA": 583.0,
    "TFGA3": 211.0,
    "TFGM": 252.0,
    "TFGM3": 61.0,
    "TFTA": 201.0,
    "TFTM": 142.0,
    "TOR": 82.0,
    "TPF": 159.0,
    "TScore": 707.0,
    "TStl": 51.0,
    "TTO": 113.0,
    "Tastr": 0.13459247164732357,
    "Tcorrdastr": 0.14233748525879727,
    "Tcorrdastrrank": 193,
    "Tcorrdeff": 98.96051094307272,
    "Tcorrdeffrank": 138,
    "Tcorrdefgp": 0.4679015901268783,
    "Tcorrdefgprank": 75,
    "Tcorrdftr": 0.22882328729498744,
    "Tcorrdftrrank": 35,
    "Tcorrdorbp": 0.27789853886477317,
    "Tcorrdorbprank": 218,
    "Tcorrdtovr": 0.12264092218386159,
    "Tcorrdtovrrank": 351,
    "Tcorroastr": 0.12837521849662156,
    "Tcorroastrrank": 266,
    "Tcorroeff": 98.13293391479465,
    "Tcorroeffrank": 234,
    "Tcorroefgp": 0.4834403790534561,
    "Tcorroefgprank": 242,
    "Tcorroftr": 0.3183847161644747,
    "Tcorroftrrank": 159,
    "Tcorroorbp": 0.23845191873848362,
    "Tcorroorbprank": 266,
    "Tcorrotovr": 0.15147072593181185,
    "Tcorrotovrrank": 107,
    "Teff": 100.64916576504754,
    "Tefgp": 0.48456260720411665,
    "Tftr": 0.34476843910806176,
    "Tneteff": -0.8275770282780712,
    "Tneteffrank": 181,
    "Torbp": 0.2469879518072289,
    "Tposs": 702.44,
    "Ttovr": 0.14405180765896688,
    "closses": 0,
    "confplace": 1,
    "cwins": 2,
    "dates": [
        [
            11,
            7
        ],
        [
            11,
            17
        ],
        [
            11,
            18
        ],
        [
            11,
            20
        ],
        [
            11,
            26
        ],
        [
            12,
            1
        ],
        [
            12,
            4
        ],
        [
            12,
            10
        ],
        [
            12,
            13
        ],
        [
            12,
            16
        ]
    ],
    "geff": [
        [
            93.56081452944413,
            122.90653700702322
        ],
        [
            113.0524152106886,
            100.8682328907048
        ],
        [
            99.30915371329878,
            95.4814416352878
        ],
        [
            103.1065881092662,
            80.17103153393907
        ],
        [
            97.2877358490566,
            108.69565217391303
        ],
        [
            102.04081632653062,
            93.52317141261865
        ],
        [
            106.58914728682171,
            97.43875278396436
        ],
        [
            89.67223252937538,
            104.67233009708738
        ],
        [
            99.6376811594203,
            99.93849938499386
        ],
        [
            99.76525821596245,
            92.19422249539029
        ]
    ],
    "losses": 4,
    "nOT": [
        0,
        0,
        0,
        0,
        0,
        1,
        1,
        0,
        0,
        0
    ],
    "pace": 69.43303957338252,
    "poss": [
        [
            72.68,
            74.04
        ],
        [
            77.84,
            78.32
        ],
        [
            69.48,
            74.36
        ],
        [
            74.68,
            74.84
        ],
        [
            67.84,
            63.480000000000004
        ],
        [
            68.6,
            71.64
        ],
        [
            72.24,
            71.84
        ],
        [
            64.68,
            65.92
        ],
        [
            66.24,
            65.03999999999999
        ],
        [
            68.16,
            65.08
        ]
    ],
    "preseason_pace": 67.60954844707446,
    "preseason_pred": -7.191677121599307,
    "preseason_predd": 104.86566778630527,
    "preseason_predo": 97.67399066470597,
    "schedule": [
        "saint-louis",
        "texas-am",
        "massachusetts",
        "tulsa",
        "chattanooga",
        "illinois-state",
        "valparaiso",
        "bellarmine",
        "chicago-state",
        "austin-peay"
    ],
    "scores": [
        [
            68,
            91
        ],
        [
            88,
            79
        ],
        [
            69,
            71
        ],
        [
            77,
            60
        ],
        [
            66,
            69
        ],
        [
            70,
            67
        ],
        [
            77,
            70
        ],
        [
            58,
            69
        ],
        [
            66,
            65
        ],
        [
            68,
            60
        ]
    ],
    "wins": 6
}