{
    "CompRank": 151,
    "CompositeDef": 104.05894645215231,
    "CompositeOff": 105.33782008163709,
    "CompositePace": 67.08403255159294,
    "CompositeRating": 1.2788736294847731,
    "HA": [
        "H",
        "H",
        "N",
        "N",
        "N",
        "H",
        "H",
        "A",
        "N",
        "N",
        "H",
        "H",
        "H",
        "H",
        "H"
    ],
    "OAst": 192.0,
    "OAvgCompRat": -1.5027831926505544,
    "OBlk": 56.0,
    "ODR": 335.0,
    "OFGA": 890.0,
    "OFGA3": 250.0,
    "OFGM": 381.0,
    "OFGM3": 78.0,
    "OFTA": 262.0,
    "OFTM": 202.0,
    "OOR": 125.0,
    "OPF": 256.0,
    "OScore": 1042.0,
    "OStl": 95.0,
    "OTO": 133.0,
    "Oastr": 0.14433051688366358,
    "Ocomprank": 247,
    "Ocorrdastr": 0.14244529027575237,
    "Ocorrdeff": 104.47664913642717,
    "Ocorrdeffrank": 243,
    "Ocorrdefgp": 0.501921285830697,
    "Ocorrdftr": 0.3546666916944724,
    "Ocorrdorbp": 0.2815480936271157,
    "Ocorrdtovr": 0.16119565540208552,
    "Ocorroastr": 0.14581291358191076,
    "Ocorroeff": 101.94595261978166,
    "Ocorroeffrank": 275,
    "Ocorroefgp": 0.5040014963183087,
    "Ocorroftr": 0.3359391591803048,
    "Ocorroorbp": 0.28823484095041263,
    "Ocorrotovr": 0.15634939705997708,
    "Oeff": 102.83435970314227,
    "Oefgp": 0.47191011235955055,
    "Oftr": 0.2943820224719101,
    "Oneteff": -2.5306965166455058,
    "Oneteffrank": 271,
    "Oorbp": 0.25667351129363447,
    "Oposs": 1013.28,
    "Otovr": 0.11684295603893594,
    "SoR": 0.0,
    "SoRrank": 205,
    "TAst": 174.0,
    "TBlk": 46.0,
    "TDR": 362.0,
    "TFGA": 850.0,
    "TFGA3": 349.0,
    "TFGM": 362.0,
    "TFGM3": 121.0,
    "TFTA": 291.0,
    "TFTM": 212.0,
    "TOR": 143.0,
    "TPF": 242.0,
    "TScore": 1057.0,
    "TStl": 60.0,
    "TTO": 164.0,
    "Tastr": 0.13221482629707304,
    "Tcorrdastr": 0.14006821408600623,
    "Tcorrdastrrank": 173,
    "Tcorrdeff": 104.52174689025995,
    "Tcorrdeffrank": 198,
    "Tcorrdefgp": 0.4693678065447214,
    "Tcorrdefgprank": 72,
    "Tcorrdftr": 0.29024981431949204,
    "Tcorrdftrrank": 101,
    "Tcorrdorbp": 0.24721770225691417,
    "Tcorrdorbprank": 78,
    "Tcorrdtovr": 0.1125041359178079,
    "Tcorrdtovrrank": 356,
    "Tcorroastr": 0.13148385634902707,
    "Tcorroastrrank": 225,
    "Tcorroeff": 104.9432096586476,
    "Tcorroeffrank": 152,
    "Tcorroefgp": 0.49666038540813257,
    "Tcorroefgprank": 193,
    "Tcorroftr": 0.3208783663022158,
    "Tcorroftrrank": 204,
    "Tcorroorbp": 0.2957620281364041,
    "Tcorroorbprank": 120,
    "Tcorrotovr": 0.13406960630426976,
    "Tcorrotovrrank": 74,
    "Teff": 105.80156950672647,
    "Tefgp": 0.4970588235294118,
    "Tftr": 0.3423529411764706,
    "Tneteff": 0.42146276838765573,
    "Tneteffrank": 166,
    "Torbp": 0.29916317991631797,
    "Tposs": 999.04,
    "Ttovr": 0.143602675913278,
    "closses": 2,
    "confplace": 6,
    "cwins": 0,
    "dates": [
        [
            11,
            12
        ],
        [
            11,
            14
        ],
        [
            11,
            19
        ],
        [
            11,
            20
        ],
        [
            11,
            21
        ],
        [
            11,
            25
        ],
        [
            11,
            29
        ],
        [
            12,
            2
        ],
        [
            12,
            9
        ],
        [
            12,
            16
        ],
        [
            12,
            18
        ],
        [
            12,
            22
        ],
        [
            12,
            29
        ],
        [
            1,
            4
        ],
        [
            1,
            6
        ]
    ],
    "geff": [
        [
            112.80315848843767,
            116.57303370786516
        ],
        [
            124.71655328798185,
            88.23529411764706
        ],
        [
            112.09439528023599,
            121.53759185980779
        ],
        [
            109.31558935361217,
            111.11111111111111
        ],
        [
            91.48170365926813,
            87.41258741258741
        ],
        [
            95.71428571428571,
            68.75365710942071
        ],
        [
            125.55803571428571,
            85.18117901568417
        ],
        [
            85.30942741469057,
            112.51541307028361
        ],
        [
            112.13341000575043,
            103.76314333148865
        ],
        [
            89.17775090689238,
            105.78718108276291
        ],
        [
            113.90887290167866,
            79.23033389926428
        ],
        [
            110.56105610561056,
            121.1734693877551
        ],
        [
            107.9136690647482,
            134.81228668941978
        ],
        [
            87.6923076923077,
            104.3585021485574
        ],
        [
            106.8090787716956,
            112.65738899933731
        ]
    ],
    "losses": 9,
    "nOT": [
        0,
        0,
        0,
        0,
        0,
        0,
        0,
        0,
        0,
        0,
        0,
        0,
        0,
        0,
        0
    ],
    "pace": 66.97741103499453,
    "poss": [
        [
            70.92,
            71.2
        ],
        [
            70.56,
            74.8
        ],
        [
            67.8,
            70.76
        ],
        [
            63.12,
            66.6
        ],
        [
            66.68,
            68.64
        ],
        [
            70.0,
            68.36
        ],
        [
            71.68,
            73.96
        ],
        [
            69.16,
            64.88
        ],
        [
            69.56,
            72.28
        ],
        [
            66.16,
            64.28
        ],
        [
            66.72,
            70.68
        ],
        [
            60.6,
            62.72
        ],
        [
            61.16,
            58.6
        ],
        [
            65.0,
            65.16
        ],
        [
            59.92,
            60.36
        ]
    ],
    "preseason_pace": 67.75174979929047,
    "preseason_pred": 6.648409147105471,
    "preseason_predd": 101.16065870850329,
    "preseason_predo": 107.80906785560876,
    "schedule": [
        "yale",
        "jackson-state",
        "stephen-f-austin",
        "oakland",
        "florida-international",
        "texas-el-paso",
        "central-arkansas",
        "nevada",
        "nevada-las-vegas",
        "california-santa-barbara",
        "detroit-mercy",
        "colorado-state",
        "tarleton-state",
        "santa-clara",
        "saint-marys-ca"
    ],
    "scores": [
        [
            80,
            83
        ],
        [
            88,
            66
        ],
        [
            76,
            86
        ],
        [
            69,
            74
        ],
        [
            61,
            60
        ],
        [
            67,
            47
        ],
        [
            90,
            63
        ],
        [
            59,
            73
        ],
        [
            78,
            75
        ],
        [
            59,
            68
        ],
        [
            76,
            56
        ],
        [
            67,
            76
        ],
        [
            66,
            79
        ],
        [
            57,
            68
        ],
        [
            64,
            68
        ]
    ],
    "wins": 6
}