{
    "CompRank": 141,
    "CompositeDef": 101.36206671863013,
    "CompositeOff": 103.1223618167707,
    "CompositePace": 68.18520577120832,
    "CompositeRating": 1.7602950981405618,
    "HA": [
        "H",
        "A",
        "H",
        "N",
        "N",
        "A",
        "H",
        "H",
        "H",
        "H",
        "H",
        "A",
        "A",
        "H"
    ],
    "OAst": 176.0,
    "OAvgCompRat": 1.80380130066422,
    "OBlk": 25.0,
    "ODR": 362.0,
    "OFGA": 844.0,
    "OFGA3": 311.0,
    "OFGM": 352.0,
    "OFGM3": 100.0,
    "OFTA": 233.0,
    "OFTM": 175.0,
    "OOR": 131.0,
    "OPF": 189.0,
    "OScore": 979.0,
    "OStl": 76.0,
    "OTO": 143.0,
    "Oastr": 0.139073266325305,
    "Ocomprank": 94,
    "Ocorrdastr": 0.13992635171396933,
    "Ocorrdeff": 104.82964111934196,
    "Ocorrdeffrank": 164,
    "Ocorrdefgp": 0.5039092108432659,
    "Ocorrdftr": 0.3159749167674924,
    "Ocorrdorbp": 0.2741921327977617,
    "Ocorrdtovr": 0.1499039099563923,
    "Ocorroastr": 0.15570792183999754,
    "Ocorroeff": 107.22865024016242,
    "Ocorroeffrank": 89,
    "Ocorroefgp": 0.5290640046429546,
    "Ocorroftr": 0.3254694409312929,
    "Ocorroorbp": 0.28911867333617447,
    "Ocorrotovr": 0.15199915474340037,
    "Oeff": 102.13662730042148,
    "Oefgp": 0.476303317535545,
    "Oftr": 0.27606635071090047,
    "Oneteff": 2.399009120820466,
    "Oneteffrank": 115,
    "Oorbp": 0.2668024439918534,
    "Oposs": 958.52,
    "Otovr": 0.13125045891768852,
    "SoR": 0.5472909649390956,
    "SoRrank": 134,
    "TAst": 187.0,
    "TBlk": 60.0,
    "TDR": 360.0,
    "TFGA": 829.0,
    "TFGA3": 357.0,
    "TFGM": 353.0,
    "TFGM3": 116.0,
    "TFTA": 220.0,
    "TFTM": 151.0,
    "TOR": 123.0,
    "TPF": 202.0,
    "TScore": 973.0,
    "TStl": 76.0,
    "TTO": 154.0,
    "Tastr": 0.14761604041679824,
    "Tcorrdastr": 0.13003130331270152,
    "Tcorrdastrrank": 73,
    "Tcorrdeff": 100.12692581678498,
    "Tcorrdeffrank": 100,
    "Tcorrdefgp": 0.45599139719728904,
    "Tcorrdefgprank": 40,
    "Tcorrdftr": 0.2839221457894437,
    "Tcorrdftrrank": 85,
    "Tcorrdorbp": 0.2635386030264091,
    "Tcorrdorbprank": 112,
    "Tcorrdtovr": 0.13029779866826838,
    "Tcorrdtovrrank": 301,
    "Tcorroastr": 0.15359323617792559,
    "Tcorroastrrank": 130,
    "Tcorroeff": 102.0079919687232,
    "Tcorroeffrank": 218,
    "Tcorroefgp": 0.4986190574234011,
    "Tcorroefgprank": 197,
    "Tcorroftr": 0.2819476890428083,
    "Tcorroftrrank": 293,
    "Tcorroorbp": 0.26479267674679446,
    "Tcorroorbprank": 242,
    "Tcorrotovr": 0.14351772540317748,
    "Tcorrotovrrank": 131,
    "Teff": 101.69314381270904,
    "Tefgp": 0.4957780458383595,
    "Tftr": 0.26537997587454765,
    "Tneteff": 1.881066151938228,
    "Tneteffrank": 145,
    "Torbp": 0.2536082474226804,
    "Tposs": 956.8,
    "Ttovr": 0.14261900351917023,
    "closses": 2,
    "confplace": 8,
    "cwins": 1,
    "dates": [
        [
            11,
            8
        ],
        [
            11,
            16
        ],
        [
            11,
            22
        ],
        [
            11,
            26
        ],
        [
            11,
            27
        ],
        [
            12,
            4
        ],
        [
            12,
            7
        ],
        [
            12,
            14
        ],
        [
            12,
            18
        ],
        [
            12,
            20
        ],
        [
            12,
            22
        ],
        [
            12,
            28
        ],
        [
            12,
            30
        ],
        [
            1,
            2
        ]
    ],
    "geff": [
        [
            75.39917208752217,
            97.8067575577949
        ],
        [
            102.36447520184545,
            107.9035874439462
        ],
        [
            100.4402861860209,
            106.06060606060606
        ],
        [
            106.53016048699502,
            85.31960996749729
        ],
        [
            107.60613207547169,
            102.69953051643193
        ],
        [
            79.36507936507937,
            121.34502923976608
        ],
        [
            111.03853690398432,
            104.50685826257349
        ],
        [
            108.57142857142857,
            108.69565217391305
        ],
        [
            89.87417615338528,
            88.03885853066181
        ],
        [
            133.23353293413174,
            100.7730535615682
        ],
        [
            125.88862559241707,
            100.0
        ],
        [
            82.48350329934013,
            107.6260762607626
        ],
        [
            79.08847184986595,
            102.58572231590782
        ],
        [
            125.45899632802937,
            96.94850603941512
        ]
    ],
    "losses": 6,
    "nOT": [
        0,
        0,
        0,
        0,
        0,
        0,
        0,
        0,
        0,
        0,
        0,
        0,
        0,
        0
    ],
    "pace": 68.50504465726429,
    "poss": [
        [
            67.64,
            67.48
        ],
        [
            69.36,
            71.36
        ],
        [
            72.68,
            72.6
        ],
        [
            72.28,
            73.84
        ],
        [
            67.84,
            68.16
        ],
        [
            68.03999999999999,
            68.4
        ],
        [
            61.24,
            61.239999999999995
        ],
        [
            70.0,
            69.0
        ],
        [
            66.75999999999999,
            65.88
        ],
        [
            66.8,
            72.44
        ],
        [
            67.52,
            69.0
        ],
        [
            66.68,
            65.04
        ],
        [
            74.6,
            71.16
        ],
        [
            65.36,
            62.92
        ]
    ],
    "preseason_pace": 66.46535881189496,
    "preseason_pred": 1.1108814755248542,
    "preseason_predd": 108.0037022950815,
    "preseason_predo": 109.11458377060634,
    "schedule": [
        "california-irvine",
        "saint-louis",
        "north-dakota",
        "belmont",
        "wyoming",
        "colorado-state",
        "nevada",
        "prairie-view",
        "california-santa-barbara",
        "southern",
        "north-alabama",
        "san-francisco",
        "washington-state",
        "oregon-state"
    ],
    "scores": [
        [
            51,
            66
        ],
        [
            71,
            77
        ],
        [
            73,
            77
        ],
        [
            77,
            63
        ],
        [
            73,
            70
        ],
        [
            54,
            83
        ],
        [
            68,
            64
        ],
        [
            76,
            75
        ],
        [
            60,
            58
        ],
        [
            89,
            73
        ],
        [
            85,
            69
        ],
        [
            55,
            70
        ],
        [
            59,
            73
        ],
        [
            82,
            61
        ]
    ],
    "wins": 8
}