{
    "CompRank": 91,
    "CompositeDef": 100.10640378428593,
    "CompositeOff": 107.66526915102139,
    "CompositePace": 69.16430591657243,
    "CompositeRating": 7.558865366735449,
    "HA": [
        "H",
        "H",
        "A",
        "N",
        "N",
        "H",
        "H",
        "A",
        "H",
        "A"
    ],
    "OAst": 131.0,
    "OAvgCompRat": 1.6448892388187886,
    "OBlk": 24.0,
    "ODR": 227.0,
    "OFGA": 578.0,
    "OFGA3": 202.0,
    "OFGM": 259.0,
    "OFGM3": 67.0,
    "OFTA": 191.0,
    "OFTM": 134.0,
    "OOR": 64.0,
    "OPF": 180.0,
    "OScore": 719.0,
    "OStl": 49.0,
    "OTO": 124.0,
    "Oastr": 0.1428509116287185,
    "Ocomprank": 117,
    "Ocorrdastr": 0.13142196654450433,
    "Ocorrdeff": 99.42367934536053,
    "Ocorrdeffrank": 125,
    "Ocorrdefgp": 0.47837854274291375,
    "Ocorrdftr": 0.34237677639864084,
    "Ocorrdorbp": 0.27201492981818515,
    "Ocorrdtovr": 0.16100857749129968,
    "Ocorroastr": 0.14776968856484135,
    "Ocorroeff": 102.28550044656285,
    "Ocorroeffrank": 132,
    "Ocorroefgp": 0.506889831566402,
    "Ocorroftr": 0.32787911596154173,
    "Ocorroorbp": 0.26508094734436727,
    "Ocorrotovr": 0.15455983684766478,
    "Oeff": 99.57897069414437,
    "Oefgp": 0.5060553633217993,
    "Oftr": 0.3304498269896194,
    "Oneteff": 2.861821101202324,
    "Oneteffrank": 120,
    "Oorbp": 0.20846905537459284,
    "Oposs": 722.04,
    "Otovr": 0.15775278611775484,
    "SoR": 28.82389003254582,
    "SoRrank": 85,
    "TAst": 115.0,
    "TBlk": 20.0,
    "TDR": 243.0,
    "TFGA": 597.0,
    "TFGA3": 273.0,
    "TFGM": 271.0,
    "TFGM3": 98.0,
    "TFTA": 166.0,
    "TFTM": 114.0,
    "TOR": 81.0,
    "TPF": 198.0,
    "TScore": 754.0,
    "TStl": 66.0,
    "TTO": 118.0,
    "Tastr": 0.12734762579730688,
    "Tcorrdastr": 0.13649681077876966,
    "Tcorrdastrrank": 156,
    "Tcorrdeff": 98.24376491136726,
    "Tcorrdeffrank": 132,
    "Tcorrdefgp": 0.49950977013761866,
    "Tcorrdefgprank": 178,
    "Tcorrdftr": 0.3203215958700288,
    "Tcorrdftrrank": 213,
    "Tcorrdorbp": 0.21279045827620882,
    "Tcorrdorbprank": 36,
    "Tcorrdtovr": 0.16669241894353265,
    "Tcorrdtovrrank": 151,
    "Tcorroastr": 0.13675227820577987,
    "Tcorroastrrank": 200,
    "Tcorroeff": 108.26653775533312,
    "Tcorroeffrank": 64,
    "Tcorroefgp": 0.5608603885331386,
    "Tcorroefgprank": 33,
    "Tcorroftr": 0.2586709383936035,
    "Tcorroftrrank": 297,
    "Tcorroorbp": 0.2622599267055303,
    "Tcorroorbprank": 204,
    "Tcorrotovr": 0.15174772210594364,
    "Tcorrotovrrank": 114,
    "Teff": 106.64177415704911,
    "Tefgp": 0.5360134003350083,
    "Tftr": 0.2780569514237856,
    "Tneteff": 10.022772843965853,
    "Tneteffrank": 85,
    "Torbp": 0.262987012987013,
    "Tposs": 707.04,
    "Ttovr": 0.14973859194964723,
    "closses": 0,
    "confplace": 1,
    "cwins": 0,
    "dates": [
        [
            11,
            10
        ],
        [
            11,
            12
        ],
        [
            11,
            15
        ],
        [
            11,
            18
        ],
        [
            11,
            20
        ],
        [
            11,
            23
        ],
        [
            11,
            25
        ],
        [
            11,
            30
        ],
        [
            12,
            3
        ],
        [
            12,
            7
        ]
    ],
    "geff": [
        [
            104.77453580901856,
            106.91657866948258
        ],
        [
            114.43187937533656,
            98.94459102902375
        ],
        [
            93.185789167152,
            107.22041259500541
        ],
        [
            113.75947995666306,
            90.65934065934066
        ],
        [
            98.11416921508665,
            96.94932781799379
        ],
        [
            109.99456816947311,
            104.93179433368311
        ],
        [
            123.07692307692308,
            89.77480219111382
        ],
        [
            105.52913198573127,
            124.2147344374643
        ],
        [
            99.93753903810119,
            81.76100628930817
        ],
        [
            103.9156626506024,
            91.49774774774774
        ]
    ],
    "losses": 3,
    "nOT": [
        0,
        0,
        0,
        0,
        1,
        1,
        0,
        0,
        0,
        0
    ],
    "pace": 69.95505224858965,
    "poss": [
        [
            75.4,
            75.76
        ],
        [
            74.28,
            75.8
        ],
        [
            68.68,
            73.68
        ],
        [
            73.84,
            72.8
        ],
        [
            78.48,
            77.36
        ],
        [
            73.64,
            76.24
        ],
        [
            65.0,
            65.72
        ],
        [
            67.28,
            70.04
        ],
        [
            64.03999999999999,
            63.6
        ],
        [
            66.4,
            71.04
        ]
    ],
    "preseason_pace": 66.99490582873366,
    "preseason_pred": 0.7991740711787845,
    "preseason_predd": 105.21652414894623,
    "preseason_predo": 106.01569822012502,
    "schedule": [
        "california-riverside",
        "california-davis",
        "california-irvine",
        "georgetown",
        "wake-forest",
        "morgan-state",
        "bellarmine",
        "colorado-state",
        "nevada",
        "grand-canyon"
    ],
    "scores": [
        [
            79,
            81
        ],
        [
            85,
            75
        ],
        [
            64,
            79
        ],
        [
            84,
            66
        ],
        [
            77,
            75
        ],
        [
            81,
            80
        ],
        [
            80,
            59
        ],
        [
            71,
            87
        ],
        [
            64,
            52
        ],
        [
            69,
            65
        ]
    ],
    "wins": 7
}