{
    "CompRank": 156,
    "CompositeDef": 100.69277781402471,
    "CompositeOff": 101.60696515650282,
    "CompositePace": 68.38417516021597,
    "CompositeRating": 0.9141873424781016,
    "HA": [
        "A",
        "A",
        "A",
        "N",
        "N",
        "N",
        "A",
        "A",
        "A",
        "H",
        "H"
    ],
    "OAst": 124.0,
    "OAvgCompRat": 4.1377079645533135,
    "OBlk": 35.0,
    "ODR": 269.0,
    "OFGA": 608.0,
    "OFGA3": 207.0,
    "OFGM": 280.0,
    "OFGM3": 79.0,
    "OFTA": 242.0,
    "OFTM": 164.0,
    "OOR": 75.0,
    "OPF": 178.0,
    "OScore": 803.0,
    "OStl": 62.0,
    "OTO": 120.0,
    "Oastr": 0.129371504882731,
    "Ocomprank": 52,
    "Ocorrdastr": 0.14023102403467386,
    "Ocorrdeff": 98.62647286371275,
    "Ocorrdeffrank": 84,
    "Ocorrdefgp": 0.5066287892049147,
    "Ocorrdftr": 0.2963727346072435,
    "Ocorrdorbp": 0.2357604950546426,
    "Ocorrdtovr": 0.16238335000557672,
    "Ocorroastr": 0.1529999448861987,
    "Ocorroeff": 105.15969314735203,
    "Ocorroeffrank": 29,
    "Ocorroefgp": 0.524694943263051,
    "Ocorroftr": 0.29776804365900644,
    "Ocorroorbp": 0.26303343778593535,
    "Ocorrotovr": 0.16023797779762214,
    "Oeff": 105.73023647758993,
    "Oefgp": 0.5254934210526315,
    "Oftr": 0.3980263157894737,
    "Oneteff": 6.533220283639281,
    "Oneteffrank": 47,
    "Oorbp": 0.22522522522522523,
    "Oposs": 759.48,
    "Otovr": 0.1438021282714984,
    "SoR": 10.33960919010929,
    "SoRrank": 110,
    "TAst": 135.0,
    "TBlk": 16.0,
    "TDR": 258.0,
    "TFGA": 671.0,
    "TFGA3": 245.0,
    "TFGM": 293.0,
    "TFGM3": 79.0,
    "TFTA": 158.0,
    "TFTM": 112.0,
    "TOR": 85.0,
    "TPF": 217.0,
    "TScore": 777.0,
    "TStl": 51.0,
    "TTO": 122.0,
    "Tastr": 0.1353356323682733,
    "Tcorrdastr": 0.12024981344349055,
    "Tcorrdastrrank": 41,
    "Tcorrdeff": 101.54675762899898,
    "Tcorrdeffrank": 187,
    "Tcorrdefgp": 0.5015586371845451,
    "Tcorrdefgprank": 186,
    "Tcorrdftr": 0.42006597432165804,
    "Tcorrdftrrank": 335,
    "Tcorrdorbp": 0.23030805983814745,
    "Tcorrdorbprank": 75,
    "Tcorrdtovr": 0.14579224535064367,
    "Tcorrdtovrrank": 271,
    "Tcorroastr": 0.1371601176898359,
    "Tcorroastrrank": 202,
    "Tcorroeff": 102.34527045461705,
    "Tcorroeffrank": 158,
    "Tcorroefgp": 0.4899237632323782,
    "Tcorroefgprank": 221,
    "Tcorroftr": 0.2502097169230595,
    "Tcorroftrrank": 308,
    "Tcorroorbp": 0.2749864507543246,
    "Tcorroorbprank": 159,
    "Tcorrotovr": 0.1413731476866052,
    "Tcorrotovrrank": 55,
    "Teff": 99.93312069142917,
    "Tefgp": 0.49552906110283157,
    "Tftr": 0.23546944858420268,
    "Tneteff": 0.7985128256180758,
    "Tneteffrank": 163,
    "Torbp": 0.2401129943502825,
    "Tposs": 777.52,
    "Ttovr": 0.14144599545517786,
    "closses": 0,
    "confplace": 1,
    "cwins": 0,
    "dates": [
        [
            11,
            7
        ],
        [
            11,
            10
        ],
        [
            11,
            17
        ],
        [
            11,
            21
        ],
        [
            11,
            22
        ],
        [
            11,
            23
        ],
        [
            11,
            30
        ],
        [
            12,
            11
        ],
        [
            12,
            14
        ],
        [
            12,
            20
        ],
        [
            12,
            22
        ]
    ],
    "geff": [
        [
            86.38743455497382,
            104.53850076491587
        ],
        [
            106.91657866948258,
            104.77453580901856
        ],
        [
            75.39917208752217,
            123.60939431396787
        ],
        [
            110.49723756906079,
            98.00965018094091
        ],
        [
            99.26262053318206,
            93.98496240601504
        ],
        [
            109.76314269208548,
            92.96338672768879
        ],
        [
            87.46355685131196,
            99.32762836185819
        ],
        [
            115.0817686250757,
            116.27906976744185
        ],
        [
            92.32954545454545,
            105.27876631079478
        ],
        [
            109.20436817472698,
            127.56516916250692
        ],
        [
            107.28402032749858,
            97.18899521531101
        ]
    ],
    "losses": 5,
    "nOT": [
        0,
        0,
        0,
        0,
        0,
        0,
        0,
        0,
        0,
        1,
        0
    ],
    "pace": 68.66284952032213,
    "poss": [
        [
            76.4,
            78.44
        ],
        [
            75.76,
            75.4
        ],
        [
            67.64,
            64.72
        ],
        [
            65.16,
            66.32
        ],
        [
            70.52000000000001,
            69.16
        ],
        [
            69.24000000000001,
            69.92
        ],
        [
            68.6,
            65.44
        ],
        [
            66.04,
            63.64
        ],
        [
            70.4,
            67.44
        ],
        [
            76.92,
            72.12
        ],
        [
            70.84,
            66.88
        ]
    ],
    "preseason_pace": 67.45908332008308,
    "preseason_pred": 1.2981823092836748,
    "preseason_predd": 97.8578928315313,
    "preseason_predo": 99.15607514081498,
    "schedule": [
        "colorado",
        "loyola-marymount",
        "creighton",
        "weber-state",
        "wright-state",
        "abilene-christian",
        "california-baptist",
        "idaho",
        "oregon",
        "san-diego",
        "portland"
    ],
    "scores": [
        [
            66,
            82
        ],
        [
            81,
            79
        ],
        [
            51,
            80
        ],
        [
            72,
            65
        ],
        [
            70,
            65
        ],
        [
            76,
            65
        ],
        [
            60,
            65
        ],
        [
            76,
            74
        ],
        [
            65,
            71
        ],
        [
            84,
            92
        ],
        [
            76,
            65
        ]
    ],
    "wins": 6
}