{
    "CompRank": 238,
    "CompositeDef": 113.16231913789674,
    "CompositeOff": 105.2287203889228,
    "CompositePace": 69.01284447916419,
    "CompositeRating": -7.933598748973955,
    "HA": [
        "A",
        "A",
        "H",
        "A",
        "A",
        "H",
        "A"
    ],
    "OAst": 84.0,
    "OAvgCompRat": -2.6394462059766024,
    "OBlk": 22.0,
    "ODR": 146.0,
    "OFGA": 429.0,
    "OFGA3": 138.0,
    "OFGM": 196.0,
    "OFGM3": 41.0,
    "OFTA": 148.0,
    "OFTM": 97.0,
    "OOR": 70.0,
    "OPF": 129.0,
    "OScore": 530.0,
    "OStl": 63.0,
    "OTO": 61.0,
    "Oastr": 0.13143071723619978,
    "Ocomprank": 232,
    "Ocorrdastr": 0.15123632191987252,
    "Ocorrdeff": 104.54446709918749,
    "Ocorrdeffrank": 117,
    "Ocorrdefgp": 0.5201252209507479,
    "Ocorrdftr": 0.4015638967275805,
    "Ocorrdorbp": 0.3101496157718561,
    "Ocorrdtovr": 0.1646774661277059,
    "Ocorroastr": 0.13503525095068877,
    "Ocorroeff": 102.5455564127835,
    "Ocorroeffrank": 308,
    "Ocorroefgp": 0.49295709915710895,
    "Ocorroftr": 0.36866666297229056,
    "Ocorroorbp": 0.25762010243958516,
    "Ocorrotovr": 0.16211572651213338,
    "Oeff": 109.25131926121372,
    "Oefgp": 0.5046620046620046,
    "Oftr": 0.34498834498834496,
    "Oneteff": -1.9989106864039883,
    "Oneteffrank": 222,
    "Oorbp": 0.28688524590163933,
    "Oposs": 485.12,
    "Otovr": 0.10988615074218187,
    "SoR": 0.049977510162069194,
    "SoRrank": 225,
    "TAst": 83.0,
    "TBlk": 28.0,
    "TDR": 174.0,
    "TFGA": 362.0,
    "TFGA3": 141.0,
    "TFGM": 175.0,
    "TFGM3": 51.0,
    "TFTA": 147.0,
    "TFTM": 109.0,
    "TOR": 44.0,
    "TPF": 120.0,
    "TScore": 510.0,
    "TStl": 30.0,
    "TTO": 108.0,
    "Tastr": 0.13437378577904416,
    "Tcorrdastr": 0.14173697158176743,
    "Tcorrdastrrank": 165,
    "Tcorrdeff": 113.61360642401772,
    "Tcorrdeffrank": 288,
    "Tcorrdefgp": 0.5218792974730695,
    "Tcorrdefgprank": 217,
    "Tcorrdftr": 0.3424295270157627,
    "Tcorrdftrrank": 159,
    "Tcorrdorbp": 0.33157583580019934,
    "Tcorrdorbprank": 270,
    "Tcorrdtovr": 0.10250782537445212,
    "Tcorrdtovrrank": 358,
    "Tcorroastr": 0.1295645678069393,
    "Tcorroastrrank": 266,
    "Tcorroeff": 106.10781233769953,
    "Tcorroeffrank": 183,
    "Tcorroefgp": 0.54334262305256,
    "Tcorroefgprank": 94,
    "Tcorroftr": 0.3710893889370099,
    "Tcorroftrrank": 169,
    "Tcorroorbp": 0.22293064804009238,
    "Tcorroorbprank": 340,
    "Tcorrotovr": 0.1852654786227368,
    "Tcorrotovrrank": 331,
    "Teff": 103.93739300562484,
    "Tefgp": 0.5538674033149171,
    "Tftr": 0.40607734806629836,
    "Tneteff": -7.50579408631819,
    "Tneteffrank": 239,
    "Torbp": 0.23157894736842105,
    "Tposs": 490.68,
    "Ttovr": 0.20198997531233634,
    "closses": 0,
    "confplace": 1,
    "cwins": 0,
    "dates": [
        [
            11,
            6
        ],
        [
            11,
            11
        ],
        [
            11,
            15
        ],
        [
            11,
            18
        ],
        [
            11,
            21
        ],
        [
            11,
            24
        ],
        [
            11,
            29
        ]
    ],
    "geff": [
        [
            104.4018058690745,
            102.10035005834305
        ],
        [
            103.46926354230067,
            123.34536702767748
        ],
        [
            97.06190975865687,
            102.48112189859764
        ],
        [
            71.50025087807326,
            103.7344398340249
        ],
        [
            125.0,
            103.86190754827385
        ],
        [
            122.70845653459492,
            107.99766491535318
        ],
        [
            110.43533930857873,
            124.35400516795865
        ]
    ],
    "losses": 4,
    "nOT": [
        0,
        0,
        0,
        0,
        0,
        0,
        0
    ],
    "pace": 69.52604966635593,
    "poss": [
        [
            70.88,
            68.56
        ],
        [
            65.72,
            66.48
        ],
        [
            76.24000000000001,
            74.16
        ],
        [
            79.72,
            77.12
        ],
        [
            68.0,
            68.36
        ],
        [
            67.64,
            68.52
        ],
        [
            62.480000000000004,
            61.92
        ]
    ],
    "preseason_pace": 68.32293901490095,
    "preseason_pred": -8.50869966722176,
    "preseason_predd": 112.55565035820054,
    "preseason_predo": 104.04695069097878,
    "schedule": [
        "north-dakota",
        "new-mexico",
        "north-dakota",
        "california-baptist",
        "san-diego",
        "grambling",
        "dixie-state"
    ],
    "scores": [
        [
            74,
            70
        ],
        [
            68,
            82
        ],
        [
            74,
            76
        ],
        [
            57,
            80
        ],
        [
            85,
            71
        ],
        [
            83,
            74
        ],
        [
            69,
            77
        ]
    ],
    "wins": 3
}