{
    "CompRank": 154,
    "CompositeDef": 102.77473325848501,
    "CompositeOff": 104.02042633792206,
    "CompositePace": 68.15549004404681,
    "CompositeRating": 1.2456930794370464,
    "HA": [
        "A",
        "A",
        "A",
        "N",
        "N",
        "N",
        "A",
        "A",
        "A",
        "H",
        "H",
        "H",
        "A",
        "H",
        "H",
        "A",
        "A",
        "H",
        "A",
        "H",
        "H",
        "A",
        "A",
        "H",
        "A",
        "H",
        "H",
        "A",
        "A",
        "H"
    ],
    "OAst": 336.0,
    "OAvgCompRat": 0.791868683005663,
    "OBlk": 94.0,
    "ODR": 692.0,
    "OFGA": 1625.0,
    "OFGA3": 477.0,
    "OFGM": 755.0,
    "OFGM3": 164.0,
    "OFTA": 603.0,
    "OFTM": 432.0,
    "OOR": 182.0,
    "OPF": 506.0,
    "OScore": 2106.0,
    "OStl": 174.0,
    "OTO": 340.0,
    "Oastr": 0.13092677452539045,
    "Ocomprank": 128,
    "Ocorrdastr": 0.1389580041227164,
    "Ocorrdeff": 101.81048194759774,
    "Ocorrdeffrank": 114,
    "Ocorrdefgp": 0.503360046555863,
    "Ocorrdftr": 0.3268965696168697,
    "Ocorrdorbp": 0.24825596627890073,
    "Ocorrdtovr": 0.15461692351104908,
    "Ocorroastr": 0.14062144411483798,
    "Ocorroeff": 103.10380645027605,
    "Ocorroeffrank": 155,
    "Ocorroefgp": 0.5040583301175448,
    "Ocorroftr": 0.3171007520060162,
    "Ocorroorbp": 0.277531547531553,
    "Ocorrotovr": 0.15967238961044958,
    "Oeff": 102.81596625527263,
    "Oefgp": 0.5150769230769231,
    "Oftr": 0.3710769230769231,
    "Oneteff": 1.293324502678317,
    "Oneteffrank": 126,
    "Oorbp": 0.20752565564424175,
    "Oposs": 2048.3199999999997,
    "Otovr": 0.15244449227016754,
    "SoR": 1.7713067471586297,
    "SoRrank": 106,
    "TAst": 392.0,
    "TBlk": 55.0,
    "TDR": 695.0,
    "TFGA": 1806.0,
    "TFGA3": 679.0,
    "TFGM": 783.0,
    "TFGM3": 239.0,
    "TFTA": 466.0,
    "TFTM": 324.0,
    "TOR": 287.0,
    "TPF": 557.0,
    "TScore": 2129.0,
    "TStl": 150.0,
    "TTO": 348.0,
    "Tastr": 0.14249156682563685,
    "Tcorrdastr": 0.13323584734657318,
    "Tcorrdastrrank": 103,
    "Tcorrdeff": 102.77473325848501,
    "Tcorrdeffrank": 168,
    "Tcorrdefgp": 0.5167355786528088,
    "Tcorrdefgprank": 219,
    "Tcorrdftr": 0.37229238772536327,
    "Tcorrdftrrank": 300,
    "Tcorrdorbp": 0.20154224156059297,
    "Tcorrdorbprank": 6,
    "Tcorrdtovr": 0.1497533778898643,
    "Tcorrdtovrrank": 216,
    "Tcorroastr": 0.14663621430975587,
    "Tcorroastrrank": 136,
    "Tcorroeff": 104.02042633792206,
    "Tcorroeffrank": 153,
    "Tcorroefgp": 0.5020750020782775,
    "Tcorroefgprank": 188,
    "Tcorroftr": 0.25180737591955754,
    "Tcorroftrrank": 337,
    "Tcorroorbp": 0.3190093229542699,
    "Tcorroorbprank": 59,
    "Tcorrotovr": 0.14959338398048902,
    "Tcorrotovrrank": 130,
    "Teff": 102.74898167989035,
    "Tefgp": 0.4997231450719823,
    "Tftr": 0.25802879291251385,
    "Tneteff": 1.2456930794370464,
    "Tneteffrank": 154,
    "Torbp": 0.2931562819203269,
    "Tposs": 2072.04,
    "Ttovr": 0.14751763429191536,
    "closses": 6,
    "confplace": 3,
    "cwins": 13,
    "dates": [
        [
            11,
            7
        ],
        [
            11,
            10
        ],
        [
            11,
            17
        ],
        [
            11,
            21
        ],
        [
            11,
            22
        ],
        [
            11,
            23
        ],
        [
            11,
            30
        ],
        [
            12,
            11
        ],
        [
            12,
            14
        ],
        [
            12,
            20
        ],
        [
            12,
            22
        ],
        [
            12,
            29
        ],
        [
            12,
            31
        ],
        [
            1,
            5
        ],
        [
            1,
            7
        ],
        [
            1,
            11
        ],
        [
            1,
            14
        ],
        [
            1,
            16
        ],
        [
            1,
            19
        ],
        [
            1,
            21
        ],
        [
            1,
            28
        ],
        [
            2,
            2
        ],
        [
            2,
            4
        ],
        [
            2,
            9
        ],
        [
            2,
            11
        ],
        [
            2,
            15
        ],
        [
            2,
            18
        ],
        [
            2,
            20
        ],
        [
            2,
            23
        ],
        [
            3,
            2
        ]
    ],
    "geff": [
        [
            86.38743455497382,
            104.53850076491587
        ],
        [
            106.91657866948258,
            104.77453580901856
        ],
        [
            75.39917208752217,
            123.60939431396787
        ],
        [
            110.49723756906079,
            98.00965018094091
        ],
        [
            99.26262053318206,
            93.98496240601504
        ],
        [
            109.76314269208548,
            92.96338672768879
        ],
        [
            87.46355685131196,
            99.32762836185819
        ],
        [
            115.0817686250757,
            116.27906976744185
        ],
        [
            92.32954545454545,
            105.27876631079478
        ],
        [
            109.20436817472698,
            127.56516916250692
        ],
        [
            107.28402032749858,
            97.18899521531101
        ],
        [
            110.18001241464928,
            86.9693396226415
        ],
        [
            101.50166852057842,
            95.38950715421304
        ],
        [
            88.21855435401253,
            120.91708542713567
        ],
        [
            101.61386730424387,
            65.44502617801048
        ],
        [
            108.75955320399764,
            101.25074449076833
        ],
        [
            100.4326328800989,
            96.26955475330927
        ],
        [
            121.41603276770041,
            114.77339611536196
        ],
        [
            108.75955320399764,
            104.4689495066744
        ],
        [
            79.82767359351242,
            96.93287037037037
        ],
        [
            110.49723756906079,
            98.60436893203884
        ],
        [
            107.70975056689342,
            119.67308814944542
        ],
        [
            88.5766646304215,
            94.89916963226572
        ],
        [
            106.32014176018902,
            93.71395617070358
        ],
        [
            95.35160905840286,
            122.563496751329
        ],
        [
            119.17659804983748,
            99.26854754440961
        ],
        [
            122.51655629139073,
            104.09781890284204
        ],
        [
            134.52914798206277,
            103.82513661202185
        ],
        [
            87.77633289986997,
            88.37525492861998
        ],
        [
            93.23006310958118,
            114.74908200734394
        ]
    ],
    "losses": 11,
    "nOT": [
        0,
        0,
        0,
        0,
        0,
        0,
        0,
        0,
        0,
        1,
        0,
        0,
        0,
        0,
        0,
        0,
        0,
        1,
        0,
        0,
        0,
        1,
        0,
        0,
        0,
        0,
        0,
        0,
        0,
        0
    ],
    "pace": 68.15549004404681,