{
    "CompRank": 179,
    "CompositeDef": 99.96733326169186,
    "CompositeOff": 99.61389348271308,
    "CompositePace": 68.89353181248615,
    "CompositeRating": -0.35343977897878687,
    "HA": [
        "A",
        "N",
        "N",
        "H",
        "A",
        "H",
        "H",
        "H",
        "H",
        "N",
        "H",
        "H",
        "A",
        "A",
        "H",
        "H",
        "A",
        "H"
    ],
    "OAst": 210.0,
    "OAvgCompRat": -1.6307913910247387,
    "OBlk": 59.0,
    "ODR": 426.0,
    "OFGA": 988.0,
    "OFGA3": 475.0,
    "OFGM": 437.0,
    "OFGM3": 162.0,
    "OFTA": 234.0,
    "OFTM": 169.0,
    "OOR": 110.0,
    "OPF": 257.0,
    "OScore": 1205.0,
    "OStl": 111.0,
    "OTO": 245.0,
    "Oastr": 0.13583792594892494,
    "Ocomprank": 249,
    "Ocorrdastr": 0.13416801309216214,
    "Ocorrdeff": 101.89760823724754,
    "Ocorrdeffrank": 226,
    "Ocorrdefgp": 0.4978575995392618,
    "Ocorrdftr": 0.3236626166795122,
    "Ocorrdorbp": 0.27144019587590595,
    "Ocorrdtovr": 0.163278194767965,
    "Ocorroastr": 0.1329957968187893,
    "Ocorroeff": 99.57594355763462,
    "Ocorroeffrank": 282,
    "Ocorroefgp": 0.5052280113905403,
    "Ocorroftr": 0.303809628882432,
    "Ocorroorbp": 0.2620040647803052,
    "Ocorrotovr": 0.1682159094702348,
    "Oeff": 98.29031942314595,
    "Oefgp": 0.5242914979757085,
    "Oftr": 0.23684210526315788,
    "Oneteff": -2.3216646796129226,
    "Oneteffrank": 265,
    "Oorbp": 0.210727969348659,
    "Oposs": 1225.96,
    "Otovr": 0.1833887242132998,
    "SoR": 0.0,
    "SoRrank": 193,
    "TAst": 186.0,
    "TBlk": 51.0,
    "TDR": 412.0,
    "TFGA": 993.0,
    "TFGA3": 376.0,
    "TFGM": 443.0,
    "TFGM3": 128.0,
    "TFTA": 311.0,
    "TFTM": 206.0,
    "TOR": 124.0,
    "TPF": 236.0,
    "TScore": 1220.0,
    "TStl": 114.0,
    "TTO": 213.0,
    "Tastr": 0.12166086706260956,
    "Tcorrdastr": 0.13914197529437305,
    "Tcorrdastrrank": 211,
    "Tcorrdeff": 99.83661656027849,
    "Tcorrdeffrank": 159,
    "Tcorrdefgp": 0.5209967380835645,
    "Tcorrdefgprank": 243,
    "Tcorrdftr": 0.24640182112939643,
    "Tcorrdftrrank": 38,
    "Tcorrdorbp": 0.21700948587446806,
    "Tcorrdorbprank": 26,
    "Tcorrdtovr": 0.17982029997376722,
    "Tcorrdtovrrank": 80,
    "Tcorroastr": 0.12342505757655639,
    "Tcorroastrrank": 267,
    "Tcorroeff": 99.37546389993071,
    "Tcorroeffrank": 211,
    "Tcorroefgp": 0.5149812325524128,
    "Tcorroefgprank": 131,
    "Tcorroftr": 0.3068233815383039,
    "Tcorroftrrank": 195,
    "Tcorroorbp": 0.2249520902537235,
    "Tcorroorbprank": 297,
    "Tcorrotovr": 0.16014861681998963,
    "Tcorrotovrrank": 159,
    "Teff": 100.09517245905944,
    "Tefgp": 0.5105740181268882,
    "Tftr": 0.31319234642497484,
    "Tneteff": -0.46115266034777846,
    "Tneteffrank": 183,
    "Torbp": 0.22545454545454546,
    "Tposs": 1218.84,
    "Ttovr": 0.1586190462005898,
    "closses": 3,
    "confplace": 3,
    "cwins": 6,
    "dates": [
        [
            11,
            11
        ],
        [
            11,
            21
        ],
        [
            11,
            22
        ],
        [
            11,
            26
        ],
        [
            11,
            30
        ],
        [
            12,
            3
        ],
        [
            12,
            6
        ],
        [
            12,
            9
        ],
        [
            12,
            12
        ],
        [
            12,
            17
        ],
        [
            12,
            21
        ],
        [
            12,
            28
        ],
        [
            12,
            31
        ],
        [
            1,
            4
        ],
        [
            1,
            7
        ],
        [
            1,
            10
        ],
        [
            1,
            14
        ],
        [
            1,
            18
        ]
    ],
    "geff": [
        [
            82.73164861612514,
            105.26315789473685
        ],
        [
            98.79725085910653,
            101.90217391304348
        ],
        [
            111.14797611147976,
            108.49056603773586
        ],
        [
            106.6289825282631,
            96.3000506842372
        ],
        [
            83.59621451104101,
            112.58278145695364
        ],
        [
            104.40835266821347,
            80.92995879929369
        ],
        [
            103.13531353135313,
            120.77997671711293
        ],
        [
            75.9925558312655,
            79.36507936507935
        ],
        [
            99.94206257242179,
            106.32014176018902
        ],
        [
            116.967305524239,
            94.82758620689656
        ],
        [
            102.7170311464546,
            81.70961659333753
        ],
        [
            102.82381829343156,
            121.24002455494168
        ],
        [
            90.55982436882547,
            78.20646506777894
        ],
        [
            100.05800464037124,
            96.8768074031232
        ],
        [
            108.90151515151516,
            92.23300970873787
        ],
        [
            105.93220338983052,
            93.99551066217732
        ],
        [
            107.2066706372841,
            115.22134627046694
        ],
        [
            98.24667472793229,
            87.98882681564247
        ]
    ],
    "losses": 9,
    "nOT": [
        0,
        0,
        0,
        0,
        0,
        0,
        0,
        0,
        0,
        0,
        0,
        0,
        0,
        0,
        0,
        0,
        0,
        0
    ],
    "pace": 68.91382536215191,
    "poss": [
        [
            66.48,
            64.6
        ],
        [
            69.84,
            73.6
        ],
        [
            60.28,
            63.599999999999994
        ],
        [
            77.84,
            78.92
        ],
        [
            63.4,
            60.4
        ],
        [
            68.96,
            67.96000000000001
        ],
        [
            72.72,
            68.72
        ],
        [
            64.48,
            65.52000000000001
        ],
        [
            69.03999999999999,
            67.72
        ],
        [
            70.96000000000001,
            69.6
        ],
        [
            60.36,
            63.64
        ],
        [
            65.16,
            65.16
        ],
        [
            72.88,
            76.72
        ],
        [
            68.96,
            69.16
        ],
        [
            63.36,
            61.8
        ],
        [
            70.8,
            71.28
        ],
        [
            67.16,
            65.96000000000001
        ],
        [
            66.16,
            71.6
        ]
    ],
    "preseason_pace": 68.6429064741139,
    "preseason_pred": 0.9768143059282597,
    "preseason_predd": 101.58168452414698,
    "preseason_predo": 102.55849883007525,
    "schedule": [
        "richmond",
        "san-francisco",
        "grand-canyon",
        "northern-illinois",
        "bradley",
        "evansville",
        "toledo",
        "mcneese-state",
        "south-florida",
        "towson",
        "st-bonaventure",
        "missouri-state",
        "illinois-state",
        "valparaiso",
        "southern-illinois",
        "murray-state",
        "belmont",
        "illinois-state"
    ],