{
    "CompRank": 228,
    "CompositeDef": 102.8205195768002,
    "CompositeOff": 96.96631513493556,
    "CompositePace": 66.49696424943417,
    "CompositeRating": -5.854204441864642,
    "HA": [
        "H",
        "A"
    ],
    "OAst": 26.0,
    "OAvgCompRat": -5.186668619521778,
    "OBlk": 4.0,
    "ODR": 43.0,
    "OFGA": 100.0,
    "OFGA3": 45.0,
    "OFGM": 43.0,
    "OFGM3": 17.0,
    "OFTA": 48.0,
    "OFTM": 33.0,
    "OOR": 13.0,
    "OPF": 41.0,
    "OScore": 136.0,
    "OStl": 8.0,
    "OTO": 21.0,
    "Oastr": 0.15465143944801332,
    "Ocomprank": 246,
    "Ocorrdastr": 0.1129266273409014,
    "Ocorrdeff": 91.1407863841244,
    "Ocorrdeffrank": 79,
    "Ocorrdefgp": 0.4687111169053853,
    "Ocorrdftr": 0.30130195200291,
    "Ocorrdorbp": 0.3453699026500517,
    "Ocorrdtovr": 0.1833090207481945,
    "Ocorroastr": 0.14145096268388882,
    "Ocorroeff": 92.10991571452166,
    "Ocorroeffrank": 278,
    "Ocorroefgp": 0.46318074474547977,
    "Ocorroftr": 0.5064706710840372,
    "Ocorroorbp": 0.30120474310852957,
    "Ocorrotovr": 0.1977770319802531,
    "Oeff": 105.32837670384139,
    "Oefgp": 0.515,
    "Oftr": 0.48,
    "Oneteff": 0.9691293303972657,
    "Oneteffrank": 187,
    "Oorbp": 0.21666666666666667,
    "Oposs": 129.12,
    "Otovr": 0.14776245426400225,
    "SoR": 2.1572891626837065,
    "SoRrank": 210,
    "TAst": 25.0,
    "TBlk": 7.0,
    "TDR": 47.0,
    "TFGA": 123.0,
    "TFGA3": 29.0,
    "TFGM": 52.0,
    "TFGM3": 8.0,
    "TFTA": 48.0,
    "TFTM": 31.0,
    "TOR": 27.0,
    "TPF": 40.0,
    "TScore": 143.0,
    "TStl": 11.0,
    "TTO": 19.0,
    "Tastr": 0.13289389751222624,
    "Tcorrdastr": 0.15032272201500596,
    "Tcorrdastrrank": 240,
    "Tcorrdeff": 113.69137696971227,
    "Tcorrdeffrank": 312,
    "Tcorrdefgp": 0.5507513749278843,
    "Tcorrdefgprank": 291,
    "Tcorrdftr": 0.34742537388975325,
    "Tcorrdftrrank": 202,
    "Tcorrdorbp": 0.20331969859542015,
    "Tcorrdorbprank": 68,
    "Tcorrdtovr": 0.12870126485339672,
    "Tcorrdtovrrank": 306,
    "Tcorroastr": 0.15951048842724186,
    "Tcorroastrrank": 82,
    "Tcorroeff": 114.52839328216385,
    "Tcorroeffrank": 46,
    "Tcorroefgp": 0.4815279915598838,
    "Tcorroefgprank": 213,
    "Tcorroftr": 0.4598756978278336,
    "Tcorroftrrank": 70,
    "Tcorroorbp": 0.3190485922344584,
    "Tcorroorbprank": 106,
    "Tcorrotovr": 0.10885855000248498,
    "Tcorrotovrrank": 26,
    "Teff": 105.05436379665001,
    "Tefgp": 0.45528455284552843,
    "Tftr": 0.3902439024390244,
    "Tneteff": 0.8370163124515813,
    "Tneteffrank": 179,
    "Torbp": 0.38571428571428573,
    "Tposs": 136.12,
    "Ttovr": 0.11647866601275135,
    "closses": 0,
    "confplace": 1,
    "cwins": 0,
    "dates": [
        [
            11,
            7
        ],
        [
            11,
            11
        ]
    ],
    "geff": [
        [
            127.50455373406194,
            101.68961201501877
        ],
        [
            83.99772209567199,
            108.8957055214724
        ]
    ],
    "losses": 1,
    "nOT": [
        0,
        0
    ],
    "pace": 63.14136453374424,
    "poss": [
        [
            65.88,
            63.92
        ],
        [
            70.24,
            65.2
        ]
    ],
    "preseason_pace": 66.86520564484596,
    "preseason_pred": -6.588494785273831,
    "preseason_predd": 101.62755854602794,
    "preseason_predo": 95.03906376075412,
    "schedule": [
        "maryland-eastern-shore",
        "drexel"
    ],
    "scores": [
        [
            84,
            65
        ],
        [
            59,
            71
        ]
    ],
    "wins": 1
}