{
    "CompRank": 175,
    "CompositeDef": 101.8082366901832,
    "CompositeOff": 101.0296962662951,
    "CompositePace": 73.99470118599314,
    "CompositeRating": -0.7785404238880982,
    "HA": [
        "A",
        "A",
        "H",
        "N",
        "N",
        "N",
        "A",
        "A",
        "A",
        "H",
        "H",
        "H"
    ],
    "OAst": 187.0,
    "OAvgCompRat": 2.195469491592068,
    "OBlk": 51.0,
    "ODR": 291.0,
    "OFGA": 734.0,
    "OFGA3": 333.0,
    "OFGM": 315.0,
    "OFGM3": 111.0,
    "OFTA": 224.0,
    "OFTM": 167.0,
    "OOR": 113.0,
    "OPF": 200.0,
    "OScore": 908.0,
    "OStl": 78.0,
    "OTO": 156.0,
    "Oastr": 0.15907312259689,
    "Ocomprank": 88,
    "Ocorrdastr": 0.13641687922402881,
    "Ocorrdeff": 98.70447621822223,
    "Ocorrdeffrank": 76,
    "Ocorrdefgp": 0.4859960620643065,
    "Ocorrdftr": 0.29764509993500265,
    "Ocorrdorbp": 0.25181054407948106,
    "Ocorrdtovr": 0.1509918591928842,
    "Ocorroastr": 0.1458520198002833,
    "Ocorroeff": 103.04320510963652,
    "Ocorroeffrank": 82,
    "Ocorroefgp": 0.5063760062504669,
    "Ocorroftr": 0.2992708134395368,
    "Ocorroorbp": 0.26916954890944195,
    "Ocorrotovr": 0.1576226499085466,
    "Oeff": 103.70505733473435,
    "Oefgp": 0.5047683923705722,
    "Oftr": 0.30517711171662126,
    "Oneteff": 4.338728891414291,
    "Oneteffrank": 74,
    "Oorbp": 0.26968973747016706,
    "Oposs": 875.56,
    "Otovr": 0.15780529254673464,
    "SoR": 0.0,
    "SoRrank": 212,
    "TAst": 159.0,
    "TBlk": 36.0,
    "TDR": 306.0,
    "TFGA": 764.0,
    "TFGA3": 174.0,
    "TFGM": 340.0,
    "TFGM3": 57.0,
    "TFTA": 220.0,
    "TFTM": 138.0,
    "TOR": 127.0,
    "TPF": 215.0,
    "TScore": 875.0,
    "TStl": 84.0,
    "TTO": 153.0,
    "Tastr": 0.13557298772169168,
    "Tcorrdastr": 0.15317108352997247,
    "Tcorrdastrrank": 273,
    "Tcorrdeff": 101.53500805733293,
    "Tcorrdeffrank": 192,
    "Tcorrdefgp": 0.49822577141461005,
    "Tcorrdefgprank": 170,
    "Tcorrdftr": 0.321277666449843,
    "Tcorrdftrrank": 214,
    "Tcorrdorbp": 0.2693858636054354,
    "Tcorrdorbprank": 184,
    "Tcorrdtovr": 0.1628618637140371,
    "Tcorrdtovrrank": 167,
    "Tcorroastr": 0.1394797463079962,
    "Tcorroastrrank": 172,
    "Tcorroeff": 100.85532687086348,
    "Tcorroeffrank": 184,
    "Tcorroefgp": 0.49604028315088305,
    "Tcorroefgprank": 197,
    "Tcorroftr": 0.3055193263988983,
    "Tcorroftrrank": 199,
    "Tcorroorbp": 0.32569927430665924,
    "Tcorroorbprank": 43,
    "Tcorrotovr": 0.16245716732422685,
    "Tcorrotovrrank": 199,
    "Teff": 98.66937302661255,
    "Tefgp": 0.48232984293193715,
    "Tftr": 0.2879581151832461,
    "Tneteff": -0.6796811864694519,
    "Tneteffrank": 178,
    "Torbp": 0.3038277511961722,
    "Tposs": 886.8,
    "Ttovr": 0.1509173406983626,
    "closses": 2,
    "confplace": 8,
    "cwins": 0,
    "dates": [
        [
            11,
            7
        ],
        [
            11,
            11
        ],
        [
            11,
            13
        ],
        [
            11,
            25
        ],
        [
            11,
            26
        ],
        [
            11,
            27
        ],
        [
            12,
            3
        ],
        [
            12,
            10
        ],
        [
            12,
            14
        ],
        [
            12,
            21
        ],
        [
            12,
            29
        ],
        [
            12,
            31
        ]
    ],
    "geff": [
        [
            115.16034985422742,
            91.11617312072893
        ],
        [
            82.77351247600768,
            111.40392908481073
        ],
        [
            85.58558558558559,
            109.58046336881652
        ],
        [
            105.8057514921324,
            91.33611691022965
        ],
        [
            78.33333333333333,
            115.88275391956374
        ],
        [
            107.0840197693575,
            80.02207505518763
        ],
        [
            95.87020648967551,
            118.5344827586207
        ],
        [
            104.16666666666666,
            106.62177328843995
        ],
        [
            101.5625,
            119.95637949836423
        ],
        [
            112.02185792349727,
            101.79153094462539
        ],
        [
            99.04534606205252,
            99.2063492063492
        ],
        [
            95.38950715421304,
            101.50166852057842
        ]
    ],
    "losses": 8,
    "nOT": [
        0,
        0,
        0,
        0,
        0,
        0,
        0,
        0,
        0,
        0,
        1,
        0
    ],
    "pace": 74.6661279224291,
    "poss": [
        [
            68.6,
            70.24
        ],
        [
            83.36,
            83.48
        ],
        [
            66.6,
            63.88
        ],
        [
            73.72,
            76.64
        ],
        [
            60.0,
            58.68
        ],
        [
            72.84,
            72.48
        ],
        [
            81.36,
            74.24
        ],
        [
            71.04,
            71.28
        ],
        [
            76.8,
            73.36
        ],
        [
            73.2,
            73.68
        ],
        [
            83.8,
            85.68
        ],
        [
            75.48,
            71.92
        ]
    ],
    "preseason_pace": 71.34215111612266,
    "preseason_pred": -1.1690954359123795,
    "preseason_predd": 102.88765844959164,
    "preseason_predo": 101.71856301367926,
    "schedule": [
        "california-baptist",
        "ucla",
        "montana-state",
        "oakland",
        "north-texas",
        "vermont",
        "utah-valley",
        "sacramento-state",
        "southern-california",
        "idaho",
        "california-san-diego",
        "california-riverside"
    ],
    "scores": [
        [
            79,
            64
        ],
        [
            69,
            93
        ],
        [
            57,
            70
        ],
        [
            78,
            70
        ],
        [
            47,
            68
        ],
        [
            78,
            58
        ],
        [
            78,
            88
        ],
        [
            74,
            76
        ],
        [
            78,
            88
        ],
        [
            82,
            75
        ],
        [
            83,
            85
        ],
        [
            72,
            73
        ]
    ],
    "wins": 4
}