{
    "CompRank": 179,
    "CompositeDef": 113.92640884460327,
    "CompositeOff": 110.36592191454001,
    "CompositePace": 69.87614439184512,
    "CompositeRating": -3.560486930063262,
    "HA": [
        "H",
        "H",
        "A",
        "H",
        "H",
        "N",
        "N"
    ],
    "OAst": 109.0,
    "OAvgCompRat": -4.236153958492634,
    "OBlk": 26.0,
    "ODR": 154.0,
    "OFGA": 421.0,
    "OFGA3": 184.0,
    "OFGM": 210.0,
    "OFGM3": 67.0,
    "OFTA": 86.0,
    "OFTM": 58.0,
    "OOR": 69.0,
    "OPF": 109.0,
    "OScore": 545.0,
    "OStl": 47.0,
    "OTO": 108.0,
    "Oastr": 0.16128077651515152,
    "Ocomprank": 271,
    "Ocorrdastr": 0.148096871470517,
    "Ocorrdeff": 107.86131897082764,
    "Ocorrdeffrank": 235,
    "Ocorrdefgp": 0.5095315945148573,
    "Ocorrdftr": 0.34873620354259316,
    "Ocorrdorbp": 0.30270484166041295,
    "Ocorrdtovr": 0.15075613021191253,
    "Ocorroastr": 0.1428529721218409,
    "Ocorroeff": 104.71928228322906,
    "Ocorroeffrank": 248,
    "Ocorroefgp": 0.5198017267603778,
    "Ocorroftr": 0.33122446504472974,
    "Ocorroorbp": 0.27595785025259667,
    "Ocorrotovr": 0.15713385084585063,
    "Oeff": 109.4729230274787,
    "Oefgp": 0.5783847980997625,
    "Oftr": 0.2042755344418052,
    "Oneteff": -3.1420366875985763,
    "Oneteffrank": 247,
    "Oorbp": 0.3484848484848485,
    "Oposs": 497.84000000000003,
    "Otovr": 0.19052995554301036,
    "SoR": 0.4977601209564475,
    "SoRrank": 190,
    "TAst": 113.0,
    "TBlk": 18.0,
    "TDR": 129.0,
    "TFGA": 412.0,
    "TFGA3": 150.0,
    "TFGM": 200.0,
    "TFGM3": 56.0,
    "TFTA": 133.0,
    "TFTM": 101.0,
    "TOR": 62.0,
    "TPF": 131.0,
    "TScore": 557.0,
    "TStl": 63.0,
    "TTO": 88.0,
    "Tastr": 0.16827495830355016,
    "Tcorrdastr": 0.16436083597909534,
    "Tcorrdastrrank": 298,
    "Tcorrdeff": 111.4121856708868,
    "Tcorrdeffrank": 258,
    "Tcorrdefgp": 0.5670675404204959,
    "Tcorrdefgprank": 328,
    "Tcorrdftr": 0.22627286922244544,
    "Tcorrdftrrank": 10,
    "Tcorrdorbp": 0.37547648515818643,
    "Tcorrdorbprank": 338,
    "Tcorrdtovr": 0.18341372218544644,
    "Tcorrdtovrrank": 42,
    "Tcorroastr": 0.16565810155293137,
    "Tcorroastrrank": 76,
    "Tcorroeff": 110.92238427217478,
    "Tcorroeffrank": 121,
    "Tcorroefgp": 0.5540076173919066,
    "Tcorroefgprank": 68,
    "Tcorroftr": 0.3405650773294983,
    "Tcorroftrrank": 227,
    "Tcorroorbp": 0.2826944268263545,
    "Tcorroorbprank": 203,
    "Tcorrotovr": 0.15790449274759563,
    "Tcorrotovrrank": 227,
    "Teff": 112.18077821638605,
    "Tefgp": 0.5533980582524272,
    "Tftr": 0.32281553398058255,
    "Tneteff": -0.489801398712018,
    "Tneteffrank": 174,
    "Torbp": 0.28703703703703703,
    "Tposs": 496.52,
    "Ttovr": 0.15755926376853113,
    "closses": 0,
    "confplace": 1,
    "cwins": 0,
    "dates": [
        [
            11,
            3
        ],
        [
            11,
            8
        ],
        [
            11,
            11
        ],
        [
            11,
            15
        ],
        [
            11,
            19
        ],
        [
            11,
            24
        ],
        [
            11,
            26
        ]
    ],
    "geff": [
        [
            112.18920557913886,
            121.1734693877551
        ],
        [
            105.2479815455594,
            119.24803591470258
        ],
        [
            118.49034523112931,
            105.02958579881658
        ],
        [
            115.08951406649616,
            107.12441920495611
        ],
        [
            125.2723311546841,
            100.96930533117931
        ],
        [
            106.41316685584562,
            92.94696555494806
        ],
        [
            101.80995475113123,
            121.98541783510937
        ]
    ],
    "losses": 3,
    "nOT": [
        0,
        0,
        0,
        0,
        0,
        0,
        0
    ],
    "pace": 70.52640073852085,
    "poss": [
        [
            65.96000000000001,
            62.72
        ],
        [
            69.36,
            71.28
        ],
        [
            68.36,
            67.6
        ],
        [
            78.2,
            77.48
        ],
        [
            73.44,
            74.28
        ],
        [
            70.48,
            73.16
        ],
        [
            70.72,
            71.32
        ]
    ],
    "preseason_pace": 69.00200005749366,
    "preseason_pred": -7.688431814458623,
    "preseason_predd": 117.30629733601913,
    "preseason_predo": 109.6178655215605,
    "schedule": [
        "south-alabama",
        "marshall",
        "wright-state",
        "detroit-mercy",
        "youngstown-state",
        "troy",
        "belmont"
    ],
    "scores": [
        [
            74,
            76
        ],
        [
            73,
            85
        ],
        [
            81,
            71
        ],
        [
            90,
            83
        ],
        [
            92,
            75
        ],
        [
            75,
            68
        ],
        [
            72,
            87
        ]
    ],
    "wins": 4
}