{
    "CompRank": 298,
    "CompositeDef": 108.16305059172535,
    "CompositeOff": 95.94409807578067,
    "CompositePace": 74.34303398702936,
    "CompositeRating": -12.21895251594468,
    "HA": [
        "A",
        "A",
        "A",
        "N",
        "N",
        "H",
        "A",
        "A",
        "H",
        "A",
        "H",
        "H",
        "A",
        "H",
        "H"
    ],
    "OAst": 235.0,
    "OAvgCompRat": -1.0753005901280317,
    "OBlk": 75.0,
    "ODR": 388.0,
    "OFGA": 921.0,
    "OFGA3": 291.0,
    "OFGM": 424.0,
    "OFGM3": 93.0,
    "OFTA": 372.0,
    "OFTM": 280.0,
    "OOR": 162.0,
    "OPF": 317.0,
    "OScore": 1221.0,
    "OStl": 133.0,
    "OTO": 223.0,
    "Oastr": 0.15233230482018306,
    "Ocomprank": 229,
    "Ocorrdastr": 0.13812956123517622,
    "Ocorrdeff": 102.96801625850408,
    "Ocorrdeffrank": 122,
    "Ocorrdefgp": 0.5031910623944921,
    "Ocorrdftr": 0.369378491830898,
    "Ocorrdorbp": 0.27441857156214566,
    "Ocorrdtovr": 0.15860222630448645,
    "Ocorroastr": 0.13574270911929584,
    "Ocorroeff": 102.66502501530017,
    "Ocorroeffrank": 261,
    "Ocorroefgp": 0.4866536616490342,
    "Ocorroftr": 0.34179356086229423,
    "Ocorroorbp": 0.2927117682793696,
    "Ocorrotovr": 0.15506711792887096,
    "Oeff": 106.57426157391242,
    "Oefgp": 0.51085776330076,
    "Oftr": 0.40390879478827363,
    "Oneteff": -0.30299124320390547,
    "Oneteffrank": 191,
    "Oorbp": 0.3367983367983368,
    "Oposs": 1145.68,
    "Otovr": 0.1705310167625107,
    "SoR": 0.0,
    "SoRrank": 194,
    "TAst": 182.0,
    "TBlk": 55.0,
    "TDR": 319.0,
    "TFGA": 859.0,
    "TFGA3": 243.0,
    "TFGM": 361.0,
    "TFGM3": 70.0,
    "TFTA": 415.0,
    "TFTM": 288.0,
    "TOR": 127.0,
    "TPF": 292.0,
    "TScore": 1080.0,
    "TStl": 122.0,
    "TTO": 229.0,
    "Tastr": 0.12529257882417735,
    "Tcorrdastr": 0.15922919157777365,
    "Tcorrdastrrank": 299,
    "Tcorrdeff": 107.8570325654675,
    "Tcorrdeffrank": 254,
    "Tcorrdefgp": 0.5270736109026426,
    "Tcorrdefgprank": 265,
    "Tcorrdftr": 0.3912869935314881,
    "Tcorrdftrrank": 301,
    "Tcorrdorbp": 0.3189538303871849,
    "Tcorrdorbprank": 310,
    "Tcorrdtovr": 0.1650217530096524,
    "Tcorrdtovrrank": 74,
    "Tcorroastr": 0.1288400207325647,
    "Tcorroastrrank": 255,
    "Tcorroeff": 95.30322004695854,
    "Tcorroeffrank": 312,
    "Tcorroefgp": 0.4602222998613047,
    "Tcorroefgprank": 302,
    "Tcorroftr": 0.43451308373157405,
    "Tcorroftrrank": 10,
    "Tcorroorbp": 0.24972516119938776,
    "Tcorroorbprank": 266,
    "Tcorrotovr": 0.17049172557610887,
    "Tcorrotovrrank": 309,
    "Teff": 94.4386149003148,
    "Tefgp": 0.4610011641443539,
    "Tftr": 0.4831199068684517,
    "Tneteff": -12.553812518508963,
    "Tneteffrank": 296,
    "Torbp": 0.24660194174757283,
    "Tposs": 1143.6,
    "Ttovr": 0.18022981268691957,
    "closses": 4,
    "confplace": 9,
    "cwins": 2,
    "dates": [
        [
            11,
            10
        ],
        [
            11,
            14
        ],
        [
            11,
            17
        ],
        [
            11,
            24
        ],
        [
            11,
            25
        ],
        [
            11,
            29
        ],
        [
            12,
            2
        ],
        [
            12,
            6
        ],
        [
            12,
            15
        ],
        [
            12,
            18
        ],
        [
            12,
            30
        ],
        [
            1,
            4
        ],
        [
            1,
            6
        ],
        [
            1,
            11
        ],
        [
            1,
            13
        ]
    ],
    "geff": [
        [
            96.34146341463415,
            123.45679012345678
        ],
        [
            69.8678861788618,
            110.22044088176352
        ],
        [
            86.97944122298367,
            116.51993785603315
        ],
        [
            75.19788918205805,
            104.51045104510452
        ],
        [
            84.20441347270616,
            112.27544910179641
        ],
        [
            92.04909284951974,
            107.8056768558952
        ],
        [
            102.12418300653596,
            106.76650027731557
        ],
        [
            108.94495412844039,
            100.48886474741988
        ],
        [
            99.06152241918666,
            111.1685625646329
        ],
        [
            88.86565603763722,
            101.0362694300518
        ],
        [
            104.39262472885032,
            95.50851832731027
        ],
        [
            100.46367851622875,
            107.81329274479958
        ],
        [
            103.10472659870251,
            108.12737642585552
        ],
        [
            99.85207100591715,
            98.23182711198429
        ],
        [
            105.43840177580466,
            93.71554575523705
        ]
    ],
    "losses": 11,
    "nOT": [
        0,
        0,
        0,
        0,
        0,
        0,
        0,
        0,
        0,
        0,
        0,
        0,
        1,
        1,
        0
    ],
    "pace": 74.76346526996208,
    "poss": [
        [
            82.0,
            81.0
        ],
        [
            78.72,
            79.84
        ],
        [
            75.88,
            77.24
        ],
        [
            75.8,
            72.72
        ],
        [
            68.88,
            66.8
        ],
        [
            74.96000000000001,
            73.28
        ],
        [
            73.44,
            72.12
        ],
        [
            69.75999999999999,
            73.64
        ],
        [
            76.72,
            77.36
        ],
        [
            76.52,
            77.2
        ],
        [
            73.76,
            77.48
        ],
        [
            77.64,
            78.84
        ],
        [
            86.32,
            84.16
        ],
        [
            81.12,
            81.44
        ],
        [
            72.08,
            72.56
        ]
    ],
    "preseason_pace": 71.71008307766314,
    "preseason_pred": -10.121891749885872,
    "preseason_predd": 110.07948848116513,
    "preseason_predo": 99.95759673127927,
    "schedule": [
        "south-dakota",
        "texas-christian",
        "oklahoma",
        "hawaii",
        "arkansas-state",
        "grand-canyon",
        "tarleton-state",
        "texas-am-corpus-christi",
        "texas-am-corpus-christi",
        "chicago-state",
        "incarnate-word",
        "stephen-f-austin",
        "abilene-christian",
        "seattle",
        "utah-valley"
    ],
    "scores": [
        [
            79,
            100
        ],
        [
            55,
            88
        ],
        [
            66,
            90
        ],
        [
            57,
            76
        ],
        [
            58,
            75
        ],
        [
            69,
            79
        ],
        [
            75,
            77
        ],
        [
            76,
            74
        ],
        [
            76,
            86
        ],
        [
            68,
            78
        ],
        [
            77,
            74
        ],
        [
            78,
            85
        ],
        [
            89,
            91
        ],
        [
            81,
            80
        ],
        [
            76,
            68
        ]
    ],
    "wins": 4
}