{
    "CompRank": 202,
    "CompositeDef": 103.41199008222762,
    "CompositeOff": 100.20064560145326,
    "CompositePace": 65.69238919196837,
    "CompositeRating": -3.2113444807743665,
    "HA": [
        "A",
        "A",
        "H",
        "A",
        "A",
        "A",
        "H",
        "A",
        "A",
        "H"
    ],
    "OAst": 105.0,
    "OAvgCompRat": -5.3345267529547415,
    "OBlk": 20.0,
    "ODR": 201.0,
    "OFGA": 518.0,
    "OFGA3": 186.0,
    "OFGM": 223.0,
    "OFGM3": 64.0,
    "OFTA": 186.0,
    "OFTM": 126.0,
    "OOR": 78.0,
    "OPF": 143.0,
    "OScore": 636.0,
    "OStl": 78.0,
    "OTO": 117.0,
    "Oastr": 0.12776209481164216,
    "Ocomprank": 334,
    "Ocorrdastr": 0.14884642891146352,
    "Ocorrdeff": 106.25706857376807,
    "Ocorrdeffrank": 349,
    "Ocorrdefgp": 0.5131568411356351,
    "Ocorrdftr": 0.31904123377410004,
    "Ocorrdorbp": 0.29858730206352957,
    "Ocorrdtovr": 0.13676282463838038,
    "Ocorroastr": 0.13763983374045877,
    "Ocorroeff": 98.51350065823331,
    "Ocorroeffrank": 301,
    "Ocorroefgp": 0.48201056652850377,
    "Ocorroftr": 0.3066519525785138,
    "Ocorroorbp": 0.25587427664509377,
    "Ocorrotovr": 0.1641906128080377,
    "Oeff": 99.55544424268987,
    "Oefgp": 0.4922779922779923,
    "Oftr": 0.3590733590733591,
    "Oneteff": -7.743567915534754,
    "Oneteffrank": 338,
    "Oorbp": 0.2591362126245847,
    "Oposs": 638.84,
    "Otovr": 0.16321633837397467,
    "SoR": 23.875304220051486,
    "SoRrank": 84,
    "TAst": 148.0,
    "TBlk": 33.0,
    "TDR": 223.0,
    "TFGA": 521.0,
    "TFGA3": 215.0,
    "TFGM": 255.0,
    "TFGM3": 81.0,
    "TFTA": 136.0,
    "TFTM": 98.0,
    "TOR": 67.0,
    "TPF": 152.0,
    "TScore": 689.0,
    "TStl": 79.0,
    "TTO": 130.0,
    "Tastr": 0.17232546225140888,
    "Tcorrdastr": 0.13177268640367795,
    "Tcorrdastrrank": 110,
    "Tcorrdeff": 102.1210874901808,
    "Tcorrdeffrank": 189,
    "Tcorrdefgp": 0.5118724908824129,
    "Tcorrdefgprank": 211,
    "Tcorrdftr": 0.36951142662059083,
    "Tcorrdftrrank": 296,
    "Tcorrdorbp": 0.273414617689093,
    "Tcorrdorbprank": 205,
    "Tcorrdtovr": 0.16224784266331332,
    "Tcorrdtovrrank": 164,
    "Tcorroastr": 0.1642270646495835,
    "Tcorroastrrank": 57,
    "Tcorroeff": 101.78204166692016,
    "Tcorroeffrank": 172,
    "Tcorroefgp": 0.5540681042662815,
    "Tcorroefgprank": 43,
    "Tcorroftr": 0.25879935080984384,
    "Tcorroftrrank": 291,
    "Tcorroorbp": 0.22681909749727294,
    "Tcorroorbprank": 287,
    "Tcorrotovr": 0.21807235142581802,
    "Tcorrotovrrank": 360,
    "Teff": 107.01416500994036,
    "Tefgp": 0.5671785028790787,
    "Tftr": 0.26103646833013433,
    "Tneteff": -0.3390458232606335,
    "Tneteffrank": 173,
    "Torbp": 0.25,
    "Tposs": 643.84,
    "Ttovr": 0.18288222384784197,
    "closses": 0,
    "confplace": 1,
    "cwins": 0,
    "dates": [
        [
            11,
            9
        ],
        [
            11,
            13
        ],
        [
            11,
            16
        ],
        [
            11,
            19
        ],
        [
            11,
            23
        ],
        [
            11,
            26
        ],
        [
            11,
            29
        ],
        [
            12,
            6
        ],
        [
            12,
            10
        ],
        [
            12,
            13
        ]
    ],
    "geff": [
        [
            101.17302052785924,
            110.3385731559855
        ],
        [
            83.73205741626795,
            114.99684940138626
        ],
        [
            113.05732484076434,
            102.10593490746649
        ],
        [
            95.7095709570957,
            85.48387096774194
        ],
        [
            105.95647193585337,
            100.63254744105808
        ],
        [
            103.64321608040201,
            87.57961783439491
        ],
        [
            145.98540145985402,
            105.80204778156997
        ],
        [
            102.07100591715977,
            91.75691937424789
        ],
        [
            107.94743429286608,
            95.80838323353294
        ],
        [
            114.92338441039307,
            101.19442601194426
        ]
    ],
    "losses": 2,
    "nOT": [
        0,
        0,
        0,
        0,
        0,
        0,
        0,
        0,
        0,
        0
    ],
    "pace": 65.14421454875483,
    "poss": [
        [
            68.2,
            66.16
        ],
        [
            66.88,
            63.480000000000004
        ],
        [
            62.8,
            62.68
        ],
        [
            60.6,
            62.0
        ],
        [
            69.84,
            69.56
        ],
        [
            63.68,
            62.8
        ],
        [
            60.28,
            58.6
        ],
        [
            67.6,
            66.48
        ],
        [
            63.92,
            66.8
        ],
        [
            60.04,
            60.28
        ]
    ],
    "preseason_pace": 67.19629767815096,
    "preseason_pred": -11.091450537053468,
    "preseason_predd": 106.95356097947541,
    "preseason_predo": 95.86211044242194,
    "schedule": [
        "marist",
        "george-mason",
        "william-mary",
        "njit",
        "georgetown",
        "saint-francis-pa",
        "albany-ny",
        "mount-st-marys",
        "george-washington",
        "virginia-military-institute"
    ],
    "scores": [
        [
            69,
            73
        ],
        [
            56,
            73
        ],
        [
            71,
            64
        ],
        [
            58,
            53
        ],
        [
            74,
            70
        ],
        [
            66,
            55
        ],
        [
            88,
            62
        ],
        [
            69,
            61
        ],
        [
            69,
            64
        ],
        [
            69,
            61
        ]
    ],
    "wins": 8
}