{
    "CompRank": 265,
    "CompositeDef": 115.18514999046894,
    "CompositeOff": 106.69687458427626,
    "CompositePace": 64.79921821022982,
    "CompositeRating": -8.488275406192678,
    "HA": [
        "A",
        "A",
        "H",
        "H",
        "A",
        "H",
        "A",
        "H",
        "A",
        "A",
        "A",
        "A",
        "H",
        "A",
        "A",
        "H"
    ],
    "OAst": 213.0,
    "OAvgCompRat": -4.791469447977624,
    "OBlk": 46.0,
    "ODR": 348.0,
    "OFGA": 889.0,
    "OFGA3": 382.0,
    "OFGM": 418.0,
    "OFGM3": 143.0,
    "OFTA": 269.0,
    "OFTM": 186.0,
    "OOR": 125.0,
    "OPF": 232.0,
    "OScore": 1165.0,
    "OStl": 78.0,
    "OTO": 162.0,
    "Oastr": 0.15408431956943197,
    "Ocomprank": 341,
    "Ocorrdastr": 0.14415520925312122,
    "Ocorrdeff": 106.19942419024407,
    "Ocorrdeffrank": 319,
    "Ocorrdefgp": 0.5149998936939175,
    "Ocorrdftr": 0.3398172608549457,
    "Ocorrdorbp": 0.2842912905108124,
    "Ocorrdtovr": 0.1405091411869257,
    "Ocorroastr": 0.13497304921469963,
    "Ocorroeff": 99.7165422841025,
    "Ocorroeffrank": 343,
    "Ocorroefgp": 0.4859722897350361,
    "Ocorroftr": 0.314067814098561,
    "Ocorroorbp": 0.26310935815712017,
    "Ocorrotovr": 0.16382727878369457,
    "Oeff": 111.55157225477804,
    "Oefgp": 0.5506186726659168,
    "Oftr": 0.3025871766029246,
    "Oneteff": -6.4828819061415714,
    "Oneteffrank": 341,
    "Oorbp": 0.2604166666666667,
    "Oposs": 1044.3600000000001,
    "Otovr": 0.13853731955941712,
    "SoR": 0.0,
    "SoRrank": 196,
    "TAst": 237.0,
    "TBlk": 27.0,
    "TDR": 355.0,
    "TFGA": 912.0,
    "TFGA3": 414.0,
    "TFGM": 414.0,
    "TFGM3": 148.0,
    "TFTA": 243.0,
    "TFTM": 170.0,
    "TOR": 138.0,
    "TPF": 245.0,
    "TScore": 1148.0,
    "TStl": 99.0,
    "TTO": 163.0,
    "Tastr": 0.16702844416880444,
    "Tcorrdastr": 0.16181562540055158,
    "Tcorrdastrrank": 313,
    "Tcorrdeff": 116.1669074596689,
    "Tcorrdeffrank": 351,
    "Tcorrdefgp": 0.5686544222643554,
    "Tcorrdefgprank": 356,
    "Tcorrdftr": 0.31903874974075996,
    "Tcorrdftrrank": 165,
    "Tcorrdorbp": 0.27466125426933374,
    "Tcorrdorbprank": 173,
    "Tcorrdtovr": 0.12709515523865283,
    "Tcorrdtovrrank": 311,
    "Tcorroastr": 0.1644166998821696,
    "Tcorroastrrank": 56,
    "Tcorroeff": 107.53867593733638,
    "Tcorroeffrank": 116,
    "Tcorroefgp": 0.5217025978134918,
    "Tcorroefgprank": 115,
    "Tcorroftr": 0.26049780131012984,
    "Tcorroftrrank": 326,
    "Tcorroorbp": 0.2778611835149101,
    "Tcorroorbprank": 170,
    "Tcorrotovr": 0.1474841530889955,
    "Tcorrotovrrank": 158,
    "Teff": 109.97011265231052,
    "Tefgp": 0.5350877192982456,
    "Tftr": 0.26644736842105265,
    "Tneteff": -8.628231522332527,
    "Tneteffrank": 264,
    "Torbp": 0.2839506172839506,
    "Tposs": 1043.92,
    "Ttovr": 0.13791119534317042,
    "closses": 1,
    "confplace": 2,
    "cwins": 3,
    "dates": [
        [
            11,
            6
        ],
        [
            11,
            9
        ],
        [
            11,
            13
        ],
        [
            11,
            16
        ],
        [
            11,
            19
        ],
        [
            11,
            22
        ],
        [
            11,
            29
        ],
        [
            12,
            2
        ],
        [
            12,
            6
        ],
        [
            12,
            9
        ],
        [
            12,
            21
        ],
        [
            12,
            29
        ],
        [
            1,
            3
        ],
        [
            1,
            6
        ],
        [
            1,
            10
        ],
        [
            1,
            13
        ]
    ],
    "geff": [
        [
            89.94860079954312,
            135.623869801085
        ],
        [
            86.95652173913042,
            115.24277811923787
        ],
        [
            122.4105461393597,
            90.73842302878597
        ],
        [
            123.8610478359909,
            105.18731988472622
        ],
        [
            116.50758001122965,
            121.47984538928769
        ],
        [
            103.84850335980451,
            93.55210132412205
        ],
        [
            104.10882842865074,
            119.97600479904018
        ],
        [
            109.2160383004189,
            114.74908200734394
        ],
        [
            97.28340675477239,
            124.01150251617541
        ],
        [
            122.84620293554563,
            104.67233009708738
        ],
        [
            91.91176470588235,
            134.42737430167597
        ],
        [
            120.76624097723486,
            115.11375947995666
        ],
        [
            108.44418739155581,
            95.26558891454965
        ],
        [
            127.14899713467048,
            106.63507109004739
        ],
        [
            110.3896103896104,
            114.43102352193262
        ],
        [
            122.89981331673927,
            97.27626459143968
        ]
    ],
    "losses": 8,
    "nOT": [
        0,
        0,
        0,
        0,
        1,
        0,
        0,
        0,
        0,
        0,
        0,
        0,
        0,
        0,
        0,
        0
    ],
    "pace": 64.76464885664718,
    "poss": [
        [
            70.04,
            66.36
        ],
        [
            64.4,
            65.08
        ],
        [
            63.72,
            63.92
        ],
        [
            70.24,
            69.4
        ],
        [
            71.24,
            72.44
        ],
        [
            65.48,
            69.48
        ],
        [
            72.04,
            66.68
        ],
        [
            66.84,
            65.36
        ],
        [
            54.480000000000004,
            55.64
        ],
        [
            62.68,
            65.92
        ],
        [
            59.84,
            57.28
        ],
        [
            72.04,
            73.84
        ],
        [
            69.16,
            69.28
        ],
        [
            55.84,
            59.08
        ],
        [
            61.599999999999994,
            62.92
        ],
        [
            64.28,
            61.68
        ]
    ],
    "preseason_pace": 65.07100665832117,
    "preseason_pred": -7.3879234567234615,
    "preseason_predd": 107.4664537667135,
    "preseason_predo": 100.07853030999003,
    "schedule": [
        "villanova",
        "william-mary",
        "siena",
        "njit",
        "georgetown",
        "mount-st-marys",
        "harvard",
        "saint-francis-pa",
        "saint-josephs",
        "virginia-military-institute",
        "virginia-tech",
        "maryland-baltimore-county",
        "lehigh",
        "bucknell",
        "boston-university",
        "army"
    ],
    "scores": [
        [
            63,
            90
        ],
        [
            56,
            75
        ],
        [
            78,
            58
        ],
        [
            87,
            73
        ],
        [
            83,
            88
        ],
        [
            68,
            65
        ],
        [
            75,
            80
        ],
        [
            73,
            75
        ],
        [
            53,
            69
        ],
        [
            77,
            69
        ],
        [
            55,
            77
        ],
        [
            87,
            85
        ],
        [
            75,
            66
        ],
        [
            71,
            63
        ],
        [
            68,
            72
        ],
        [
            79,
            60
        ]
    ],
    "wins": 8
}