{
    "CompRank": 258,
    "CompositeDef": 112.27657951847077,
    "CompositeOff": 103.4707997545894,
    "CompositePace": 63.60680611419931,
    "CompositeRating": -8.805779763881366,
    "HA": [
        "A",
        "H",
        "A",
        "A",
        "A",
        "N",
        "N",
        "H",
        "A",
        "A",
        "H",
        "A",
        "H",
        "A",
        "H",
        "A",
        "A",
        "H",
        "H",
        "A",
        "H",
        "A",
        "A",
        "H",
        "H",
        "A"
    ],
    "OAst": 319.0,
    "OAvgCompRat": -5.597150506310716,
    "OBlk": 70.0,
    "ODR": 610.0,
    "OFGA": 1393.0,
    "OFGA3": 479.0,
    "OFGM": 653.0,
    "OFGM3": 160.0,
    "OFTA": 518.0,
    "OFTM": 359.0,
    "OOR": 211.0,
    "OPF": 392.0,
    "OScore": 1825.0,
    "OStl": 149.0,
    "OTO": 269.0,
    "Oastr": 0.14441446498741467,
    "Ocomprank": 321,
    "Ocorrdastr": 0.14970468987490546,
    "Ocorrdeff": 109.02815220967467,
    "Ocorrdeffrank": 296,
    "Ocorrdefgp": 0.5221549706410183,
    "Ocorrdftr": 0.31579423887761043,
    "Ocorrdorbp": 0.3022204552068011,
    "Ocorrdtovr": 0.13777647506097015,
    "Ocorroastr": 0.14419516896902407,
    "Ocorroeff": 102.79305175782726,
    "Ocorroeffrank": 307,
    "Ocorroefgp": 0.501473405983032,
    "Ocorroftr": 0.30739116895403723,
    "Ocorroorbp": 0.2519133910882919,
    "Ocorrotovr": 0.15473941955546983,
    "Oeff": 108.70083148690824,
    "Oefgp": 0.5262024407753051,
    "Oftr": 0.37185929648241206,
    "Oneteff": -6.235100451847416,
    "Oneteffrank": 310,
    "Oorbp": 0.27260981912144705,
    "Oposs": 1678.92,
    "Otovr": 0.14233406705045715,
    "SoR": 0.0,
    "SoRrank": 123,
    "TAst": 322.0,
    "TBlk": 49.0,
    "TDR": 563.0,
    "TFGA": 1395.0,
    "TFGA3": 626.0,
    "TFGM": 612.0,
    "TFGM3": 221.0,
    "TFTA": 427.0,
    "TFTM": 327.0,
    "TOR": 186.0,
    "TPF": 456.0,
    "TScore": 1772.0,
    "TStl": 150.0,
    "TTO": 271.0,
    "Tastr": 0.14798610217475228,
    "Tcorrdastr": 0.14655732341063196,
    "Tcorrdastrrank": 172,
    "Tcorrdeff": 112.28202157741096,
    "Tcorrdeffrank": 286,
    "Tcorrdefgp": 0.5345368288415041,
    "Tcorrdefgprank": 270,
    "Tcorrdftr": 0.40278400695934236,
    "Tcorrdftrrank": 325,
    "Tcorrdorbp": 0.3106557501125186,
    "Tcorrdorbprank": 268,
    "Tcorrdtovr": 0.13701003405962733,
    "Tcorrdtovrrank": 259,
    "Tcorroastr": 0.14467007613482716,
    "Tcorroastrrank": 182,
    "Tcorroeff": 103.46623216919201,
    "Tcorroeffrank": 215,
    "Tcorroefgp": 0.5054279446019546,
    "Tcorroefgprank": 180,
    "Tcorroftr": 0.3235416167544483,
    "Tcorroftrrank": 197,
    "Tcorroorbp": 0.22246822051290396,
    "Tcorroorbprank": 336,
    "Tcorrotovr": 0.1580497576580139,
    "Tcorrotovrrank": 251,
    "Teff": 106.24265534690744,
    "Tefgp": 0.517921146953405,
    "Tftr": 0.3060931899641577,
    "Tneteff": -8.815789408218947,
    "Tneteffrank": 258,
    "Torbp": 0.23366834170854273,
    "Tposs": 1667.88,
    "Ttovr": 0.14617990376939174,
    "closses": 4,
    "confplace": 1,
    "cwins": 11,
    "dates": [
        [
            11,
            4
        ],
        [
            11,
            10
        ],
        [
            11,
            12
        ],
        [
            11,
            15
        ],
        [
            11,
            18
        ],
        [
            11,
            22
        ],
        [
            11,
            24
        ],
        [
            12,
            4
        ],
        [
            12,
            18
        ],
        [
            12,
            22
        ],
        [
            12,
            29
        ],
        [
            1,
            2
        ],
        [
            1,
            5
        ],
        [
            1,
            8
        ],
        [
            1,
            11
        ],
        [
            1,
            13
        ],
        [
            1,
            18
        ],
        [
            1,
            22
        ],
        [
            1,
            25
        ],
        [
            1,
            29
        ],
        [
            2,
            1
        ],
        [
            2,
            5
        ],
        [
            2,
            8
        ],
        [
            2,
            10
        ],
        [
            2,
            15
        ],
        [
            2,
            19
        ]
    ],
    "geff": [
        [
            87.36559139784946,
            110.31907671418872
        ],
        [
            105.54505356017643,
            86.47798742138365
        ],
        [
            107.7023498694517,
            127.58620689655173
        ],
        [
            76.55902004454343,
            139.03326403326403
        ],
        [
            134.48784082535005,
            137.36263736263737
        ],
        [
            101.78117048346056,
            93.22560596643878
        ],
        [
            119.89342806394316,
            104.8474945533769
        ],
        [
            104.43527591542032,
            90.01014198782961
        ],
        [
            84.31952662721895,
            126.81159420289853
        ],
        [
            100.06901311249138,
            108.32187070151308
        ],
        [
            111.99421965317919,
            115.77424023154848
        ],
        [
            92.29789942711648,
            126.3256394260761
        ],
        [
            124.0079365079365,
            105.96026490066225
        ],
        [
            91.96185286103542,
            103.02197802197801
        ],
        [
            104.23053341508276,
            90.28642590286425
        ],
        [
            115.14195583596215,
            90.12016021361815
        ],
        [
            121.23197903014417,
            103.4373010821133
        ],
        [
            110.46133853151396,
            107.23431498079384
        ],
        [
            126.40449438202248,
            117.23507917174176
        ],
        [
            116.31513647642679,
            109.18432883750802
        ],
        [
            116.31716906946265,
            111.18378024852845
        ],
        [
            81.01851851851852,
            118.25449700199867
        ],
        [
            108.51419031719533,
            102.3471615720524
        ],
        [
            98.61932938856015,
            93.66925064599484
        ],
        [
            119.84021304926765,
            85.28428093645485
        ],
        [
            106.61310259579729,
            121.01910828025478
        ]
    ],
    "losses": 11,
    "nOT": [
        0,
        0,
        0,
        0,
        0,
        0,
        0,
        1,
        0,
        0,
        2,
        0,
        0,
        0,
        0,
        0,
        0,
        0,
        0,
        0,
        0,
        0,
        1,
        0,
        0,
        0
    ],
    "pace": 63.60164777584385,