{
    "CompRank": 78,
    "CompositeDef": 101.91439584093472,
    "CompositeOff": 113.60095084999058,
    "CompositePace": 73.94860327166307,
    "CompositeRating": 11.686555009055851,
    "HA": [
        "A",
        "A",
        "H",
        "H",
        "H",
        "H",
        "H",
        "H",
        "H",
        "A",
        "A",
        "H",
        "A",
        "H",
        "H",
        "A",
        "H",
        "A",
        "A",
        "H",
        "A",
        "A",
        "A",
        "H"
    ],
    "OAst": 328.0,
    "OAvgCompRat": -3.2023972231417006,
    "OBlk": 93.0,
    "ODR": 544.0,
    "OFGA": 1422.0,
    "OFGA3": 560.0,
    "OFGM": 610.0,
    "OFGM3": 191.0,
    "OFTA": 513.0,
    "OFTM": 364.0,
    "OOR": 258.0,
    "OPF": 366.0,
    "OScore": 1775.0,
    "OStl": 196.0,
    "OTO": 392.0,
    "Oastr": 0.13852989373743516,
    "Ocomprank": 280,
    "Ocorrdastr": 0.14304856206611338,
    "Ocorrdeff": 106.24499393816359,
    "Ocorrdeffrank": 246,
    "Ocorrdefgp": 0.505730952416928,
    "Ocorrdftr": 0.35490101626103643,
    "Ocorrdorbp": 0.2870193194035515,
    "Ocorrdtovr": 0.14177224321530665,
    "Ocorroastr": 0.13540790260417598,
    "Ocorroeff": 102.54365481271606,
    "Ocorroeffrank": 290,
    "Ocorroefgp": 0.49525495138582715,
    "Ocorroftr": 0.30714825116993205,
    "Ocorroorbp": 0.27198609121857714,
    "Ocorrotovr": 0.15264414337828644,
    "Oeff": 99.62283636037088,
    "Oefgp": 0.4961322081575246,
    "Oftr": 0.36075949367088606,
    "Oneteff": -3.7013391254475323,
    "Oneteffrank": 278,
    "Oorbp": 0.30641330166270786,
    "Oposs": 1781.72,
    "Otovr": 0.19218324083697763,
    "SoR": 75.00066256276689,
    "SoRrank": 32,
    "TAst": 428.0,
    "TBlk": 95.0,
    "TDR": 584.0,
    "TFGA": 1483.0,
    "TFGA3": 592.0,
    "TFGM": 733.0,
    "TFGM3": 242.0,
    "TFTA": 494.0,
    "TFTM": 355.0,
    "TOR": 226.0,
    "TPF": 488.0,
    "TScore": 2063.0,
    "TStl": 249.0,
    "TTO": 316.0,
    "Tastr": 0.1750969578949091,
    "Tcorrdastr": 0.14561900049739557,
    "Tcorrdastrrank": 208,
    "Tcorrdeff": 101.87451172130734,
    "Tcorrdeffrank": 122,
    "Tcorrdefgp": 0.50525728060743,
    "Tcorrdefgprank": 176,
    "Tcorrdftr": 0.3891351373042213,
    "Tcorrdftrrank": 299,
    "Tcorrdorbp": 0.31390073527658696,
    "Tcorrdorbprank": 306,
    "Tcorrdtovr": 0.18701739541099754,
    "Tcorrdtovrrank": 18,
    "Tcorroastr": 0.1743611684085212,
    "Tcorroastrrank": 40,
    "Tcorroeff": 113.72406389290647,
    "Tcorroeffrank": 51,
    "Tcorroefgp": 0.5744583953132463,
    "Tcorroefgprank": 16,
    "Tcorroftr": 0.31189685306395476,
    "Tcorroftrrank": 219,
    "Tcorroorbp": 0.285605120868409,
    "Tcorroorbprank": 149,
    "Tcorrotovr": 0.16420655844005944,
    "Tcorrotovrrank": 289,
    "Teff": 115.22822225697624,
    "Tefgp": 0.5758597437626433,
    "Tftr": 0.3331085637221848,
    "Tneteff": 11.849552171599129,
    "Tneteffrank": 77,
    "Torbp": 0.2935064935064935,
    "Tposs": 1790.3600000000001,
    "Ttovr": 0.15671804638060663,
    "closses": 1,
    "confplace": 1,
    "cwins": 12,
    "dates": [
        [
            11,
            6
        ],
        [
            11,
            10
        ],
        [
            11,
            17
        ],
        [
            11,
            22
        ],
        [
            11,
            24
        ],
        [
            11,
            25
        ],
        [
            11,
            30
        ],
        [
            12,
            11
        ],
        [
            12,
            16
        ],
        [
            12,
            19
        ],
        [
            12,
            21
        ],
        [
            1,
            3
        ],
        [
            1,
            6
        ],
        [
            1,
            11
        ],
        [
            1,
            13
        ],
        [
            1,
            16
        ],
        [
            1,
            20
        ],
        [
            1,
            24
        ],
        [
            1,
            27
        ],
        [
            1,
            31
        ],
        [
            2,
            3
        ],
        [
            2,
            8
        ],
        [
            2,
            10
        ],
        [
            2,
            14
        ]
    ],
    "geff": [
        [
            56.137724550898206,
            131.2265666845206
        ],
        [
            88.84636413340624,
            108.69565217391305
        ],
        [
            111.1944027986007,
            88.32188420019628
        ],
        [
            130.95238095238096,
            87.74227344159246
        ],
        [
            107.5122482308111,
            102.18767990788716
        ],
        [
            124.32299359921223,
            102.36803157375432
        ],
        [
            120.7464324917673,
            87.03802892340653
        ],
        [
            121.00082034454472,
            95.62841530054645
        ],
        [
            126.85802152742183,
            120.46632124352331
        ],
        [
            119.98784933171324,
            91.26271693596648
        ],
        [
            111.99794026776519,
            83.63355635615028
        ],
        [
            123.74860956618464,
            102.0971302428256
        ],
        [
            116.75423234092237,
            97.85932721712537
        ],
        [
            107.57080610021787,
            99.31895573212259
        ],
        [
            141.52936206168144,
            103.2258064516129
        ],
        [
            109.90621336459556,
            103.67990654205607
        ],
        [
            117.82231852654387,
            106.15711252653928
        ],
        [
            91.39784946236558,
            104.38972162740899
        ],
        [
            116.31513647642679,
            108.56453558504224
        ],
        [
            124.30939226519338,
            121.98888202594196
        ],
        [
            119.92619926199261,
            81.25362739408008
        ],
        [
            113.2404181184669,
            98.01136363636363
        ],
        [
            131.10539845758356,
            79.42511346444782
        ],
        [
            128.80562060889932,
            90.69631363370392
        ]
    ],
    "losses": 3,
    "nOT": [
        0,
        0,
        0,
        0,
        0,
        0,
        0,
        0,
        0,
        0,
        0,
        0,
        0,
        0,
        0,
        0,
        0,
        0,
        0,
        0,
        0,
        0,
        0,
        0
    ],
    "pace": 74.02581361514818,