{
    "CompRank": 326,
    "CompositeDef": 113.9122257678656,
    "CompositeOff": 97.50970965765909,
    "CompositePace": 73.4092623911617,
    "CompositeRating": -16.40251611020652,
    "HA": [
        "A",
        "A",
        "H",
        "A",
        "N",
        "A",
        "A",
        "A",
        "A",
        "H",
        "H",
        "A",
        "A",
        "H",
        "H",
        "H",
        "A",
        "A",
        "H",
        "H",
        "H",
        "H",
        "A",
        "A",
        "H",
        "A",
        "A"
    ],
    "OAst": 408.0,
    "OAvgCompRat": -8.411107629429601,
    "OBlk": 96.0,
    "ODR": 741.0,
    "OFGA": 1663.0,
    "OFGA3": 670.0,
    "OFGM": 763.0,
    "OFGM3": 240.0,
    "OFTA": 553.0,
    "OFTM": 376.0,
    "OOR": 283.0,
    "OPF": 492.0,
    "OScore": 2143.0,
    "OStl": 190.0,
    "OTO": 375.0,
    "Oastr": 0.1517112132434965,
    "Ocomprank": 361,
    "Ocorrdastr": 0.15650334536846244,
    "Ocorrdeff": 108.86065608972625,
    "Ocorrdeffrank": 351,
    "Ocorrdefgp": 0.52925305053345,
    "Ocorrdftr": 0.34904084543609465,
    "Ocorrdorbp": 0.3180680194517022,
    "Ocorrdtovr": 0.14911837725281044,
    "Ocorroastr": 0.13261531663329743,
    "Ocorroeff": 99.04651866203382,
    "Ocorroeffrank": 355,
    "Ocorroefgp": 0.4733700399308804,
    "Ocorroftr": 0.30494309755313737,
    "Ocorroorbp": 0.25780869325227346,
    "Ocorrotovr": 0.15715575119104275,
    "Oeff": 107.24008166860163,
    "Oefgp": 0.5309681298857486,
    "Oftr": 0.33253156945279616,
    "Oneteff": -9.81413742769243,
    "Oneteffrank": 358,
    "Oorbp": 0.30106382978723406,
    "Oposs": 1998.32,
    "Otovr": 0.1643785177002788,
    "SoR": 0.0,
    "SoRrank": 145,
    "TAst": 398.0,
    "TBlk": 66.0,
    "TDR": 657.0,
    "TFGA": 1684.0,
    "TFGA3": 664.0,
    "TFGM": 698.0,
    "TFGM3": 216.0,
    "TFTA": 593.0,
    "TFTM": 413.0,
    "TOR": 274.0,
    "TPF": 465.0,
    "TScore": 2026.0,
    "TStl": 221.0,
    "TTO": 337.0,
    "Tastr": 0.14851189587748886,
    "Tcorrdastr": 0.16309653189671253,
    "Tcorrdastrrank": 324,
    "Tcorrdeff": 113.9122257678656,
    "Tcorrdeffrank": 334,
    "Tcorrdefgp": 0.5663683435551037,
    "Tcorrdefgprank": 355,
    "Tcorrdftr": 0.3620512475582219,
    "Tcorrdftrrank": 265,
    "Tcorrdorbp": 0.3262112604050302,
    "Tcorrdorbprank": 330,
    "Tcorrdtovr": 0.1549492541935354,
    "Tcorrdtovrrank": 121,
    "Tcorroastr": 0.1353883143255159,
    "Tcorroastrrank": 208,
    "Tcorroeff": 97.50970965765909,
    "Tcorroeffrank": 302,
    "Tcorroefgp": 0.45672671058218567,
    "Tcorroefgprank": 321,
    "Tcorroftr": 0.3359831432206076,
    "Tcorroftrrank": 168,
    "Tcorroorbp": 0.23764898498410023,
    "Tcorroorbprank": 301,
    "Tcorrotovr": 0.14673180058255555,
    "Tcorrotovrrank": 169,
    "Teff": 100.90043428025021,
    "Tefgp": 0.47862232779097386,
    "Tftr": 0.3521377672209026,
    "Tneteff": -16.40251611020652,
    "Tneteffrank": 326,
    "Torbp": 0.26995073891625615,
    "Tposs": 2007.92,
    "Ttovr": 0.14768265320431917,
    "closses": 6,
    "confplace": 3,
    "cwins": 8,
    "dates": [
        [
            11,
            6
        ],
        [
            11,
            11
        ],
        [
            11,
            15
        ],
        [
            11,
            22
        ],
        [
            11,
            25
        ],
        [
            11,
            26
        ],
        [
            11,
            30
        ],
        [
            12,
            2
        ],
        [
            12,
            8
        ],
        [
            12,
            11
        ],
        [
            12,
            21
        ],
        [
            12,
            29
        ],
        [
            1,
            4
        ],
        [
            1,
            6
        ],
        [
            1,
            10
        ],
        [
            1,
            13
        ],
        [
            1,
            15
        ],
        [
            1,
            19
        ],
        [
            1,
            25
        ],
        [
            1,
            27
        ],
        [
            2,
            1
        ],
        [
            2,
            8
        ],
        [
            2,
            10
        ],
        [
            2,
            15
        ],
        [
            2,
            17
        ],
        [
            2,
            22
        ],
        [
            2,
            24
        ]
    ],
    "geff": [
        [
            119.72930765226444,
            106.43564356435644
        ],
        [
            65.47619047619048,
            108.80696364567332
        ],
        [
            107.57575757575758,
            111.39401654996817
        ],
        [
            106.32911392405063,
            116.41862698031686
        ],
        [
            123.08533916849015,
            130.67202757036185
        ],
        [
            117.4863387978142,
            132.7312534209086
        ],
        [
            63.5075720566683,
            98.4251968503937
        ],
        [
            96.62493195427326,
            95.23809523809523
        ],
        [
            103.42950462710941,
            97.63476347634763
        ],
        [
            119.2528735632184,
            126.45348837209303
        ],
        [
            92.04909284951975,
            122.73212379935967
        ],
        [
            92.1120913336793,
            136.0544217687075
        ],
        [
            80.45977011494253,
            86.35578583765111
        ],
        [
            89.08371040723982,
            101.0376843255052
        ],
        [
            106.19977037887485,
            103.13531353135313
        ],
        [
            97.02922855773838,
            88.89956751561749
        ],
        [
            117.3913043478261,
            99.49551569506727
        ],
        [
            106.38297872340426,
            91.65781083953242
        ],
        [
            90.96422073984233,
            116.42156862745098
        ],
        [
            120.59128630705393,
            126.38888888888889
        ],
        [
            106.49350649350649,
            94.12650602409637
        ],
        [
            96.33312616532008,
            101.66358595194085
        ],
        [
            80.22774327122153,
            91.8261769270564
        ],
        [
            102.14007782101167,
            102.04081632653062
        ],
        [
            123.86787426744806,
            102.32300884955754
        ],
        [
            110.1161665053243,
            124.93690055527512
        ],
        [
            97.5889781859931,
            84.69626168224299
        ]
    ],
    "losses": 15,
    "nOT": [
        0,
        0,
        0,
        0,
        0,
        0,
        0,
        0,
        0,
        0,
        0,
        0,
        0,
        0,
        0,
        1,
        0,
        0,
        0,
        0,
        0,
        0,
        0,
        1,
        0,
        0,
        0
    ],
    "pace": 73.4092623911617,