{
    "CompRank": 179,
    "CompositeDef": 100.79423052484188,
    "CompositeOff": 100.487668096618,
    "CompositePace": 74.88973565761277,
    "CompositeRating": -0.30656242822388086,
    "HA": [
        "H",
        "H",
        "A",
        "N",
        "N",
        "N",
        "H",
        "H",
        "N",
        "A",
        "A",
        "H",
        "H",
        "A",
        "A",
        "H",
        "H",
        "A",
        "A"
    ],
    "OAst": 260.0,
    "OAvgCompRat": 1.507726517855368,
    "OBlk": 71.0,
    "ODR": 455.0,
    "OFGA": 1160.0,
    "OFGA3": 409.0,
    "OFGM": 517.0,
    "OFGM3": 134.0,
    "OFTA": 470.0,
    "OFTM": 330.0,
    "OOR": 178.0,
    "OPF": 333.0,
    "OScore": 1498.0,
    "OStl": 130.0,
    "OTO": 266.0,
    "Oastr": 0.13736263736263737,
    "Ocomprank": 111,
    "Ocorrdastr": 0.13664116301966875,
    "Ocorrdeff": 101.29704069861691,
    "Ocorrdeffrank": 135,
    "Ocorrdefgp": 0.5025650383086901,
    "Ocorrdftr": 0.3320563535850492,
    "Ocorrdorbp": 0.26956338463641866,
    "Ocorrdtovr": 0.16619722691117642,
    "Ocorroastr": 0.14630722063713467,
    "Ocorroeff": 104.40371440344134,
    "Ocorroeffrank": 67,
    "Ocorroefgp": 0.5157562590484414,
    "Ocorroftr": 0.3257199780038074,
    "Ocorroorbp": 0.2660886827321249,
    "Ocorrotovr": 0.1559099211510673,
    "Oeff": 102.96948034094034,
    "Oefgp": 0.503448275862069,
    "Oftr": 0.4051724137931034,
    "Oneteff": 3.1066737048244306,
    "Oneteffrank": 98,
    "Oorbp": 0.27639751552795033,
    "Oposs": 1454.8,
    "Otovr": 0.16291033806957375,
    "SoR": 0.0,
    "SoRrank": 164,
    "TAst": 265.0,
    "TBlk": 57.0,
    "TDR": 466.0,
    "TFGA": 1194.0,
    "TFGA3": 393.0,
    "TFGM": 533.0,
    "TFGM3": 125.0,
    "TFTA": 384.0,
    "TFTM": 263.0,
    "TOR": 186.0,
    "TPF": 382.0,
    "TScore": 1454.0,
    "TStl": 148.0,
    "TTO": 280.0,
    "Tastr": 0.13889180066668064,
    "Tcorrdastr": 0.13411498080503992,
    "Tcorrdastrrank": 116,
    "Tcorrdeff": 100.7055344263387,
    "Tcorrdeffrank": 145,
    "Tcorrdefgp": 0.4915407158662267,
    "Tcorrdefgprank": 131,
    "Tcorrdftr": 0.39406432974417505,
    "Tcorrdftrrank": 323,
    "Tcorrdorbp": 0.27871514445238443,
    "Tcorrdorbprank": 231,
    "Tcorrdtovr": 0.1660836217153784,
    "Tcorrdtovrrank": 123,
    "Tcorroastr": 0.1450832657099604,
    "Tcorroastrrank": 146,
    "Tcorroeff": 100.60799130237777,
    "Tcorroeffrank": 207,
    "Tcorroefgp": 0.4998299260349781,
    "Tcorroefgprank": 188,
    "Tcorroftr": 0.3079043333395014,
    "Tcorroftrrank": 201,
    "Tcorroorbp": 0.28980108450213377,
    "Tcorroorbprank": 114,
    "Tcorrotovr": 0.1629005147849357,
    "Tcorrotovrrank": 228,
    "Teff": 99.79683725016473,
    "Tefgp": 0.49874371859296485,
    "Tftr": 0.32160804020100503,
    "Tneteff": -0.09754312396093212,
    "Tneteffrank": 176,
    "Torbp": 0.29017160686427457,
    "Tposs": 1456.96,
    "Ttovr": 0.1704241125772995,
    "closses": 4,
    "confplace": 5,
    "cwins": 4,
    "dates": [
        [
            11,
            7
        ],
        [
            11,
            12
        ],
        [
            11,
            15
        ],
        [
            11,
            18
        ],
        [
            11,
            19
        ],
        [
            11,
            21
        ],
        [
            11,
            27
        ],
        [
            12,
            3
        ],
        [
            12,
            10
        ],
        [
            12,
            18
        ],
        [
            12,
            30
        ],
        [
            1,
            3
        ],
        [
            1,
            7
        ],
        [
            1,
            10
        ],
        [
            1,
            14
        ],
        [
            1,
            17
        ],
        [
            1,
            20
        ],
        [
            1,
            24
        ],
        [
            1,
            27
        ]
    ],
    "geff": [
        [
            103.77358490566039,
            101.58804297057449
        ],
        [
            70.45454545454545,
            110.1771921853703
        ],
        [
            82.34688625836336,
            107.25229826353423
        ],
        [
            100.61486864169927,
            109.22992900054616
        ],
        [
            84.38215102974829,
            89.28571428571428
        ],
        [
            115.16853932584269,
            107.43321718931476
        ],
        [
            104.57198443579767,
            80.88235294117648
        ],
        [
            125.30193236714977,
            93.80329732802728
        ],
        [
            83.64312267657994,
            118.34319526627219
        ],
        [
            100.36026762738034,
            117.76251226692837
        ],
        [
            90.18567639257294,
            118.35106382978724
        ],
        [
            97.40259740259741,
            97.13977334052886
        ],
        [
            115.14104778353483,
            91.17647058823529
        ],
        [
            99.10802775024777,
            114.84098939929329
        ],
        [
            92.11147850732168,
            100.55478502080445
        ],
        [
            127.74655084312724,
            90.37678207739307
        ],
        [
            106.88506385341476,
            117.0386499727817
        ],
        [
            122.8401727861771,
            88.99233296823658
        ],
        [
            84.40913604766634,
            99.83810037776578
        ]
    ],
    "losses": 11,
    "nOT": [
        0,
        0,
        0,
        0,
        0,
        0,
        0,
        0,
        0,
        0,
        0,
        0,
        0,
        0,
        1,
        0,
        0,
        0,
        0
    ],
    "pace": 75.10636200918917,
    "poss": [
        [
            84.8,
            85.64
        ],
        [
            88.0,
            88.03999999999999
        ],
        [
            77.72,
            78.32
        ],
        [
            71.56,
            73.24
        ],
        [
            69.92,
            70.56
        ],
        [
            71.2,
            68.88
        ],
        [
            82.24,
            81.6
        ],
        [
            66.24,
            70.36
        ],
        [
            75.32,
            74.36
        ],
        [
            77.72,
            81.52
        ],
        [
            75.4,
            75.2
        ],
        [
            77.0,
            74.12
        ],
        [
            69.48,
            68.0
        ],
        [
            80.72,
            79.24
        ],
        [
            84.68,
            86.52
        ],
        [
            78.28,
            78.56
        ],
        [
            72.04,
            73.48
        ],
        [
            74.08,
            73.04
        ],
        [
            80.56,
            74.12
        ]
    ],
    "preseason_pace": 71.5189393661042,
    "preseason_pred": -3.5589898939321394,
    "preseason_predd": 102.17437877425905,
    "preseason_predo": 98.61538888032692,
    "schedule": [
        "colgate",
        "james-madison",
        "connecticut",
        "drake",
        "howard",
        "george-mason",
        "canisius",
        "st-bonaventure",
        "tulane",
        "west-virginia",
        "michigan-state",
        "ohio",
        "northern-illinois",
        "miami-oh",
        "central-michigan",
        "bowling-green-state",
        "toledo",
        "ball-state",
        "kent-state"
    ],