{
    "CompRank": 184,
    "CompositeDef": 102.79241655820296,
    "CompositeOff": 102.00569432882527,
    "CompositePace": 74.53572389580563,
    "CompositeRating": -0.786722229377679,
    "HA": [
        "H",
        "H",
        "A",
        "N",
        "N",
        "N",
        "H",
        "H",
        "N",
        "A",
        "A",
        "H",
        "H",
        "A",
        "A",
        "H",
        "H",
        "A",
        "A",
        "H",
        "A",
        "H",
        "H"
    ],
    "OAst": 334.0,
    "OAvgCompRat": 0.7338142139516993,
    "OBlk": 84.0,
    "ODR": 528.0,
    "OFGA": 1404.0,
    "OFGA3": 499.0,
    "OFGM": 638.0,
    "OFGM3": 172.0,
    "OFTA": 535.0,
    "OFTM": 376.0,
    "OOR": 212.0,
    "OPF": 407.0,
    "OScore": 1824.0,
    "OStl": 154.0,
    "OTO": 319.0,
    "Oastr": 0.1456988309195603,
    "Ocomprank": 130,
    "Ocorrdastr": 0.13891444011391804,
    "Ocorrdeff": 102.28281856047997,
    "Ocorrdeffrank": 148,
    "Ocorrdefgp": 0.5053224954577846,
    "Ocorrdftr": 0.33356240107349655,
    "Ocorrdorbp": 0.2704932434107322,
    "Ocorrdtovr": 0.16349298053161448,
    "Ocorroastr": 0.14368185673088105,
    "Ocorroeff": 104.21388065043881,
    "Ocorroeffrank": 105,
    "Ocorroefgp": 0.5110072661206702,
    "Ocorroftr": 0.324969263466079,
    "Ocorroorbp": 0.267355435122123,
    "Ocorrotovr": 0.15274560929730133,
    "Oeff": 104.44342647732478,
    "Oefgp": 0.5156695156695157,
    "Oftr": 0.38105413105413105,
    "Oneteff": 1.9310620899588429,
    "Oneteffrank": 117,
    "Oorbp": 0.27676240208877284,
    "Oposs": 1746.4,
    "Otovr": 0.16288807189542484,
    "SoR": 0.0,
    "SoRrank": 147,
    "TAst": 335.0,
    "TBlk": 73.0,
    "TDR": 554.0,
    "TFGA": 1426.0,
    "TFGA3": 474.0,
    "TFGM": 644.0,
    "TFGM3": 155.0,
    "TFTA": 471.0,
    "TFTM": 327.0,
    "TOR": 233.0,
    "TPF": 449.0,
    "TScore": 1770.0,
    "TStl": 177.0,
    "TTO": 339.0,
    "Tastr": 0.14519512491114928,
    "Tcorrdastr": 0.14512568152418903,
    "Tcorrdastrrank": 206,
    "Tcorrdeff": 102.80581696186603,
    "Tcorrdeffrank": 177,
    "Tcorrdefgp": 0.5090618936639891,
    "Tcorrdefgprank": 191,
    "Tcorrdftr": 0.37268027395345005,
    "Tcorrdftrrank": 303,
    "Tcorrdorbp": 0.27891070896339965,
    "Tcorrdorbprank": 229,
    "Tcorrdtovr": 0.16861529291775185,
    "Tcorrdtovrrank": 106,
    "Tcorroastr": 0.1494927711415133,
    "Tcorroastrrank": 122,
    "Tcorroeff": 102.07920352637154,
    "Tcorroeffrank": 188,
    "Tcorroefgp": 0.5051832261985004,
    "Tcorroefgprank": 168,
    "Tcorroftr": 0.3156228308018186,
    "Tcorroftrrank": 171,
    "Tcorroorbp": 0.3058372740698876,
    "Tcorroorbprank": 79,
    "Tcorrotovr": 0.1661256185643735,
    "Tcorrotovrrank": 254,
    "Teff": 101.76858857891953,
    "Tefgp": 0.5059607293127629,
    "Tftr": 0.3302945301542777,
    "Tneteff": -0.7266134354944853,
    "Tneteffrank": 184,
    "Torbp": 0.3061760840998686,
    "Tposs": 1739.24,
    "Ttovr": 0.17188577455076462,
    "closses": 6,
    "confplace": 6,
    "cwins": 6,
    "dates": [
        [
            11,
            7
        ],
        [
            11,
            12
        ],
        [
            11,
            15
        ],
        [
            11,
            18
        ],
        [
            11,
            19
        ],
        [
            11,
            21
        ],
        [
            11,
            27
        ],
        [
            12,
            3
        ],
        [
            12,
            10
        ],
        [
            12,
            18
        ],
        [
            12,
            30
        ],
        [
            1,
            3
        ],
        [
            1,
            7
        ],
        [
            1,
            10
        ],
        [
            1,
            14
        ],
        [
            1,
            17
        ],
        [
            1,
            20
        ],
        [
            1,
            24
        ],
        [
            1,
            27
        ],
        [
            1,
            31
        ],
        [
            2,
            4
        ],
        [
            2,
            7
        ],
        [
            2,
            10
        ]
    ],
    "geff": [
        [
            103.77358490566039,
            101.58804297057449
        ],
        [
            70.45454545454545,
            110.1771921853703
        ],
        [
            82.34688625836336,
            107.25229826353423
        ],
        [
            100.61486864169927,
            109.22992900054616
        ],
        [
            84.38215102974829,
            89.28571428571428
        ],
        [
            115.16853932584269,
            107.43321718931476
        ],
        [
            104.57198443579767,
            80.88235294117648
        ],
        [
            125.30193236714977,
            93.80329732802728
        ],
        [
            83.64312267657994,
            118.34319526627219
        ],
        [
            100.36026762738034,
            117.76251226692837
        ],
        [
            90.18567639257294,
            118.35106382978724
        ],
        [
            97.40259740259741,
            97.13977334052886
        ],
        [
            115.14104778353483,
            91.17647058823529
        ],
        [
            99.10802775024777,
            114.84098939929329
        ],
        [
            92.11147850732168,
            100.55478502080445
        ],
        [
            127.74655084312724,
            90.37678207739307
        ],
        [
            106.88506385341476,
            117.0386499727817
        ],
        [
            122.8401727861771,
            88.99233296823658
        ],
        [
            84.40913604766634,
            99.83810037776578
        ],
        [
            90.09009009009009,
            115.05681818181817
        ],
        [
            122.61973456433931,
            105.49694614103275
        ],
        [
            142.77715565509519,
            128.71549893842888
        ],
        [
            92.22474460839955,
            97.5609756097561
        ]
    ],
    "losses": 13,
    "nOT": [
        0,
        0,
        0,
        0,
        0,
        0,
        0,
        0,
        0,
        0,
        0,
        0,
        0,
        0,
        1,
        0,
        0,
        0,
        0,
        0,
        0,
        0,
        0
    ],
    "pace": 74.60113434725818,
    "poss": [
        [
            84.8,
            85.64
        ],
        [
            88.0,
            88.03999999999999
        ],
        [
            77.72,
            78.32
        ],
        [
            71.56,
            73.24
        ],
        [
            69.92,
            70.56
        ],
        [
            71.2,
            68.88
        ],
        [
            82.24,
            81.6
        ],
        [
            66.24,
            70.36
        ],
        [
            75.32,
            74.36
        ],
        [
            77.72,
            81.52
        ],
        [
            75.4,
            75.2
        ],
        [
            77.0,
            74.12
        ],
        [
            69.48,
            68.0
        ],
        [
            80.72,
            79.24
        ],
        [
            84.68,
            86.52
        ],
        [
            78.28,
            78.56
        ],
        [
            72.04,
            73.48
        ],
        [
            74.08,
            73.04
        ],
        [
            80.56,
            74.12
        ],
        [
            71.04,
            70.4
        ],
        [
            69.32,
            72.04
        ],
        [
            71.44,
            75.36
        ],
        [
            70.48,
            73.8
        ]
    ],
    "preseason_pace": 71.5189393661042,
    "preseason_pred": -3.5589898939321394,
    "preseason_predd": 102.17437877425905,
    "preseason_predo": 98.61538888032692,