{
    "CompRank": 344,
    "CompositeDef": 114.1694224733362,
    "CompositeOff": 94.37763786036174,
    "CompositePace": 72.35549020560421,
    "CompositeRating": -19.791784612974453,
    "HA": [
        "A",
        "A",
        "H",
        "A",
        "H",
        "H",
        "A",
        "A",
        "A",
        "A",
        "A",
        "H",
        "H",
        "A",
        "A",
        "H",
        "A",
        "H",
        "H",
        "A",
        "H"
    ],
    "OAst": 338.0,
    "OAvgCompRat": -2.4655336557040393,
    "OBlk": 75.0,
    "ODR": 581.0,
    "OFGA": 1325.0,
    "OFGA3": 482.0,
    "OFGM": 626.0,
    "OFGM3": 177.0,
    "OFTA": 435.0,
    "OFTM": 310.0,
    "OOR": 219.0,
    "OPF": 371.0,
    "OScore": 1739.0,
    "OStl": 171.0,
    "OTO": 239.0,
    "Oastr": 0.16145982612018725,
    "Ocomprank": 235,
    "Ocorrdastr": 0.15311481256149945,
    "Ocorrdeff": 107.75233603404364,
    "Ocorrdeffrank": 238,
    "Ocorrdefgp": 0.5206531933383911,
    "Ocorrdftr": 0.3264920740121975,
    "Ocorrdorbp": 0.29264101639365114,
    "Ocorrdtovr": 0.1471601597052802,
    "Ocorroastr": 0.1339010562821098,
    "Ocorroeff": 105.03884634421973,
    "Ocorroeffrank": 215,
    "Ocorroefgp": 0.4955242876536904,
    "Ocorroftr": 0.3358210959230701,
    "Ocorroorbp": 0.2887751144133691,
    "Ocorrotovr": 0.14527805155242154,
    "Oeff": 113.18667013798489,
    "Oefgp": 0.5392452830188679,
    "Oftr": 0.3283018867924528,
    "Oneteff": -2.713489689823902,
    "Oneteffrank": 235,
    "Oorbp": 0.30374479889042993,
    "Oposs": 1536.4,
    "Otovr": 0.13615130454597243,
    "SoR": 0.0,
    "SoRrank": 128,
    "TAst": 284.0,
    "TBlk": 76.0,
    "TDR": 502.0,
    "TFGA": 1250.0,
    "TFGA3": 574.0,
    "TFGM": 518.0,
    "TFGM3": 168.0,
    "TFTA": 400.0,
    "TFTM": 278.0,
    "TOR": 167.0,
    "TPF": 309.0,
    "TScore": 1482.0,
    "TStl": 136.0,
    "TTO": 288.0,
    "Tastr": 0.14214214214214213,
    "Tcorrdastr": 0.17610242564491815,
    "Tcorrdastrrank": 347,
    "Tcorrdeff": 114.24980698702586,
    "Tcorrdeffrank": 317,
    "Tcorrdefgp": 0.5535439367616073,
    "Tcorrdefgprank": 326,
    "Tcorrdftr": 0.3264227661021877,
    "Tcorrdftrrank": 166,
    "Tcorrdorbp": 0.30286291568834395,
    "Tcorrdorbprank": 245,
    "Tcorrdtovr": 0.14008516638518023,
    "Tcorrdtovrrank": 240,
    "Tcorroastr": 0.13559378348555468,
    "Tcorroastrrank": 236,
    "Tcorroeff": 94.27188066550833,
    "Tcorroeffrank": 344,
    "Tcorroefgp": 0.4706674696996823,
    "Tcorroefgprank": 300,
    "Tcorroftr": 0.32816516384267885,
    "Tcorroftrrank": 183,
    "Tcorroorbp": 0.22021974014047493,
    "Tcorroorbprank": 340,
    "Tcorrotovr": 0.17065213913935143,
    "Tcorrotovrrank": 318,
    "Teff": 95.7983193277311,
    "Tefgp": 0.4816,
    "Tftr": 0.32,
    "Tneteff": -19.97792632151753,
    "Tneteffrank": 344,
    "Torbp": 0.2232620320855615,
    "Tposs": 1547.0,
    "Ttovr": 0.16802800466744458,
    "closses": 8,
    "confplace": 11,
    "cwins": 2,
    "dates": [
        [
            11,
            4
        ],
        [
            11,
            11
        ],
        [
            11,
            14
        ],
        [
            11,
            19
        ],
        [
            11,
            22
        ],
        [
            11,
            25
        ],
        [
            12,
            1
        ],
        [
            12,
            7
        ],
        [
            12,
            19
        ],
        [
            12,
            29
        ],
        [
            1,
            4
        ],
        [
            1,
            7
        ],
        [
            1,
            10
        ],
        [
            1,
            14
        ],
        [
            1,
            18
        ],
        [
            1,
            21
        ],
        [
            1,
            25
        ],
        [
            1,
            28
        ],
        [
            2,
            1
        ],
        [
            2,
            4
        ],
        [
            2,
            8
        ]
    ],
    "geff": [
        [
            114.51434878587196,
            105.77915376676987
        ],
        [
            94.08602150537634,
            114.85042735042735
        ],
        [
            80.8080808080808,
            107.67326732673267
        ],
        [
            98.99527186761229,
            124.44160816847477
        ],
        [
            118.84057971014492,
            102.99097065462755
        ],
        [
            102.09163346613546,
            102.63558033451596
        ],
        [
            92.69988412514485,
            124.78485370051635
        ],
        [
            85.83021223470662,
            103.9002557544757
        ],
        [
            68.74298540965208,
            146.2843768285547
        ],
        [
            88.00198314328209,
            114.60957178841309
        ],
        [
            112.08853575482405,
            131.72804532577905
        ],
        [
            97.91769955379276,
            110.88709677419355
        ],
        [
            72.35676314235086,
            100.59171597633137
        ],
        [
            87.94694348327566,
            111.51891586674195
        ],
        [
            107.59493670886076,
            93.41199606686332
        ],
        [
            74.6268656716418,
            113.98176291793314
        ],
        [
            108.38963963963963,
            129.16188289322616
        ],
        [
            100.69817400644467,
            95.6738768718802
        ],
        [
            108.01591813530415,
            126.42045454545453
        ],
        [
            105.35307517084283,
            123.72013651877134
        ],
        [
            93.37649402390439,
            100.70493454179255
        ]
    ],
    "losses": 16,
    "nOT": [
        0,
        0,
        0,
        0,
        0,
        0,
        0,
        0,
        0,
        0,
        0,
        0,
        0,
        0,
        0,
        0,
        0,
        0,
        0,
        0,
        0
    ],
    "pace": 72.45262741813575,
    "poss": [
        [
            72.48,
            77.52
        ],
        [
            81.84,
            74.88
        ],
        [
            79.2,
            80.8
        ],
        [
            67.68,
            62.68000000000001
        ],
        [
            69.0,
            70.88
        ],
        [
            80.32,
            78.92
        ],
        [
            69.03999999999999,
            69.72
        ],
        [
            64.08,
            62.56
        ],
        [
            71.28,
            68.36
        ],
        [
            80.68,
            79.4
        ],
        [
            70.48,
            70.6
        ],
        [
            80.68,
            79.36
        ],
        [
            67.72,
            67.6
        ],
        [
            69.36,
            70.84
        ],
        [
            79.0,
            81.36
        ],
        [
            77.72,
            78.96
        ],
        [
            71.04,
            69.68
        ],
        [
            74.48,
            72.12
        ],
        [
            70.36,
            70.4
        ],
        [
            70.24,
            70.32
        ],
        [
            80.32,
            79.44
        ]
    ],
    "preseason_pace": 69.87606285573668,
    "preseason_pred": -15.040517502412463,
    "preseason_predd": 112.11760776140753,
    "preseason_predo": 97.07709025899507,