{
    "CompRank": 225,
    "CompositeDef": 105.47983706672917,
    "CompositeOff": 99.65789567742648,
    "CompositePace": 66.42995296144376,
    "CompositeRating": -5.821941389302702,
    "HA": [
        "A",
        "A",
        "H",
        "A"
    ],
    "OAst": 46.0,
    "OAvgCompRat": 0.43332433729493497,
    "OBlk": 10.0,
    "ODR": 80.0,
    "OFGA": 209.0,
    "OFGA3": 58.0,
    "OFGM": 92.0,
    "OFGM3": 17.0,
    "OFTA": 77.0,
    "OFTM": 56.0,
    "OOR": 41.0,
    "OPF": 66.0,
    "OScore": 257.0,
    "OStl": 37.0,
    "OTO": 52.0,
    "Oastr": 0.13494484862708284,
    "Ocomprank": 164,
    "Ocorrdastr": 0.14595291981121103,
    "Ocorrdeff": 94.20613847456474,
    "Ocorrdeffrank": 37,
    "Ocorrdefgp": 0.47608374760521543,
    "Ocorrdftr": 0.27843882071294607,
    "Ocorrdorbp": 0.24317618907137273,
    "Ocorrdtovr": 0.16275142872443663,
    "Ocorroastr": 0.13814195129723508,
    "Ocorroeff": 105.53150443517134,
    "Ocorroeffrank": 106,
    "Ocorroefgp": 0.5110482158886491,
    "Ocorroftr": 0.3636962402562528,
    "Ocorroorbp": 0.2828640333470578,
    "Ocorrotovr": 0.16597165380796003,
    "Oeff": 101.22892705215062,
    "Oefgp": 0.48086124401913877,
    "Oftr": 0.3684210526315789,
    "Oneteff": 11.325365960606604,
    "Oneteffrank": 51,
    "Oorbp": 0.3504273504273504,
    "Oposs": 253.88,
    "Otovr": 0.176342919153554,
    "SoR": 0.049977510162069194,
    "SoRrank": 275,
    "TAst": 47.0,
    "TBlk": 15.0,
    "TDR": 76.0,
    "TFGA": 203.0,
    "TFGA3": 72.0,
    "TFGM": 91.0,
    "TFGM3": 20.0,
    "TFTA": 54.0,
    "TFTM": 36.0,
    "TOR": 33.0,
    "TPF": 70.0,
    "TScore": 238.0,
    "TStl": 31.0,
    "TTO": 59.0,
    "Tastr": 0.14124293785310735,
    "Tcorrdastr": 0.13442148782509233,
    "Tcorrdastrrank": 172,
    "Tcorrdeff": 98.42524557993649,
    "Tcorrdeffrank": 122,
    "Tcorrdefgp": 0.46774071464532835,
    "Tcorrdefgprank": 109,
    "Tcorrdftr": 0.3489826331586781,
    "Tcorrdftrrank": 208,
    "Tcorrdorbp": 0.35037707453583383,
    "Tcorrdorbprank": 320,
    "Tcorrdtovr": 0.16314418084777318,
    "Tcorrdtovrrank": 122,
    "Tcorroastr": 0.13355811552135433,
    "Tcorroastrrank": 189,
    "Tcorroeff": 102.28776136289783,
    "Tcorroeffrank": 181,
    "Tcorroefgp": 0.5190675255478935,
    "Tcorroefgprank": 115,
    "Tcorroftr": 0.3276147442843778,
    "Tcorroftrrank": 193,
    "Tcorroorbp": 0.3395034843723189,
    "Tcorroorbprank": 73,
    "Tcorrotovr": 0.19461236982482677,
    "Tcorrotovrrank": 324,
    "Teff": 94.16046842854882,
    "Tefgp": 0.4975369458128079,
    "Tftr": 0.2660098522167488,
    "Tneteff": 3.8625157829613386,
    "Tneteffrank": 134,
    "Torbp": 0.2920353982300885,
    "Tposs": 252.76,
    "Ttovr": 0.2064669652855543,
    "closses": 0,
    "confplace": 1,
    "cwins": 0,
    "dates": [
        [
            11,
            10
        ],
        [
            11,
            12
        ],
        [
            11,
            20
        ],
        [
            11,
            21
        ]
    ],
    "geff": [
        [
            84.93589743589743,
            90.12016021361815
        ],
        [
            78.93226176808265,
            117.4863387978142
        ],
        [
            101.53129161118508,
            103.47129506008011
        ],
        [
            113.86138613861387,
            90.40105193951348
        ]
    ],
    "losses": 3,
    "nOT": [
        0,
        0,
        0,
        0
    ],
    "pace": 66.50726717474251,
    "poss": [
        [
            62.4,
            59.92
        ],
        [
            69.68,
            73.2
        ],
        [
            60.08,
            59.92
        ],
        [
            60.599999999999994,
            60.84
        ]
    ],
    "preseason_pace": 66.39601530951565,
    "preseason_pred": -10.073006266016684,
    "preseason_predd": 108.57650273994409,
    "preseason_predo": 98.5034964739274,
    "schedule": [
        "st-thomas-mn",
        "iowa-state",
        "citadel",
        "campbell"
    ],
    "scores": [
        [
            53,
            54
        ],
        [
            55,
            86
        ],
        [
            61,
            62
        ],
        [
            69,
            55
        ]
    ],
    "wins": 1
}