{
    "CompRank": 331,
    "CompositeDef": 109.58316375304675,
    "CompositeOff": 92.33181156717244,
    "CompositePace": 65.83566615559468,
    "CompositeRating": -17.25135218587429,
    "HA": [
        "A",
        "H",
        "A",
        "A",
        "A",
        "H",
        "H",
        "H",
        "A",
        "A",
        "A",
        "A",
        "A",
        "H",
        "H",
        "H",
        "H",
        "A",
        "A",
        "A",
        "H",
        "H",
        "A",
        "A",
        "H"
    ],
    "OAst": 355.0,
    "OAvgCompRat": 0.6683283642887151,
    "OBlk": 72.0,
    "ODR": 654.0,
    "OFGA": 1461.0,
    "OFGA3": 619.0,
    "OFGM": 677.0,
    "OFGM3": 229.0,
    "OFTA": 356.0,
    "OFTM": 250.0,
    "OOR": 184.0,
    "OPF": 386.0,
    "OScore": 1833.0,
    "OStl": 195.0,
    "OTO": 215.0,
    "Oastr": 0.16227532866467972,
    "Ocomprank": 136,
    "Ocorrdastr": 0.144378540025624,
    "Ocorrdeff": 105.57382915340945,
    "Ocorrdeffrank": 167,
    "Ocorrdefgp": 0.5102449178420572,
    "Ocorrdftr": 0.30997095297490784,
    "Ocorrdorbp": 0.2834599500226348,
    "Ocorrdtovr": 0.14113477192908555,
    "Ocorroastr": 0.14945020384926375,
    "Ocorroeff": 106.92204198844858,
    "Ocorroeffrank": 116,
    "Ocorroefgp": 0.5142772184036645,
    "Ocorroftr": 0.32157056902992454,
    "Ocorroorbp": 0.2595350190415012,
    "Ocorrotovr": 0.14708001347780603,
    "Oeff": 111.1825504658385,
    "Oefgp": 0.5417522245037646,
    "Oftr": 0.243668720054757,
    "Oneteff": 1.348212835039135,
    "Oneteffrank": 132,
    "Oorbp": 0.228287841191067,
    "Oposs": 1648.64,
    "Otovr": 0.11731709446481578,
    "SoR": 0.0,
    "SoRrank": 130,
    "TAst": 301.0,
    "TBlk": 87.0,
    "TDR": 622.0,
    "TFGA": 1327.0,
    "TFGA3": 568.0,
    "TFGM": 544.0,
    "TFGM3": 177.0,
    "TFTA": 369.0,
    "TFTM": 249.0,
    "TOR": 163.0,
    "TPF": 297.0,
    "TScore": 1514.0,
    "TStl": 105.0,
    "TTO": 312.0,
    "Tastr": 0.14317243478757205,
    "Tcorrdastr": 0.15533789631189474,
    "Tcorrdastrrank": 280,
    "Tcorrdeff": 109.62511436939815,
    "Tcorrdeffrank": 254,
    "Tcorrdefgp": 0.5324971824410704,
    "Tcorrdefgprank": 281,
    "Tcorrdftr": 0.25062947160914356,
    "Tcorrdftrrank": 20,
    "Tcorrdorbp": 0.2456363214052036,
    "Tcorrdorbprank": 47,
    "Tcorrdtovr": 0.11757945070204767,
    "Tcorrdtovrrank": 342,
    "Tcorroastr": 0.14196290464815214,
    "Tcorroastrrank": 167,
    "Tcorroeff": 92.2750602206181,
    "Tcorroeffrank": 348,
    "Tcorroefgp": 0.4722651484687708,
    "Tcorroefgprank": 287,
    "Tcorroftr": 0.2975414896532175,
    "Tcorroftrrank": 262,
    "Tcorroorbp": 0.1970290508309255,
    "Tcorroorbprank": 355,
    "Tcorrotovr": 0.18091780179932626,
    "Tcorrotovrrank": 351,
    "Teff": 92.40948265338508,
    "Tefgp": 0.4766390354182366,
    "Tftr": 0.27807083647324793,
    "Tneteff": -17.350054148780046,
    "Tneteffrank": 331,
    "Torbp": 0.19951040391676866,
    "Tposs": 1638.3600000000001,
    "Ttovr": 0.17320246924545898,
    "closses": 12,
    "confplace": 8,
    "cwins": 2,
    "dates": [
        [
            11,
            6
        ],
        [
            11,
            10
        ],
        [
            11,
            25
        ],
        [
            11,
            29
        ],
        [
            12,
            2
        ],
        [
            12,
            6
        ],
        [
            12,
            9
        ],
        [
            12,
            13
        ],
        [
            12,
            16
        ],
        [
            12,
            21
        ],
        [
            12,
            30
        ],
        [
            1,
            6
        ],
        [
            1,
            15
        ],
        [
            1,
            20
        ],
        [
            1,
            27
        ],
        [
            2,
            2
        ],
        [
            2,
            3
        ],
        [
            2,
            10
        ],
        [
            2,
            16
        ],
        [
            2,
            17
        ],
        [
            2,
            23
        ],
        [
            2,
            24
        ],
        [
            3,
            1
        ],
        [
            3,
            2
        ],
        [
            3,
            5
        ]
    ],
    "geff": [
        [
            80.02371072910492,
            134.73930872876392
        ],
        [
            70.6713780918728,
            110.5349344978166
        ],
        [
            102.39445494643982,
            98.15585960737657
        ],
        [
            85.20900321543408,
            105.61056105610561
        ],
        [
            88.26583592938734,
            92.92260692464359
        ],
        [
            113.70436864153201,
            90.6515580736544
        ],
        [
            84.50255102040816,
            97.3423980222497
        ],
        [
            101.74418604651163,
            88.38383838383838
        ],
        [
            80.26159334126041,
            119.83223487118036
        ],
        [
            91.11253196930946,
            103.33127698951265
        ],
        [
            80.89133089133088,
            101.53031194820484
        ],
        [
            77.6019476567255,
            126.02394454946439
        ],
        [
            94.64751958224542,
            122.34385061171926
        ],
        [
            76.71480144404332,
            112.02830188679245
        ],
        [
            117.7024482109228,
            115.93729588504245
        ],
        [
            85.64964447317388,
            92.53139458030402
        ],
        [
            89.34269304403318,
            115.01597444089458
        ],
        [
            88.90898131404461,
            120.91708542713567
        ],
        [
            86.77685950413223,
            103.75213189312109
        ],
        [
            111.60714285714285,
            129.81330221703618
        ],
        [
            113.18897637795276,
            134.9572086899276
        ],
        [
            92.2266139657444,
            112.43386243386243
        ],
        [
            91.56311314584697,
            130.97576948264572
        ],
        [
            95.27872582480092,
            126.20533182076005
        ],
        [
            112.02830188679245,
            99.71098265895954
        ]
    ],
    "losses": 21,
    "nOT": [
        0,
        0,
        0,
        0,
        0,
        0,
        0,
        0,
        0,
        0,
        0,
        0,
        0,
        0,
        0,
        0,
        0,
        0,
        0,
        0,
        0,
        0,
        0,
        0,
        0
    ],
    "pace": 65.81096793134185,