{
    "CompRank": 333,
    "CompositeDef": 113.58387064177035,
    "CompositeOff": 96.33875639722912,
    "CompositePace": 69.9551125004337,
    "CompositeRating": -17.245114244541217,
    "HA": [
        "A",
        "A",
        "A",
        "H"
    ],
    "OAst": 77.0,
    "OAvgCompRat": 1.729356996332091,
    "OBlk": 5.0,
    "ODR": 120.0,
    "OFGA": 250.0,
    "OFGA3": 100.0,
    "OFGM": 119.0,
    "OFGM3": 34.0,
    "OFTA": 77.0,
    "OFTM": 57.0,
    "OOR": 43.0,
    "OPF": 67.0,
    "OScore": 331.0,
    "OStl": 44.0,
    "OTO": 54.0,
    "Oastr": 0.1855958349402237,
    "Ocomprank": 120,
    "Ocorrdastr": 0.1444323147990994,
    "Ocorrdeff": 102.5282509652355,
    "Ocorrdeffrank": 105,
    "Ocorrdefgp": 0.5095315487096842,
    "Ocorrdftr": 0.37532723925125594,
    "Ocorrdorbp": 0.2895260716982934,
    "Ocorrdtovr": 0.1635039001714096,
    "Ocorroastr": 0.1460965737602951,
    "Ocorroeff": 107.86778377670493,
    "Ocorroeffrank": 149,
    "Ocorroefgp": 0.510014109165258,
    "Ocorroftr": 0.33466436063771754,
    "Ocorroorbp": 0.3398854337668777,
    "Ocorrotovr": 0.15901994717386317,
    "Oeff": 112.24905046120456,
    "Oefgp": 0.544,
    "Oftr": 0.308,
    "Oneteff": 5.339532811469425,
    "Oneteffrank": 117,
    "Oorbp": 0.31851851851851853,
    "Oposs": 294.88,
    "Otovr": 0.15982005445720374,
    "SoR": 0.049977510162069194,
    "SoRrank": 262,
    "TAst": 41.0,
    "TBlk": 11.0,
    "TDR": 92.0,
    "TFGA": 222.0,
    "TFGA3": 99.0,
    "TFGM": 81.0,
    "TFGM3": 29.0,
    "TFTA": 95.0,
    "TFTM": 61.0,
    "TOR": 30.0,
    "TPF": 65.0,
    "TScore": 252.0,
    "TStl": 27.0,
    "TTO": 60.0,
    "Tastr": 0.11239035087719298,
    "Tcorrdastr": 0.18540269288680214,
    "Tcorrdastrrank": 339,
    "Tcorrdeff": 110.77563954926971,
    "Tcorrdeffrank": 243,
    "Tcorrdefgp": 0.5433223302330776,
    "Tcorrdefgprank": 269,
    "Tcorrdftr": 0.34454871273245175,
    "Tcorrdftrrank": 154,
    "Tcorrdorbp": 0.27987919053584803,
    "Tcorrdorbprank": 146,
    "Tcorrdtovr": 0.15280648992008286,
    "Tcorrdtovrrank": 171,
    "Tcorroastr": 0.11369078556055652,
    "Tcorroastrrank": 328,
    "Tcorroeff": 89.03198736141611,
    "Tcorroeffrank": 352,
    "Tcorroefgp": 0.43031989217339983,
    "Tcorroefgprank": 343,
    "Tcorroftr": 0.42818701966743344,
    "Tcorroftrrank": 99,
    "Tcorroorbp": 0.20615128872884494,
    "Tcorroorbprank": 340,
    "Tcorrotovr": 0.1722091042205487,
    "Tcorrotovrrank": 280,
    "Teff": 85.77263444520081,
    "Tefgp": 0.43018018018018017,
    "Tftr": 0.42792792792792794,
    "Tneteff": -21.7436521878536,
    "Tneteffrank": 335,
    "Torbp": 0.2,
    "Tposs": 293.8,
    "Ttovr": 0.1852995676343422,
    "closses": 0,
    "confplace": 1,
    "cwins": 0,
    "dates": [
        [
            11,
            3
        ],
        [
            11,
            10
        ],
        [
            11,
            16
        ],
        [
            11,
            19
        ]
    ],
    "geff": [
        [
            81.92389006342493,
            124.73175965665236
        ],
        [
            78.77066115702479,
            126.8025857782198
        ],
        [
            89.82863460475401,
            104.3382756727073
        ],
        [
            93.6768149882904,
            89.49880668257755
        ]
    ],
    "losses": 3,
    "nOT": [
        0,
        0,
        0,
        0
    ],
    "pace": 73.88835484933493,
    "poss": [
        [
            75.68,
            74.56
        ],
        [
            77.44,
            80.44
        ],
        [
            72.36,
            72.84
        ],
        [
            68.32,
            67.04
        ]
    ],
    "preseason_pace": 68.22858636648527,
    "preseason_pred": -15.270447383279267,
    "preseason_predd": 114.81656467414373,
    "preseason_predo": 99.54611729086446,
    "schedule": [
        "rhode-island",
        "miami-fl",
        "western-carolina",
        "howard"
    ],
    "scores": [
        [
            62,
            93
        ],
        [
            61,
            102
        ],
        [
            65,
            76
        ],
        [
            64,
            60
        ]
    ],
    "wins": 1
}