{
    "CompRank": 299,
    "CompositeDef": 109.10543883131479,
    "CompositeOff": 97.00566737299917,
    "CompositePace": 66.03222089507159,
    "CompositeRating": -12.099771458318388,
    "HA": [
        "A",
        "A",
        "A",
        "H",
        "A",
        "A",
        "H",
        "H",
        "A",
        "H",
        "A",
        "A",
        "H",
        "H",
        "A",
        "H",
        "H",
        "A",
        "A",
        "H",
        "A",
        "H",
        "A"
    ],
    "Name": "stetson",
    "OAst": 344.0,
    "OAvgCompRat": -1.9940489625080313,
    "OBlk": 59.0,
    "ODR": 575.0,
    "OFGA": 1341.0,
    "OFGA3": 557.0,
    "OFGM": 617.0,
    "OFGM3": 198.0,
    "OFTA": 353.0,
    "OFTM": 246.0,
    "OOR": 201.0,
    "OPFwins": 344.0,
    "OScore": 1678.0,
    "OStl": 152.0,
    "OTO": 243.0,
    "Oastr": 0.16512105677476338,
    "Ocomprank": 231,
    "Ocorrdastr": 0.14740607911699066,
    "Ocorrdeff": 104.54646008027608,
    "Ocorrdeffrank": 261,
    "Ocorrdefgp": 0.5099391049244267,
    "Ocorrdftr": 0.31155073354333895,
    "Ocorrdorbp": 0.2847421525484648,
    "Ocorrdtovr": 0.1577355875979844,
    "Ocorroastr": 0.14006286114993288,
    "Ocorroeff": 102.52197143678535,
    "Ocorroeffrank": 176,
    "Ocorroefgp": 0.5028635553745142,
    "Ocorroftr": 0.2735575447086121,
    "Ocorroorbp": 0.2680120910264776,
    "Ocorrotovr": 0.1649763736921423,
    "Oeff": 109.08003536325343,
    "Oefgp": 0.5339299030574198,
    "Oftr": 0.2632363907531693,
    "Oneteff": -2.024488643490727,
    "Oneteffrank": 218,
    "Oorbp": 0.2630890052356021,
    "Oposs": 1538.32,
    "Otovr": 0.1397097716348918,
    "SoR": 0.0,
    "SoRrank": 163,
    "TAst": 308.0,
    "TBlk": 60.0,
    "TDR": 563.0,
    "TFGA": 1314.0,
    "TFGA3": 539.0,
    "TFGM": 552.0,
    "TFGM3": 184.0,
    "TFTA": 339.0,
    "TFTM": 237.0,
    "TOR": 230.0,
    "TPF": 359.0,
    "TScore": 1525.0,
    "TStl": 133.0,
    "TTO": 312.0,
    "Tastr": 0.14785230131146912,
    "Tcorrdastr": 0.1663936268959588,
    "Tcorrdastrrank": 332,
    "Tcorrdeff": 109.2633240002523,
    "Tcorrdeffrank": 297,
    "Tcorrdefgp": 0.5314936134880788,
    "Tcorrdefgprank": 285,
    "Tcorrdftr": 0.2941062153059348,
    "Tcorrdftrrank": 159,
    "Tcorrdorbp": 0.2768510742585025,
    "Tcorrdorbprank": 156,
    "Tcorrdtovr": 0.13927838446137647,
    "Tcorrdtovrrank": 317,
    "Tcorroastr": 0.14152344881340279,
    "Tcorroastrrank": 156,
    "Tcorroeff": 96.93362799580906,
    "Tcorroeffrank": 280,
    "Tcorroefgp": 0.4810398374967084,
    "Tcorroefgprank": 246,
    "Tcorroftr": 0.2537309570706027,
    "Tcorroftrrank": 313,
    "Tcorroorbp": 0.2835037764654639,
    "Tcorroorbprank": 158,
    "Tcorrotovr": 0.1832123280501937,
    "Tcorrotovrrank": 303,
    "Teff": 98.69528074762484,
    "Tefgp": 0.4901065449010654,
    "Tftr": 0.2579908675799087,
    "Tneteff": -12.329696004443235,
    "Tneteffrank": 302,
    "Torbp": 0.2857142857142857,
    "Tposs": 1545.16,
    "Ttovr": 0.17575880484012707,
    "closses": 9,
    "confplace": 9,
    "cwins": 5,
    "dates": [
        [
            11,
            12
        ],
        [
            11,
            17
        ],
        [
            11,
            19
        ],
        [
            11,
            27
        ],
        [
            12,
            1
        ],
        [
            12,
            4
        ],
        [
            12,
            11
        ],
        [
            12,
            16
        ],
        [
            12,
            20
        ],
        [
            1,
            4
        ],
        [
            1,
            8
        ],
        [
            1,
            11
        ],
        [
            1,
            15
        ],
        [
            1,
            18
        ],
        [
            1,
            22
        ],
        [
            1,
            27
        ],
        [
            1,
            29
        ],
        [
            2,
            3
        ],
        [
            2,
            5
        ],
        [
            2,
            9
        ],
        [
            2,
            12
        ],
        [
            2,
            16
        ],
        [
            2,
            19
        ]
    ],
    "geff": [
        [
            72.14206437291898,
            105.3639846743295
        ],
        [
            97.71497294046901,
            123.22858903265558
        ],
        [
            98.2961992136304,
            100.82023239917977
        ],
        [
            96.73115410273516,
            101.01010101010101
        ],
        [
            107.10093896713616,
            126.44728823887873
        ],
        [
            91.9637804187889,
            103.03377218088151
        ],
        [
            74.75083056478405,
            93.15718157181571
        ],
        [
            95.49600912200684,
            85.21086077411901
        ],
        [
            113.13639220615964,
            130.57324840764332
        ],
        [
            95.96616785946648,
            119.73180076628353
        ],
        [
            100.35419126328216,
            94.99136442141624
        ],
        [
            82.07485226526592,
            98.47961299239806
        ],
        [
            76.37157107231921,
            118.97404202719407
        ],
        [
            114.78304742684158,
            115.6141223272004
        ],
        [
            99.34756820877817,
            100.12322858903265
        ],
        [
            83.39247693399574,
            120.72434607645876
        ],
        [
            148.37184873949582,
            125.99469496021219
        ],
        [
            113.36866902237927,
            105.71768910065516
        ],
        [
            102.12418300653596,
            102.54413291796469
        ],
        [
            98.00871188550093,
            86.73158855751674
        ],
        [
            96.10876699484295,
            106.51029200574438
        ],
        [
            76.47858599592114,
            114.96225120109814
        ],
        [
            118.2237600922722,
            127.68427161926871
        ]
    ],
    "losses": 16,
    "nOT": [
        0,
        0,
        0,
        0,
        0,
        0,
        0,
        0,
        0,
        0,
        1,
        0,
        0,
        1,
        0,
        0,
        0,
        0,
        0,
        0,
        1,
        0,
        0
    ],
    "pace": 65.99730727987958,
    "poss": [
        [
            72.08,
            73.08
        ],
        [
            66.52000000000001,
            64.92
        ],
        [
            61.040000000000006,
            58.519999999999996
        ],
        [
            59.96,
            59.4
        ],
        [
            68.16,
            65.64
        ],
        [
            70.68,
            69.88
        ],
        [
            60.2,
            59.04
        ],
        [
            70.16,
            69.24
        ],
        [
            63.64,
            62.8
        ],
        [
            61.480000000000004,
            62.64
        ],
        [
            67.76,
            69.48
        ],
        [
            60.92,
            57.88
        ],
        [
            64.16,
            64.72
        ],
        [
            79.28,
            80.44
        ],
        [
            67.44,
            64.92
        ],
        [
            56.36,
            59.64
        ],
        [
            76.16,
            75.4
        ],
        [
            67.92,
            67.16
        ],
        [
            73.44,
            77.04
        ],
        [
            64.28,
            65.72
        ],
        [
            85.32,
            83.56
        ],
        [
            58.84,
            58.28
        ],
        [
            69.36,
            68.92
        ]
    ],
    "preseason_pace": 67.64246592240622,
    "preseason_pred": -1.4954597872520363,