{
    "CompRank": 242,
    "CompositeDef": 107.27430055760205,
    "CompositeOff": 100.85131051537627,
    "CompositePace": 73.54743691547077,
    "CompositeRating": -6.422990042225782,
    "HA": [
        "A",
        "A",
        "A",
        "A",
        "H",
        "A",
        "H",
        "H",
        "N",
        "A",
        "H",
        "A",
        "A",
        "A",
        "A"
    ],
    "OAst": 191.0,
    "OAvgCompRat": -3.3539558256821667,
    "OBlk": 61.0,
    "ODR": 343.0,
    "OFGA": 933.0,
    "OFGA3": 266.0,
    "OFGM": 414.0,
    "OFGM3": 73.0,
    "OFTA": 332.0,
    "OFTM": 232.0,
    "OOR": 156.0,
    "OPF": 251.0,
    "OScore": 1133.0,
    "OStl": 123.0,
    "OTO": 186.0,
    "Oastr": 0.13117411131256526,
    "Ocomprank": 310,
    "Ocorrdastr": 0.14752809646700563,
    "Ocorrdeff": 104.19792375401545,
    "Ocorrdeffrank": 218,
    "Ocorrdefgp": 0.5120137625760932,
    "Ocorrdftr": 0.3306912277328357,
    "Ocorrdorbp": 0.28041582252541347,
    "Ocorrdtovr": 0.14576188719364122,
    "Ocorroastr": 0.13411996788904543,
    "Ocorroeff": 99.39568754473683,
    "Ocorroeffrank": 347,
    "Ocorroefgp": 0.47264516712305615,
    "Ocorroftr": 0.3233031235364495,
    "Ocorroorbp": 0.266156964944191,
    "Ocorrotovr": 0.15669323777544555,
    "Oeff": 102.15674252533633,
    "Oefgp": 0.4828510182207931,
    "Oftr": 0.3558413719185423,
    "Oneteff": -4.802236209278618,
    "Oneteffrank": 320,
    "Oorbp": 0.29770992366412213,
    "Oposs": 1109.08,
    "Otovr": 0.14702627501818066,
    "SoR": 0.0,
    "SoRrank": 206,
    "TAst": 192.0,
    "TBlk": 51.0,
    "TDR": 368.0,
    "TFGA": 918.0,
    "TFGA3": 331.0,
    "TFGM": 401.0,
    "TFGM3": 105.0,
    "TFTA": 323.0,
    "TFTM": 229.0,
    "TOR": 159.0,
    "TPF": 282.0,
    "TScore": 1136.0,
    "TStl": 123.0,
    "TTO": 214.0,
    "Tastr": 0.13095790249092845,
    "Tcorrdastr": 0.1386359884607491,
    "Tcorrdastrrank": 153,
    "Tcorrdeff": 106.5532775834758,
    "Tcorrdeffrank": 229,
    "Tcorrdefgp": 0.5124467600893984,
    "Tcorrdefgprank": 211,
    "Tcorrdftr": 0.36467510421064014,
    "Tcorrdftrrank": 257,
    "Tcorrdorbp": 0.30997644530790897,
    "Tcorrdorbprank": 288,
    "Tcorrdtovr": 0.14128351848452347,
    "Tcorrdtovrrank": 240,
    "Tcorroastr": 0.12595468710135058,
    "Tcorroastrrank": 267,
    "Tcorroeff": 101.36505784750446,
    "Tcorroeffrank": 207,
    "Tcorroefgp": 0.48414610795816065,
    "Tcorroefgprank": 242,
    "Tcorroftr": 0.35372753505707977,
    "Tcorroftrrank": 122,
    "Tcorroorbp": 0.31375962083874576,
    "Tcorroorbprank": 78,
    "Tcorrotovr": 0.17345777395285664,
    "Tcorrotovrrank": 315,
    "Teff": 101.87244422124974,
    "Tefgp": 0.4940087145969499,
    "Tftr": 0.35185185185185186,
    "Tneteff": -5.1882197359713444,
    "Tneteffrank": 233,
    "Torbp": 0.31673306772908366,
    "Tposs": 1115.12,
    "Ttovr": 0.16795906194079052,
    "closses": 0,
    "confplace": 1,
    "cwins": 1,
    "dates": [
        [
            11,
            7
        ],
        [
            11,
            11
        ],
        [
            11,
            15
        ],
        [
            11,
            19
        ],
        [
            11,
            21
        ],
        [
            11,
            26
        ],
        [
            11,
            29
        ],
        [
            12,
            2
        ],
        [
            12,
            10
        ],
        [
            12,
            16
        ],
        [
            12,
            19
        ],
        [
            12,
            22
        ],
        [
            12,
            28
        ],
        [
            1,
            2
        ],
        [
            1,
            6
        ]
    ],
    "geff": [
        [
            89.1511803114013,
            120.35583464154892
        ],
        [
            107.0252469813392,
            99.25886712546321
        ],
        [
            99.49551569506727,
            135.2112676056338
        ],
        [
            103.64004044489383,
            108.69565217391305
        ],
        [
            96.63341645885288,
            91.50124069478908
        ],
        [
            121.19503945885006,
            70.13201320132013
        ],
        [
            114.24017003188098,
            90.6344410876133
        ],
        [
            92.92260692464359,
            88.26583592938734
        ],
        [
            96.15384615384615,
            106.73234811165845
        ],
        [
            74.20091324200914,
            101.66093928980527
        ],
        [
            121.66405023547881,
            104.33174854727945
        ],
        [
            95.30026109660575,
            119.94609164420484
        ],
        [
            109.35910478128179,
            84.60029426189308
        ],
        [
            95.32760472610096,
            109.63646855164455
        ],
        [
            111.26760563380282,
            103.57548240635641
        ]
    ],
    "losses": 7,
    "nOT": [
        0,
        0,
        0,
        0,
        0,
        0,
        0,
        0,
        0,
        0,
        0,
        0,
        0,
        0,
        0
    ],
    "pace": 74.4587417189691,
    "poss": [
        [
            79.64,
            76.44
        ],
        [
            72.88,
            75.56
        ],
        [
            71.36,
            71.0
        ],
        [
            79.12,
            78.2
        ],
        [
            64.16,
            64.48
        ],
        [
            70.96,
            72.72
        ],
        [
            75.28,
            79.44
        ],
        [
            78.56,
            77.03999999999999
        ],
        [
            75.92,
            73.08
        ],
        [
            70.08,
            69.84
        ],
        [
            76.44,
            75.72
        ],
        [
            76.6,
            74.2
        ],
        [
            78.64,
            81.56
        ],
        [
            74.48,
            69.32
        ],
        [
            71.0,
            70.48
        ]
    ],
    "preseason_pace": 67.84039058356254,
    "preseason_pred": -14.155739085144198,
    "preseason_predd": 111.78970693306766,
    "preseason_predo": 97.63396784792346,
    "schedule": [
        "massachusetts",
        "columbia",
        "seton-hall",
        "quinnipiac",
        "army",
        "siena",
        "boston-university",
        "dartmouth",
        "temple",
        "drexel",
        "sacred-heart",
        "south-florida",
        "long-island-university",
        "harvard",
        "njit"
    ],
    "scores": [
        [
            71,
            92
        ],
        [
            78,
            75
        ],
        [
            71,
            96
        ],
        [
            82,
            85
        ],
        [
            62,
            59
        ],
        [
            86,
            51
        ],
        [
            86,
            72
        ],
        [
            73,
            68
        ],
        [
            73,
            78
        ],
        [
            52,
            71
        ],
        [
            93,
            79
        ],
        [
            73,
            89
        ],
        [
            86,
            69
        ],
        [
            71,
            76
        ],
        [
            79,
            73
        ]
    ],
    "wins": 8
}