{
    "CompRank": 345,
    "CompositeDef": 113.77834613410832,
    "CompositeOff": 94.90379994407168,
    "CompositePace": 67.8814588316688,
    "CompositeRating": -18.87454619003664,
    "HA": [
        "A",
        "A",
        "A",
        "N",
        "N",
        "H",
        "A",
        "A",
        "A",
        "H",
        "A",
        "A",
        "A",
        "H",
        "A",
        "H",
        "A",
        "A",
        "H",
        "A",
        "H",
        "A",
        "H",
        "H",
        "A"
    ],
    "OAst": 363.0,
    "OAvgCompRat": -1.6452794321860789,
    "OBlk": 93.0,
    "ODR": 620.0,
    "OFGA": 1385.0,
    "OFGA3": 458.0,
    "OFGM": 691.0,
    "OFGM3": 163.0,
    "OFTA": 512.0,
    "OFTM": 370.0,
    "OOR": 193.0,
    "OPF": 412.0,
    "OScore": 1915.0,
    "OStl": 161.0,
    "OTO": 281.0,
    "Oastr": 0.16102702414961764,
    "Ocomprank": 222,
    "Ocorrdastr": 0.14187562465704937,
    "Ocorrdeff": 103.79303379587881,
    "Ocorrdeffrank": 231,
    "Ocorrdefgp": 0.5121856313894749,
    "Ocorrdftr": 0.33441931977188694,
    "Ocorrdorbp": 0.2754224555435168,
    "Ocorrdtovr": 0.1506969696577721,
    "Ocorroastr": 0.14315467315986655,
    "Ocorroeff": 101.55768905874352,
    "Ocorroeffrank": 234,
    "Ocorroefgp": 0.4969545315555831,
    "Ocorroftr": 0.31417176126484525,
    "Ocorroorbp": 0.2623783936266368,
    "Ocorrotovr": 0.16506636343407902,
    "Oeff": 112.76114657182562,
    "Oefgp": 0.5577617328519856,
    "Oftr": 0.36967509025270756,
    "Oneteff": -2.235344737135293,
    "Oneteffrank": 240,
    "Oorbp": 0.26805555555555555,
    "Oposs": 1698.28,
    "Otovr": 0.14857662535425745,
    "SoR": 0.0,
    "SoRrank": 147,
    "TAst": 276.0,
    "TBlk": 41.0,
    "TDR": 527.0,
    "TFGA": 1416.0,
    "TFGA3": 566.0,
    "TFGM": 567.0,
    "TFGM3": 179.0,
    "TFTA": 445.0,
    "TFTM": 316.0,
    "TOR": 220.0,
    "TPF": 466.0,
    "TScore": 1629.0,
    "TStl": 136.0,
    "TTO": 304.0,
    "Tastr": 0.12592389816589103,
    "Tcorrdastr": 0.16098424459674218,
    "Tcorrdastrrank": 306,
    "Tcorrdeff": 113.89609092635948,
    "Tcorrdeffrank": 347,
    "Tcorrdefgp": 0.5661848774493334,
    "Tcorrdefgprank": 352,
    "Tcorrdftr": 0.37397714238780155,
    "Tcorrdftrrank": 304,
    "Tcorrdorbp": 0.27526047783406865,
    "Tcorrdorbprank": 209,
    "Tcorrdtovr": 0.14232078167832743,
    "Tcorrdtovrrank": 282,
    "Tcorroastr": 0.12694509456176672,
    "Tcorroastrrank": 292,
    "Tcorroeff": 94.95207409755612,
    "Tcorroeffrank": 314,
    "Tcorroefgp": 0.45671453213653035,
    "Tcorroefgprank": 332,
    "Tcorroftr": 0.2995363399863611,
    "Tcorroftrrank": 230,
    "Tcorroorbp": 0.2569328416385708,
    "Tcorroorbprank": 216,
    "Tcorrotovr": 0.1663851958366465,
    "Tcorrotovrrank": 257,
    "Teff": 96.06085623304635,
    "Tefgp": 0.4636299435028249,
    "Tftr": 0.3142655367231638,
    "Tneteff": -18.944016828803356,
    "Tneteffrank": 345,
    "Torbp": 0.2619047619047619,
    "Tposs": 1695.8,
    "Ttovr": 0.15868044681073182,
    "closses": 11,
    "confplace": 9,
    "cwins": 1,
    "dates": [
        [
            11,
            7
        ],
        [
            11,
            12
        ],
        [
            11,
            17
        ],
        [
            11,
            21
        ],
        [
            11,
            22
        ],
        [
            11,
            26
        ],
        [
            11,
            29
        ],
        [
            12,
            5
        ],
        [
            12,
            10
        ],
        [
            12,
            14
        ],
        [
            12,
            18
        ],
        [
            12,
            20
        ],
        [
            12,
            28
        ],
        [
            12,
            31
        ],
        [
            1,
            5
        ],
        [
            1,
            8
        ],
        [
            1,
            11
        ],
        [
            1,
            14
        ],
        [
            1,
            19
        ],
        [
            1,
            25
        ],
        [
            1,
            28
        ],
        [
            2,
            1
        ],
        [
            2,
            4
        ],
        [
            2,
            8
        ],
        [
            2,
            11
        ]
    ],
    "geff": [
        [
            94.05339805825243,
            98.18288393903867
        ],
        [
            95.50215650030808,
            114.46886446886448
        ],
        [
            105.67148207597646,
            128.70514820592823
        ],
        [
            93.29538266919671,
            115.8422041327489
        ],
        [
            100.59171597633137,
            96.0401891252955
        ],
        [
            84.0840840840841,
            107.60613207547169
        ],
        [
            105.80204778156997,
            145.98540145985402
        ],
        [
            91.47869674185463,
            108.15514669318748
        ],
        [
            74.60661964188823,
            126.63398692810458
        ],
        [
            100.0,
            74.45734477536598
        ],
        [
            87.60951188986233,
            110.03236245954693
        ],
        [
            109.96290408055113,
            105.06465517241378
        ],
        [
            75.60815253122945,
            106.79611650485437
        ],
        [
            83.71634931057123,
            114.33447098976109
        ],
        [
            119.66551326412919,
            128.7793952967525
        ],
        [
            139.58594730238394,
            95.57038834951456
        ],
        [
            105.69852941176471,
            127.59643916913946
        ],
        [
            95.65962307252997,
            110.64593301435407
        ],
        [
            82.16676810712111,
            105.72543916720885
        ],
        [
            95.08484493856056,
            124.48132780082987
        ],
        [
            104.16666666666667,
            110.29411764705883
        ],
        [
            74.9400479616307,
            102.1671826625387
        ],
        [
            102.10210210210211,
            132.78388278388277
        ],
        [
            87.02975856260528,
            119.70280682443587
        ],
        [
            92.80089988751405,
            114.81056257175659
        ]
    ],
    "losses": 21,
    "nOT": [
        0,
        0,
        0,
        0,
        0,
        0,
        0,
        0,
        0,
        0,
        0,
        0,
        0,
        0,
        0,
        0,
        0,
        0,
        0,
        0,
        0,
        0,
        0,
        0,
        1
    ],
    "pace": 67.88392501910967,